  0
SECTION
  2
HEADER
  9
$ACADVER
  1
AC1024
  9
$ACADMAINTVER
 70
6
  9
$DWGCODEPAGE
  3
ANSI_1252
  9
$LASTSAVEDBY
  1
ezdxf
  9
$INSBASE
 10
0.0
 20
0.0
 30
0.0
  9
$EXTMIN
 10
1e+20
 20
1e+20
 30
1e+20
  9
$EXTMAX
 10
-1e+20
 20
-1e+20
 30
-1e+20
  9
$LIMMIN
 10
0.0
 20
0.0
  9
$LIMMAX
 10
420.0
 20
297.0
  9
$ORTHOMODE
 70
0
  9
$REGENMODE
 70
1
  9
$FILLMODE
 70
1
  9
$QTEXTMODE
 70
0
  9
$MIRRTEXT
 70
1
  9
$LTSCALE
 40
1.0
  9
$ATTMODE
 70
1
  9
$TEXTSIZE
 40
2.5
  9
$TRACEWID
 40
1.0
  9
$TEXTSTYLE
  7
Standard
  9
$CLAYER
  8
0
  9
$CELTYPE
  6
ByLayer
  9
$CECOLOR
 62
256
  9
$CELTSCALE
 40
1.0
  9
$DISPSILH
 70
0
  9
$DIMSCALE
 40
1.0
  9
$DIMASZ
 40
2.5
  9
$DIMEXO
 40
0.625
  9
$DIMDLI
 40
3.75
  9
$DIMRND
 40
0.0
  9
$DIMDLE
 40
0.0
  9
$DIMEXE
 40
1.25
  9
$DIMTP
 40
0.0
  9
$DIMTM
 40
0.0
  9
$DIMTXT
 40
2.5
  9
$DIMCEN
 40
2.5
  9
$DIMTSZ
 40
0.0
  9
$DIMTOL
 70
0
  9
$DIMLIM
 70
0
  9
$DIMTIH
 70
0
  9
$DIMTOH
 70
0
  9
$DIMSE1
 70
0
  9
$DIMSE2
 70
0
  9
$DIMTAD
 70
1
  9
$DIMZIN
 70
8
  9
$DIMBLK
  1

  9
$DIMASO
 70
1
  9
$DIMSHO
 70
1
  9
$DIMPOST
  1

  9
$DIMAPOST
  1

  9
$DIMALT
 70
0
  9
$DIMALTD
 70
3
  9
$DIMALTF
 40
0.03937007874
  9
$DIMLFAC
 40
1.0
  9
$DIMTOFL
 70
1
  9
$DIMTVP
 40
0.0
  9
$DIMTIX
 70
0
  9
$DIMSOXD
 70
0
  9
$DIMSAH
 70
0
  9
$DIMBLK1
  1

  9
$DIMBLK2
  1

  9
$DIMSTYLE
  2
ISO-25
  9
$DIMCLRD
 70
0
  9
$DIMCLRE
 70
0
  9
$DIMCLRT
 70
0
  9
$DIMTFAC
 40
1.0
  9
$DIMGAP
 40
0.625
  9
$DIMJUST
 70
0
  9
$DIMSD1
 70
0
  9
$DIMSD2
 70
0
  9
$DIMTOLJ
 70
0
  9
$DIMTZIN
 70
8
  9
$DIMALTZ
 70
0
  9
$DIMALTTZ
 70
0
  9
$DIMUPT
 70
0
  9
$DIMDEC
 70
2
  9
$DIMTDEC
 70
2
  9
$DIMALTU
 70
2
  9
$DIMALTTD
 70
3
  9
$DIMTXSTY
  7
Standard
  9
$DIMAUNIT
 70
0
  9
$DIMADEC
 70
0
  9
$DIMALTRND
 40
0.0
  9
$DIMAZIN
 70
0
  9
$DIMDSEP
 70
44
  9
$DIMATFIT
 70
3
  9
$DIMFRAC
 70
0
  9
$DIMLDRBLK
  1

  9
$DIMLUNIT
 70
2
  9
$DIMLWD
 70
-2
  9
$DIMLWE
 70
-2
  9
$DIMTMOVE
 70
0
  9
$DIMFXL
 40
1.0
  9
$DIMFXLON
 70
0
  9
$DIMJOGANG
 40
0.785398163397
  9
$DIMTFILL
 70
0
  9
$DIMTFILLCLR
 70
0
  9
$DIMARCSYM
 70
0
  9
$DIMLTYPE
  6

  9
$DIMLTEX1
  6

  9
$DIMLTEX2
  6

  9
$DIMTXTDIRECTION
 70
0
  9
$LUNITS
 70
2
  9
$LUPREC
 70
4
  9
$SKETCHINC
 40
1.0
  9
$FILLETRAD
 40
10.0
  9
$AUNITS
 70
0
  9
$AUPREC
 70
2
  9
$MENU
  1
.
  9
$ELEVATION
 40
0.0
  9
$PELEVATION
 40
0.0
  9
$THICKNESS
 40
0.0
  9
$LIMCHECK
 70
0
  9
$CHAMFERA
 40
0.0
  9
$CHAMFERB
 40
0.0
  9
$CHAMFERC
 40
0.0
  9
$CHAMFERD
 40
0.0
  9
$SKPOLY
 70
0
  9
$TDCREATE
 40
2460717.4558680556
  9
$TDUCREATE
 40
2458532.153996898
  9
$TDUPDATE
 40
2460717.4558680556
  9
$TDUUPDATE
 40
2458532.1544311
  9
$TDINDWG
 40
0.0
  9
$TDUSRTIMER
 40
0.0
  9
$USRTIMER
 70
1
  9
$ANGBASE
 50
0.0
  9
$ANGDIR
 70
0
  9
$PDMODE
 70
0
  9
$PDSIZE
 40
0.0
  9
$PLINEWID
 40
0.0
  9
$SPLFRAME
 70
0
  9
$SPLINETYPE
 70
6
  9
$SPLINESEGS
 70
8
  9
$HANDSEED
  5
12E9
  9
$SURFTAB1
 70
6
  9
$SURFTAB2
 70
6
  9
$SURFTYPE
 70
6
  9
$SURFU
 70
6
  9
$SURFV
 70
6
  9
$UCSBASE
  2

  9
$UCSNAME
  2

  9
$UCSORG
 10
0.0
 20
0.0
 30
0.0
  9
$UCSXDIR
 10
1.0
 20
0.0
 30
0.0
  9
$UCSYDIR
 10
0.0
 20
1.0
 30
0.0
  9
$UCSORTHOREF
  2

  9
$UCSORTHOVIEW
 70
0
  9
$UCSORGTOP
 10
0.0
 20
0.0
 30
0.0
  9
$UCSORGBOTTOM
 10
0.0
 20
0.0
 30
0.0
  9
$UCSORGLEFT
 10
0.0
 20
0.0
 30
0.0
  9
$UCSORGRIGHT
 10
0.0
 20
0.0
 30
0.0
  9
$UCSORGFRONT
 10
0.0
 20
0.0
 30
0.0
  9
$UCSORGBACK
 10
0.0
 20
0.0
 30
0.0
  9
$PUCSBASE
  2

  9
$PUCSNAME
  2

  9
$PUCSORG
 10
0.0
 20
0.0
 30
0.0
  9
$PUCSXDIR
 10
1.0
 20
0.0
 30
0.0
  9
$PUCSYDIR
 10
0.0
 20
1.0
 30
0.0
  9
$PUCSORTHOREF
  2

  9
$PUCSORTHOVIEW
 70
0
  9
$PUCSORGTOP
 10
0.0
 20
0.0
 30
0.0
  9
$PUCSORGBOTTOM
 10
0.0
 20
0.0
 30
0.0
  9
$PUCSORGLEFT
 10
0.0
 20
0.0
 30
0.0
  9
$PUCSORGRIGHT
 10
0.0
 20
0.0
 30
0.0
  9
$PUCSORGFRONT
 10
0.0
 20
0.0
 30
0.0
  9
$PUCSORGBACK
 10
0.0
 20
0.0
 30
0.0
  9
$USERI1
 70
0
  9
$USERI2
 70
0
  9
$USERI3
 70
0
  9
$USERI4
 70
0
  9
$USERI5
 70
0
  9
$USERR1
 40
0.0
  9
$USERR2
 40
0.0
  9
$USERR3
 40
0.0
  9
$USERR4
 40
0.0
  9
$USERR5
 40
0.0
  9
$WORLDVIEW
 70
1
  9
$SHADEDGE
 70
3
  9
$SHADEDIF
 70
70
  9
$TILEMODE
 70
1
  9
$MAXACTVP
 70
64
  9
$PINSBASE
 10
0.0
 20
0.0
 30
0.0
  9
$PLIMCHECK
 70
0
  9
$PEXTMIN
 10
1e+20
 20
1e+20
 30
1e+20
  9
$PEXTMAX
 10
-1e+20
 20
-1e+20
 30
-1e+20
  9
$PLIMMIN
 10
0.0
 20
0.0
  9
$PLIMMAX
 10
420.0
 20
297.0
  9
$UNITMODE
 70
0
  9
$VISRETAIN
 70
1
  9
$PLINEGEN
 70
0
  9
$PSLTSCALE
 70
1
  9
$TREEDEPTH
 70
3020
  9
$CMLSTYLE
  2
Standard
  9
$CMLJUST
 70
0
  9
$CMLSCALE
 40
20.0
  9
$PROXYGRAPHICS
 70
1
  9
$MEASUREMENT
 70
1
  9
$CELWEIGHT
370
-1
  9
$ENDCAPS
280
0
  9
$JOINSTYLE
280
0
  9
$LWDISPLAY
290
0
  9
$INSUNITS
 70
6
  9
$HYPERLINKBASE
  1

  9
$STYLESHEET
  1

  9
$XEDIT
290
1
  9
$CEPSNTYPE
380
0
  9
$PSTYLEMODE
290
1
  9
$FINGERPRINTGUID
  2
{A5D85172-9DCB-49C4-9CF6-D5B1D9590467}
  9
$VERSIONGUID
  2
{A4B387B2-C900-4C9B-9284-76B7CCCAD4D5}
  9
$EXTNAMES
290
1
  9
$PSVPSCALE
 40
0.0
  9
$OLESTARTUP
290
0
  9
$SORTENTS
280
127
  9
$INDEXCTL
280
0
  9
$HIDETEXT
280
1
  9
$XCLIPFRAME
280
1
  9
$HALOGAP
280
0
  9
$OBSCOLOR
 70
257
  9
$OBSLTYPE
280
0
  9
$INTERSECTIONDISPLAY
280
0
  9
$INTERSECTIONCOLOR
 70
257
  9
$DIMASSOC
280
2
  9
$PROJECTNAME
  1

  9
$CAMERADISPLAY
290
0
  9
$LENSLENGTH
 40
50.0
  9
$CAMERAHEIGHT
 40
0.0
  9
$STEPSPERSEC
 40
24.0
  9
$STEPSIZE
 40
100.0
  9
$3DDWFPREC
 40
2.0
  9
$PSOLWIDTH
 40
0.005
  9
$PSOLHEIGHT
 40
0.08
  9
$LOFTANG1
 40
1.570796326795
  9
$LOFTANG2
 40
1.570796326795
  9
$LOFTMAG1
 40
0.0
  9
$LOFTMAG2
 40
0.0
  9
$LOFTPARAM
 70
7
  9
$LOFTNORMALS
280
1
  9
$LATITUDE
 40
37.795
  9
$LONGITUDE
 40
-122.394
  9
$NORTHDIRECTION
 40
0.0
  9
$TIMEZONE
 70
-8000
  9
$LIGHTGLYPHDISPLAY
280
1
  9
$TILEMODELIGHTSYNCH
280
1
  9
$CMATERIAL
347
20
  9
$SOLIDHIST
280
0
  9
$SHOWHIST
280
1
  9
$DWFFRAME
280
2
  9
$DGNFRAME
280
2
  9
$REALWORLDSCALE
290
1
  9
$INTERFERECOLOR
 62
256
  9
$CSHADOW
280
0
  9
$SHADOWPLANELOCATION
 40
0.0
  0
ENDSEC
  0
SECTION
  2
CLASSES
  0
CLASS
  1
ACDBDICTIONARYWDFLT
  2
AcDbDictionaryWithDefault
  3
ObjectDBX Classes
 90
0
 91
0
280
0
281
0
  0
CLASS
  1
SUN
  2
AcDbSun
  3
SCENEOE
 90
1153
 91
0
280
0
281
0
  0
CLASS
  1
VISUALSTYLE
  2
AcDbVisualStyle
  3
ObjectDBX Classes
 90
4095
 91
0
280
0
281
0
  0
CLASS
  1
MATERIAL
  2
AcDbMaterial
  3
ObjectDBX Classes
 90
1153
 91
0
280
0
281
0
  0
CLASS
  1
SCALE
  2
AcDbScale
  3
ObjectDBX Classes
 90
1153
 91
0
280
0
281
0
  0
CLASS
  1
TABLESTYLE
  2
AcDbTableStyle
  3
ObjectDBX Classes
 90
4095
 91
0
280
0
281
0
  0
CLASS
  1
MLEADERSTYLE
  2
AcDbMLeaderStyle
  3
ACDB_MLEADERSTYLE_CLASS
 90
4095
 91
0
280
0
281
0
  0
CLASS
  1
DICTIONARYVAR
  2
AcDbDictionaryVar
  3
ObjectDBX Classes
 90
0
 91
0
280
0
281
0
  0
CLASS
  1
CELLSTYLEMAP
  2
AcDbCellStyleMap
  3
ObjectDBX Classes
 90
1152
 91
0
280
0
281
0
  0
CLASS
  1
MENTALRAYRENDERSETTINGS
  2
AcDbMentalRayRenderSettings
  3
SCENEOE
 90
1024
 91
0
280
0
281
0
  0
CLASS
  1
ACDBDETAILVIEWSTYLE
  2
AcDbDetailViewStyle
  3
ObjectDBX Classes
 90
1025
 91
0
280
0
281
0
  0
CLASS
  1
ACDBSECTIONVIEWSTYLE
  2
AcDbSectionViewStyle
  3
ObjectDBX Classes
 90
1025
 91
0
280
0
281
0
  0
CLASS
  1
RASTERVARIABLES
  2
AcDbRasterVariables
  3
ISM
 90
0
 91
0
280
0
281
0
  0
CLASS
  1
LAYOUT
  2
AcDbLayout
  3
ObjectDBX Classes
 90
0
 91
0
280
0
281
0
  0
CLASS
  1
ACDBPLACEHOLDER
  2
AcDbPlaceHolder
  3
ObjectDBX Classes
 90
0
 91
0
280
0
281
0
  0
ENDSEC
  0
SECTION
  2
TABLES
  0
TABLE
  2
VPORT
  5
8
330
0
100
AcDbSymbolTable
 70
1
  0
VPORT
  5
23
330
8
100
AcDbSymbolTableRecord
100
AcDbViewportTableRecord
  2
*Active
 70
0
 10
0.0
 20
0.0
 11
1.0
 21
1.0
 12
0.0
 22
0.0
 13
0.0
 23
0.0
 14
0.5
 24
0.5
 15
0.5
 25
0.5
 16
0.0
 26
0.0
 36
1.0
 17
0.0
 27
0.0
 37
0.0
 40
1000.0
 41
1.34
 42
50.0
 43
0.0
 44
0.0
 50
0.0
 51
0.0
 71
0
 72
1000
 73
1
 74
3
 75
0
 76
0
 77
0
 78
0
281
0
 65
0
146
0.0
  0
ENDTAB
  0
TABLE
  2
LTYPE
  5
2
330
0
100
AcDbSymbolTable
 70
3
  0
LTYPE
  5
24
330
2
100
AcDbSymbolTableRecord
100
AcDbLinetypeTableRecord
  2
ByBlock
 70
0
  3

 72
65
 73
0
 40
0.0
  0
LTYPE
  5
25
330
2
100
AcDbSymbolTableRecord
100
AcDbLinetypeTableRecord
  2
ByLayer
 70
0
  3

 72
65
 73
0
 40
0.0
  0
LTYPE
  5
26
330
2
100
AcDbSymbolTableRecord
100
AcDbLinetypeTableRecord
  2
Continuous
 70
0
  3

 72
65
 73
0
 40
0.0
  0
ENDTAB
  0
TABLE
  2
LAYER
  5
1
330
0
100
AcDbSymbolTable
 70
2
  0
LAYER
  5
27
330
1
100
AcDbSymbolTableRecord
100
AcDbLayerTableRecord
  2
0
 70
0
 62
7
  6
Continuous
370
-3
390
13
347
21
  0
LAYER
  5
28
330
1
100
AcDbSymbolTableRecord
100
AcDbLayerTableRecord
  2
Defpoints
 70
0
 62
7
  6
Continuous
290
0
370
-3
390
13
347
21
  0
ENDTAB
  0
TABLE
  2
STYLE
  5
5
330
0
100
AcDbSymbolTable
 70
1
  0
STYLE
  5
29
330
5
100
AcDbSymbolTableRecord
100
AcDbTextStyleTableRecord
  2
Standard
 70
0
 40
0.0
 41
1.0
 50
0.0
 71
0
 42
2.5
  3
txt
  4

  0
ENDTAB
  0
TABLE
  2
VIEW
  5
7
330
0
100
AcDbSymbolTable
 70
0
  0
ENDTAB
  0
TABLE
  2
UCS
  5
6
330
0
100
AcDbSymbolTable
 70
0
  0
ENDTAB
  0
TABLE
  2
APPID
  5
3
330
0
100
AcDbSymbolTable
 70
3
  0
APPID
  5
2A
330
3
100
AcDbSymbolTableRecord
100
AcDbRegAppTableRecord
  2
ACAD
 70
0
  0
APPID
  5
12E6
330
3
100
AcDbSymbolTableRecord
100
AcDbRegAppTableRecord
  2
HATCHBACKGROUNDCOLOR
 70
0
  0
APPID
  5
12E7
330
3
100
AcDbSymbolTableRecord
100
AcDbRegAppTableRecord
  2
EZDXF
 70
0
  0
ENDTAB
  0
TABLE
  2
DIMSTYLE
  5
4
330
0
100
AcDbSymbolTable
 70
1
100
AcDbDimStyleTable
  0
DIMSTYLE
105
2B
330
4
100
AcDbSymbolTableRecord
100
AcDbDimStyleTableRecord
  2
Standard
 70
0
 40
1.0
 41
2.5
 42
0.625
 43
3.75
 44
1.25
 45
0.0
 46
0.0
 47
0.0
 48
0.0
 49
2.5
140
2.5
141
2.5
142
0.0
143
0.03937007874
144
1.0
145
0.0
146
1.0
147
0.625
148
0.0
 69
0
 70
0
 71
0
 72
0
 73
0
 74
0
 75
0
 76
0
 77
1
 78
8
 79
3
170
0
171
3
172
1
173
0
174
0
175
0
176
0
177
0
178
0
179
2
271
2
272
2
273
2
274
3
275
0
276
0
277
2
278
44
279
0
280
0
281
0
282
0
283
0
284
8
285
0
286
0
288
0
289
3
290
0
371
-2
372
-2
  0
ENDTAB
  0
TABLE
  2
BLOCK_RECORD
  5
9
330
0
100
AcDbSymbolTable
 70
2
  0
BLOCK_RECORD
  5
17
330
9
100
AcDbSymbolTableRecord
100
AcDbBlockTableRecord
  2
*Model_Space
340
1A
 70
0
280
1
281
0
  0
BLOCK_RECORD
  5
1B
330
9
100
AcDbSymbolTableRecord
100
AcDbBlockTableRecord
  2
*Paper_Space
340
1E
 70
0
280
1
281
0
  0
ENDTAB
  0
ENDSEC
  0
SECTION
  2
BLOCKS
  0
BLOCK
  5
18
330
17
100
AcDbEntity
  8
0
100
AcDbBlockBegin
  2
*Model_Space
 70
0
 10
0.0
 20
0.0
 30
0.0
  3
*Model_Space
  1

  0
ENDBLK
  5
19
330
17
100
AcDbEntity
  8
0
100
AcDbBlockEnd
  0
BLOCK
  5
1C
330
1B
100
AcDbEntity
  8
0
100
AcDbBlockBegin
  2
*Paper_Space
 70
0
 10
0.0
 20
0.0
 30
0.0
  3
*Paper_Space
  1

  0
ENDBLK
  5
1D
330
1B
100
AcDbEntity
  8
0
100
AcDbBlockEnd
  0
ENDSEC
  0
SECTION
  2
ENTITIES
  0
LINE
  5
2F
330
17
100
AcDbEntity
  8
0
100
AcDbLine
 10
362.558
 20
-161.9
 30
0.0
 11
377.058
 21
-161.9
 31
0.0
  0
LINE
  5
30
330
17
100
AcDbEntity
  8
0
100
AcDbLine
 10
362.558
 20
-158.4
 30
0.0
 11
362.558
 21
-161.9
 31
0.0
  0
LINE
  5
31
330
17
100
AcDbEntity
  8
0
100
AcDbLine
 10
380.558
 20
-158.4
 30
0.0
 11
362.558
 21
-158.4
 31
0.0
  0
LINE
  5
32
330
17
100
AcDbEntity
  8
0
100
AcDbLine
 10
380.558
 20
-161.9
 30
0.0
 11
380.558
 21
-158.4
 31
0.0
  0
LINE
  5
33
330
17
100
AcDbEntity
  8
0
100
AcDbLine
 10
380.558
 20
-172.9
 30
0.0
 11
380.558
 21
-161.9
 31
0.0
  0
LINE
  5
34
330
17
100
AcDbEntity
  8
0
100
AcDbLine
 10
377.058
 20
-172.9
 30
0.0
 11
380.558
 21
-172.9
 31
0.0
  0
LINE
  5
35
330
17
100
AcDbEntity
  8
0
100
AcDbLine
 10
377.058
 20
-161.9
 30
0.0
 11
377.058
 21
-172.9
 31
0.0
  0
LINE
  5
36
330
17
100
AcDbEntity
  8
0
100
AcDbLine
 10
380.558
 20
-161.9
 30
0.0
 11
377.058
 21
-161.9
 31
0.0
  0
LINE
  5
37
330
17
100
AcDbEntity
  8
0
100
AcDbLine
 10
362.558
 20
-161.9
 30
0.0
 11
380.558
 21
-161.9
 31
0.0
  0
LINE
  5
38
330
17
100
AcDbEntity
  8
0
100
AcDbLine
 10
362.558
 20
-172.9
 30
0.0
 11
362.558
 21
-161.9
 31
0.0
  0
LINE
  5
39
330
17
100
AcDbEntity
  8
0
100
AcDbLine
 10
380.558
 20
-172.9
 30
0.0
 11
362.558
 21
-172.9
 31
0.0
  0
LINE
  5
3A
330
17
100
AcDbEntity
  8
0
100
AcDbLine
 10
380.558
 20
-176.4
 30
0.0
 11
380.558
 21
-172.9
 31
0.0
  0
LINE
  5
3B
330
17
100
AcDbEntity
  8
0
100
AcDbLine
 10
362.558
 20
-176.4
 30
0.0
 11
380.558
 21
-176.4
 31
0.0
  0
LINE
  5
3C
330
17
100
AcDbEntity
  8
0
100
AcDbLine
 10
362.558
 20
-172.9
 30
0.0
 11
362.558
 21
-176.4
 31
0.0
  0
LINE
  5
3D
330
17
100
AcDbEntity
  8
0
100
AcDbLine
 10
377.058
 20
-172.9
 30
0.0
 11
362.558
 21
-172.9
 31
0.0
  0
LINE
  5
3E
330
17
100
AcDbEntity
  8
0
100
AcDbLine
 10
362.558
 20
-189.551
 30
0.0
 11
377.058
 21
-189.551
 31
0.0
  0
LINE
  5
3F
330
17
100
AcDbEntity
  8
0
100
AcDbLine
 10
362.558
 20
-186.051
 30
0.0
 11
362.558
 21
-189.551
 31
0.0
  0
LINE
  5
40
330
17
100
AcDbEntity
  8
0
100
AcDbLine
 10
380.558
 20
-186.051
 30
0.0
 11
362.558
 21
-186.051
 31
0.0
  0
LINE
  5
41
330
17
100
AcDbEntity
  8
0
100
AcDbLine
 10
380.558
 20
-189.551
 30
0.0
 11
380.558
 21
-186.051
 31
0.0
  0
LINE
  5
42
330
17
100
AcDbEntity
  8
0
100
AcDbLine
 10
380.558
 20
-200.551
 30
0.0
 11
380.558
 21
-189.551
 31
0.0
  0
LINE
  5
43
330
17
100
AcDbEntity
  8
0
100
AcDbLine
 10
377.058
 20
-200.551
 30
0.0
 11
380.558
 21
-200.551
 31
0.0
  0
LINE
  5
44
330
17
100
AcDbEntity
  8
0
100
AcDbLine
 10
377.058
 20
-189.551
 30
0.0
 11
377.058
 21
-200.551
 31
0.0
  0
LINE
  5
45
330
17
100
AcDbEntity
  8
0
100
AcDbLine
 10
380.558
 20
-189.551
 30
0.0
 11
377.058
 21
-189.551
 31
0.0
  0
LINE
  5
46
330
17
100
AcDbEntity
  8
0
100
AcDbLine
 10
362.558
 20
-189.551
 30
0.0
 11
380.558
 21
-189.551
 31
0.0
  0
LINE
  5
47
330
17
100
AcDbEntity
  8
0
100
AcDbLine
 10
362.558
 20
-200.551
 30
0.0
 11
362.558
 21
-189.551
 31
0.0
  0
LINE
  5
48
330
17
100
AcDbEntity
  8
0
100
AcDbLine
 10
380.558
 20
-200.551
 30
0.0
 11
362.558
 21
-200.551
 31
0.0
  0
LINE
  5
49
330
17
100
AcDbEntity
  8
0
100
AcDbLine
 10
380.558
 20
-204.051
 30
0.0
 11
380.558
 21
-200.551
 31
0.0
  0
LINE
  5
4A
330
17
100
AcDbEntity
  8
0
100
AcDbLine
 10
362.558
 20
-204.051
 30
0.0
 11
380.558
 21
-204.051
 31
0.0
  0
LINE
  5
4B
330
17
100
AcDbEntity
  8
0
100
AcDbLine
 10
362.558
 20
-200.551
 30
0.0
 11
362.558
 21
-204.051
 31
0.0
  0
LINE
  5
4C
330
17
100
AcDbEntity
  8
0
100
AcDbLine
 10
377.058
 20
-200.551
 30
0.0
 11
362.558
 21
-200.551
 31
0.0
  0
LINE
  5
4D
330
17
100
AcDbEntity
  8
0
100
AcDbLine
 10
438.732
 20
-167.337
 30
0.0
 11
438.732
 21
-148.337
 31
0.0
  0
LINE
  5
4E
330
17
100
AcDbEntity
  8
0
100
AcDbLine
 10
438.032
 20
-167.337
 30
0.0
 11
438.732
 21
-167.337
 31
0.0
  0
LINE
  5
4F
330
17
100
AcDbEntity
  8
0
100
AcDbLine
 10
438.032
 20
-148.337
 30
0.0
 11
438.032
 21
-167.337
 31
0.0
  0
LINE
  5
50
330
17
100
AcDbEntity
  8
0
100
AcDbLine
 10
438.732
 20
-148.337
 30
0.0
 11
438.032
 21
-148.337
 31
0.0
  0
LINE
  5
51
330
17
100
AcDbEntity
  8
0
100
AcDbLine
 10
420.232
 20
-147.337
 30
0.0
 11
419.232
 21
-147.337
 31
0.0
  0
LINE
  5
52
330
17
100
AcDbEntity
  8
0
100
AcDbLine
 10
420.232
 20
-147.837
 30
0.0
 11
420.232
 21
-147.337
 31
0.0
  0
LINE
  5
53
330
17
100
AcDbEntity
  8
0
100
AcDbLine
 10
419.732
 20
-147.837
 30
0.0
 11
420.232
 21
-147.837
 31
0.0
  0
LINE
  5
54
330
17
100
AcDbEntity
  8
0
100
AcDbLine
 10
419.732
 20
-148.337
 30
0.0
 11
419.732
 21
-147.837
 31
0.0
  0
LINE
  5
55
330
17
100
AcDbEntity
  8
0
100
AcDbLine
 10
419.232
 20
-148.337
 30
0.0
 11
419.732
 21
-148.337
 31
0.0
  0
LINE
  5
56
330
17
100
AcDbEntity
  8
0
100
AcDbLine
 10
438.232
 20
-147.337
 30
0.0
 11
439.232
 21
-147.337
 31
0.0
  0
LINE
  5
57
330
17
100
AcDbEntity
  8
0
100
AcDbLine
 10
438.232
 20
-147.837
 30
0.0
 11
438.232
 21
-147.337
 31
0.0
  0
LINE
  5
58
330
17
100
AcDbEntity
  8
0
100
AcDbLine
 10
438.732
 20
-147.837
 30
0.0
 11
438.232
 21
-147.837
 31
0.0
  0
LINE
  5
59
330
17
100
AcDbEntity
  8
0
100
AcDbLine
 10
438.732
 20
-148.337
 30
0.0
 11
438.732
 21
-147.837
 31
0.0
  0
LINE
  5
5A
330
17
100
AcDbEntity
  8
0
100
AcDbLine
 10
439.232
 20
-148.337
 30
0.0
 11
438.732
 21
-148.337
 31
0.0
  0
LINE
  5
5B
330
17
100
AcDbEntity
  8
0
100
AcDbLine
 10
434.462
 20
-166.972
 30
0.0
 11
438.032
 21
-167.337
 31
0.0
  0
LINE
  5
5C
330
17
100
AcDbEntity
  8
0
100
AcDbLine
 10
431.029
 20
-165.891
 30
0.0
 11
434.462
 21
-166.972
 31
0.0
  0
LINE
  5
5D
330
17
100
AcDbEntity
  8
0
100
AcDbLine
 10
427.276
 20
-163.709
 30
0.0
 11
431.029
 21
-165.891
 31
0.0
  0
LINE
  5
5E
330
17
100
AcDbEntity
  8
0
100
AcDbLine
 10
424.117
 20
-160.677
 30
0.0
 11
427.276
 21
-163.709
 31
0.0
  0
LINE
  5
5F
330
17
100
AcDbEntity
  8
0
100
AcDbLine
 10
421.727
 20
-156.963
 30
0.0
 11
424.117
 21
-160.677
 31
0.0
  0
LINE
  5
60
330
17
100
AcDbEntity
  8
0
100
AcDbLine
 10
420.238
 20
-152.773
 30
0.0
 11
421.727
 21
-156.963
 31
0.0
  0
LINE
  5
61
330
17
100
AcDbEntity
  8
0
100
AcDbLine
 10
419.732
 20
-148.337
 30
0.0
 11
420.238
 21
-152.773
 31
0.0
  0
LINE
  5
62
330
17
100
AcDbEntity
  8
0
100
AcDbLine
 10
241.592
 20
-233.118
 30
0.0
 11
222.592
 21
-233.118
 31
0.0
  0
LINE
  5
63
330
17
100
AcDbEntity
  8
0
100
AcDbLine
 10
241.592
 20
-232.418
 30
0.0
 11
241.592
 21
-233.118
 31
0.0
  0
LINE
  5
64
330
17
100
AcDbEntity
  8
0
100
AcDbLine
 10
222.592
 20
-232.418
 30
0.0
 11
241.592
 21
-232.418
 31
0.0
  0
LINE
  5
65
330
17
100
AcDbEntity
  8
0
100
AcDbLine
 10
222.592
 20
-233.118
 30
0.0
 11
222.592
 21
-232.418
 31
0.0
  0
LINE
  5
66
330
17
100
AcDbEntity
  8
0
100
AcDbLine
 10
221.592
 20
-232.618
 30
0.0
 11
221.592
 21
-233.618
 31
0.0
  0
LINE
  5
67
330
17
100
AcDbEntity
  8
0
100
AcDbLine
 10
222.092
 20
-232.618
 30
0.0
 11
221.592
 21
-232.618
 31
0.0
  0
LINE
  5
68
330
17
100
AcDbEntity
  8
0
100
AcDbLine
 10
222.092
 20
-233.118
 30
0.0
 11
222.092
 21
-232.618
 31
0.0
  0
LINE
  5
69
330
17
100
AcDbEntity
  8
0
100
AcDbLine
 10
222.592
 20
-233.118
 30
0.0
 11
222.092
 21
-233.118
 31
0.0
  0
LINE
  5
6A
330
17
100
AcDbEntity
  8
0
100
AcDbLine
 10
222.592
 20
-233.618
 30
0.0
 11
222.592
 21
-233.118
 31
0.0
  0
LINE
  5
6B
330
17
100
AcDbEntity
  8
0
100
AcDbLine
 10
221.592
 20
-233.618
 30
0.0
 11
221.592
 21
-233.618
 31
0.0
  0
LINE
  5
6C
330
17
100
AcDbEntity
  8
0
100
AcDbLine
 10
221.592
 20
-214.618
 30
0.0
 11
221.592
 21
-213.618
 31
0.0
  0
LINE
  5
6D
330
17
100
AcDbEntity
  8
0
100
AcDbLine
 10
222.092
 20
-214.618
 30
0.0
 11
221.592
 21
-214.618
 31
0.0
  0
LINE
  5
6E
330
17
100
AcDbEntity
  8
0
100
AcDbLine
 10
222.092
 20
-214.118
 30
0.0
 11
222.092
 21
-214.618
 31
0.0
  0
LINE
  5
6F
330
17
100
AcDbEntity
  8
0
100
AcDbLine
 10
222.592
 20
-214.118
 30
0.0
 11
222.092
 21
-214.118
 31
0.0
  0
LINE
  5
70
330
17
100
AcDbEntity
  8
0
100
AcDbLine
 10
222.592
 20
-213.618
 30
0.0
 11
222.592
 21
-214.118
 31
0.0
  0
LINE
  5
71
330
17
100
AcDbEntity
  8
0
100
AcDbLine
 10
221.592
 20
-213.618
 30
0.0
 11
221.592
 21
-213.618
 31
0.0
  0
LINE
  5
72
330
17
100
AcDbEntity
  8
0
100
AcDbLine
 10
226.298
 20
-214.47
 30
0.0
 11
222.592
 21
-214.118
 31
0.0
  0
LINE
  5
73
330
17
100
AcDbEntity
  8
0
100
AcDbLine
 10
229.863
 20
-215.511
 30
0.0
 11
226.298
 21
-214.47
 31
0.0
  0
LINE
  5
74
330
17
100
AcDbEntity
  8
0
100
AcDbLine
 10
233.759
 20
-217.613
 30
0.0
 11
229.863
 21
-215.511
 31
0.0
  0
LINE
  5
75
330
17
100
AcDbEntity
  8
0
100
AcDbLine
 10
237.039
 20
-220.533
 30
0.0
 11
233.759
 21
-217.613
 31
0.0
  0
LINE
  5
76
330
17
100
AcDbEntity
  8
0
100
AcDbLine
 10
239.521
 20
-224.11
 30
0.0
 11
237.039
 21
-220.533
 31
0.0
  0
LINE
  5
77
330
17
100
AcDbEntity
  8
0
100
AcDbLine
 10
241.067
 20
-228.146
 30
0.0
 11
239.521
 21
-224.11
 31
0.0
  0
LINE
  5
78
330
17
100
AcDbEntity
  8
0
100
AcDbLine
 10
241.592
 20
-232.418
 30
0.0
 11
241.067
 21
-228.146
 31
0.0
  0
LINE
  5
79
330
17
100
AcDbEntity
  8
0
100
AcDbLine
 10
397.442
 20
-151.804
 30
0.0
 11
416.442
 21
-151.804
 31
0.0
  0
LINE
  5
7A
330
17
100
AcDbEntity
  8
0
100
AcDbLine
 10
397.442
 20
-152.504
 30
0.0
 11
397.442
 21
-151.804
 31
0.0
  0
LINE
  5
7B
330
17
100
AcDbEntity
  8
0
100
AcDbLine
 10
416.442
 20
-152.504
 30
0.0
 11
397.442
 21
-152.504
 31
0.0
  0
LINE
  5
7C
330
17
100
AcDbEntity
  8
0
100
AcDbLine
 10
416.442
 20
-151.804
 30
0.0
 11
416.442
 21
-152.504
 31
0.0
  0
LINE
  5
7D
330
17
100
AcDbEntity
  8
0
100
AcDbLine
 10
417.442
 20
-152.304
 30
0.0
 11
417.442
 21
-151.304
 31
0.0
  0
LINE
  5
7E
330
17
100
AcDbEntity
  8
0
100
AcDbLine
 10
416.942
 20
-152.304
 30
0.0
 11
417.442
 21
-152.304
 31
0.0
  0
LINE
  5
7F
330
17
100
AcDbEntity
  8
0
100
AcDbLine
 10
416.942
 20
-151.804
 30
0.0
 11
416.942
 21
-152.304
 31
0.0
  0
LINE
  5
80
330
17
100
AcDbEntity
  8
0
100
AcDbLine
 10
416.442
 20
-151.804
 30
0.0
 11
416.942
 21
-151.804
 31
0.0
  0
LINE
  5
81
330
17
100
AcDbEntity
  8
0
100
AcDbLine
 10
416.442
 20
-151.304
 30
0.0
 11
416.442
 21
-151.804
 31
0.0
  0
LINE
  5
82
330
17
100
AcDbEntity
  8
0
100
AcDbLine
 10
417.442
 20
-151.304
 30
0.0
 11
417.442
 21
-151.304
 31
0.0
  0
LINE
  5
83
330
17
100
AcDbEntity
  8
0
100
AcDbLine
 10
417.442
 20
-170.304
 30
0.0
 11
417.442
 21
-171.304
 31
0.0
  0
LINE
  5
84
330
17
100
AcDbEntity
  8
0
100
AcDbLine
 10
416.942
 20
-170.304
 30
0.0
 11
417.442
 21
-170.304
 31
0.0
  0
LINE
  5
85
330
17
100
AcDbEntity
  8
0
100
AcDbLine
 10
416.942
 20
-170.804
 30
0.0
 11
416.942
 21
-170.304
 31
0.0
  0
LINE
  5
86
330
17
100
AcDbEntity
  8
0
100
AcDbLine
 10
416.442
 20
-170.804
 30
0.0
 11
416.942
 21
-170.804
 31
0.0
  0
LINE
  5
87
330
17
100
AcDbEntity
  8
0
100
AcDbLine
 10
416.442
 20
-171.304
 30
0.0
 11
416.442
 21
-170.804
 31
0.0
  0
LINE
  5
88
330
17
100
AcDbEntity
  8
0
100
AcDbLine
 10
417.442
 20
-171.304
 30
0.0
 11
417.442
 21
-171.304
 31
0.0
  0
LINE
  5
89
330
17
100
AcDbEntity
  8
0
100
AcDbLine
 10
412.735
 20
-170.452
 30
0.0
 11
416.442
 21
-170.804
 31
0.0
  0
LINE
  5
8A
330
17
100
AcDbEntity
  8
0
100
AcDbLine
 10
409.171
 20
-169.411
 30
0.0
 11
412.735
 21
-170.452
 31
0.0
  0
LINE
  5
8B
330
17
100
AcDbEntity
  8
0
100
AcDbLine
 10
405.274
 20
-167.309
 30
0.0
 11
409.171
 21
-169.411
 31
0.0
  0
LINE
  5
8C
330
17
100
AcDbEntity
  8
0
100
AcDbLine
 10
401.994
 20
-164.389
 30
0.0
 11
405.274
 21
-167.309
 31
0.0
  0
LINE
  5
8D
330
17
100
AcDbEntity
  8
0
100
AcDbLine
 10
399.513
 20
-160.812
 30
0.0
 11
401.994
 21
-164.389
 31
0.0
  0
LINE
  5
8E
330
17
100
AcDbEntity
  8
0
100
AcDbLine
 10
397.967
 20
-156.776
 30
0.0
 11
399.513
 21
-160.812
 31
0.0
  0
LINE
  5
8F
330
17
100
AcDbEntity
  8
0
100
AcDbLine
 10
397.442
 20
-152.504
 30
0.0
 11
397.967
 21
-156.776
 31
0.0
  0
LINE
  5
90
330
17
100
AcDbEntity
  8
0
100
AcDbLine
 10
210.736
 20
-559.2
 30
0.0
 11
210.736
 21
-562.2
 31
0.0
  0
LINE
  5
91
330
17
100
AcDbEntity
  8
0
100
AcDbLine
 10
207.736
 20
-559.2
 30
0.0
 11
210.736
 21
-559.2
 31
0.0
  0
LINE
  5
92
330
17
100
AcDbEntity
  8
0
100
AcDbLine
 10
207.736
 20
-562.2
 30
0.0
 11
207.736
 21
-559.2
 31
0.0
  0
LINE
  5
93
330
17
100
AcDbEntity
  8
0
100
AcDbLine
 10
210.736
 20
-562.2
 30
0.0
 11
207.736
 21
-562.2
 31
0.0
  0
LINE
  5
94
330
17
100
AcDbEntity
  8
0
100
AcDbLine
 10
210.536
 20
-562.0
 30
0.0
 11
207.936
 21
-562.0
 31
0.0
  0
LINE
  5
95
330
17
100
AcDbEntity
  8
0
100
AcDbLine
 10
210.536
 20
-559.4
 30
0.0
 11
210.536
 21
-562.0
 31
0.0
  0
LINE
  5
96
330
17
100
AcDbEntity
  8
0
100
AcDbLine
 10
207.936
 20
-559.4
 30
0.0
 11
210.536
 21
-559.4
 31
0.0
  0
LINE
  5
97
330
17
100
AcDbEntity
  8
0
100
AcDbLine
 10
207.936
 20
-562.0
 30
0.0
 11
207.936
 21
-559.4
 31
0.0
  0
LINE
  5
98
330
17
100
AcDbEntity
  8
0
100
AcDbLine
 10
420.332
 20
-539.794
 30
0.0
 11
424.55
 21
-568.991
 31
0.0
  0
LINE
  5
99
330
17
100
AcDbEntity
  8
0
100
AcDbLine
 10
419.64
 20
-539.894
 30
0.0
 11
420.332
 21
-539.794
 31
0.0
  0
LINE
  5
9A
330
17
100
AcDbEntity
  8
0
100
AcDbLine
 10
423.857
 20
-569.091
 30
0.0
 11
419.64
 21
-539.894
 31
0.0
  0
LINE
  5
9B
330
17
100
AcDbEntity
  8
0
100
AcDbLine
 10
424.55
 20
-568.991
 30
0.0
 11
423.857
 21
-569.091
 31
0.0
  0
LINE
  5
9C
330
17
100
AcDbEntity
  8
0
100
AcDbLine
 10
361.939
 20
-548.229
 30
0.0
 11
366.156
 21
-577.426
 31
0.0
  0
LINE
  5
9D
330
17
100
AcDbEntity
  8
0
100
AcDbLine
 10
362.631
 20
-548.129
 30
0.0
 11
361.939
 21
-548.229
 31
0.0
  0
LINE
  5
9E
330
17
100
AcDbEntity
  8
0
100
AcDbLine
 10
366.849
 20
-577.326
 30
0.0
 11
362.631
 21
-548.129
 31
0.0
  0
LINE
  5
9F
330
17
100
AcDbEntity
  8
0
100
AcDbLine
 10
366.156
 20
-577.426
 30
0.0
 11
366.849
 21
-577.326
 31
0.0
  0
LINE
  5
A0
330
17
100
AcDbEntity
  8
0
100
AcDbLine
 10
424.198
 20
-570.052
 30
0.0
 11
425.188
 21
-569.909
 31
0.0
  0
LINE
  5
A1
330
17
100
AcDbEntity
  8
0
100
AcDbLine
 10
424.127
 20
-569.557
 30
0.0
 11
424.198
 21
-570.052
 31
0.0
  0
LINE
  5
A2
330
17
100
AcDbEntity
  8
0
100
AcDbLine
 10
424.621
 20
-569.486
 30
0.0
 11
424.127
 21
-569.557
 31
0.0
  0
LINE
  5
A3
330
17
100
AcDbEntity
  8
0
100
AcDbLine
 10
424.55
 20
-568.991
 30
0.0
 11
424.621
 21
-569.486
 31
0.0
  0
LINE
  5
A4
330
17
100
AcDbEntity
  8
0
100
AcDbLine
 10
425.045
 20
-568.919
 30
0.0
 11
424.55
 21
-568.991
 31
0.0
  0
LINE
  5
A5
330
17
100
AcDbEntity
  8
0
100
AcDbLine
 10
366.794
 20
-578.344
 30
0.0
 11
365.804
 21
-578.487
 31
0.0
  0
LINE
  5
A6
330
17
100
AcDbEntity
  8
0
100
AcDbLine
 10
366.722
 20
-577.849
 30
0.0
 11
366.794
 21
-578.344
 31
0.0
  0
LINE
  5
A7
330
17
100
AcDbEntity
  8
0
100
AcDbLine
 10
366.227
 20
-577.92
 30
0.0
 11
366.722
 21
-577.849
 31
0.0
  0
LINE
  5
A8
330
17
100
AcDbEntity
  8
0
100
AcDbLine
 10
366.156
 20
-577.426
 30
0.0
 11
366.227
 21
-577.92
 31
0.0
  0
LINE
  5
A9
330
17
100
AcDbEntity
  8
0
100
AcDbLine
 10
365.661
 20
-577.497
 30
0.0
 11
366.156
 21
-577.426
 31
0.0
  0
LINE
  5
AA
330
17
100
AcDbEntity
  8
0
100
AcDbLine
 10
395.083
 20
-567.339
 30
0.0
 11
395.353
 21
-573.208
 31
0.0
  0
LINE
  5
AB
330
17
100
AcDbEntity
  8
0
100
AcDbLine
 10
395.954
 20
-561.539
 30
0.0
 11
395.083
 21
-567.339
 31
0.0
  0
LINE
  5
AC
330
17
100
AcDbEntity
  8
0
100
AcDbLine
 10
398.386
 20
-555.127
 30
0.0
 11
395.954
 21
-561.539
 31
0.0
  0
LINE
  5
AD
330
17
100
AcDbEntity
  8
0
100
AcDbLine
 10
402.211
 20
-549.479
 30
0.0
 11
398.386
 21
-555.127
 31
0.0
  0
LINE
  5
AE
330
17
100
AcDbEntity
  8
0
100
AcDbLine
 10
407.219
 20
-544.902
 30
0.0
 11
402.211
 21
-549.479
 31
0.0
  0
LINE
  5
AF
330
17
100
AcDbEntity
  8
0
100
AcDbLine
 10
413.136
 20
-541.648
 30
0.0
 11
407.219
 21
-544.902
 31
0.0
  0
LINE
  5
B0
330
17
100
AcDbEntity
  8
0
100
AcDbLine
 10
419.64
 20
-539.894
 30
0.0
 11
413.136
 21
-541.648
 31
0.0
  0
LINE
  5
B1
330
17
100
AcDbEntity
  8
0
100
AcDbLine
 10
368.273
 20
-547.886
 30
0.0
 11
362.631
 21
-548.129
 31
0.0
  0
LINE
  5
B2
330
17
100
AcDbEntity
  8
0
100
AcDbLine
 10
373.86
 20
-548.775
 30
0.0
 11
368.273
 21
-547.886
 31
0.0
  0
LINE
  5
B3
330
17
100
AcDbEntity
  8
0
100
AcDbLine
 10
380.191
 20
-551.285
 30
0.0
 11
373.86
 21
-548.775
 31
0.0
  0
LINE
  5
B4
330
17
100
AcDbEntity
  8
0
100
AcDbLine
 10
385.784
 20
-555.233
 30
0.0
 11
380.191
 21
-551.285
 31
0.0
  0
LINE
  5
B5
330
17
100
AcDbEntity
  8
0
100
AcDbLine
 10
390.331
 20
-560.402
 30
0.0
 11
385.784
 21
-555.233
 31
0.0
  0
LINE
  5
B6
330
17
100
AcDbEntity
  8
0
100
AcDbLine
 10
393.581
 20
-566.506
 30
0.0
 11
390.331
 21
-560.402
 31
0.0
  0
LINE
  5
B7
330
17
100
AcDbEntity
  8
0
100
AcDbLine
 10
395.353
 20
-573.208
 30
0.0
 11
393.581
 21
-566.506
 31
0.0
  0
LINE
  5
B8
330
17
100
AcDbEntity
  8
0
100
AcDbLine
 10
7.80154
 20
-205.716
 30
0.0
 11
7.80154
 21
-204.296
 31
0.0
  0
LINE
  5
B9
330
17
100
AcDbEntity
  8
0
100
AcDbLine
 10
7.80154
 20
-204.296
 30
0.0
 11
8.55488
 21
-204.296
 31
0.0
  0
LINE
  5
BA
330
17
100
AcDbEntity
  8
0
100
AcDbLine
 10
7.60154
 20
-204.096
 30
0.0
 11
7.60154
 21
-205.716
 31
0.0
  0
LINE
  5
BB
330
17
100
AcDbEntity
  8
0
100
AcDbLine
 10
8.56965
 20
-204.096
 30
0.0
 11
7.60154
 21
-204.096
 31
0.0
  0
LINE
  5
BC
330
17
100
AcDbEntity
  8
0
100
AcDbLine
 10
305.832
 20
-322.838
 30
0.0
 11
305.832
 21
-322.838
 31
0.0
  0
LINE
  5
BD
330
17
100
AcDbEntity
  8
0
100
AcDbLine
 10
304.332
 20
-322.838
 30
0.0
 11
304.332
 21
-322.838
 31
0.0
  0
LINE
  5
BE
330
17
100
AcDbEntity
  8
0
100
AcDbLine
 10
293.332
 20
-322.838
 30
0.0
 11
293.332
 21
-322.838
 31
0.0
  0
LINE
  5
BF
330
17
100
AcDbEntity
  8
0
100
AcDbLine
 10
291.832
 20
-322.838
 30
0.0
 11
291.832
 21
-322.838
 31
0.0
  0
LINE
  5
C0
330
17
100
AcDbEntity
  8
0
100
AcDbLine
 10
329.109
 20
-322.838
 30
0.0
 11
329.109
 21
-322.838
 31
0.0
  0
LINE
  5
C1
330
17
100
AcDbEntity
  8
0
100
AcDbLine
 10
327.609
 20
-322.838
 30
0.0
 11
327.609
 21
-322.838
 31
0.0
  0
LINE
  5
C2
330
17
100
AcDbEntity
  8
0
100
AcDbLine
 10
316.609
 20
-322.838
 30
0.0
 11
316.609
 21
-322.838
 31
0.0
  0
LINE
  5
C3
330
17
100
AcDbEntity
  8
0
100
AcDbLine
 10
315.109
 20
-322.838
 30
0.0
 11
315.109
 21
-322.838
 31
0.0
  0
LINE
  5
C4
330
17
100
AcDbEntity
  8
0
100
AcDbLine
 10
464.876
 20
-22.95
 30
0.0
 11
453.906
 21
-10.2472
 31
0.0
  0
LINE
  5
C5
330
17
100
AcDbEntity
  8
0
100
AcDbLine
 10
465.343
 20
-23.4905
 30
0.0
 11
464.876
 21
-22.95
 31
0.0
  0
LINE
  5
C6
330
17
100
AcDbEntity
  8
0
100
AcDbLine
 10
453.906
 20
-10.2472
 30
0.0
 11
465.343
 21
-23.4905
 31
0.0
  0
LINE
  5
C7
330
17
100
AcDbEntity
  8
0
100
AcDbLine
 10
205.282
 20
99.9811
 30
0.0
 11
206.108
 21
67.153
 31
0.0
  0
LINE
  5
C8
330
17
100
AcDbEntity
  8
0
100
AcDbLine
 10
210.877
 20
132.339
 30
0.0
 11
205.282
 21
99.9811
 31
0.0
  0
LINE
  5
C9
330
17
100
AcDbEntity
  8
0
100
AcDbLine
 10
222.677
 20
162.985
 30
0.0
 11
210.877
 21
132.339
 31
0.0
  0
LINE
  5
CA
330
17
100
AcDbEntity
  8
0
100
AcDbLine
 10
240.229
 20
190.739
 30
0.0
 11
222.677
 21
162.985
 31
0.0
  0
LINE
  5
CB
330
17
100
AcDbEntity
  8
0
100
AcDbLine
 10
262.859
 20
214.535
 30
0.0
 11
240.229
 21
190.739
 31
0.0
  0
LINE
  5
CC
330
17
100
AcDbEntity
  8
0
100
AcDbLine
 10
289.696
 20
233.46
 30
0.0
 11
262.859
 21
214.535
 31
0.0
  0
LINE
  5
CD
330
17
100
AcDbEntity
  8
0
100
AcDbLine
 10
319.709
 20
246.785
 30
0.0
 11
289.696
 21
233.46
 31
0.0
  0
LINE
  5
CE
330
17
100
AcDbEntity
  8
0
100
AcDbLine
 10
351.745
 20
253.999
 30
0.0
 11
319.709
 21
246.785
 31
0.0
  0
LINE
  5
CF
330
17
100
AcDbEntity
  8
0
100
AcDbLine
 10
384.574
 20
254.825
 30
0.0
 11
351.745
 21
253.999
 31
0.0
  0
LINE
  5
D0
330
17
100
AcDbEntity
  8
0
100
AcDbLine
 10
416.932
 20
249.23
 30
0.0
 11
384.574
 21
254.825
 31
0.0
  0
LINE
  5
D1
330
17
100
AcDbEntity
  8
0
100
AcDbLine
 10
447.577
 20
237.43
 30
0.0
 11
416.932
 21
249.23
 31
0.0
  0
LINE
  5
D2
330
17
100
AcDbEntity
  8
0
100
AcDbLine
 10
475.331
 20
219.878
 30
0.0
 11
447.577
 21
237.43
 31
0.0
  0
LINE
  5
D3
330
17
100
AcDbEntity
  8
0
100
AcDbLine
 10
499.128
 20
197.248
 30
0.0
 11
475.331
 21
219.878
 31
0.0
  0
LINE
  5
D4
330
17
100
AcDbEntity
  8
0
100
AcDbLine
 10
518.052
 20
170.411
 30
0.0
 11
499.128
 21
197.248
 31
0.0
  0
LINE
  5
D5
330
17
100
AcDbEntity
  8
0
100
AcDbLine
 10
531.378
 20
140.398
 30
0.0
 11
518.052
 21
170.411
 31
0.0
  0
LINE
  5
D6
330
17
100
AcDbEntity
  8
0
100
AcDbLine
 10
538.592
 20
108.362
 30
0.0
 11
531.378
 21
140.398
 31
0.0
  0
LINE
  5
D7
330
17
100
AcDbEntity
  8
0
100
AcDbLine
 10
539.417
 20
75.5335
 30
0.0
 11
538.592
 21
108.362
 31
0.0
  0
LINE
  5
D8
330
17
100
AcDbEntity
  8
0
100
AcDbLine
 10
533.822
 20
43.1752
 30
0.0
 11
539.417
 21
75.5335
 31
0.0
  0
LINE
  5
D9
330
17
100
AcDbEntity
  8
0
100
AcDbLine
 10
522.022
 20
12.5301
 30
0.0
 11
533.822
 21
43.1752
 31
0.0
  0
LINE
  5
DA
330
17
100
AcDbEntity
  8
0
100
AcDbLine
 10
504.47
 20
-15.2241
 30
0.0
 11
522.022
 21
12.5301
 31
0.0
  0
LINE
  5
DB
330
17
100
AcDbEntity
  8
0
100
AcDbLine
 10
481.841
 20
-39.0207
 30
0.0
 11
488.689
 21
-31.8191
 31
0.0
  0
LINE
  5
DC
330
17
100
AcDbEntity
  8
0
100
AcDbLine
 10
491.888
 20
-28.4549
 30
0.0
 11
504.47
 21
-15.2241
 31
0.0
  0
LINE
  5
DD
330
17
100
AcDbEntity
  8
0
100
AcDbLine
 10
455.004
 20
-57.9453
 30
0.0
 11
481.841
 21
-39.0207
 31
0.0
  0
LINE
  5
DE
330
17
100
AcDbEntity
  8
0
100
AcDbLine
 10
424.99
 20
-71.2707
 30
0.0
 11
455.004
 21
-57.9453
 31
0.0
  0
LINE
  5
DF
330
17
100
AcDbEntity
  8
0
100
AcDbLine
 10
395.455
 20
-77.9215
 30
0.0
 11
424.99
 21
-71.2707
 31
0.0
  0
LINE
  5
E0
330
17
100
AcDbEntity
  8
0
100
AcDbLine
 10
327.767
 20
-73.7152
 30
0.0
 11
352.095
 21
-77.9215
 31
0.0
  0
LINE
  5
E1
330
17
100
AcDbEntity
  8
0
100
AcDbLine
 10
297.122
 20
-61.915
 30
0.0
 11
327.767
 21
-73.7152
 31
0.0
  0
LINE
  5
E2
330
17
100
AcDbEntity
  8
0
100
AcDbLine
 10
269.368
 20
-44.363
 30
0.0
 11
297.122
 21
-61.915
 31
0.0
  0
LINE
  5
E3
330
17
100
AcDbEntity
  8
0
100
AcDbLine
 10
245.572
 20
-21.7337
 30
0.0
 11
269.368
 21
-44.363
 31
0.0
  0
LINE
  5
E4
330
17
100
AcDbEntity
  8
0
100
AcDbLine
 10
226.647
 20
5.10336
 30
0.0
 11
236.436
 21
-8.77835
 31
0.0
  0
LINE
  5
E5
330
17
100
AcDbEntity
  8
0
100
AcDbLine
 10
239.128
 20
-12.5964
 30
0.0
 11
245.572
 21
-21.7337
 31
0.0
  0
LINE
  5
E6
330
17
100
AcDbEntity
  8
0
100
AcDbLine
 10
213.322
 20
35.1167
 30
0.0
 11
226.647
 21
5.10336
 31
0.0
  0
LINE
  5
E7
330
17
100
AcDbEntity
  8
0
100
AcDbLine
 10
206.108
 20
67.153
 30
0.0
 11
213.322
 21
35.1167
 31
0.0
  0
LINE
  5
E8
330
17
100
AcDbEntity
  8
0
100
AcDbLine
 10
264.087
 20
-5.74228
 30
0.0
 11
258.596
 21
-10.4852
 31
0.0
  0
LINE
  5
E9
330
17
100
AcDbEntity
  8
0
100
AcDbLine
 10
258.596
 20
-10.4852
 30
0.0
 11
264.087
 21
-5.74228
 31
0.0
  0
LINE
  5
EA
330
17
100
AcDbEntity
  8
0
100
AcDbLine
 10
264.087
 20
-5.74228
 30
0.0
 11
258.596
 21
-10.4852
 31
0.0
  0
LINE
  5
EB
330
17
100
AcDbEntity
  8
0
100
AcDbLine
 10
258.907
 20
-10.2161
 30
0.0
 11
264.087
 21
-5.74228
 31
0.0
  0
LINE
  5
EC
330
17
100
AcDbEntity
  8
0
100
AcDbLine
 10
303.277
 20
28.1034
 30
0.0
 11
258.907
 21
-10.2161
 31
0.0
  0
LINE
  5
ED
330
17
100
AcDbEntity
  8
0
100
AcDbLine
 10
286.835
 20
13.9037
 30
0.0
 11
303.277
 21
28.1034
 31
0.0
  0
LINE
  5
EE
330
17
100
AcDbEntity
  8
0
100
AcDbLine
 10
282.331
 20
10.0135
 30
0.0
 11
286.835
 21
13.9037
 31
0.0
  0
LINE
  5
EF
330
17
100
AcDbEntity
  8
0
100
AcDbLine
 10
303.277
 20
28.1034
 30
0.0
 11
282.331
 21
10.0135
 31
0.0
  0
LINE
  5
F0
330
17
100
AcDbEntity
  8
0
100
AcDbLine
 10
308.908
 20
32.9662
 30
0.0
 11
303.277
 21
28.1034
 31
0.0
  0
LINE
  5
F1
330
17
100
AcDbEntity
  8
0
100
AcDbLine
 10
240.213
 20
-26.3609
 30
0.0
 11
254.757
 21
-13.8002
 31
0.0
  0
LINE
  5
F2
330
17
100
AcDbEntity
  8
0
100
AcDbLine
 10
258.596
 20
-10.4852
 30
0.0
 11
308.908
 21
32.9662
 31
0.0
  0
LINE
  5
F3
330
17
100
AcDbEntity
  8
0
100
AcDbLine
 10
236.159
 20
-29.8622
 30
0.0
 11
240.213
 21
-26.3609
 31
0.0
  0
LINE
  5
F4
330
17
100
AcDbEntity
  8
0
100
AcDbLine
 10
258.907
 20
-10.2161
 30
0.0
 11
258.596
 21
-10.4852
 31
0.0
  0
LINE
  5
F5
330
17
100
AcDbEntity
  8
0
100
AcDbLine
 10
254.757
 20
-13.8002
 30
0.0
 11
236.159
 21
-29.8622
 31
0.0
  0
LINE
  5
F6
330
17
100
AcDbEntity
  8
0
100
AcDbLine
 10
258.596
 20
-10.4852
 30
0.0
 11
258.907
 21
-10.2161
 31
0.0
  0
LINE
  5
F7
330
17
100
AcDbEntity
  8
0
100
AcDbLine
 10
482.737
 20
183.093
 30
0.0
 11
500.035
 21
198.032
 31
0.0
  0
LINE
  5
F8
330
17
100
AcDbEntity
  8
0
100
AcDbLine
 10
496.791
 20
195.231
 30
0.0
 11
482.737
 21
183.093
 31
0.0
  0
LINE
  5
F9
330
17
100
AcDbEntity
  8
0
100
AcDbLine
 10
500.035
 20
198.032
 30
0.0
 11
496.791
 21
195.231
 31
0.0
  0
LINE
  5
FA
330
17
100
AcDbEntity
  8
0
100
AcDbLine
 10
201.04
 20
66.5249
 30
0.0
 11
208.474
 21
33.512
 31
0.0
  0
LINE
  5
FB
330
17
100
AcDbEntity
  8
0
100
AcDbLine
 10
200.189
 20
100.354
 30
0.0
 11
201.04
 21
66.5249
 31
0.0
  0
LINE
  5
FC
330
17
100
AcDbEntity
  8
0
100
AcDbLine
 10
205.955
 20
133.699
 30
0.0
 11
200.189
 21
100.354
 31
0.0
  0
LINE
  5
FD
330
17
100
AcDbEntity
  8
0
100
AcDbLine
 10
218.115
 20
165.278
 30
0.0
 11
205.955
 21
133.699
 31
0.0
  0
LINE
  5
FE
330
17
100
AcDbEntity
  8
0
100
AcDbLine
 10
236.202
 20
193.878
 30
0.0
 11
218.115
 21
165.278
 31
0.0
  0
LINE
  5
FF
330
17
100
AcDbEntity
  8
0
100
AcDbLine
 10
259.521
 20
218.4
 30
0.0
 11
236.202
 21
193.878
 31
0.0
  0
LINE
  5
100
330
17
100
AcDbEntity
  8
0
100
AcDbLine
 10
287.176
 20
237.902
 30
0.0
 11
259.521
 21
218.4
 31
0.0
  0
LINE
  5
101
330
17
100
AcDbEntity
  8
0
100
AcDbLine
 10
318.104
 20
251.633
 30
0.0
 11
287.176
 21
237.902
 31
0.0
  0
LINE
  5
102
330
17
100
AcDbEntity
  8
0
100
AcDbLine
 10
351.117
 20
259.067
 30
0.0
 11
318.104
 21
251.633
 31
0.0
  0
LINE
  5
103
330
17
100
AcDbEntity
  8
0
100
AcDbLine
 10
384.946
 20
259.918
 30
0.0
 11
351.117
 21
259.067
 31
0.0
  0
LINE
  5
104
330
17
100
AcDbEntity
  8
0
100
AcDbLine
 10
418.291
 20
254.152
 30
0.0
 11
384.946
 21
259.918
 31
0.0
  0
LINE
  5
105
330
17
100
AcDbEntity
  8
0
100
AcDbLine
 10
449.87
 20
241.992
 30
0.0
 11
418.291
 21
254.152
 31
0.0
  0
LINE
  5
106
330
17
100
AcDbEntity
  8
0
100
AcDbLine
 10
478.471
 20
223.905
 30
0.0
 11
449.87
 21
241.992
 31
0.0
  0
LINE
  5
107
330
17
100
AcDbEntity
  8
0
100
AcDbLine
 10
502.993
 20
200.586
 30
0.0
 11
478.471
 21
223.905
 31
0.0
  0
LINE
  5
108
330
17
100
AcDbEntity
  8
0
100
AcDbLine
 10
522.494
 20
172.931
 30
0.0
 11
502.993
 21
200.586
 31
0.0
  0
LINE
  5
109
330
17
100
AcDbEntity
  8
0
100
AcDbLine
 10
536.226
 20
142.003
 30
0.0
 11
522.494
 21
172.931
 31
0.0
  0
LINE
  5
10A
330
17
100
AcDbEntity
  8
0
100
AcDbLine
 10
543.66
 20
108.99
 30
0.0
 11
536.226
 21
142.003
 31
0.0
  0
LINE
  5
10B
330
17
100
AcDbEntity
  8
0
100
AcDbLine
 10
544.51
 20
75.1609
 30
0.0
 11
543.66
 21
108.99
 31
0.0
  0
LINE
  5
10C
330
17
100
AcDbEntity
  8
0
100
AcDbLine
 10
538.745
 20
41.8161
 30
0.0
 11
544.51
 21
75.1609
 31
0.0
  0
LINE
  5
10D
330
17
100
AcDbEntity
  8
0
100
AcDbLine
 10
526.585
 20
10.2368
 30
0.0
 11
538.745
 21
41.8161
 31
0.0
  0
LINE
  5
10E
330
17
100
AcDbEntity
  8
0
100
AcDbLine
 10
508.498
 20
-18.3634
 30
0.0
 11
526.585
 21
10.2368
 31
0.0
  0
LINE
  5
10F
330
17
100
AcDbEntity
  8
0
100
AcDbLine
 10
485.178
 20
-42.8855
 30
0.0
 11
495.223
 21
-32.3224
 31
0.0
  0
LINE
  5
110
330
17
100
AcDbEntity
  8
0
100
AcDbLine
 10
498.423
 20
-28.9582
 30
0.0
 11
508.498
 21
-18.3634
 31
0.0
  0
LINE
  5
111
330
17
100
AcDbEntity
  8
0
100
AcDbLine
 10
457.523
 20
-62.3871
 30
0.0
 11
485.178
 21
-42.8855
 31
0.0
  0
LINE
  5
112
330
17
100
AcDbEntity
  8
0
100
AcDbLine
 10
426.595
 20
-76.1187
 30
0.0
 11
457.523
 21
-62.3871
 31
0.0
  0
LINE
  5
113
330
17
100
AcDbEntity
  8
0
100
AcDbLine
 10
418.589
 20
-77.9215
 30
0.0
 11
426.595
 21
-76.1187
 31
0.0
  0
LINE
  5
114
330
17
100
AcDbEntity
  8
0
100
AcDbLine
 10
294.829
 20
-66.4778
 30
0.0
 11
324.548
 21
-77.9215
 31
0.0
  0
LINE
  5
115
330
17
100
AcDbEntity
  8
0
100
AcDbLine
 10
266.229
 20
-48.3907
 30
0.0
 11
294.829
 21
-66.4778
 31
0.0
  0
LINE
  5
116
330
17
100
AcDbEntity
  8
0
100
AcDbLine
 10
241.707
 20
-25.0715
 30
0.0
 11
266.229
 21
-48.3907
 31
0.0
  0
LINE
  5
117
330
17
100
AcDbEntity
  8
0
100
AcDbLine
 10
222.205
 20
2.58364
 30
0.0
 11
229.86
 21
-8.27185
 31
0.0
  0
LINE
  5
118
330
17
100
AcDbEntity
  8
0
100
AcDbLine
 10
232.553
 20
-12.0899
 30
0.0
 11
241.707
 21
-25.0715
 31
0.0
  0
LINE
  5
119
330
17
100
AcDbEntity
  8
0
100
AcDbLine
 10
208.474
 20
33.512
 30
0.0
 11
222.205
 21
2.58364
 31
0.0
  0
LINE
  5
11A
330
17
100
AcDbEntity
  8
0
100
AcDbLine
 10
475.17
 20
176.557
 30
0.0
 11
438.953
 21
145.279
 31
0.0
  0
LINE
  5
11B
330
17
100
AcDbEntity
  8
0
100
AcDbLine
 10
490.575
 20
189.862
 30
0.0
 11
475.17
 21
176.557
 31
0.0
  0
LINE
  5
11C
330
17
100
AcDbEntity
  8
0
100
AcDbLine
 10
438.953
 20
145.279
 30
0.0
 11
490.575
 21
189.862
 31
0.0
  0
LINE
  5
11D
330
17
100
AcDbEntity
  8
0
100
AcDbLine
 10
275.963
 20
195.79
 30
0.0
 11
262.659
 21
211.195
 31
0.0
  0
LINE
  5
11E
330
17
100
AcDbEntity
  8
0
100
AcDbLine
 10
262.192
 20
211.736
 30
0.0
 11
275.963
 21
195.79
 31
0.0
  0
LINE
  5
11F
330
17
100
AcDbEntity
  8
0
100
AcDbLine
 10
275.963
 20
195.79
 30
0.0
 11
262.192
 21
211.736
 31
0.0
  0
LINE
  5
120
330
17
100
AcDbEntity
  8
0
100
AcDbLine
 10
257.99
 20
216.601
 30
0.0
 11
275.963
 21
195.79
 31
0.0
  0
LINE
  5
121
330
17
100
AcDbEntity
  8
0
100
AcDbLine
 10
249.821
 20
226.06
 30
0.0
 11
257.99
 21
216.601
 31
0.0
  0
LINE
  5
122
330
17
100
AcDbEntity
  8
0
100
AcDbLine
 10
248.887
 20
227.141
 30
0.0
 11
249.821
 21
226.06
 31
0.0
  0
LINE
  5
123
330
17
100
AcDbEntity
  8
0
100
AcDbLine
 10
262.659
 20
211.195
 30
0.0
 11
248.887
 21
227.141
 31
0.0
  0
LINE
  5
124
330
17
100
AcDbEntity
  8
0
100
AcDbLine
 10
257.99
 20
216.601
 30
0.0
 11
262.659
 21
211.195
 31
0.0
  0
LINE
  5
125
330
17
100
AcDbEntity
  8
0
100
AcDbLine
 10
441.455
 20
-198.674
 30
0.0
 11
442.155
 21
-198.674
 31
0.0
  0
LINE
  5
126
330
17
100
AcDbEntity
  8
0
100
AcDbLine
 10
441.455
 20
-200.074
 30
0.0
 11
441.455
 21
-198.674
 31
0.0
  0
LINE
  5
127
330
17
100
AcDbEntity
  8
0
100
AcDbLine
 10
442.155
 20
-200.074
 30
0.0
 11
441.455
 21
-200.074
 31
0.0
  0
LINE
  5
128
330
17
100
AcDbEntity
  8
0
100
AcDbLine
 10
442.155
 20
-198.674
 30
0.0
 11
442.155
 21
-200.074
 31
0.0
  0
LINE
  5
129
330
17
100
AcDbEntity
  8
0
100
AcDbLine
 10
441.455
 20
-213.674
 30
0.0
 11
442.155
 21
-213.674
 31
0.0
  0
LINE
  5
12A
330
17
100
AcDbEntity
  8
0
100
AcDbLine
 10
441.455
 20
-212.274
 30
0.0
 11
441.455
 21
-213.674
 31
0.0
  0
LINE
  5
12B
330
17
100
AcDbEntity
  8
0
100
AcDbLine
 10
442.155
 20
-212.274
 30
0.0
 11
441.455
 21
-212.274
 31
0.0
  0
LINE
  5
12C
330
17
100
AcDbEntity
  8
0
100
AcDbLine
 10
442.155
 20
-213.674
 30
0.0
 11
442.155
 21
-212.274
 31
0.0
  0
LINE
  5
12D
330
17
100
AcDbEntity
  8
0
100
AcDbLine
 10
442.955
 20
-199.174
 30
0.0
 11
442.955
 21
-198.174
 31
0.0
  0
LINE
  5
12E
330
17
100
AcDbEntity
  8
0
100
AcDbLine
 10
442.155
 20
-199.174
 30
0.0
 11
442.955
 21
-199.174
 31
0.0
  0
LINE
  5
12F
330
17
100
AcDbEntity
  8
0
100
AcDbLine
 10
442.155
 20
-198.674
 30
0.0
 11
442.155
 21
-199.174
 31
0.0
  0
LINE
  5
130
330
17
100
AcDbEntity
  8
0
100
AcDbLine
 10
441.955
 20
-198.674
 30
0.0
 11
442.155
 21
-198.674
 31
0.0
  0
LINE
  5
131
330
17
100
AcDbEntity
  8
0
100
AcDbLine
 10
441.955
 20
-198.174
 30
0.0
 11
441.955
 21
-198.674
 31
0.0
  0
LINE
  5
132
330
17
100
AcDbEntity
  8
0
100
AcDbLine
 10
441.455
 20
-213.674
 30
0.0
 11
442.155
 21
-213.674
 31
0.0
  0
LINE
  5
133
330
17
100
AcDbEntity
  8
0
100
AcDbLine
 10
441.455
 20
-215.074
 30
0.0
 11
441.455
 21
-213.674
 31
0.0
  0
LINE
  5
134
330
17
100
AcDbEntity
  8
0
100
AcDbLine
 10
442.155
 20
-215.074
 30
0.0
 11
441.455
 21
-215.074
 31
0.0
  0
LINE
  5
135
330
17
100
AcDbEntity
  8
0
100
AcDbLine
 10
442.155
 20
-213.674
 30
0.0
 11
442.155
 21
-215.074
 31
0.0
  0
LINE
  5
136
330
17
100
AcDbEntity
  8
0
100
AcDbLine
 10
441.455
 20
-228.674
 30
0.0
 11
442.155
 21
-228.674
 31
0.0
  0
LINE
  5
137
330
17
100
AcDbEntity
  8
0
100
AcDbLine
 10
441.455
 20
-227.274
 30
0.0
 11
441.455
 21
-228.674
 31
0.0
  0
LINE
  5
138
330
17
100
AcDbEntity
  8
0
100
AcDbLine
 10
442.155
 20
-227.274
 30
0.0
 11
441.455
 21
-227.274
 31
0.0
  0
LINE
  5
139
330
17
100
AcDbEntity
  8
0
100
AcDbLine
 10
442.155
 20
-228.674
 30
0.0
 11
442.155
 21
-227.274
 31
0.0
  0
LINE
  5
13A
330
17
100
AcDbEntity
  8
0
100
AcDbLine
 10
442.955
 20
-228.174
 30
0.0
 11
442.955
 21
-229.174
 31
0.0
  0
LINE
  5
13B
330
17
100
AcDbEntity
  8
0
100
AcDbLine
 10
442.155
 20
-228.174
 30
0.0
 11
442.955
 21
-228.174
 31
0.0
  0
LINE
  5
13C
330
17
100
AcDbEntity
  8
0
100
AcDbLine
 10
442.155
 20
-228.674
 30
0.0
 11
442.155
 21
-228.174
 31
0.0
  0
LINE
  5
13D
330
17
100
AcDbEntity
  8
0
100
AcDbLine
 10
441.955
 20
-228.674
 30
0.0
 11
442.155
 21
-228.674
 31
0.0
  0
LINE
  5
13E
330
17
100
AcDbEntity
  8
0
100
AcDbLine
 10
441.955
 20
-229.174
 30
0.0
 11
441.955
 21
-228.674
 31
0.0
  0
LINE
  5
13F
330
17
100
AcDbEntity
  8
0
100
AcDbLine
 10
441.805
 20
-212.274
 30
0.0
 11
441.805
 21
-200.074
 31
0.0
  0
LINE
  5
140
330
17
100
AcDbEntity
  8
0
100
AcDbLine
 10
441.455
 20
-212.274
 30
0.0
 11
441.455
 21
-200.074
 31
0.0
  0
LINE
  5
141
330
17
100
AcDbEntity
  8
0
100
AcDbLine
 10
442.155
 20
-212.274
 30
0.0
 11
442.155
 21
-200.074
 31
0.0
  0
LINE
  5
142
330
17
100
AcDbEntity
  8
0
100
AcDbLine
 10
442.955
 20
-213.174
 30
0.0
 11
442.955
 21
-213.674
 31
0.0
  0
LINE
  5
143
330
17
100
AcDbEntity
  8
0
100
AcDbLine
 10
442.155
 20
-213.174
 30
0.0
 11
442.955
 21
-213.174
 31
0.0
  0
LINE
  5
144
330
17
100
AcDbEntity
  8
0
100
AcDbLine
 10
442.155
 20
-213.674
 30
0.0
 11
442.155
 21
-213.174
 31
0.0
  0
LINE
  5
145
330
17
100
AcDbEntity
  8
0
100
AcDbLine
 10
441.955
 20
-213.674
 30
0.0
 11
442.155
 21
-213.674
 31
0.0
  0
LINE
  5
146
330
17
100
AcDbEntity
  8
0
100
AcDbLine
 10
442.955
 20
-213.174
 30
0.0
 11
442.955
 21
-199.174
 31
0.0
  0
LINE
  5
147
330
17
100
AcDbEntity
  8
0
100
AcDbLine
 10
441.805
 20
-227.274
 30
0.0
 11
441.805
 21
-215.074
 31
0.0
  0
LINE
  5
148
330
17
100
AcDbEntity
  8
0
100
AcDbLine
 10
441.455
 20
-227.274
 30
0.0
 11
441.455
 21
-215.074
 31
0.0
  0
LINE
  5
149
330
17
100
AcDbEntity
  8
0
100
AcDbLine
 10
442.155
 20
-227.274
 30
0.0
 11
442.155
 21
-215.074
 31
0.0
  0
LINE
  5
14A
330
17
100
AcDbEntity
  8
0
100
AcDbLine
 10
442.955
 20
-214.174
 30
0.0
 11
442.955
 21
-213.674
 31
0.0
  0
LINE
  5
14B
330
17
100
AcDbEntity
  8
0
100
AcDbLine
 10
442.155
 20
-214.174
 30
0.0
 11
442.955
 21
-214.174
 31
0.0
  0
LINE
  5
14C
330
17
100
AcDbEntity
  8
0
100
AcDbLine
 10
442.155
 20
-213.674
 30
0.0
 11
442.155
 21
-214.174
 31
0.0
  0
LINE
  5
14D
330
17
100
AcDbEntity
  8
0
100
AcDbLine
 10
441.955
 20
-213.674
 30
0.0
 11
442.155
 21
-213.674
 31
0.0
  0
LINE
  5
14E
330
17
100
AcDbEntity
  8
0
100
AcDbLine
 10
442.955
 20
-228.174
 30
0.0
 11
442.955
 21
-214.174
 31
0.0
  0
LINE
  5
14F
330
17
100
AcDbEntity
  8
0
100
AcDbLine
 10
420.636
 20
-535.553
 30
0.0
 11
396.052
 21
-535.553
 31
0.0
  0
LINE
  5
150
330
17
100
AcDbEntity
  8
0
100
AcDbLine
 10
421.45
 20
-535.607
 30
0.0
 11
420.636
 21
-535.553
 31
0.0
  0
LINE
  5
151
330
17
100
AcDbEntity
  8
0
100
AcDbLine
 10
422.231
 20
-535.767
 30
0.0
 11
421.45
 21
-535.607
 31
0.0
  0
LINE
  5
152
330
17
100
AcDbEntity
  8
0
100
AcDbLine
 10
422.971
 20
-536.024
 30
0.0
 11
422.231
 21
-535.767
 31
0.0
  0
LINE
  5
153
330
17
100
AcDbEntity
  8
0
100
AcDbLine
 10
423.664
 20
-536.372
 30
0.0
 11
422.971
 21
-536.024
 31
0.0
  0
LINE
  5
154
330
17
100
AcDbEntity
  8
0
100
AcDbLine
 10
424.302
 20
-536.803
 30
0.0
 11
423.664
 21
-536.372
 31
0.0
  0
LINE
  5
155
330
17
100
AcDbEntity
  8
0
100
AcDbLine
 10
424.878
 20
-537.31
 30
0.0
 11
424.302
 21
-536.803
 31
0.0
  0
LINE
  5
156
330
17
100
AcDbEntity
  8
0
100
AcDbLine
 10
425.386
 20
-537.886
 30
0.0
 11
424.878
 21
-537.31
 31
0.0
  0
LINE
  5
157
330
17
100
AcDbEntity
  8
0
100
AcDbLine
 10
425.817
 20
-538.524
 30
0.0
 11
425.386
 21
-537.886
 31
0.0
  0
LINE
  5
158
330
17
100
AcDbEntity
  8
0
100
AcDbLine
 10
426.164
 20
-539.217
 30
0.0
 11
425.817
 21
-538.524
 31
0.0
  0
LINE
  5
159
330
17
100
AcDbEntity
  8
0
100
AcDbLine
 10
426.421
 20
-539.958
 30
0.0
 11
426.164
 21
-539.217
 31
0.0
  0
LINE
  5
15A
330
17
100
AcDbEntity
  8
0
100
AcDbLine
 10
426.581
 20
-540.738
 30
0.0
 11
426.421
 21
-539.958
 31
0.0
  0
LINE
  5
15B
330
17
100
AcDbEntity
  8
0
100
AcDbLine
 10
426.636
 20
-541.553
 30
0.0
 11
426.581
 21
-540.738
 31
0.0
  0
LINE
  5
15C
330
17
100
AcDbEntity
  8
0
100
AcDbLine
 10
426.636
 20
-618.645
 30
0.0
 11
426.636
 21
-570.893
 31
0.0
  0
LINE
  5
15D
330
17
100
AcDbEntity
  8
0
100
AcDbLine
 10
426.636
 20
-567.255
 30
0.0
 11
426.636
 21
-541.553
 31
0.0
  0
LINE
  5
15E
330
17
100
AcDbEntity
  8
0
100
AcDbLine
 10
426.526
 20
-620.273
 30
0.0
 11
426.636
 21
-618.645
 31
0.0
  0
LINE
  5
15F
330
17
100
AcDbEntity
  8
0
100
AcDbLine
 10
426.207
 20
-621.835
 30
0.0
 11
426.526
 21
-620.273
 31
0.0
  0
LINE
  5
160
330
17
100
AcDbEntity
  8
0
100
AcDbLine
 10
425.693
 20
-623.316
 30
0.0
 11
426.207
 21
-621.835
 31
0.0
  0
LINE
  5
161
330
17
100
AcDbEntity
  8
0
100
AcDbLine
 10
424.997
 20
-624.702
 30
0.0
 11
425.693
 21
-623.316
 31
0.0
  0
LINE
  5
162
330
17
100
AcDbEntity
  8
0
100
AcDbLine
 10
424.135
 20
-625.978
 30
0.0
 11
424.997
 21
-624.702
 31
0.0
  0
LINE
  5
163
330
17
100
AcDbEntity
  8
0
100
AcDbLine
 10
423.121
 20
-627.13
 30
0.0
 11
424.135
 21
-625.978
 31
0.0
  0
LINE
  5
164
330
17
100
AcDbEntity
  8
0
100
AcDbLine
 10
421.969
 20
-628.145
 30
0.0
 11
423.121
 21
-627.13
 31
0.0
  0
LINE
  5
165
330
17
100
AcDbEntity
  8
0
100
AcDbLine
 10
420.692
 20
-629.007
 30
0.0
 11
421.969
 21
-628.145
 31
0.0
  0
LINE
  5
166
330
17
100
AcDbEntity
  8
0
100
AcDbLine
 10
419.307
 20
-629.702
 30
0.0
 11
420.692
 21
-629.007
 31
0.0
  0
LINE
  5
167
330
17
100
AcDbEntity
  8
0
100
AcDbLine
 10
417.826
 20
-630.216
 30
0.0
 11
419.307
 21
-629.702
 31
0.0
  0
LINE
  5
168
330
17
100
AcDbEntity
  8
0
100
AcDbLine
 10
416.264
 20
-630.536
 30
0.0
 11
417.826
 21
-630.216
 31
0.0
  0
LINE
  5
169
330
17
100
AcDbEntity
  8
0
100
AcDbLine
 10
414.636
 20
-630.645
 30
0.0
 11
416.264
 21
-630.536
 31
0.0
  0
LINE
  5
16A
330
17
100
AcDbEntity
  8
0
100
AcDbLine
 10
402.052
 20
-630.645
 30
0.0
 11
414.636
 21
-630.645
 31
0.0
  0
LINE
  5
16B
330
17
100
AcDbEntity
  8
0
100
AcDbLine
 10
400.424
 20
-630.536
 30
0.0
 11
402.052
 21
-630.645
 31
0.0
  0
LINE
  5
16C
330
17
100
AcDbEntity
  8
0
100
AcDbLine
 10
398.862
 20
-630.216
 30
0.0
 11
400.424
 21
-630.536
 31
0.0
  0
LINE
  5
16D
330
17
100
AcDbEntity
  8
0
100
AcDbLine
 10
397.381
 20
-629.702
 30
0.0
 11
398.862
 21
-630.216
 31
0.0
  0
LINE
  5
16E
330
17
100
AcDbEntity
  8
0
100
AcDbLine
 10
395.996
 20
-629.007
 30
0.0
 11
397.381
 21
-629.702
 31
0.0
  0
LINE
  5
16F
330
17
100
AcDbEntity
  8
0
100
AcDbLine
 10
394.719
 20
-628.145
 30
0.0
 11
395.996
 21
-629.007
 31
0.0
  0
LINE
  5
170
330
17
100
AcDbEntity
  8
0
100
AcDbLine
 10
393.567
 20
-627.13
 30
0.0
 11
394.719
 21
-628.145
 31
0.0
  0
LINE
  5
171
330
17
100
AcDbEntity
  8
0
100
AcDbLine
 10
392.553
 20
-625.978
 30
0.0
 11
393.567
 21
-627.13
 31
0.0
  0
LINE
  5
172
330
17
100
AcDbEntity
  8
0
100
AcDbLine
 10
391.691
 20
-624.702
 30
0.0
 11
392.553
 21
-625.978
 31
0.0
  0
LINE
  5
173
330
17
100
AcDbEntity
  8
0
100
AcDbLine
 10
390.995
 20
-623.316
 30
0.0
 11
391.691
 21
-624.702
 31
0.0
  0
LINE
  5
174
330
17
100
AcDbEntity
  8
0
100
AcDbLine
 10
390.481
 20
-621.835
 30
0.0
 11
390.995
 21
-623.316
 31
0.0
  0
LINE
  5
175
330
17
100
AcDbEntity
  8
0
100
AcDbLine
 10
390.162
 20
-620.273
 30
0.0
 11
390.481
 21
-621.835
 31
0.0
  0
LINE
  5
176
330
17
100
AcDbEntity
  8
0
100
AcDbLine
 10
390.052
 20
-618.645
 30
0.0
 11
390.162
 21
-620.273
 31
0.0
  0
LINE
  5
177
330
17
100
AcDbEntity
  8
0
100
AcDbLine
 10
390.052
 20
-541.553
 30
0.0
 11
390.052
 21
-572.54
 31
0.0
  0
LINE
  5
178
330
17
100
AcDbEntity
  8
0
100
AcDbLine
 10
390.052
 20
-576.177
 30
0.0
 11
390.052
 21
-618.645
 31
0.0
  0
LINE
  5
179
330
17
100
AcDbEntity
  8
0
100
AcDbLine
 10
390.107
 20
-540.738
 30
0.0
 11
390.052
 21
-541.553
 31
0.0
  0
LINE
  5
17A
330
17
100
AcDbEntity
  8
0
100
AcDbLine
 10
390.267
 20
-539.957
 30
0.0
 11
390.107
 21
-540.738
 31
0.0
  0
LINE
  5
17B
330
17
100
AcDbEntity
  8
0
100
AcDbLine
 10
390.524
 20
-539.217
 30
0.0
 11
390.267
 21
-539.957
 31
0.0
  0
LINE
  5
17C
330
17
100
AcDbEntity
  8
0
100
AcDbLine
 10
390.871
 20
-538.524
 30
0.0
 11
390.524
 21
-539.217
 31
0.0
  0
LINE
  5
17D
330
17
100
AcDbEntity
  8
0
100
AcDbLine
 10
391.302
 20
-537.886
 30
0.0
 11
390.871
 21
-538.524
 31
0.0
  0
LINE
  5
17E
330
17
100
AcDbEntity
  8
0
100
AcDbLine
 10
391.81
 20
-537.31
 30
0.0
 11
391.302
 21
-537.886
 31
0.0
  0
LINE
  5
17F
330
17
100
AcDbEntity
  8
0
100
AcDbLine
 10
392.386
 20
-536.803
 30
0.0
 11
391.81
 21
-537.31
 31
0.0
  0
LINE
  5
180
330
17
100
AcDbEntity
  8
0
100
AcDbLine
 10
393.024
 20
-536.372
 30
0.0
 11
392.386
 21
-536.803
 31
0.0
  0
LINE
  5
181
330
17
100
AcDbEntity
  8
0
100
AcDbLine
 10
393.717
 20
-536.024
 30
0.0
 11
393.024
 21
-536.372
 31
0.0
  0
LINE
  5
182
330
17
100
AcDbEntity
  8
0
100
AcDbLine
 10
394.457
 20
-535.767
 30
0.0
 11
393.717
 21
-536.024
 31
0.0
  0
LINE
  5
183
330
17
100
AcDbEntity
  8
0
100
AcDbLine
 10
395.238
 20
-535.607
 30
0.0
 11
394.457
 21
-535.767
 31
0.0
  0
LINE
  5
184
330
17
100
AcDbEntity
  8
0
100
AcDbLine
 10
396.052
 20
-535.553
 30
0.0
 11
395.238
 21
-535.607
 31
0.0
  0
LINE
  5
185
330
17
100
AcDbEntity
  8
0
100
AcDbLine
 10
421.556
 20
-605.733
 30
0.0
 11
421.556
 21
-607.683
 31
0.0
  0
LINE
  5
186
330
17
100
AcDbEntity
  8
0
100
AcDbLine
 10
420.887
 20
-596.506
 30
0.0
 11
421.556
 21
-605.733
 31
0.0
  0
LINE
  5
187
330
17
100
AcDbEntity
  8
0
100
AcDbLine
 10
420.224
 20
-595.271
 30
0.0
 11
420.887
 21
-596.506
 31
0.0
  0
LINE
  5
188
330
17
100
AcDbEntity
  8
0
100
AcDbLine
 10
418.805
 20
-595.053
 30
0.0
 11
420.224
 21
-595.271
 31
0.0
  0
LINE
  5
189
330
17
100
AcDbEntity
  8
0
100
AcDbLine
 10
408.344
 20
-595.754
 30
0.0
 11
418.805
 21
-595.053
 31
0.0
  0
LINE
  5
18A
330
17
100
AcDbEntity
  8
0
100
AcDbLine
 10
397.883
 20
-595.053
 30
0.0
 11
408.344
 21
-595.754
 31
0.0
  0
LINE
  5
18B
330
17
100
AcDbEntity
  8
0
100
AcDbLine
 10
396.464
 20
-595.271
 30
0.0
 11
397.883
 21
-595.053
 31
0.0
  0
LINE
  5
18C
330
17
100
AcDbEntity
  8
0
100
AcDbLine
 10
395.801
 20
-596.506
 30
0.0
 11
396.464
 21
-595.271
 31
0.0
  0
LINE
  5
18D
330
17
100
AcDbEntity
  8
0
100
AcDbLine
 10
395.132
 20
-605.733
 30
0.0
 11
395.801
 21
-596.506
 31
0.0
  0
LINE
  5
18E
330
17
100
AcDbEntity
  8
0
100
AcDbLine
 10
395.132
 20
-607.683
 30
0.0
 11
395.132
 21
-605.733
 31
0.0
  0
LINE
  5
18F
330
17
100
AcDbEntity
  8
0
100
AcDbLine
 10
396.47
 20
-608.527
 30
0.0
 11
395.132
 21
-607.683
 31
0.0
  0
LINE
  5
190
330
17
100
AcDbEntity
  8
0
100
AcDbLine
 10
408.344
 20
-609.517
 30
0.0
 11
396.47
 21
-608.527
 31
0.0
  0
LINE
  5
191
330
17
100
AcDbEntity
  8
0
100
AcDbLine
 10
420.218
 20
-608.527
 30
0.0
 11
408.344
 21
-609.517
 31
0.0
  0
LINE
  5
192
330
17
100
AcDbEntity
  8
0
100
AcDbLine
 10
421.556
 20
-607.683
 30
0.0
 11
420.218
 21
-608.527
 31
0.0
  0
LINE
  5
193
330
17
100
AcDbEntity
  8
0
100
AcDbLine
 10
397.059
 20
-581.223
 30
0.0
 11
397.441
 21
-575.11
 31
0.0
  0
LINE
  5
194
330
17
100
AcDbEntity
  8
0
100
AcDbLine
 10
397.67
 20
-571.439
 30
0.0
 11
398.205
 21
-562.884
 31
0.0
  0
LINE
  5
195
330
17
100
AcDbEntity
  8
0
100
AcDbLine
 10
395.829
 20
-593.56
 30
0.0
 11
397.059
 21
-581.223
 31
0.0
  0
LINE
  5
196
330
17
100
AcDbEntity
  8
0
100
AcDbLine
 10
400.091
 20
-594.248
 30
0.0
 11
395.829
 21
-593.56
 31
0.0
  0
LINE
  5
197
330
17
100
AcDbEntity
  8
0
100
AcDbLine
 10
416.598
 20
-594.248
 30
0.0
 11
400.091
 21
-594.248
 31
0.0
  0
LINE
  5
198
330
17
100
AcDbEntity
  8
0
100
AcDbLine
 10
420.859
 20
-593.56
 30
0.0
 11
416.598
 21
-594.248
 31
0.0
  0
LINE
  5
199
330
17
100
AcDbEntity
  8
0
100
AcDbLine
 10
419.629
 20
-581.223
 30
0.0
 11
420.859
 21
-593.56
 31
0.0
  0
LINE
  5
19A
330
17
100
AcDbEntity
  8
0
100
AcDbLine
 10
418.483
 20
-562.884
 30
0.0
 11
418.827
 21
-568.383
 31
0.0
  0
LINE
  5
19B
330
17
100
AcDbEntity
  8
0
100
AcDbLine
 10
419.052
 20
-571.988
 30
0.0
 11
419.629
 21
-581.223
 31
0.0
  0
LINE
  5
19C
330
17
100
AcDbEntity
  8
0
100
AcDbLine
 10
418.483
 20
-546.103
 30
0.0
 11
418.483
 21
-562.884
 31
0.0
  0
LINE
  5
19D
330
17
100
AcDbEntity
  8
0
100
AcDbLine
 10
398.205
 20
-546.103
 30
0.0
 11
418.483
 21
-546.103
 31
0.0
  0
LINE
  5
19E
330
17
100
AcDbEntity
  8
0
100
AcDbLine
 10
398.205
 20
-562.884
 30
0.0
 11
398.205
 21
-546.103
 31
0.0
  0
LINE
  5
19F
330
17
100
AcDbEntity
  8
0
100
AcDbLine
 10
395.38
 20
-543.492
 30
0.0
 11
396.874
 21
-544.986
 31
0.0
  0
LINE
  5
1A0
330
17
100
AcDbEntity
  8
0
100
AcDbLine
 10
394.657
 20
-541.37
 30
0.0
 11
395.38
 21
-543.492
 31
0.0
  0
LINE
  5
1A1
330
17
100
AcDbEntity
  8
0
100
AcDbLine
 10
396.536
 20
-540.73
 30
0.0
 11
394.657
 21
-541.37
 31
0.0
  0
LINE
  5
1A2
330
17
100
AcDbEntity
  8
0
100
AcDbLine
 10
419.76
 20
-540.73
 30
0.0
 11
396.536
 21
-540.73
 31
0.0
  0
LINE
  5
1A3
330
17
100
AcDbEntity
  8
0
100
AcDbLine
 10
422.031
 20
-541.37
 30
0.0
 11
420.484
 21
-540.843
 31
0.0
  0
LINE
  5
1A4
330
17
100
AcDbEntity
  8
0
100
AcDbLine
 10
421.308
 20
-543.492
 30
0.0
 11
422.031
 21
-541.37
 31
0.0
  0
LINE
  5
1A5
330
17
100
AcDbEntity
  8
0
100
AcDbLine
 10
419.814
 20
-544.986
 30
0.0
 11
420.304
 21
-544.496
 31
0.0
  0
LINE
  5
1A6
330
17
100
AcDbEntity
  8
0
100
AcDbLine
 10
420.922
 20
-543.878
 30
0.0
 11
421.308
 21
-543.492
 31
0.0
  0
LINE
  5
1A7
330
17
100
AcDbEntity
  8
0
100
AcDbLine
 10
396.874
 20
-544.986
 30
0.0
 11
419.814
 21
-544.986
 31
0.0
  0
LINE
  5
1A8
330
17
100
AcDbEntity
  8
0
100
AcDbLine
 10
432.168
 20
-475.505
 30
0.0
 11
437.609
 21
-460.26
 31
0.0
  0
LINE
  5
1A9
330
17
100
AcDbEntity
  8
0
100
AcDbLine
 10
447.807
 20
-474.014
 30
0.0
 11
432.168
 21
-475.505
 31
0.0
  0
LINE
  5
1AA
330
17
100
AcDbEntity
  8
0
100
AcDbLine
 10
437.609
 20
-460.26
 30
0.0
 11
447.807
 21
-474.014
 31
0.0
  0
LINE
  5
1AB
330
17
100
AcDbEntity
  8
0
100
AcDbLine
 10
384.281
 20
-619.12
 30
0.0
 11
394.422
 21
-631.649
 31
0.0
  0
LINE
  5
1AC
330
17
100
AcDbEntity
  8
0
100
AcDbLine
 10
375.975
 20
-605.731
 30
0.0
 11
384.281
 21
-619.12
 31
0.0
  0
LINE
  5
1AD
330
17
100
AcDbEntity
  8
0
100
AcDbLine
 10
369.504
 20
-591.654
 30
0.0
 11
375.975
 21
-605.731
 31
0.0
  0
LINE
  5
1AE
330
17
100
AcDbEntity
  8
0
100
AcDbLine
 10
365.705
 20
-579.694
 30
0.0
 11
369.504
 21
-591.654
 31
0.0
  0
LINE
  5
1AF
330
17
100
AcDbEntity
  8
0
100
AcDbLine
 10
362.069
 20
-562.117
 30
0.0
 11
364.707
 21
-576.201
 31
0.0
  0
LINE
  5
1B0
330
17
100
AcDbEntity
  8
0
100
AcDbLine
 10
361.107
 20
-546.999
 30
0.0
 11
362.069
 21
-562.117
 31
0.0
  0
LINE
  5
1B1
330
17
100
AcDbEntity
  8
0
100
AcDbLine
 10
361.981
 20
-531.876
 30
0.0
 11
361.107
 21
-546.999
 31
0.0
  0
LINE
  5
1B2
330
17
100
AcDbEntity
  8
0
100
AcDbLine
 10
364.694
 20
-516.918
 30
0.0
 11
361.981
 21
-531.876
 31
0.0
  0
LINE
  5
1B3
330
17
100
AcDbEntity
  8
0
100
AcDbLine
 10
369.244
 20
-502.296
 30
0.0
 11
364.694
 21
-516.918
 31
0.0
  0
LINE
  5
1B4
330
17
100
AcDbEntity
  8
0
100
AcDbLine
 10
375.634
 20
-488.182
 30
0.0
 11
369.244
 21
-502.296
 31
0.0
  0
LINE
  5
1B5
330
17
100
AcDbEntity
  8
0
100
AcDbLine
 10
383.862
 20
-474.745
 30
0.0
 11
375.634
 21
-488.182
 31
0.0
  0
LINE
  5
1B6
330
17
100
AcDbEntity
  8
0
100
AcDbLine
 10
393.931
 20
-462.157
 30
0.0
 11
383.862
 21
-474.745
 31
0.0
  0
LINE
  5
1B7
330
17
100
AcDbEntity
  8
0
100
AcDbLine
 10
406.243
 20
-450.299
 30
0.0
 11
393.931
 21
-462.157
 31
0.0
  0
LINE
  5
1B8
330
17
100
AcDbEntity
  8
0
100
AcDbLine
 10
419.713
 20
-440.432
 30
0.0
 11
406.243
 21
-450.299
 31
0.0
  0
LINE
  5
1B9
330
17
100
AcDbEntity
  8
0
100
AcDbLine
 10
434.127
 20
-432.567
 30
0.0
 11
419.713
 21
-440.432
 31
0.0
  0
LINE
  5
1BA
330
17
100
AcDbEntity
  8
0
100
AcDbLine
 10
449.275
 20
-426.714
 30
0.0
 11
434.127
 21
-432.567
 31
0.0
  0
LINE
  5
1BB
330
17
100
AcDbEntity
  8
0
100
AcDbLine
 10
464.945
 20
-422.884
 30
0.0
 11
449.275
 21
-426.714
 31
0.0
  0
LINE
  5
1BC
330
17
100
AcDbEntity
  8
0
100
AcDbLine
 10
480.926
 20
-421.086
 30
0.0
 11
464.945
 21
-422.884
 31
0.0
  0
LINE
  5
1BD
330
17
100
AcDbEntity
  8
0
100
AcDbLine
 10
497.005
 20
-421.331
 30
0.0
 11
480.926
 21
-421.086
 31
0.0
  0
LINE
  5
1BE
330
17
100
AcDbEntity
  8
0
100
AcDbLine
 10
512.972
 20
-423.629
 30
0.0
 11
497.005
 21
-421.331
 31
0.0
  0
LINE
  5
1BF
330
17
100
AcDbEntity
  8
0
100
AcDbLine
 10
528.615
 20
-427.991
 30
0.0
 11
512.972
 21
-423.629
 31
0.0
  0
LINE
  5
1C0
330
17
100
AcDbEntity
  8
0
100
AcDbLine
 10
543.722
 20
-434.426
 30
0.0
 11
528.615
 21
-427.991
 31
0.0
  0
LINE
  5
1C1
330
17
100
AcDbEntity
  8
0
100
AcDbLine
 10
558.081
 20
-442.946
 30
0.0
 11
543.722
 21
-434.426
 31
0.0
  0
LINE
  5
1C2
330
17
100
AcDbEntity
  8
0
100
AcDbLine
 10
571.482
 20
-453.559
 30
0.0
 11
558.081
 21
-442.946
 31
0.0
  0
LINE
  5
1C3
330
17
100
AcDbEntity
  8
0
100
AcDbLine
 10
450.358
 20
-464.6
 30
0.0
 11
443.424
 21
-468.103
 31
0.0
  0
LINE
  5
1C4
330
17
100
AcDbEntity
  8
0
100
AcDbLine
 10
457.398
 20
-461.723
 30
0.0
 11
450.358
 21
-464.6
 31
0.0
  0
LINE
  5
1C5
330
17
100
AcDbEntity
  8
0
100
AcDbLine
 10
464.524
 20
-459.47
 30
0.0
 11
457.398
 21
-461.723
 31
0.0
  0
LINE
  5
1C6
330
17
100
AcDbEntity
  8
0
100
AcDbLine
 10
471.717
 20
-457.843
 30
0.0
 11
464.524
 21
-459.47
 31
0.0
  0
LINE
  5
1C7
330
17
100
AcDbEntity
  8
0
100
AcDbLine
 10
478.955
 20
-456.841
 30
0.0
 11
471.717
 21
-457.843
 31
0.0
  0
LINE
  5
1C8
330
17
100
AcDbEntity
  8
0
100
AcDbLine
 10
486.218
 20
-456.465
 30
0.0
 11
478.955
 21
-456.841
 31
0.0
  0
LINE
  5
1C9
330
17
100
AcDbEntity
  8
0
100
AcDbLine
 10
493.488
 20
-456.714
 30
0.0
 11
486.218
 21
-456.465
 31
0.0
  0
LINE
  5
1CA
330
17
100
AcDbEntity
  8
0
100
AcDbLine
 10
500.742
 20
-457.59
 30
0.0
 11
493.488
 21
-456.714
 31
0.0
  0
LINE
  5
1CB
330
17
100
AcDbEntity
  8
0
100
AcDbLine
 10
507.962
 20
-459.091
 30
0.0
 11
500.742
 21
-457.59
 31
0.0
  0
LINE
  5
1CC
330
17
100
AcDbEntity
  8
0
100
AcDbLine
 10
515.126
 20
-461.219
 30
0.0
 11
507.962
 21
-459.091
 31
0.0
  0
LINE
  5
1CD
330
17
100
AcDbEntity
  8
0
100
AcDbLine
 10
522.216
 20
-463.973
 30
0.0
 11
515.126
 21
-461.219
 31
0.0
  0
LINE
  5
1CE
330
17
100
AcDbEntity
  8
0
100
AcDbLine
 10
529.21
 20
-467.354
 30
0.0
 11
522.216
 21
-463.973
 31
0.0
  0
LINE
  5
1CF
330
17
100
AcDbEntity
  8
0
100
AcDbLine
 10
571.482
 20
-421.477
 30
0.0
 11
486.571
 21
-421.477
 31
0.0
  0
LINE
  5
1D0
330
17
100
AcDbEntity
  8
0
100
AcDbLine
 10
571.482
 20
-490.026
 30
0.0
 11
571.482
 21
-421.477
 31
0.0
  0
LINE
  5
1D1
330
17
100
AcDbEntity
  8
0
100
AcDbLine
 10
486.571
 20
-490.026
 30
0.0
 11
571.482
 21
-490.026
 31
0.0
  0
LINE
  5
1D2
330
17
100
AcDbEntity
  8
0
100
AcDbLine
 10
391.918
 20
-581.654
 30
0.0
 11
395.23
 21
-580.564
 31
0.0
  0
LINE
  5
1D3
330
17
100
AcDbEntity
  8
0
100
AcDbLine
 10
390.052
 20
-581.654
 30
0.0
 11
391.918
 21
-581.654
 31
0.0
  0
LINE
  5
1D4
330
17
100
AcDbEntity
  8
0
100
AcDbLine
 10
424.423
 20
-561.025
 30
0.0
 11
426.636
 21
-560.502
 31
0.0
  0
LINE
  5
1D5
330
17
100
AcDbEntity
  8
0
100
AcDbLine
 10
421.458
 20
-564.862
 30
0.0
 11
422.965
 21
-562.913
 31
0.0
  0
LINE
  5
1D6
330
17
100
AcDbEntity
  8
0
100
AcDbLine
 10
423.561
 20
-562.142
 30
0.0
 11
424.423
 21
-561.025
 31
0.0
  0
LINE
  5
1D7
330
17
100
AcDbEntity
  8
0
100
AcDbLine
 10
421.458
 20
-580.564
 30
0.0
 11
421.458
 21
-571.641
 31
0.0
  0
LINE
  5
1D8
330
17
100
AcDbEntity
  8
0
100
AcDbLine
 10
421.458
 20
-568.003
 30
0.0
 11
421.458
 21
-564.862
 31
0.0
  0
LINE
  5
1D9
330
17
100
AcDbEntity
  8
0
100
AcDbLine
 10
361.311
 20
-631.649
 30
0.0
 11
361.311
 21
-580.329
 31
0.0
  0
LINE
  5
1DA
330
17
100
AcDbEntity
  8
0
100
AcDbLine
 10
361.311
 20
-576.691
 30
0.0
 11
361.311
 21
-546.738
 31
0.0
  0
LINE
  5
1DB
330
17
100
AcDbEntity
  8
0
100
AcDbLine
 10
429.86
 20
-631.649
 30
0.0
 11
361.311
 21
-631.649
 31
0.0
  0
LINE
  5
1DC
330
17
100
AcDbEntity
  8
0
100
AcDbLine
 10
429.86
 20
-546.738
 30
0.0
 11
429.86
 21
-566.79
 31
0.0
  0
LINE
  5
1DD
330
17
100
AcDbEntity
  8
0
100
AcDbLine
 10
429.86
 20
-570.427
 30
0.0
 11
429.86
 21
-631.649
 31
0.0
  0
LINE
  5
1DE
330
17
100
AcDbEntity
  8
0
100
AcDbLine
 10
429.862
 20
-546.047
 30
0.0
 11
429.86
 21
-546.738
 31
0.0
  0
LINE
  5
1DF
330
17
100
AcDbEntity
  8
0
100
AcDbLine
 10
429.871
 20
-545.372
 30
0.0
 11
429.862
 21
-546.047
 31
0.0
  0
LINE
  5
1E0
330
17
100
AcDbEntity
  8
0
100
AcDbLine
 10
429.888
 20
-544.708
 30
0.0
 11
429.871
 21
-545.372
 31
0.0
  0
LINE
  5
1E1
330
17
100
AcDbEntity
  8
0
100
AcDbLine
 10
429.912
 20
-544.054
 30
0.0
 11
429.888
 21
-544.708
 31
0.0
  0
LINE
  5
1E2
330
17
100
AcDbEntity
  8
0
100
AcDbLine
 10
429.944
 20
-543.406
 30
0.0
 11
429.912
 21
-544.054
 31
0.0
  0
LINE
  5
1E3
330
17
100
AcDbEntity
  8
0
100
AcDbLine
 10
429.983
 20
-542.762
 30
0.0
 11
429.944
 21
-543.406
 31
0.0
  0
LINE
  5
1E4
330
17
100
AcDbEntity
  8
0
100
AcDbLine
 10
430.031
 20
-542.119
 30
0.0
 11
429.983
 21
-542.762
 31
0.0
  0
LINE
  5
1E5
330
17
100
AcDbEntity
  8
0
100
AcDbLine
 10
430.087
 20
-541.472
 30
0.0
 11
430.031
 21
-542.119
 31
0.0
  0
LINE
  5
1E6
330
17
100
AcDbEntity
  8
0
100
AcDbLine
 10
430.152
 20
-540.821
 30
0.0
 11
430.087
 21
-541.472
 31
0.0
  0
LINE
  5
1E7
330
17
100
AcDbEntity
  8
0
100
AcDbLine
 10
430.225
 20
-540.162
 30
0.0
 11
430.152
 21
-540.821
 31
0.0
  0
LINE
  5
1E8
330
17
100
AcDbEntity
  8
0
100
AcDbLine
 10
430.307
 20
-539.491
 30
0.0
 11
430.225
 21
-540.162
 31
0.0
  0
LINE
  5
1E9
330
17
100
AcDbEntity
  8
0
100
AcDbLine
 10
430.398
 20
-538.806
 30
0.0
 11
430.307
 21
-539.491
 31
0.0
  0
LINE
  5
1EA
330
17
100
AcDbEntity
  8
0
100
AcDbLine
 10
431.977
 20
-531.196
 30
0.0
 11
430.398
 21
-538.806
 31
0.0
  0
LINE
  5
1EB
330
17
100
AcDbEntity
  8
0
100
AcDbLine
 10
434.501
 20
-524.037
 30
0.0
 11
431.977
 21
-531.196
 31
0.0
  0
LINE
  5
1EC
330
17
100
AcDbEntity
  8
0
100
AcDbLine
 10
437.894
 20
-517.387
 30
0.0
 11
434.501
 21
-524.037
 31
0.0
  0
LINE
  5
1ED
330
17
100
AcDbEntity
  8
0
100
AcDbLine
 10
442.078
 20
-511.304
 30
0.0
 11
437.894
 21
-517.387
 31
0.0
  0
LINE
  5
1EE
330
17
100
AcDbEntity
  8
0
100
AcDbLine
 10
446.976
 20
-505.846
 30
0.0
 11
442.078
 21
-511.304
 31
0.0
  0
LINE
  5
1EF
330
17
100
AcDbEntity
  8
0
100
AcDbLine
 10
452.513
 20
-501.071
 30
0.0
 11
446.976
 21
-505.846
 31
0.0
  0
LINE
  5
1F0
330
17
100
AcDbEntity
  8
0
100
AcDbLine
 10
458.611
 20
-497.038
 30
0.0
 11
452.513
 21
-501.071
 31
0.0
  0
LINE
  5
1F1
330
17
100
AcDbEntity
  8
0
100
AcDbLine
 10
465.194
 20
-493.804
 30
0.0
 11
458.611
 21
-497.038
 31
0.0
  0
LINE
  5
1F2
330
17
100
AcDbEntity
  8
0
100
AcDbLine
 10
472.184
 20
-491.428
 30
0.0
 11
465.194
 21
-493.804
 31
0.0
  0
LINE
  5
1F3
330
17
100
AcDbEntity
  8
0
100
AcDbLine
 10
479.505
 20
-489.968
 30
0.0
 11
472.184
 21
-491.428
 31
0.0
  0
LINE
  5
1F4
330
17
100
AcDbEntity
  8
0
100
AcDbLine
 10
487.081
 20
-489.481
 30
0.0
 11
479.505
 21
-489.968
 31
0.0
  0
LINE
  5
1F5
330
17
100
AcDbEntity
  8
0
100
AcDbLine
 10
494.834
 20
-490.026
 30
0.0
 11
487.081
 21
-489.481
 31
0.0
  0
LINE
  5
1F6
330
17
100
AcDbEntity
  8
0
100
AcDbLine
 10
387.103
 20
-598.446
 30
0.0
 11
390.052
 21
-598.886
 31
0.0
  0
LINE
  5
1F7
330
17
100
AcDbEntity
  8
0
100
AcDbLine
 10
387.405
 20
-600.122
 30
0.0
 11
387.103
 21
-598.446
 31
0.0
  0
LINE
  5
1F8
330
17
100
AcDbEntity
  8
0
100
AcDbLine
 10
390.052
 20
-602.056
 30
0.0
 11
387.405
 21
-600.122
 31
0.0
  0
LINE
  5
1F9
330
17
100
AcDbEntity
  8
0
100
AcDbLine
 10
392.31
 20
-602.056
 30
0.0
 11
390.052
 21
-602.056
 31
0.0
  0
LINE
  5
1FA
330
17
100
AcDbEntity
  8
0
100
AcDbLine
 10
393.749
 20
-600.618
 30
0.0
 11
392.31
 21
-602.056
 31
0.0
  0
LINE
  5
1FB
330
17
100
AcDbEntity
  8
0
100
AcDbLine
 10
395.23
 20
-580.564
 30
0.0
 11
393.749
 21
-600.618
 31
0.0
  0
LINE
  5
1FC
330
17
100
AcDbEntity
  8
0
100
AcDbLine
 10
395.23
 20
-564.862
 30
0.0
 11
395.23
 21
-571.792
 31
0.0
  0
LINE
  5
1FD
330
17
100
AcDbEntity
  8
0
100
AcDbLine
 10
395.23
 20
-575.429
 30
0.0
 11
395.23
 21
-580.564
 31
0.0
  0
LINE
  5
1FE
330
17
100
AcDbEntity
  8
0
100
AcDbLine
 10
392.265
 20
-561.025
 30
0.0
 11
395.23
 21
-564.862
 31
0.0
  0
LINE
  5
1FF
330
17
100
AcDbEntity
  8
0
100
AcDbLine
 10
390.052
 20
-560.502
 30
0.0
 11
392.265
 21
-561.025
 31
0.0
  0
LINE
  5
200
330
17
100
AcDbEntity
  8
0
100
AcDbLine
 10
424.77
 20
-581.654
 30
0.0
 11
426.636
 21
-581.654
 31
0.0
  0
LINE
  5
201
330
17
100
AcDbEntity
  8
0
100
AcDbLine
 10
421.458
 20
-580.564
 30
0.0
 11
424.77
 21
-581.654
 31
0.0
  0
LINE
  5
202
330
17
100
AcDbEntity
  8
0
100
AcDbLine
 10
422.939
 20
-600.618
 30
0.0
 11
421.458
 21
-580.564
 31
0.0
  0
LINE
  5
203
330
17
100
AcDbEntity
  8
0
100
AcDbLine
 10
424.378
 20
-602.056
 30
0.0
 11
422.939
 21
-600.618
 31
0.0
  0
LINE
  5
204
330
17
100
AcDbEntity
  8
0
100
AcDbLine
 10
426.636
 20
-602.056
 30
0.0
 11
424.378
 21
-602.056
 31
0.0
  0
LINE
  5
205
330
17
100
AcDbEntity
  8
0
100
AcDbLine
 10
429.283
 20
-600.122
 30
0.0
 11
426.636
 21
-602.056
 31
0.0
  0
LINE
  5
206
330
17
100
AcDbEntity
  8
0
100
AcDbLine
 10
429.585
 20
-598.446
 30
0.0
 11
429.283
 21
-600.122
 31
0.0
  0
LINE
  5
207
330
17
100
AcDbEntity
  8
0
100
AcDbLine
 10
426.636
 20
-598.886
 30
0.0
 11
429.585
 21
-598.446
 31
0.0
  0
LINE
  5
208
330
17
100
AcDbEntity
  8
0
100
AcDbLine
 10
421.96
 20
-622.693
 30
0.0
 11
417.692
 21
-627.762
 31
0.0
  0
LINE
  5
209
330
17
100
AcDbEntity
  8
0
100
AcDbLine
 10
423.695
 20
-619.268
 30
0.0
 11
421.96
 21
-622.693
 31
0.0
  0
LINE
  5
20A
330
17
100
AcDbEntity
  8
0
100
AcDbLine
 10
423.695
 20
-616.171
 30
0.0
 11
423.695
 21
-619.268
 31
0.0
  0
LINE
  5
20B
330
17
100
AcDbEntity
  8
0
100
AcDbLine
 10
424.774
 20
-616.171
 30
0.0
 11
423.695
 21
-616.171
 31
0.0
  0
LINE
  5
20C
330
17
100
AcDbEntity
  8
0
100
AcDbLine
 10
424.774
 20
-621.239
 30
0.0
 11
424.774
 21
-616.171
 31
0.0
  0
LINE
  5
20D
330
17
100
AcDbEntity
  8
0
100
AcDbLine
 10
421.773
 20
-625.321
 30
0.0
 11
424.774
 21
-621.239
 31
0.0
  0
LINE
  5
20E
330
17
100
AcDbEntity
  8
0
100
AcDbLine
 10
417.692
 20
-627.762
 30
0.0
 11
421.773
 21
-625.321
 31
0.0
  0
LINE
  5
20F
330
17
100
AcDbEntity
  8
0
100
AcDbLine
 10
398.996
 20
-627.762
 30
0.0
 11
417.692
 21
-627.762
 31
0.0
  0
LINE
  5
210
330
17
100
AcDbEntity
  8
0
100
AcDbLine
 10
394.915
 20
-625.321
 30
0.0
 11
398.996
 21
-627.762
 31
0.0
  0
LINE
  5
211
330
17
100
AcDbEntity
  8
0
100
AcDbLine
 10
391.914
 20
-621.239
 30
0.0
 11
394.915
 21
-625.321
 31
0.0
  0
LINE
  5
212
330
17
100
AcDbEntity
  8
0
100
AcDbLine
 10
391.914
 20
-616.171
 30
0.0
 11
391.914
 21
-621.239
 31
0.0
  0
LINE
  5
213
330
17
100
AcDbEntity
  8
0
100
AcDbLine
 10
392.993
 20
-616.171
 30
0.0
 11
391.914
 21
-616.171
 31
0.0
  0
LINE
  5
214
330
17
100
AcDbEntity
  8
0
100
AcDbLine
 10
392.993
 20
-619.268
 30
0.0
 11
392.993
 21
-616.171
 31
0.0
  0
LINE
  5
215
330
17
100
AcDbEntity
  8
0
100
AcDbLine
 10
394.728
 20
-622.693
 30
0.0
 11
392.993
 21
-619.268
 31
0.0
  0
LINE
  5
216
330
17
100
AcDbEntity
  8
0
100
AcDbLine
 10
398.996
 20
-627.762
 30
0.0
 11
394.728
 21
-622.693
 31
0.0
  0
LINE
  5
217
330
17
100
AcDbEntity
  8
0
100
AcDbLine
 10
313.944
 20
-490.125
 30
0.0
 11
313.944
 21
-465.542
 31
0.0
  0
LINE
  5
218
330
17
100
AcDbEntity
  8
0
100
AcDbLine
 10
313.889
 20
-490.94
 30
0.0
 11
313.944
 21
-490.125
 31
0.0
  0
LINE
  5
219
330
17
100
AcDbEntity
  8
0
100
AcDbLine
 10
313.729
 20
-491.72
 30
0.0
 11
313.889
 21
-490.94
 31
0.0
  0
LINE
  5
21A
330
17
100
AcDbEntity
  8
0
100
AcDbLine
 10
313.472
 20
-492.461
 30
0.0
 11
313.729
 21
-491.72
 31
0.0
  0
LINE
  5
21B
330
17
100
AcDbEntity
  8
0
100
AcDbLine
 10
313.124
 20
-493.154
 30
0.0
 11
313.472
 21
-492.461
 31
0.0
  0
LINE
  5
21C
330
17
100
AcDbEntity
  8
0
100
AcDbLine
 10
312.693
 20
-493.792
 30
0.0
 11
313.124
 21
-493.154
 31
0.0
  0
LINE
  5
21D
330
17
100
AcDbEntity
  8
0
100
AcDbLine
 10
312.186
 20
-494.368
 30
0.0
 11
312.693
 21
-493.792
 31
0.0
  0
LINE
  5
21E
330
17
100
AcDbEntity
  8
0
100
AcDbLine
 10
311.61
 20
-494.875
 30
0.0
 11
312.186
 21
-494.368
 31
0.0
  0
LINE
  5
21F
330
17
100
AcDbEntity
  8
0
100
AcDbLine
 10
310.972
 20
-495.306
 30
0.0
 11
311.61
 21
-494.875
 31
0.0
  0
LINE
  5
220
330
17
100
AcDbEntity
  8
0
100
AcDbLine
 10
310.279
 20
-495.654
 30
0.0
 11
310.972
 21
-495.306
 31
0.0
  0
LINE
  5
221
330
17
100
AcDbEntity
  8
0
100
AcDbLine
 10
309.539
 20
-495.911
 30
0.0
 11
310.279
 21
-495.654
 31
0.0
  0
LINE
  5
222
330
17
100
AcDbEntity
  8
0
100
AcDbLine
 10
308.758
 20
-496.071
 30
0.0
 11
309.539
 21
-495.911
 31
0.0
  0
LINE
  5
223
330
17
100
AcDbEntity
  8
0
100
AcDbLine
 10
307.944
 20
-496.125
 30
0.0
 11
308.758
 21
-496.071
 31
0.0
  0
LINE
  5
224
330
17
100
AcDbEntity
  8
0
100
AcDbLine
 10
230.851
 20
-496.125
 30
0.0
 11
307.944
 21
-496.125
 31
0.0
  0
LINE
  5
225
330
17
100
AcDbEntity
  8
0
100
AcDbLine
 10
229.223
 20
-496.016
 30
0.0
 11
230.851
 21
-496.125
 31
0.0
  0
LINE
  5
226
330
17
100
AcDbEntity
  8
0
100
AcDbLine
 10
227.661
 20
-495.697
 30
0.0
 11
229.223
 21
-496.016
 31
0.0
  0
LINE
  5
227
330
17
100
AcDbEntity
  8
0
100
AcDbLine
 10
226.18
 20
-495.182
 30
0.0
 11
227.661
 21
-495.697
 31
0.0
  0
LINE
  5
228
330
17
100
AcDbEntity
  8
0
100
AcDbLine
 10
224.794
 20
-494.487
 30
0.0
 11
226.18
 21
-495.182
 31
0.0
  0
LINE
  5
229
330
17
100
AcDbEntity
  8
0
100
AcDbLine
 10
223.518
 20
-493.625
 30
0.0
 11
224.794
 21
-494.487
 31
0.0
  0
LINE
  5
22A
330
17
100
AcDbEntity
  8
0
100
AcDbLine
 10
222.366
 20
-492.611
 30
0.0
 11
223.518
 21
-493.625
 31
0.0
  0
LINE
  5
22B
330
17
100
AcDbEntity
  8
0
100
AcDbLine
 10
221.351
 20
-491.458
 30
0.0
 11
222.366
 21
-492.611
 31
0.0
  0
LINE
  5
22C
330
17
100
AcDbEntity
  8
0
100
AcDbLine
 10
220.489
 20
-490.182
 30
0.0
 11
221.351
 21
-491.458
 31
0.0
  0
LINE
  5
22D
330
17
100
AcDbEntity
  8
0
100
AcDbLine
 10
219.794
 20
-488.796
 30
0.0
 11
220.489
 21
-490.182
 31
0.0
  0
LINE
  5
22E
330
17
100
AcDbEntity
  8
0
100
AcDbLine
 10
219.28
 20
-487.315
 30
0.0
 11
219.794
 21
-488.796
 31
0.0
  0
LINE
  5
22F
330
17
100
AcDbEntity
  8
0
100
AcDbLine
 10
218.961
 20
-485.754
 30
0.0
 11
219.28
 21
-487.315
 31
0.0
  0
LINE
  5
230
330
17
100
AcDbEntity
  8
0
100
AcDbLine
 10
218.851
 20
-484.125
 30
0.0
 11
218.961
 21
-485.754
 31
0.0
  0
LINE
  5
231
330
17
100
AcDbEntity
  8
0
100
AcDbLine
 10
218.851
 20
-471.542
 30
0.0
 11
218.851
 21
-484.125
 31
0.0
  0
LINE
  5
232
330
17
100
AcDbEntity
  8
0
100
AcDbLine
 10
218.961
 20
-469.913
 30
0.0
 11
218.851
 21
-471.542
 31
0.0
  0
LINE
  5
233
330
17
100
AcDbEntity
  8
0
100
AcDbLine
 10
219.28
 20
-468.352
 30
0.0
 11
218.961
 21
-469.913
 31
0.0
  0
LINE
  5
234
330
17
100
AcDbEntity
  8
0
100
AcDbLine
 10
219.794
 20
-466.871
 30
0.0
 11
219.28
 21
-468.352
 31
0.0
  0
LINE
  5
235
330
17
100
AcDbEntity
  8
0
100
AcDbLine
 10
220.489
 20
-465.485
 30
0.0
 11
219.794
 21
-466.871
 31
0.0
  0
LINE
  5
236
330
17
100
AcDbEntity
  8
0
100
AcDbLine
 10
221.351
 20
-464.209
 30
0.0
 11
220.489
 21
-465.485
 31
0.0
  0
LINE
  5
237
330
17
100
AcDbEntity
  8
0
100
AcDbLine
 10
222.366
 20
-463.057
 30
0.0
 11
221.351
 21
-464.209
 31
0.0
  0
LINE
  5
238
330
17
100
AcDbEntity
  8
0
100
AcDbLine
 10
223.518
 20
-462.042
 30
0.0
 11
222.366
 21
-463.057
 31
0.0
  0
LINE
  5
239
330
17
100
AcDbEntity
  8
0
100
AcDbLine
 10
224.794
 20
-461.18
 30
0.0
 11
223.518
 21
-462.042
 31
0.0
  0
LINE
  5
23A
330
17
100
AcDbEntity
  8
0
100
AcDbLine
 10
226.18
 20
-460.485
 30
0.0
 11
224.794
 21
-461.18
 31
0.0
  0
LINE
  5
23B
330
17
100
AcDbEntity
  8
0
100
AcDbLine
 10
227.661
 20
-459.97
 30
0.0
 11
226.18
 21
-460.485
 31
0.0
  0
LINE
  5
23C
330
17
100
AcDbEntity
  8
0
100
AcDbLine
 10
229.223
 20
-459.651
 30
0.0
 11
227.661
 21
-459.97
 31
0.0
  0
LINE
  5
23D
330
17
100
AcDbEntity
  8
0
100
AcDbLine
 10
230.851
 20
-459.542
 30
0.0
 11
229.223
 21
-459.651
 31
0.0
  0
LINE
  5
23E
330
17
100
AcDbEntity
  8
0
100
AcDbLine
 10
307.944
 20
-459.542
 30
0.0
 11
230.851
 21
-459.542
 31
0.0
  0
LINE
  5
23F
330
17
100
AcDbEntity
  8
0
100
AcDbLine
 10
308.758
 20
-459.597
 30
0.0
 11
307.944
 21
-459.542
 31
0.0
  0
LINE
  5
240
330
17
100
AcDbEntity
  8
0
100
AcDbLine
 10
309.539
 20
-459.756
 30
0.0
 11
308.758
 21
-459.597
 31
0.0
  0
LINE
  5
241
330
17
100
AcDbEntity
  8
0
100
AcDbLine
 10
310.279
 20
-460.013
 30
0.0
 11
309.539
 21
-459.756
 31
0.0
  0
LINE
  5
242
330
17
100
AcDbEntity
  8
0
100
AcDbLine
 10
310.972
 20
-460.361
 30
0.0
 11
310.279
 21
-460.013
 31
0.0
  0
LINE
  5
243
330
17
100
AcDbEntity
  8
0
100
AcDbLine
 10
311.61
 20
-460.792
 30
0.0
 11
310.972
 21
-460.361
 31
0.0
  0
LINE
  5
244
330
17
100
AcDbEntity
  8
0
100
AcDbLine
 10
312.186
 20
-461.299
 30
0.0
 11
311.61
 21
-460.792
 31
0.0
  0
LINE
  5
245
330
17
100
AcDbEntity
  8
0
100
AcDbLine
 10
312.693
 20
-461.875
 30
0.0
 11
312.186
 21
-461.299
 31
0.0
  0
LINE
  5
246
330
17
100
AcDbEntity
  8
0
100
AcDbLine
 10
313.124
 20
-462.514
 30
0.0
 11
312.693
 21
-461.875
 31
0.0
  0
LINE
  5
247
330
17
100
AcDbEntity
  8
0
100
AcDbLine
 10
313.472
 20
-463.206
 30
0.0
 11
313.124
 21
-462.514
 31
0.0
  0
LINE
  5
248
330
17
100
AcDbEntity
  8
0
100
AcDbLine
 10
313.729
 20
-463.947
 30
0.0
 11
313.472
 21
-463.206
 31
0.0
  0
LINE
  5
249
330
17
100
AcDbEntity
  8
0
100
AcDbLine
 10
313.889
 20
-464.728
 30
0.0
 11
313.729
 21
-463.947
 31
0.0
  0
LINE
  5
24A
330
17
100
AcDbEntity
  8
0
100
AcDbLine
 10
313.944
 20
-465.542
 30
0.0
 11
313.889
 21
-464.728
 31
0.0
  0
LINE
  5
24B
330
17
100
AcDbEntity
  8
0
100
AcDbLine
 10
243.763
 20
-491.045
 30
0.0
 11
241.813
 21
-491.045
 31
0.0
  0
LINE
  5
24C
330
17
100
AcDbEntity
  8
0
100
AcDbLine
 10
252.991
 20
-490.376
 30
0.0
 11
243.763
 21
-491.045
 31
0.0
  0
LINE
  5
24D
330
17
100
AcDbEntity
  8
0
100
AcDbLine
 10
254.225
 20
-489.713
 30
0.0
 11
252.991
 21
-490.376
 31
0.0
  0
LINE
  5
24E
330
17
100
AcDbEntity
  8
0
100
AcDbLine
 10
254.443
 20
-488.295
 30
0.0
 11
254.225
 21
-489.713
 31
0.0
  0
LINE
  5
24F
330
17
100
AcDbEntity
  8
0
100
AcDbLine
 10
253.742
 20
-477.834
 30
0.0
 11
254.443
 21
-488.295
 31
0.0
  0
LINE
  5
250
330
17
100
AcDbEntity
  8
0
100
AcDbLine
 10
254.443
 20
-467.372
 30
0.0
 11
253.742
 21
-477.834
 31
0.0
  0
LINE
  5
251
330
17
100
AcDbEntity
  8
0
100
AcDbLine
 10
254.225
 20
-465.954
 30
0.0
 11
254.443
 21
-467.372
 31
0.0
  0
LINE
  5
252
330
17
100
AcDbEntity
  8
0
100
AcDbLine
 10
252.991
 20
-465.291
 30
0.0
 11
254.225
 21
-465.954
 31
0.0
  0
LINE
  5
253
330
17
100
AcDbEntity
  8
0
100
AcDbLine
 10
243.763
 20
-464.622
 30
0.0
 11
252.991
 21
-465.291
 31
0.0
  0
LINE
  5
254
330
17
100
AcDbEntity
  8
0
100
AcDbLine
 10
241.813
 20
-464.622
 30
0.0
 11
243.763
 21
-464.622
 31
0.0
  0
LINE
  5
255
330
17
100
AcDbEntity
  8
0
100
AcDbLine
 10
240.969
 20
-465.96
 30
0.0
 11
241.813
 21
-464.622
 31
0.0
  0
LINE
  5
256
330
17
100
AcDbEntity
  8
0
100
AcDbLine
 10
239.979
 20
-477.834
 30
0.0
 11
240.969
 21
-465.96
 31
0.0
  0
LINE
  5
257
330
17
100
AcDbEntity
  8
0
100
AcDbLine
 10
240.969
 20
-489.707
 30
0.0
 11
239.979
 21
-477.834
 31
0.0
  0
LINE
  5
258
330
17
100
AcDbEntity
  8
0
100
AcDbLine
 10
241.813
 20
-491.045
 30
0.0
 11
240.969
 21
-489.707
 31
0.0
  0
LINE
  5
259
330
17
100
AcDbEntity
  8
0
100
AcDbLine
 10
268.273
 20
-466.549
 30
0.0
 11
286.613
 21
-467.694
 31
0.0
  0
LINE
  5
25A
330
17
100
AcDbEntity
  8
0
100
AcDbLine
 10
255.936
 20
-465.319
 30
0.0
 11
268.273
 21
-466.549
 31
0.0
  0
LINE
  5
25B
330
17
100
AcDbEntity
  8
0
100
AcDbLine
 10
255.248
 20
-469.58
 30
0.0
 11
255.936
 21
-465.319
 31
0.0
  0
LINE
  5
25C
330
17
100
AcDbEntity
  8
0
100
AcDbLine
 10
255.248
 20
-486.087
 30
0.0
 11
255.248
 21
-469.58
 31
0.0
  0
LINE
  5
25D
330
17
100
AcDbEntity
  8
0
100
AcDbLine
 10
255.936
 20
-490.349
 30
0.0
 11
255.248
 21
-486.087
 31
0.0
  0
LINE
  5
25E
330
17
100
AcDbEntity
  8
0
100
AcDbLine
 10
268.273
 20
-489.118
 30
0.0
 11
255.936
 21
-490.349
 31
0.0
  0
LINE
  5
25F
330
17
100
AcDbEntity
  8
0
100
AcDbLine
 10
286.613
 20
-487.973
 30
0.0
 11
268.273
 21
-489.118
 31
0.0
  0
LINE
  5
260
330
17
100
AcDbEntity
  8
0
100
AcDbLine
 10
303.393
 20
-487.973
 30
0.0
 11
286.613
 21
-487.973
 31
0.0
  0
LINE
  5
261
330
17
100
AcDbEntity
  8
0
100
AcDbLine
 10
303.393
 20
-467.694
 30
0.0
 11
303.393
 21
-487.973
 31
0.0
  0
LINE
  5
262
330
17
100
AcDbEntity
  8
0
100
AcDbLine
 10
286.613
 20
-467.694
 30
0.0
 11
303.393
 21
-467.694
 31
0.0
  0
LINE
  5
263
330
17
100
AcDbEntity
  8
0
100
AcDbLine
 10
306.004
 20
-464.869
 30
0.0
 11
304.51
 21
-466.364
 31
0.0
  0
LINE
  5
264
330
17
100
AcDbEntity
  8
0
100
AcDbLine
 10
308.127
 20
-464.147
 30
0.0
 11
306.004
 21
-464.869
 31
0.0
  0
LINE
  5
265
330
17
100
AcDbEntity
  8
0
100
AcDbLine
 10
308.766
 20
-466.025
 30
0.0
 11
308.127
 21
-464.147
 31
0.0
  0
LINE
  5
266
330
17
100
AcDbEntity
  8
0
100
AcDbLine
 10
308.766
 20
-489.642
 30
0.0
 11
308.766
 21
-466.025
 31
0.0
  0
LINE
  5
267
330
17
100
AcDbEntity
  8
0
100
AcDbLine
 10
308.126
 20
-491.52
 30
0.0
 11
308.766
 21
-489.642
 31
0.0
  0
LINE
  5
268
330
17
100
AcDbEntity
  8
0
100
AcDbLine
 10
306.004
 20
-490.798
 30
0.0
 11
308.126
 21
-491.52
 31
0.0
  0
LINE
  5
269
330
17
100
AcDbEntity
  8
0
100
AcDbLine
 10
304.51
 20
-489.304
 30
0.0
 11
306.004
 21
-490.798
 31
0.0
  0
LINE
  5
26A
330
17
100
AcDbEntity
  8
0
100
AcDbLine
 10
304.51
 20
-466.364
 30
0.0
 11
304.51
 21
-489.304
 31
0.0
  0
LINE
  5
26B
330
17
100
AcDbEntity
  8
0
100
AcDbLine
 10
373.991
 20
-501.658
 30
0.0
 11
389.236
 21
-507.098
 31
0.0
  0
LINE
  5
26C
330
17
100
AcDbEntity
  8
0
100
AcDbLine
 10
375.482
 20
-517.296
 30
0.0
 11
373.991
 21
-501.658
 31
0.0
  0
LINE
  5
26D
330
17
100
AcDbEntity
  8
0
100
AcDbLine
 10
389.236
 20
-507.098
 30
0.0
 11
375.482
 21
-517.296
 31
0.0
  0
LINE
  5
26E
330
17
100
AcDbEntity
  8
0
100
AcDbLine
 10
230.376
 20
-453.771
 30
0.0
 11
217.847
 21
-463.912
 31
0.0
  0
LINE
  5
26F
330
17
100
AcDbEntity
  8
0
100
AcDbLine
 10
243.765
 20
-445.464
 30
0.0
 11
230.376
 21
-453.771
 31
0.0
  0
LINE
  5
270
330
17
100
AcDbEntity
  8
0
100
AcDbLine
 10
253.602
 20
-440.942
 30
0.0
 11
243.765
 21
-445.464
 31
0.0
  0
LINE
  5
271
330
17
100
AcDbEntity
  8
0
100
AcDbLine
 10
272.437
 20
-434.358
 30
0.0
 11
262.234
 21
-437.599
 31
0.0
  0
LINE
  5
272
330
17
100
AcDbEntity
  8
0
100
AcDbLine
 10
287.379
 20
-431.559
 30
0.0
 11
272.437
 21
-434.358
 31
0.0
  0
LINE
  5
273
330
17
100
AcDbEntity
  8
0
100
AcDbLine
 10
302.497
 20
-430.596
 30
0.0
 11
287.379
 21
-431.559
 31
0.0
  0
LINE
  5
274
330
17
100
AcDbEntity
  8
0
100
AcDbLine
 10
317.62
 20
-431.471
 30
0.0
 11
302.497
 21
-430.596
 31
0.0
  0
LINE
  5
275
330
17
100
AcDbEntity
  8
0
100
AcDbLine
 10
332.578
 20
-434.183
 30
0.0
 11
317.62
 21
-431.471
 31
0.0
  0
LINE
  5
276
330
17
100
AcDbEntity
  8
0
100
AcDbLine
 10
347.2
 20
-438.734
 30
0.0
 11
332.578
 21
-434.183
 31
0.0
  0
LINE
  5
277
330
17
100
AcDbEntity
  8
0
100
AcDbLine
 10
361.314
 20
-445.123
 30
0.0
 11
347.2
 21
-438.734
 31
0.0
  0
LINE
  5
278
330
17
100
AcDbEntity
  8
0
100
AcDbLine
 10
374.751
 20
-453.352
 30
0.0
 11
361.314
 21
-445.123
 31
0.0
  0
LINE
  5
279
330
17
100
AcDbEntity
  8
0
100
AcDbLine
 10
387.339
 20
-463.42
 30
0.0
 11
374.751
 21
-453.352
 31
0.0
  0
LINE
  5
27A
330
17
100
AcDbEntity
  8
0
100
AcDbLine
 10
399.197
 20
-475.733
 30
0.0
 11
387.339
 21
-463.42
 31
0.0
  0
LINE
  5
27B
330
17
100
AcDbEntity
  8
0
100
AcDbLine
 10
409.064
 20
-489.202
 30
0.0
 11
399.197
 21
-475.733
 31
0.0
  0
LINE
  5
27C
330
17
100
AcDbEntity
  8
0
100
AcDbLine
 10
416.929
 20
-503.617
 30
0.0
 11
409.064
 21
-489.202
 31
0.0
  0
LINE
  5
27D
330
17
100
AcDbEntity
  8
0
100
AcDbLine
 10
422.782
 20
-518.765
 30
0.0
 11
416.929
 21
-503.617
 31
0.0
  0
LINE
  5
27E
330
17
100
AcDbEntity
  8
0
100
AcDbLine
 10
426.612
 20
-534.435
 30
0.0
 11
422.782
 21
-518.765
 31
0.0
  0
LINE
  5
27F
330
17
100
AcDbEntity
  8
0
100
AcDbLine
 10
428.41
 20
-550.415
 30
0.0
 11
426.612
 21
-534.435
 31
0.0
  0
LINE
  5
280
330
17
100
AcDbEntity
  8
0
100
AcDbLine
 10
428.165
 20
-566.495
 30
0.0
 11
428.41
 21
-550.415
 31
0.0
  0
LINE
  5
281
330
17
100
AcDbEntity
  8
0
100
AcDbLine
 10
425.867
 20
-582.462
 30
0.0
 11
427.551
 21
-570.76
 31
0.0
  0
LINE
  5
282
330
17
100
AcDbEntity
  8
0
100
AcDbLine
 10
428.086
 20
-567.046
 30
0.0
 11
428.165
 21
-566.495
 31
0.0
  0
LINE
  5
283
330
17
100
AcDbEntity
  8
0
100
AcDbLine
 10
421.505
 20
-598.104
 30
0.0
 11
425.867
 21
-582.462
 31
0.0
  0
LINE
  5
284
330
17
100
AcDbEntity
  8
0
100
AcDbLine
 10
415.07
 20
-613.211
 30
0.0
 11
421.505
 21
-598.104
 31
0.0
  0
LINE
  5
285
330
17
100
AcDbEntity
  8
0
100
AcDbLine
 10
406.551
 20
-627.571
 30
0.0
 11
415.07
 21
-613.211
 31
0.0
  0
LINE
  5
286
330
17
100
AcDbEntity
  8
0
100
AcDbLine
 10
395.937
 20
-640.972
 30
0.0
 11
406.551
 21
-627.571
 31
0.0
  0
LINE
  5
287
330
17
100
AcDbEntity
  8
0
100
AcDbLine
 10
384.896
 20
-519.847
 30
0.0
 11
381.393
 21
-512.913
 31
0.0
  0
LINE
  5
288
330
17
100
AcDbEntity
  8
0
100
AcDbLine
 10
387.773
 20
-526.887
 30
0.0
 11
384.896
 21
-519.847
 31
0.0
  0
LINE
  5
289
330
17
100
AcDbEntity
  8
0
100
AcDbLine
 10
390.026
 20
-534.014
 30
0.0
 11
387.773
 21
-526.887
 31
0.0
  0
LINE
  5
28A
330
17
100
AcDbEntity
  8
0
100
AcDbLine
 10
391.653
 20
-541.206
 30
0.0
 11
390.026
 21
-534.014
 31
0.0
  0
LINE
  5
28B
330
17
100
AcDbEntity
  8
0
100
AcDbLine
 10
392.655
 20
-548.444
 30
0.0
 11
391.653
 21
-541.206
 31
0.0
  0
LINE
  5
28C
330
17
100
AcDbEntity
  8
0
100
AcDbLine
 10
393.031
 20
-555.708
 30
0.0
 11
392.655
 21
-548.444
 31
0.0
  0
LINE
  5
28D
330
17
100
AcDbEntity
  8
0
100
AcDbLine
 10
392.782
 20
-562.977
 30
0.0
 11
393.031
 21
-555.708
 31
0.0
  0
LINE
  5
28E
330
17
100
AcDbEntity
  8
0
100
AcDbLine
 10
391.906
 20
-570.232
 30
0.0
 11
392.782
 21
-562.977
 31
0.0
  0
LINE
  5
28F
330
17
100
AcDbEntity
  8
0
100
AcDbLine
 10
390.405
 20
-577.451
 30
0.0
 11
390.689
 21
-576.085
 31
0.0
  0
LINE
  5
290
330
17
100
AcDbEntity
  8
0
100
AcDbLine
 10
391.469
 20
-572.335
 30
0.0
 11
391.906
 21
-570.232
 31
0.0
  0
LINE
  5
291
330
17
100
AcDbEntity
  8
0
100
AcDbLine
 10
388.277
 20
-584.616
 30
0.0
 11
390.405
 21
-577.451
 31
0.0
  0
LINE
  5
292
330
17
100
AcDbEntity
  8
0
100
AcDbLine
 10
385.523
 20
-591.705
 30
0.0
 11
388.277
 21
-584.616
 31
0.0
  0
LINE
  5
293
330
17
100
AcDbEntity
  8
0
100
AcDbLine
 10
382.142
 20
-598.699
 30
0.0
 11
385.523
 21
-591.705
 31
0.0
  0
LINE
  5
294
330
17
100
AcDbEntity
  8
0
100
AcDbLine
 10
428.019
 20
-640.972
 30
0.0
 11
428.019
 21
-570.693
 31
0.0
  0
LINE
  5
295
330
17
100
AcDbEntity
  8
0
100
AcDbLine
 10
428.019
 20
-567.056
 30
0.0
 11
428.019
 21
-556.061
 31
0.0
  0
LINE
  5
296
330
17
100
AcDbEntity
  8
0
100
AcDbLine
 10
359.47
 20
-640.972
 30
0.0
 11
428.019
 21
-640.972
 31
0.0
  0
LINE
  5
297
330
17
100
AcDbEntity
  8
0
100
AcDbLine
 10
359.47
 20
-556.061
 30
0.0
 11
359.47
 21
-576.957
 31
0.0
  0
LINE
  5
298
330
17
100
AcDbEntity
  8
0
100
AcDbLine
 10
359.47
 20
-580.595
 30
0.0
 11
359.47
 21
-640.972
 31
0.0
  0
LINE
  5
299
330
17
100
AcDbEntity
  8
0
100
AcDbLine
 10
267.842
 20
-461.408
 30
0.0
 11
268.932
 21
-464.719
 31
0.0
  0
LINE
  5
29A
330
17
100
AcDbEntity
  8
0
100
AcDbLine
 10
267.842
 20
-459.542
 30
0.0
 11
267.842
 21
-461.408
 31
0.0
  0
LINE
  5
29B
330
17
100
AcDbEntity
  8
0
100
AcDbLine
 10
288.471
 20
-493.913
 30
0.0
 11
288.994
 21
-496.125
 31
0.0
  0
LINE
  5
29C
330
17
100
AcDbEntity
  8
0
100
AcDbLine
 10
284.634
 20
-490.948
 30
0.0
 11
288.471
 21
-493.913
 31
0.0
  0
LINE
  5
29D
330
17
100
AcDbEntity
  8
0
100
AcDbLine
 10
268.932
 20
-490.948
 30
0.0
 11
284.634
 21
-490.948
 31
0.0
  0
LINE
  5
29E
330
17
100
AcDbEntity
  8
0
100
AcDbLine
 10
262.234
 20
-430.8
 30
0.0
 11
302.758
 21
-430.8
 31
0.0
  0
LINE
  5
29F
330
17
100
AcDbEntity
  8
0
100
AcDbLine
 10
217.847
 20
-499.349
 30
0.0
 11
217.847
 21
-440.942
 31
0.0
  0
LINE
  5
2A0
330
17
100
AcDbEntity
  8
0
100
AcDbLine
 10
217.847
 20
-435.808
 30
0.0
 11
217.847
 21
-434.503
 31
0.0
  0
LINE
  5
2A1
330
17
100
AcDbEntity
  8
0
100
AcDbLine
 10
302.758
 20
-499.349
 30
0.0
 11
217.847
 21
-499.349
 31
0.0
  0
LINE
  5
2A2
330
17
100
AcDbEntity
  8
0
100
AcDbLine
 10
303.449
 20
-499.351
 30
0.0
 11
302.758
 21
-499.349
 31
0.0
  0
LINE
  5
2A3
330
17
100
AcDbEntity
  8
0
100
AcDbLine
 10
304.124
 20
-499.361
 30
0.0
 11
303.449
 21
-499.351
 31
0.0
  0
LINE
  5
2A4
330
17
100
AcDbEntity
  8
0
100
AcDbLine
 10
304.788
 20
-499.377
 30
0.0
 11
304.124
 21
-499.361
 31
0.0
  0
LINE
  5
2A5
330
17
100
AcDbEntity
  8
0
100
AcDbLine
 10
305.442
 20
-499.401
 30
0.0
 11
304.788
 21
-499.377
 31
0.0
  0
LINE
  5
2A6
330
17
100
AcDbEntity
  8
0
100
AcDbLine
 10
306.09
 20
-499.433
 30
0.0
 11
305.442
 21
-499.401
 31
0.0
  0
LINE
  5
2A7
330
17
100
AcDbEntity
  8
0
100
AcDbLine
 10
306.734
 20
-499.473
 30
0.0
 11
306.09
 21
-499.433
 31
0.0
  0
LINE
  5
2A8
330
17
100
AcDbEntity
  8
0
100
AcDbLine
 10
307.378
 20
-499.521
 30
0.0
 11
306.734
 21
-499.473
 31
0.0
  0
LINE
  5
2A9
330
17
100
AcDbEntity
  8
0
100
AcDbLine
 10
308.024
 20
-499.577
 30
0.0
 11
307.378
 21
-499.521
 31
0.0
  0
LINE
  5
2AA
330
17
100
AcDbEntity
  8
0
100
AcDbLine
 10
308.675
 20
-499.641
 30
0.0
 11
308.024
 21
-499.577
 31
0.0
  0
LINE
  5
2AB
330
17
100
AcDbEntity
  8
0
100
AcDbLine
 10
309.335
 20
-499.714
 30
0.0
 11
308.675
 21
-499.641
 31
0.0
  0
LINE
  5
2AC
330
17
100
AcDbEntity
  8
0
100
AcDbLine
 10
310.005
 20
-499.797
 30
0.0
 11
309.335
 21
-499.714
 31
0.0
  0
LINE
  5
2AD
330
17
100
AcDbEntity
  8
0
100
AcDbLine
 10
310.69
 20
-499.888
 30
0.0
 11
310.005
 21
-499.797
 31
0.0
  0
LINE
  5
2AE
330
17
100
AcDbEntity
  8
0
100
AcDbLine
 10
318.3
 20
-501.467
 30
0.0
 11
310.69
 21
-499.888
 31
0.0
  0
LINE
  5
2AF
330
17
100
AcDbEntity
  8
0
100
AcDbLine
 10
325.459
 20
-503.991
 30
0.0
 11
318.3
 21
-501.467
 31
0.0
  0
LINE
  5
2B0
330
17
100
AcDbEntity
  8
0
100
AcDbLine
 10
332.109
 20
-507.383
 30
0.0
 11
325.459
 21
-503.991
 31
0.0
  0
LINE
  5
2B1
330
17
100
AcDbEntity
  8
0
100
AcDbLine
 10
338.192
 20
-511.567
 30
0.0
 11
332.109
 21
-507.383
 31
0.0
  0
LINE
  5
2B2
330
17
100
AcDbEntity
  8
0
100
AcDbLine
 10
343.65
 20
-516.466
 30
0.0
 11
338.192
 21
-511.567
 31
0.0
  0
LINE
  5
2B3
330
17
100
AcDbEntity
  8
0
100
AcDbLine
 10
348.425
 20
-522.003
 30
0.0
 11
343.65
 21
-516.466
 31
0.0
  0
LINE
  5
2B4
330
17
100
AcDbEntity
  8
0
100
AcDbLine
 10
352.458
 20
-528.101
 30
0.0
 11
348.425
 21
-522.003
 31
0.0
  0
LINE
  5
2B5
330
17
100
AcDbEntity
  8
0
100
AcDbLine
 10
355.692
 20
-534.684
 30
0.0
 11
352.458
 21
-528.101
 31
0.0
  0
LINE
  5
2B6
330
17
100
AcDbEntity
  8
0
100
AcDbLine
 10
358.068
 20
-541.674
 30
0.0
 11
355.692
 21
-534.684
 31
0.0
  0
LINE
  5
2B7
330
17
100
AcDbEntity
  8
0
100
AcDbLine
 10
359.529
 20
-548.995
 30
0.0
 11
358.068
 21
-541.674
 31
0.0
  0
LINE
  5
2B8
330
17
100
AcDbEntity
  8
0
100
AcDbLine
 10
360.015
 20
-556.57
 30
0.0
 11
359.529
 21
-548.995
 31
0.0
  0
LINE
  5
2B9
330
17
100
AcDbEntity
  8
0
100
AcDbLine
 10
359.47
 20
-564.323
 30
0.0
 11
360.015
 21
-556.57
 31
0.0
  0
LINE
  5
2BA
330
17
100
AcDbEntity
  8
0
100
AcDbLine
 10
251.05
 20
-456.593
 30
0.0
 11
250.61
 21
-459.542
 31
0.0
  0
LINE
  5
2BB
330
17
100
AcDbEntity
  8
0
100
AcDbLine
 10
249.374
 20
-456.895
 30
0.0
 11
251.05
 21
-456.593
 31
0.0
  0
LINE
  5
2BC
330
17
100
AcDbEntity
  8
0
100
AcDbLine
 10
247.44
 20
-459.542
 30
0.0
 11
249.374
 21
-456.895
 31
0.0
  0
LINE
  5
2BD
330
17
100
AcDbEntity
  8
0
100
AcDbLine
 10
247.44
 20
-461.8
 30
0.0
 11
247.44
 21
-459.542
 31
0.0
  0
LINE
  5
2BE
330
17
100
AcDbEntity
  8
0
100
AcDbLine
 10
248.879
 20
-463.238
 30
0.0
 11
247.44
 21
-461.8
 31
0.0
  0
LINE
  5
2BF
330
17
100
AcDbEntity
  8
0
100
AcDbLine
 10
268.932
 20
-464.719
 30
0.0
 11
248.879
 21
-463.238
 31
0.0
  0
LINE
  5
2C0
330
17
100
AcDbEntity
  8
0
100
AcDbLine
 10
284.634
 20
-464.719
 30
0.0
 11
268.932
 21
-464.719
 31
0.0
  0
LINE
  5
2C1
330
17
100
AcDbEntity
  8
0
100
AcDbLine
 10
288.471
 20
-461.754
 30
0.0
 11
284.634
 21
-464.719
 31
0.0
  0
LINE
  5
2C2
330
17
100
AcDbEntity
  8
0
100
AcDbLine
 10
288.994
 20
-459.542
 30
0.0
 11
288.471
 21
-461.754
 31
0.0
  0
LINE
  5
2C3
330
17
100
AcDbEntity
  8
0
100
AcDbLine
 10
267.842
 20
-494.259
 30
0.0
 11
267.842
 21
-496.125
 31
0.0
  0
LINE
  5
2C4
330
17
100
AcDbEntity
  8
0
100
AcDbLine
 10
268.932
 20
-490.948
 30
0.0
 11
267.842
 21
-494.259
 31
0.0
  0
LINE
  5
2C5
330
17
100
AcDbEntity
  8
0
100
AcDbLine
 10
248.879
 20
-492.429
 30
0.0
 11
268.932
 21
-490.948
 31
0.0
  0
LINE
  5
2C6
330
17
100
AcDbEntity
  8
0
100
AcDbLine
 10
247.44
 20
-493.867
 30
0.0
 11
248.879
 21
-492.429
 31
0.0
  0
LINE
  5
2C7
330
17
100
AcDbEntity
  8
0
100
AcDbLine
 10
247.44
 20
-496.125
 30
0.0
 11
247.44
 21
-493.867
 31
0.0
  0
LINE
  5
2C8
330
17
100
AcDbEntity
  8
0
100
AcDbLine
 10
249.374
 20
-498.772
 30
0.0
 11
247.44
 21
-496.125
 31
0.0
  0
LINE
  5
2C9
330
17
100
AcDbEntity
  8
0
100
AcDbLine
 10
251.05
 20
-499.074
 30
0.0
 11
249.374
 21
-498.772
 31
0.0
  0
LINE
  5
2CA
330
17
100
AcDbEntity
  8
0
100
AcDbLine
 10
250.61
 20
-496.125
 30
0.0
 11
251.05
 21
-499.074
 31
0.0
  0
LINE
  5
2CB
330
17
100
AcDbEntity
  8
0
100
AcDbLine
 10
226.803
 20
-491.45
 30
0.0
 11
221.734
 21
-487.182
 31
0.0
  0
LINE
  5
2CC
330
17
100
AcDbEntity
  8
0
100
AcDbLine
 10
230.228
 20
-493.185
 30
0.0
 11
226.803
 21
-491.45
 31
0.0
  0
LINE
  5
2CD
330
17
100
AcDbEntity
  8
0
100
AcDbLine
 10
233.325
 20
-493.185
 30
0.0
 11
230.228
 21
-493.185
 31
0.0
  0
LINE
  5
2CE
330
17
100
AcDbEntity
  8
0
100
AcDbLine
 10
233.325
 20
-494.264
 30
0.0
 11
233.325
 21
-493.185
 31
0.0
  0
LINE
  5
2CF
330
17
100
AcDbEntity
  8
0
100
AcDbLine
 10
228.257
 20
-494.264
 30
0.0
 11
233.325
 21
-494.264
 31
0.0
  0
LINE
  5
2D0
330
17
100
AcDbEntity
  8
0
100
AcDbLine
 10
224.175
 20
-491.262
 30
0.0
 11
228.257
 21
-494.264
 31
0.0
  0
LINE
  5
2D1
330
17
100
AcDbEntity
  8
0
100
AcDbLine
 10
221.734
 20
-487.182
 30
0.0
 11
224.175
 21
-491.262
 31
0.0
  0
LINE
  5
2D2
330
17
100
AcDbEntity
  8
0
100
AcDbLine
 10
221.734
 20
-468.485
 30
0.0
 11
221.734
 21
-487.182
 31
0.0
  0
LINE
  5
2D3
330
17
100
AcDbEntity
  8
0
100
AcDbLine
 10
224.175
 20
-464.405
 30
0.0
 11
221.734
 21
-468.485
 31
0.0
  0
LINE
  5
2D4
330
17
100
AcDbEntity
  8
0
100
AcDbLine
 10
228.257
 20
-461.403
 30
0.0
 11
224.175
 21
-464.405
 31
0.0
  0
LINE
  5
2D5
330
17
100
AcDbEntity
  8
0
100
AcDbLine
 10
233.325
 20
-461.403
 30
0.0
 11
228.257
 21
-461.403
 31
0.0
  0
LINE
  5
2D6
330
17
100
AcDbEntity
  8
0
100
AcDbLine
 10
233.325
 20
-462.482
 30
0.0
 11
233.325
 21
-461.403
 31
0.0
  0
LINE
  5
2D7
330
17
100
AcDbEntity
  8
0
100
AcDbLine
 10
230.228
 20
-462.482
 30
0.0
 11
233.325
 21
-462.482
 31
0.0
  0
LINE
  5
2D8
330
17
100
AcDbEntity
  8
0
100
AcDbLine
 10
226.803
 20
-464.217
 30
0.0
 11
230.228
 21
-462.482
 31
0.0
  0
LINE
  5
2D9
330
17
100
AcDbEntity
  8
0
100
AcDbLine
 10
221.734
 20
-468.485
 30
0.0
 11
226.803
 21
-464.217
 31
0.0
  0
LINE
  5
2DA
330
17
100
AcDbEntity
  8
0
100
AcDbLine
 10
528.686
 20
-550.96
 30
0.0
 11
528.89
 21
-552.485
 31
0.0
  0
LINE
  5
2DB
330
17
100
AcDbEntity
  8
0
100
AcDbLine
 10
531.659
 20
-550.562
 30
0.0
 11
528.686
 21
-550.96
 31
0.0
  0
LINE
  5
2DC
330
17
100
AcDbEntity
  8
0
100
AcDbLine
 10
531.859
 20
-552.056
 30
0.0
 11
531.659
 21
-550.562
 31
0.0
  0
LINE
  5
2DD
330
17
100
AcDbEntity
  8
0
100
AcDbLine
 10
531.488
 20
-550.787
 30
0.0
 11
531.661
 21
-552.084
 31
0.0
  0
LINE
  5
2DE
330
17
100
AcDbEntity
  8
0
100
AcDbLine
 10
528.911
 20
-551.132
 30
0.0
 11
531.488
 21
-550.787
 31
0.0
  0
LINE
  5
2DF
330
17
100
AcDbEntity
  8
0
100
AcDbLine
 10
529.088
 20
-552.456
 30
0.0
 11
528.911
 21
-551.132
 31
0.0
  0
LINE
  5
2E0
330
17
100
AcDbEntity
  8
0
100
AcDbLine
 10
96.2259
 20
-433.117
 30
0.0
 11
73.156
 21
-433.117
 31
0.0
  0
LINE
  5
2E1
330
17
100
AcDbEntity
  8
0
100
AcDbLine
 10
114.565
 20
-431.972
 30
0.0
 11
96.2259
 21
-433.117
 31
0.0
  0
LINE
  5
2E2
330
17
100
AcDbEntity
  8
0
100
AcDbLine
 10
126.903
 20
-430.742
 30
0.0
 11
114.565
 21
-431.972
 31
0.0
  0
LINE
  5
2E3
330
17
100
AcDbEntity
  8
0
100
AcDbLine
 10
127.59
 20
-435.003
 30
0.0
 11
126.903
 21
-430.742
 31
0.0
  0
LINE
  5
2E4
330
17
100
AcDbEntity
  8
0
100
AcDbLine
 10
127.59
 20
-451.51
 30
0.0
 11
127.59
 21
-435.003
 31
0.0
  0
LINE
  5
2E5
330
17
100
AcDbEntity
  8
0
100
AcDbLine
 10
126.903
 20
-455.772
 30
0.0
 11
127.59
 21
-451.51
 31
0.0
  0
LINE
  5
2E6
330
17
100
AcDbEntity
  8
0
100
AcDbLine
 10
114.565
 20
-454.541
 30
0.0
 11
126.903
 21
-455.772
 31
0.0
  0
LINE
  5
2E7
330
17
100
AcDbEntity
  8
0
100
AcDbLine
 10
96.2259
 20
-453.396
 30
0.0
 11
114.565
 21
-454.541
 31
0.0
  0
LINE
  5
2E8
330
17
100
AcDbEntity
  8
0
100
AcDbLine
 10
73.156
 20
-453.396
 30
0.0
 11
96.2259
 21
-453.396
 31
0.0
  0
LINE
  5
2E9
330
17
100
AcDbEntity
  8
0
100
AcDbLine
 10
139.075
 20
-456.468
 30
0.0
 11
129.848
 21
-455.799
 31
0.0
  0
LINE
  5
2EA
330
17
100
AcDbEntity
  8
0
100
AcDbLine
 10
139.941
 20
-456.468
 30
0.0
 11
139.075
 21
-456.468
 31
0.0
  0
LINE
  5
2EB
330
17
100
AcDbEntity
  8
0
100
AcDbLine
 10
139.075
 20
-430.045
 30
0.0
 11
139.941
 21
-430.045
 31
0.0
  0
LINE
  5
2EC
330
17
100
AcDbEntity
  8
0
100
AcDbLine
 10
129.848
 20
-430.714
 30
0.0
 11
139.075
 21
-430.045
 31
0.0
  0
LINE
  5
2ED
330
17
100
AcDbEntity
  8
0
100
AcDbLine
 10
128.613
 20
-431.377
 30
0.0
 11
129.848
 21
-430.714
 31
0.0
  0
LINE
  5
2EE
330
17
100
AcDbEntity
  8
0
100
AcDbLine
 10
128.395
 20
-432.795
 30
0.0
 11
128.613
 21
-431.377
 31
0.0
  0
LINE
  5
2EF
330
17
100
AcDbEntity
  8
0
100
AcDbLine
 10
129.097
 20
-443.257
 30
0.0
 11
128.395
 21
-432.795
 31
0.0
  0
LINE
  5
2F0
330
17
100
AcDbEntity
  8
0
100
AcDbLine
 10
128.395
 20
-453.718
 30
0.0
 11
129.097
 21
-443.257
 31
0.0
  0
LINE
  5
2F1
330
17
100
AcDbEntity
  8
0
100
AcDbLine
 10
128.613
 20
-455.136
 30
0.0
 11
128.395
 21
-453.718
 31
0.0
  0
LINE
  5
2F2
330
17
100
AcDbEntity
  8
0
100
AcDbLine
 10
129.848
 20
-455.799
 30
0.0
 11
128.613
 21
-455.136
 31
0.0
  0
LINE
  5
2F3
330
17
100
AcDbEntity
  8
0
100
AcDbLine
 10
73.156
 20
-461.548
 30
0.0
 11
139.941
 21
-461.548
 31
0.0
  0
LINE
  5
2F4
330
17
100
AcDbEntity
  8
0
100
AcDbLine
 10
114.985
 20
-426.865
 30
0.0
 11
113.906
 21
-430.142
 31
0.0
  0
LINE
  5
2F5
330
17
100
AcDbEntity
  8
0
100
AcDbLine
 10
98.2041
 20
-456.371
 30
0.0
 11
113.906
 21
-456.371
 31
0.0
  0
LINE
  5
2F6
330
17
100
AcDbEntity
  8
0
100
AcDbLine
 10
94.3678
 20
-459.336
 30
0.0
 11
98.2041
 21
-456.371
 31
0.0
  0
LINE
  5
2F7
330
17
100
AcDbEntity
  8
0
100
AcDbLine
 10
93.8447
 20
-461.548
 30
0.0
 11
94.3678
 21
-459.336
 31
0.0
  0
LINE
  5
2F8
330
17
100
AcDbEntity
  8
0
100
AcDbLine
 10
131.789
 20
-464.497
 30
0.0
 11
132.228
 21
-461.548
 31
0.0
  0
LINE
  5
2F9
330
17
100
AcDbEntity
  8
0
100
AcDbLine
 10
133.464
 20
-464.195
 30
0.0
 11
131.789
 21
-464.497
 31
0.0
  0
LINE
  5
2FA
330
17
100
AcDbEntity
  8
0
100
AcDbLine
 10
135.398
 20
-461.548
 30
0.0
 11
133.464
 21
-464.195
 31
0.0
  0
LINE
  5
2FB
330
17
100
AcDbEntity
  8
0
100
AcDbLine
 10
135.398
 20
-459.29
 30
0.0
 11
135.398
 21
-461.548
 31
0.0
  0
LINE
  5
2FC
330
17
100
AcDbEntity
  8
0
100
AcDbLine
 10
133.96
 20
-457.852
 30
0.0
 11
135.398
 21
-459.29
 31
0.0
  0
LINE
  5
2FD
330
17
100
AcDbEntity
  8
0
100
AcDbLine
 10
113.906
 20
-456.371
 30
0.0
 11
133.96
 21
-457.852
 31
0.0
  0
LINE
  5
2FE
330
17
100
AcDbEntity
  8
0
100
AcDbLine
 10
114.996
 20
-459.682
 30
0.0
 11
113.906
 21
-456.371
 31
0.0
  0
LINE
  5
2FF
330
17
100
AcDbEntity
  8
0
100
AcDbLine
 10
114.996
 20
-461.548
 30
0.0
 11
114.996
 21
-459.682
 31
0.0
  0
LINE
  5
300
330
17
100
AcDbEntity
  8
0
100
AcDbLine
 10
94.3678
 20
-427.177
 30
0.0
 11
94.2941
 21
-426.865
 31
0.0
  0
LINE
  5
301
330
17
100
AcDbEntity
  8
0
100
AcDbLine
 10
98.2041
 20
-430.142
 30
0.0
 11
94.3678
 21
-427.177
 31
0.0
  0
LINE
  5
302
330
17
100
AcDbEntity
  8
0
100
AcDbLine
 10
113.906
 20
-430.142
 30
0.0
 11
98.2041
 21
-430.142
 31
0.0
  0
LINE
  5
303
330
17
100
AcDbEntity
  8
0
100
AcDbLine
 10
133.96
 20
-428.661
 30
0.0
 11
113.906
 21
-430.142
 31
0.0
  0
LINE
  5
304
330
17
100
AcDbEntity
  8
0
100
AcDbLine
 10
135.398
 20
-427.223
 30
0.0
 11
133.96
 21
-428.661
 31
0.0
  0
LINE
  5
305
330
17
100
AcDbEntity
  8
0
100
AcDbLine
 10
135.398
 20
-426.865
 30
0.0
 11
135.398
 21
-427.223
 31
0.0
  0
LINE
  5
306
330
17
100
AcDbEntity
  8
0
100
AcDbLine
 10
96.2259
 20
-485.184
 30
0.0
 11
73.156
 21
-485.184
 31
0.0
  0
LINE
  5
307
330
17
100
AcDbEntity
  8
0
100
AcDbLine
 10
114.565
 20
-484.038
 30
0.0
 11
96.2259
 21
-485.184
 31
0.0
  0
LINE
  5
308
330
17
100
AcDbEntity
  8
0
100
AcDbLine
 10
126.903
 20
-482.808
 30
0.0
 11
114.565
 21
-484.038
 31
0.0
  0
LINE
  5
309
330
17
100
AcDbEntity
  8
0
100
AcDbLine
 10
127.59
 20
-487.069
 30
0.0
 11
126.903
 21
-482.808
 31
0.0
  0
LINE
  5
30A
330
17
100
AcDbEntity
  8
0
100
AcDbLine
 10
127.59
 20
-503.576
 30
0.0
 11
127.59
 21
-487.069
 31
0.0
  0
LINE
  5
30B
330
17
100
AcDbEntity
  8
0
100
AcDbLine
 10
126.903
 20
-507.838
 30
0.0
 11
127.59
 21
-503.576
 31
0.0
  0
LINE
  5
30C
330
17
100
AcDbEntity
  8
0
100
AcDbLine
 10
114.565
 20
-506.608
 30
0.0
 11
126.903
 21
-507.838
 31
0.0
  0
LINE
  5
30D
330
17
100
AcDbEntity
  8
0
100
AcDbLine
 10
96.2259
 20
-505.462
 30
0.0
 11
114.565
 21
-506.608
 31
0.0
  0
LINE
  5
30E
330
17
100
AcDbEntity
  8
0
100
AcDbLine
 10
73.156
 20
-505.462
 30
0.0
 11
96.2259
 21
-505.462
 31
0.0
  0
LINE
  5
30F
330
17
100
AcDbEntity
  8
0
100
AcDbLine
 10
134.903
 20
-508.232
 30
0.0
 11
129.848
 21
-507.866
 31
0.0
  0
LINE
  5
310
330
17
100
AcDbEntity
  8
0
100
AcDbLine
 10
139.075
 20
-482.111
 30
0.0
 11
139.941
 21
-482.111
 31
0.0
  0
LINE
  5
311
330
17
100
AcDbEntity
  8
0
100
AcDbLine
 10
129.848
 20
-482.78
 30
0.0
 11
139.075
 21
-482.111
 31
0.0
  0
LINE
  5
312
330
17
100
AcDbEntity
  8
0
100
AcDbLine
 10
128.613
 20
-483.443
 30
0.0
 11
129.848
 21
-482.78
 31
0.0
  0
LINE
  5
313
330
17
100
AcDbEntity
  8
0
100
AcDbLine
 10
128.395
 20
-484.862
 30
0.0
 11
128.613
 21
-483.443
 31
0.0
  0
LINE
  5
314
330
17
100
AcDbEntity
  8
0
100
AcDbLine
 10
129.097
 20
-495.323
 30
0.0
 11
128.395
 21
-484.862
 31
0.0
  0
LINE
  5
315
330
17
100
AcDbEntity
  8
0
100
AcDbLine
 10
128.395
 20
-505.784
 30
0.0
 11
129.097
 21
-495.323
 31
0.0
  0
LINE
  5
316
330
17
100
AcDbEntity
  8
0
100
AcDbLine
 10
128.613
 20
-507.203
 30
0.0
 11
128.395
 21
-505.784
 31
0.0
  0
LINE
  5
317
330
17
100
AcDbEntity
  8
0
100
AcDbLine
 10
129.848
 20
-507.866
 30
0.0
 11
128.613
 21
-507.203
 31
0.0
  0
LINE
  5
318
330
17
100
AcDbEntity
  8
0
100
AcDbLine
 10
139.941
 20
-477.031
 30
0.0
 11
73.156
 21
-477.031
 31
0.0
  0
LINE
  5
319
330
17
100
AcDbEntity
  8
0
100
AcDbLine
 10
114.996
 20
-478.897
 30
0.0
 11
113.906
 21
-482.209
 31
0.0
  0
LINE
  5
31A
330
17
100
AcDbEntity
  8
0
100
AcDbLine
 10
114.996
 20
-477.031
 30
0.0
 11
114.996
 21
-478.897
 31
0.0
  0
LINE
  5
31B
330
17
100
AcDbEntity
  8
0
100
AcDbLine
 10
94.3678
 20
-479.244
 30
0.0
 11
93.8447
 21
-477.031
 31
0.0
  0
LINE
  5
31C
330
17
100
AcDbEntity
  8
0
100
AcDbLine
 10
98.2041
 20
-482.209
 30
0.0
 11
94.3678
 21
-479.244
 31
0.0
  0
LINE
  5
31D
330
17
100
AcDbEntity
  8
0
100
AcDbLine
 10
113.906
 20
-482.209
 30
0.0
 11
98.2041
 21
-482.209
 31
0.0
  0
LINE
  5
31E
330
17
100
AcDbEntity
  8
0
100
AcDbLine
 10
133.96
 20
-480.728
 30
0.0
 11
113.906
 21
-482.209
 31
0.0
  0
LINE
  5
31F
330
17
100
AcDbEntity
  8
0
100
AcDbLine
 10
135.398
 20
-479.289
 30
0.0
 11
133.96
 21
-480.728
 31
0.0
  0
LINE
  5
320
330
17
100
AcDbEntity
  8
0
100
AcDbLine
 10
135.398
 20
-477.031
 30
0.0
 11
135.398
 21
-479.289
 31
0.0
  0
LINE
  5
321
330
17
100
AcDbEntity
  8
0
100
AcDbLine
 10
133.464
 20
-474.384
 30
0.0
 11
135.398
 21
-477.031
 31
0.0
  0
LINE
  5
322
330
17
100
AcDbEntity
  8
0
100
AcDbLine
 10
131.789
 20
-474.082
 30
0.0
 11
133.464
 21
-474.384
 31
0.0
  0
LINE
  5
323
330
17
100
AcDbEntity
  8
0
100
AcDbLine
 10
132.228
 20
-477.031
 30
0.0
 11
131.789
 21
-474.082
 31
0.0
  0
LINE
  5
324
330
17
100
AcDbEntity
  8
0
100
AcDbLine
 10
460.19
 20
-560.326
 30
0.0
 11
460.463
 21
-562.369
 31
0.0
  0
LINE
  5
325
330
17
100
AcDbEntity
  8
0
100
AcDbLine
 10
462.767
 20
-559.981
 30
0.0
 11
460.19
 21
-560.326
 31
0.0
  0
LINE
  5
326
330
17
100
AcDbEntity
  8
0
100
AcDbLine
 10
463.036
 20
-561.997
 30
0.0
 11
462.767
 21
-559.981
 31
0.0
  0
LINE
  5
327
330
17
100
AcDbEntity
  8
0
100
AcDbLine
 10
459.965
 20
-560.155
 30
0.0
 11
460.265
 21
-562.398
 31
0.0
  0
LINE
  5
328
330
17
100
AcDbEntity
  8
0
100
AcDbLine
 10
462.938
 20
-559.757
 30
0.0
 11
459.965
 21
-560.155
 31
0.0
  0
LINE
  5
329
330
17
100
AcDbEntity
  8
0
100
AcDbLine
 10
463.234
 20
-561.969
 30
0.0
 11
462.938
 21
-559.757
 31
0.0
  0
LINE
  5
32A
330
17
100
AcDbEntity
  8
0
100
AcDbLine
 10
308.469
 20
-384.381
 30
0.0
 11
308.469
 21
-384.392
 31
0.0
  0
LINE
  5
32B
330
17
100
AcDbEntity
  8
0
100
AcDbLine
 10
308.969
 20
-384.381
 30
0.0
 11
308.469
 21
-384.381
 31
0.0
  0
LINE
  5
32C
330
17
100
AcDbEntity
  8
0
100
AcDbLine
 10
308.969
 20
-384.392
 30
0.0
 11
308.969
 21
-384.381
 31
0.0
  0
LINE
  5
32D
330
17
100
AcDbEntity
  8
0
100
AcDbLine
 10
208.521
 20
-229.692
 30
0.0
 11
178.675
 21
-229.692
 31
0.0
  0
LINE
  5
32E
330
17
100
AcDbEntity
  8
0
100
AcDbLine
 10
306.176
 20
-384.381
 30
0.0
 11
306.176
 21
-384.392
 31
0.0
  0
LINE
  5
32F
330
17
100
AcDbEntity
  8
0
100
AcDbLine
 10
306.676
 20
-384.381
 30
0.0
 11
306.176
 21
-384.381
 31
0.0
  0
LINE
  5
330
330
17
100
AcDbEntity
  8
0
100
AcDbLine
 10
306.676
 20
-384.392
 30
0.0
 11
306.676
 21
-384.381
 31
0.0
  0
LINE
  5
331
330
17
100
AcDbEntity
  8
0
100
AcDbLine
 10
303.718
 20
-385.392
 30
0.0
 11
303.718
 21
-385.392
 31
0.0
  0
LINE
  5
332
330
17
100
AcDbEntity
  8
0
100
AcDbLine
 10
304.718
 20
-385.392
 30
0.0
 11
304.718
 21
-385.392
 31
0.0
  0
LINE
  5
333
330
17
100
AcDbEntity
  8
0
100
AcDbLine
 10
303.718
 20
-385.392
 30
0.0
 11
304.718
 21
-385.392
 31
0.0
  0
LINE
  5
334
330
17
100
AcDbEntity
  8
0
100
AcDbLine
 10
418.2
 20
-215.422
 30
0.0
 11
412.842
 21
-215.422
 31
0.0
  0
LINE
  5
335
330
17
100
AcDbEntity
  8
0
100
AcDbLine
 10
418.2
 20
-197.422
 30
0.0
 11
418.2
 21
-215.422
 31
0.0
  0
LINE
  5
336
330
17
100
AcDbEntity
  8
0
100
AcDbLine
 10
439.355
 20
-197.422
 30
0.0
 11
418.2
 21
-197.422
 31
0.0
  0
LINE
  5
337
330
17
100
AcDbEntity
  8
0
100
AcDbLine
 10
208.521
 20
-228.114
 30
0.0
 11
170.255
 21
-228.114
 31
0.0
  0
LINE
  5
338
330
17
100
AcDbEntity
  8
0
100
AcDbLine
 10
208.521
 20
-284.946
 30
0.0
 11
209.521
 21
-284.946
 31
0.0
  0
LINE
  5
339
330
17
100
AcDbEntity
  8
0
100
AcDbLine
 10
85.0011
 20
-311.392
 30
0.0
 11
73.156
 21
-311.392
 31
0.0
  0
LINE
  5
33A
330
17
100
AcDbEntity
  8
0
100
AcDbLine
 10
85.0011
 20
-395.993
 30
0.0
 11
85.0011
 21
-311.392
 31
0.0
  0
LINE
  5
33B
330
17
100
AcDbEntity
  8
0
100
AcDbLine
 10
139.941
 20
-395.993
 30
0.0
 11
85.0011
 21
-395.993
 31
0.0
  0
LINE
  5
33C
330
17
100
AcDbEntity
  8
0
100
AcDbLine
 10
173.602
 20
-381.26
 30
0.0
 11
173.602
 21
-395.769
 31
0.0
  0
LINE
  5
33D
330
17
100
AcDbEntity
  8
0
100
AcDbLine
 10
218.803
 20
-381.489
 30
0.0
 11
173.602
 21
-381.26
 31
0.0
  0
LINE
  5
33E
330
17
100
AcDbEntity
  8
0
100
AcDbLine
 10
326.421
 20
-384.381
 30
0.0
 11
326.421
 21
-384.392
 31
0.0
  0
LINE
  5
33F
330
17
100
AcDbEntity
  8
0
100
AcDbLine
 10
326.921
 20
-384.381
 30
0.0
 11
326.421
 21
-384.381
 31
0.0
  0
LINE
  5
340
330
17
100
AcDbEntity
  8
0
100
AcDbLine
 10
326.921
 20
-384.392
 30
0.0
 11
326.921
 21
-384.381
 31
0.0
  0
LINE
  5
341
330
17
100
AcDbEntity
  8
0
100
AcDbLine
 10
328.603
 20
-385.392
 30
0.0
 11
328.603
 21
-385.392
 31
0.0
  0
LINE
  5
342
330
17
100
AcDbEntity
  8
0
100
AcDbLine
 10
329.603
 20
-385.392
 30
0.0
 11
329.603
 21
-385.392
 31
0.0
  0
LINE
  5
343
330
17
100
AcDbEntity
  8
0
100
AcDbLine
 10
328.603
 20
-385.392
 30
0.0
 11
329.603
 21
-385.392
 31
0.0
  0
LINE
  5
344
330
17
100
AcDbEntity
  8
0
100
AcDbLine
 10
324.128
 20
-384.381
 30
0.0
 11
324.128
 21
-384.392
 31
0.0
  0
LINE
  5
345
330
17
100
AcDbEntity
  8
0
100
AcDbLine
 10
324.628
 20
-384.381
 30
0.0
 11
324.128
 21
-384.381
 31
0.0
  0
LINE
  5
346
330
17
100
AcDbEntity
  8
0
100
AcDbLine
 10
324.628
 20
-384.392
 30
0.0
 11
324.628
 21
-384.381
 31
0.0
  0
LINE
  5
347
330
17
100
AcDbEntity
  8
0
100
AcDbLine
 10
349.485
 20
-384.381
 30
0.0
 11
349.485
 21
-384.392
 31
0.0
  0
LINE
  5
348
330
17
100
AcDbEntity
  8
0
100
AcDbLine
 10
349.985
 20
-384.381
 30
0.0
 11
349.485
 21
-384.381
 31
0.0
  0
LINE
  5
349
330
17
100
AcDbEntity
  8
0
100
AcDbLine
 10
349.985
 20
-384.392
 30
0.0
 11
349.985
 21
-384.381
 31
0.0
  0
LINE
  5
34A
330
17
100
AcDbEntity
  8
0
100
AcDbLine
 10
331.533
 20
-384.381
 30
0.0
 11
331.533
 21
-384.392
 31
0.0
  0
LINE
  5
34B
330
17
100
AcDbEntity
  8
0
100
AcDbLine
 10
332.033
 20
-384.381
 30
0.0
 11
331.533
 21
-384.381
 31
0.0
  0
LINE
  5
34C
330
17
100
AcDbEntity
  8
0
100
AcDbLine
 10
332.033
 20
-384.392
 30
0.0
 11
332.033
 21
-384.381
 31
0.0
  0
LINE
  5
34D
330
17
100
AcDbEntity
  8
0
100
AcDbLine
 10
333.826
 20
-384.381
 30
0.0
 11
333.826
 21
-384.392
 31
0.0
  0
LINE
  5
34E
330
17
100
AcDbEntity
  8
0
100
AcDbLine
 10
334.326
 20
-384.381
 30
0.0
 11
333.826
 21
-384.381
 31
0.0
  0
LINE
  5
34F
330
17
100
AcDbEntity
  8
0
100
AcDbLine
 10
334.326
 20
-384.392
 30
0.0
 11
334.326
 21
-384.381
 31
0.0
  0
LINE
  5
350
330
17
100
AcDbEntity
  8
0
100
AcDbLine
 10
359.261
 20
-384.381
 30
0.0
 11
359.261
 21
-384.392
 31
0.0
  0
LINE
  5
351
330
17
100
AcDbEntity
  8
0
100
AcDbLine
 10
359.761
 20
-384.381
 30
0.0
 11
359.261
 21
-384.381
 31
0.0
  0
LINE
  5
352
330
17
100
AcDbEntity
  8
0
100
AcDbLine
 10
359.761
 20
-384.392
 30
0.0
 11
359.761
 21
-384.381
 31
0.0
  0
LINE
  5
353
330
17
100
AcDbEntity
  8
0
100
AcDbLine
 10
353.96
 20
-385.392
 30
0.0
 11
353.96
 21
-385.392
 31
0.0
  0
LINE
  5
354
330
17
100
AcDbEntity
  8
0
100
AcDbLine
 10
354.96
 20
-385.392
 30
0.0
 11
354.96
 21
-385.392
 31
0.0
  0
LINE
  5
355
330
17
100
AcDbEntity
  8
0
100
AcDbLine
 10
353.96
 20
-385.392
 30
0.0
 11
354.96
 21
-385.392
 31
0.0
  0
LINE
  5
356
330
17
100
AcDbEntity
  8
0
100
AcDbLine
 10
351.778
 20
-384.381
 30
0.0
 11
351.778
 21
-384.392
 31
0.0
  0
LINE
  5
357
330
17
100
AcDbEntity
  8
0
100
AcDbLine
 10
352.278
 20
-384.381
 30
0.0
 11
351.778
 21
-384.381
 31
0.0
  0
LINE
  5
358
330
17
100
AcDbEntity
  8
0
100
AcDbLine
 10
352.278
 20
-384.392
 30
0.0
 11
352.278
 21
-384.381
 31
0.0
  0
LINE
  5
359
330
17
100
AcDbEntity
  8
0
100
AcDbLine
 10
374.92
 20
-384.381
 30
0.0
 11
374.92
 21
-384.392
 31
0.0
  0
LINE
  5
35A
330
17
100
AcDbEntity
  8
0
100
AcDbLine
 10
375.42
 20
-384.381
 30
0.0
 11
374.92
 21
-384.381
 31
0.0
  0
LINE
  5
35B
330
17
100
AcDbEntity
  8
0
100
AcDbLine
 10
375.42
 20
-384.392
 30
0.0
 11
375.42
 21
-384.381
 31
0.0
  0
LINE
  5
35C
330
17
100
AcDbEntity
  8
0
100
AcDbLine
 10
356.968
 20
-384.381
 30
0.0
 11
356.968
 21
-384.392
 31
0.0
  0
LINE
  5
35D
330
17
100
AcDbEntity
  8
0
100
AcDbLine
 10
357.468
 20
-384.381
 30
0.0
 11
356.968
 21
-384.381
 31
0.0
  0
LINE
  5
35E
330
17
100
AcDbEntity
  8
0
100
AcDbLine
 10
357.468
 20
-384.392
 30
0.0
 11
357.468
 21
-384.381
 31
0.0
  0
LINE
  5
35F
330
17
100
AcDbEntity
  8
0
100
AcDbLine
 10
377.213
 20
-384.381
 30
0.0
 11
377.213
 21
-384.392
 31
0.0
  0
LINE
  5
360
330
17
100
AcDbEntity
  8
0
100
AcDbLine
 10
377.713
 20
-384.381
 30
0.0
 11
377.213
 21
-384.381
 31
0.0
  0
LINE
  5
361
330
17
100
AcDbEntity
  8
0
100
AcDbLine
 10
377.713
 20
-384.392
 30
0.0
 11
377.713
 21
-384.381
 31
0.0
  0
LINE
  5
362
330
17
100
AcDbEntity
  8
0
100
AcDbLine
 10
379.395
 20
-385.392
 30
0.0
 11
379.395
 21
-385.392
 31
0.0
  0
LINE
  5
363
330
17
100
AcDbEntity
  8
0
100
AcDbLine
 10
380.395
 20
-385.392
 30
0.0
 11
380.395
 21
-385.392
 31
0.0
  0
LINE
  5
364
330
17
100
AcDbEntity
  8
0
100
AcDbLine
 10
379.395
 20
-385.392
 30
0.0
 11
380.395
 21
-385.392
 31
0.0
  0
LINE
  5
365
330
17
100
AcDbEntity
  8
0
100
AcDbLine
 10
385.031
 20
-384.381
 30
0.0
 11
385.031
 21
-384.392
 31
0.0
  0
LINE
  5
366
330
17
100
AcDbEntity
  8
0
100
AcDbLine
 10
385.531
 20
-384.381
 30
0.0
 11
385.031
 21
-384.381
 31
0.0
  0
LINE
  5
367
330
17
100
AcDbEntity
  8
0
100
AcDbLine
 10
385.531
 20
-384.392
 30
0.0
 11
385.531
 21
-384.381
 31
0.0
  0
LINE
  5
368
330
17
100
AcDbEntity
  8
0
100
AcDbLine
 10
382.738
 20
-384.381
 30
0.0
 11
382.738
 21
-384.392
 31
0.0
  0
LINE
  5
369
330
17
100
AcDbEntity
  8
0
100
AcDbLine
 10
383.238
 20
-384.381
 30
0.0
 11
382.738
 21
-384.381
 31
0.0
  0
LINE
  5
36A
330
17
100
AcDbEntity
  8
0
100
AcDbLine
 10
383.238
 20
-384.392
 30
0.0
 11
383.238
 21
-384.381
 31
0.0
  0
LINE
  5
36B
330
17
100
AcDbEntity
  8
0
100
AcDbLine
 10
283.999
 20
-384.381
 30
0.0
 11
283.999
 21
-384.392
 31
0.0
  0
LINE
  5
36C
330
17
100
AcDbEntity
  8
0
100
AcDbLine
 10
284.499
 20
-384.381
 30
0.0
 11
283.999
 21
-384.381
 31
0.0
  0
LINE
  5
36D
330
17
100
AcDbEntity
  8
0
100
AcDbLine
 10
284.499
 20
-384.392
 30
0.0
 11
284.499
 21
-384.381
 31
0.0
  0
LINE
  5
36E
330
17
100
AcDbEntity
  8
0
100
AcDbLine
 10
299.657
 20
-384.381
 30
0.0
 11
299.657
 21
-384.392
 31
0.0
  0
LINE
  5
36F
330
17
100
AcDbEntity
  8
0
100
AcDbLine
 10
300.157
 20
-384.381
 30
0.0
 11
299.657
 21
-384.381
 31
0.0
  0
LINE
  5
370
330
17
100
AcDbEntity
  8
0
100
AcDbLine
 10
300.157
 20
-384.392
 30
0.0
 11
300.157
 21
-384.381
 31
0.0
  0
LINE
  5
371
330
17
100
AcDbEntity
  8
0
100
AcDbLine
 10
301.951
 20
-384.381
 30
0.0
 11
301.951
 21
-384.392
 31
0.0
  0
LINE
  5
372
330
17
100
AcDbEntity
  8
0
100
AcDbLine
 10
302.451
 20
-384.381
 30
0.0
 11
301.951
 21
-384.381
 31
0.0
  0
LINE
  5
373
330
17
100
AcDbEntity
  8
0
100
AcDbLine
 10
302.451
 20
-384.392
 30
0.0
 11
302.451
 21
-384.381
 31
0.0
  0
LINE
  5
374
330
17
100
AcDbEntity
  8
0
100
AcDbLine
 10
281.705
 20
-384.381
 30
0.0
 11
281.705
 21
-384.392
 31
0.0
  0
LINE
  5
375
330
17
100
AcDbEntity
  8
0
100
AcDbLine
 10
282.205
 20
-384.381
 30
0.0
 11
281.705
 21
-384.381
 31
0.0
  0
LINE
  5
376
330
17
100
AcDbEntity
  8
0
100
AcDbLine
 10
282.205
 20
-384.392
 30
0.0
 11
282.205
 21
-384.381
 31
0.0
  0
LINE
  5
377
330
17
100
AcDbEntity
  8
0
100
AcDbLine
 10
279.937
 20
-384.381
 30
0.0
 11
279.937
 21
-384.392
 31
0.0
  0
LINE
  5
378
330
17
100
AcDbEntity
  8
0
100
AcDbLine
 10
280.437
 20
-384.381
 30
0.0
 11
279.937
 21
-384.381
 31
0.0
  0
LINE
  5
379
330
17
100
AcDbEntity
  8
0
100
AcDbLine
 10
280.437
 20
-384.392
 30
0.0
 11
280.437
 21
-384.381
 31
0.0
  0
LINE
  5
37A
330
17
100
AcDbEntity
  8
0
100
AcDbLine
 10
277.644
 20
-384.381
 30
0.0
 11
277.644
 21
-384.392
 31
0.0
  0
LINE
  5
37B
330
17
100
AcDbEntity
  8
0
100
AcDbLine
 10
278.144
 20
-384.381
 30
0.0
 11
277.644
 21
-384.381
 31
0.0
  0
LINE
  5
37C
330
17
100
AcDbEntity
  8
0
100
AcDbLine
 10
278.144
 20
-384.392
 30
0.0
 11
278.144
 21
-384.381
 31
0.0
  0
LINE
  5
37D
330
17
100
AcDbEntity
  8
0
100
AcDbLine
 10
412.842
 20
-215.422
 30
0.0
 11
332.842
 21
-215.422
 31
0.0
  0
LINE
  5
37E
330
17
100
AcDbEntity
  8
0
100
AcDbLine
 10
412.842
 20
-210.822
 30
0.0
 11
412.842
 21
-215.422
 31
0.0
  0
LINE
  5
37F
330
17
100
AcDbEntity
  8
0
100
AcDbLine
 10
332.842
 20
-210.822
 30
0.0
 11
412.842
 21
-210.822
 31
0.0
  0
LINE
  5
380
330
17
100
AcDbEntity
  8
0
100
AcDbLine
 10
332.842
 20
-215.422
 30
0.0
 11
332.842
 21
-210.822
 31
0.0
  0
LINE
  5
381
330
17
100
AcDbEntity
  8
0
100
AcDbLine
 10
332.842
 20
-150.822
 30
0.0
 11
332.842
 21
-215.422
 31
0.0
  0
LINE
  5
382
330
17
100
AcDbEntity
  8
0
100
AcDbLine
 10
328.242
 20
-150.822
 30
0.0
 11
332.842
 21
-150.822
 31
0.0
  0
LINE
  5
383
330
17
100
AcDbEntity
  8
0
100
AcDbLine
 10
328.242
 20
-215.422
 30
0.0
 11
328.242
 21
-150.822
 31
0.0
  0
LINE
  5
384
330
17
100
AcDbEntity
  8
0
100
AcDbLine
 10
332.842
 20
-215.422
 30
0.0
 11
328.242
 21
-215.422
 31
0.0
  0
LINE
  5
385
330
17
100
AcDbEntity
  8
0
100
AcDbLine
 10
7.37183
 20
-205.716
 30
0.0
 11
7.37183
 21
-309.233
 31
0.0
  0
LINE
  5
386
330
17
100
AcDbEntity
  8
0
100
AcDbLine
 10
34.4225
 20
-205.716
 30
0.0
 11
7.37183
 21
-205.716
 31
0.0
  0
LINE
  5
387
330
17
100
AcDbEntity
  8
0
100
AcDbLine
 10
7.37183
 20
-309.233
 30
0.0
 11
34.4225
 21
-309.233
 31
0.0
  0
LINE
  5
388
330
17
100
AcDbEntity
  8
0
100
AcDbLine
 10
257.54
 20
-352.416
 30
0.0
 11
261.098
 21
-352.416
 31
0.0
  0
LINE
  5
389
330
17
100
AcDbEntity
  8
0
100
AcDbLine
 10
262.234
 20
-352.416
 30
0.0
 11
397.281
 21
-352.416
 31
0.0
  0
LINE
  5
38A
330
17
100
AcDbEntity
  8
0
100
AcDbLine
 10
397.281
 20
-322.838
 30
0.0
 11
257.537
 21
-322.838
 31
0.0
  0
LINE
  5
38B
330
17
100
AcDbEntity
  8
0
100
AcDbLine
 10
439.355
 20
-229.174
 30
0.0
 11
439.355
 21
-198.174
 31
0.0
  0
LINE
  5
38C
330
17
100
AcDbEntity
  8
0
100
AcDbLine
 10
443.955
 20
-229.174
 30
0.0
 11
443.955
 21
-198.174
 31
0.0
  0
LINE
  5
38D
330
17
100
AcDbEntity
  8
0
100
AcDbLine
 10
439.355
 20
-238.022
 30
0.0
 11
443.955
 21
-238.022
 31
0.0
  0
LINE
  5
38E
330
17
100
AcDbEntity
  8
0
100
AcDbLine
 10
443.955
 20
-229.174
 30
0.0
 11
443.955
 21
-238.022
 31
0.0
  0
LINE
  5
38F
330
17
100
AcDbEntity
  8
0
100
AcDbLine
 10
443.955
 20
-229.174
 30
0.0
 11
439.355
 21
-229.174
 31
0.0
  0
LINE
  5
390
330
17
100
AcDbEntity
  8
0
100
AcDbLine
 10
439.355
 20
-229.174
 30
0.0
 11
439.355
 21
-238.022
 31
0.0
  0
LINE
  5
391
330
17
100
AcDbEntity
  8
0
100
AcDbLine
 10
439.355
 20
-146.222
 30
0.0
 11
439.355
 21
-198.174
 31
0.0
  0
LINE
  5
392
330
17
100
AcDbEntity
  8
0
100
AcDbLine
 10
439.355
 20
-198.174
 30
0.0
 11
443.955
 21
-198.174
 31
0.0
  0
LINE
  5
393
330
17
100
AcDbEntity
  8
0
100
AcDbLine
 10
443.955
 20
-146.222
 30
0.0
 11
443.955
 21
-198.174
 31
0.0
  0
LINE
  5
394
330
17
100
AcDbEntity
  8
0
100
AcDbLine
 10
439.355
 20
-146.222
 30
0.0
 11
443.955
 21
-146.222
 31
0.0
  0
LINE
  5
395
330
17
100
AcDbEntity
  8
0
100
AcDbLine
 10
250.013
 20
-77.9215
 30
0.0
 11
250.013
 21
-58.7429
 31
0.0
  0
LINE
  5
396
330
17
100
AcDbEntity
  8
0
100
AcDbLine
 10
250.013
 20
-58.7429
 30
0.0
 11
190.013
 21
-58.7429
 31
0.0
  0
LINE
  5
397
330
17
100
AcDbEntity
  8
0
100
AcDbLine
 10
190.013
 20
-58.7429
 30
0.0
 11
190.013
 21
-77.9215
 31
0.0
  0
LINE
  5
398
330
17
100
AcDbEntity
  8
0
100
AcDbLine
 10
274.858
 20
-77.9215
 30
0.0
 11
274.858
 21
-58.7429
 31
0.0
  0
LINE
  5
399
330
17
100
AcDbEntity
  8
0
100
AcDbLine
 10
274.858
 20
-58.7429
 30
0.0
 11
254.858
 21
-58.7429
 31
0.0
  0
LINE
  5
39A
330
17
100
AcDbEntity
  8
0
100
AcDbLine
 10
254.858
 20
-58.7429
 30
0.0
 11
254.858
 21
-77.9215
 31
0.0
  0
LINE
  5
39B
330
17
100
AcDbEntity
  8
0
100
AcDbLine
 10
11.8693
 20
-522.466
 30
0.0
 11
1.86933
 21
-522.466
 31
0.0
  0
LINE
  5
39C
330
17
100
AcDbEntity
  8
0
100
AcDbLine
 10
11.8693
 20
-522.466
 30
0.0
 11
11.8693
 21
-516.466
 31
0.0
  0
LINE
  5
39D
330
17
100
AcDbEntity
  8
0
100
AcDbLine
 10
11.8693
 20
-516.466
 30
0.0
 11
1.86933
 21
-516.466
 31
0.0
  0
LINE
  5
39E
330
17
100
AcDbEntity
  8
0
100
AcDbLine
 10
1.86933
 20
-516.466
 30
0.0
 11
1.86933
 21
-522.466
 31
0.0
  0
LINE
  5
39F
330
17
100
AcDbEntity
  8
0
100
AcDbLine
 10
417.442
 20
-171.304
 30
0.0
 11
412.842
 21
-171.304
 31
0.0
  0
LINE
  5
3A0
330
17
100
AcDbEntity
  8
0
100
AcDbLine
 10
412.842
 20
-171.304
 30
0.0
 11
412.842
 21
-215.422
 31
0.0
  0
LINE
  5
3A1
330
17
100
AcDbEntity
  8
0
100
AcDbLine
 10
412.842
 20
-215.422
 30
0.0
 11
417.442
 21
-215.422
 31
0.0
  0
LINE
  5
3A2
330
17
100
AcDbEntity
  8
0
100
AcDbLine
 10
417.442
 20
-171.304
 30
0.0
 11
417.442
 21
-215.422
 31
0.0
  0
LINE
  5
3A3
330
17
100
AcDbEntity
  8
0
100
AcDbLine
 10
412.842
 20
-151.304
 30
0.0
 11
417.442
 21
-151.304
 31
0.0
  0
LINE
  5
3A4
330
17
100
AcDbEntity
  8
0
100
AcDbLine
 10
417.442
 20
-150.822
 30
0.0
 11
417.442
 21
-151.304
 31
0.0
  0
LINE
  5
3A5
330
17
100
AcDbEntity
  8
0
100
AcDbLine
 10
412.842
 20
-150.822
 30
0.0
 11
417.442
 21
-150.822
 31
0.0
  0
LINE
  5
3A6
330
17
100
AcDbEntity
  8
0
100
AcDbLine
 10
412.842
 20
-150.822
 30
0.0
 11
412.842
 21
-151.304
 31
0.0
  0
LINE
  5
3A7
330
17
100
AcDbEntity
  8
0
100
AcDbLine
 10
84.4136
 20
-311.393
 30
0.0
 11
73.156
 21
-311.393
 31
0.0
  0
LINE
  5
3A8
330
17
100
AcDbEntity
  8
0
100
AcDbLine
 10
84.4136
 20
-390.993
 30
0.0
 11
84.4136
 21
-311.393
 31
0.0
  0
LINE
  5
3A9
330
17
100
AcDbEntity
  8
0
100
AcDbLine
 10
85.0011
 20
-390.993
 30
0.0
 11
84.4136
 21
-390.993
 31
0.0
  0
LINE
  5
3AA
330
17
100
AcDbEntity
  8
0
100
AcDbLine
 10
139.941
 20
-426.865
 30
0.0
 11
73.156
 21
-426.865
 31
0.0
  0
LINE
  5
3AB
330
17
100
AcDbEntity
  8
0
100
AcDbLine
 10
549.078
 20
-412.99
 30
0.0
 11
262.234
 21
-412.99
 31
0.0
  0
LINE
  5
3AC
330
17
100
AcDbEntity
  8
0
100
AcDbLine
 10
549.078
 20
-518.866
 30
0.0
 11
549.078
 21
-412.99
 31
0.0
  0
LINE
  5
3AD
330
17
100
AcDbEntity
  8
0
100
AcDbLine
 10
470.644
 20
-518.866
 30
0.0
 11
549.078
 21
-518.866
 31
0.0
  0
LINE
  5
3AE
330
17
100
AcDbEntity
  8
0
100
AcDbLine
 10
459.706
 20
-520.598
 30
0.0
 11
470.644
 21
-518.866
 31
0.0
  0
LINE
  5
3AF
330
17
100
AcDbEntity
  8
0
100
AcDbLine
 10
449.839
 20
-525.625
 30
0.0
 11
459.706
 21
-520.598
 31
0.0
  0
LINE
  5
3B0
330
17
100
AcDbEntity
  8
0
100
AcDbLine
 10
442.009
 20
-533.456
 30
0.0
 11
449.839
 21
-525.625
 31
0.0
  0
LINE
  5
3B1
330
17
100
AcDbEntity
  8
0
100
AcDbLine
 10
436.981
 20
-543.323
 30
0.0
 11
442.009
 21
-533.456
 31
0.0
  0
LINE
  5
3B2
330
17
100
AcDbEntity
  8
0
100
AcDbLine
 10
435.249
 20
-554.261
 30
0.0
 11
436.981
 21
-543.323
 31
0.0
  0
LINE
  5
3B3
330
17
100
AcDbEntity
  8
0
100
AcDbLine
 10
435.249
 20
-574.597
 30
0.0
 11
435.249
 21
-569.648
 31
0.0
  0
LINE
  5
3B4
330
17
100
AcDbEntity
  8
0
100
AcDbLine
 10
435.249
 20
-566.011
 30
0.0
 11
435.249
 21
-554.261
 31
0.0
  0
LINE
  5
3B5
330
17
100
AcDbEntity
  8
0
100
AcDbLine
 10
353.128
 20
-574.597
 30
0.0
 11
365.747
 21
-574.597
 31
0.0
  0
LINE
  5
3B6
330
17
100
AcDbEntity
  8
0
100
AcDbLine
 10
366.455
 20
-574.597
 30
0.0
 11
375.812
 21
-574.597
 31
0.0
  0
LINE
  5
3B7
330
17
100
AcDbEntity
  8
0
100
AcDbLine
 10
426.636
 20
-574.597
 30
0.0
 11
435.249
 21
-574.597
 31
0.0
  0
LINE
  5
3B8
330
17
100
AcDbEntity
  8
0
100
AcDbLine
 10
353.128
 20
-554.261
 30
0.0
 11
353.128
 21
-574.597
 31
0.0
  0
LINE
  5
3B9
330
17
100
AcDbEntity
  8
0
100
AcDbLine
 10
351.395
 20
-543.323
 30
0.0
 11
353.128
 21
-554.261
 31
0.0
  0
LINE
  5
3BA
330
17
100
AcDbEntity
  8
0
100
AcDbLine
 10
346.368
 20
-533.456
 30
0.0
 11
351.395
 21
-543.323
 31
0.0
  0
LINE
  5
3BB
330
17
100
AcDbEntity
  8
0
100
AcDbLine
 10
338.537
 20
-525.625
 30
0.0
 11
346.368
 21
-533.456
 31
0.0
  0
LINE
  5
3BC
330
17
100
AcDbEntity
  8
0
100
AcDbLine
 10
328.67
 20
-520.598
 30
0.0
 11
338.537
 21
-525.625
 31
0.0
  0
LINE
  5
3BD
330
17
100
AcDbEntity
  8
0
100
AcDbLine
 10
317.732
 20
-518.866
 30
0.0
 11
328.67
 21
-520.598
 31
0.0
  0
LINE
  5
3BE
330
17
100
AcDbEntity
  8
0
100
AcDbLine
 10
178.675
 20
-518.866
 30
0.0
 11
179.038
 21
-518.866
 31
0.0
  0
LINE
  5
3BF
330
17
100
AcDbEntity
  8
0
100
AcDbLine
 10
184.172
 20
-518.866
 30
0.0
 11
317.732
 21
-518.866
 31
0.0
  0
LINE
  5
3C0
330
17
100
AcDbEntity
  8
0
100
AcDbLine
 10
59.7005
 20
-32.8503
 30
0.0
 11
21.7312
 21
-32.8503
 31
0.0
  0
LINE
  5
3C1
330
17
100
AcDbEntity
  8
0
100
AcDbLine
 10
59.7005
 20
4.34967
 30
0.0
 11
59.7005
 21
-32.8503
 31
0.0
  0
LINE
  5
3C2
330
17
100
AcDbEntity
  8
0
100
AcDbLine
 10
24.2448
 20
4.34967
 30
0.0
 11
59.7005
 21
4.34967
 31
0.0
  0
LINE
  5
3C3
330
17
100
AcDbEntity
  8
0
100
AcDbLine
 10
21.7312
 20
-32.8503
 30
0.0
 11
24.2448
 21
4.34967
 31
0.0
  0
LINE
  5
3C4
330
17
100
AcDbEntity
  8
0
100
AcDbLine
 10
164.675
 20
-395.769
 30
0.0
 11
164.675
 21
-367.467
 31
0.0
  0
LINE
  5
3C5
330
17
100
AcDbEntity
  8
0
100
AcDbLine
 10
161.675
 20
-395.769
 30
0.0
 11
161.675
 21
-367.467
 31
0.0
  0
LINE
  5
3C6
330
17
100
AcDbEntity
  8
0
100
AcDbLine
 10
439.355
 20
-146.222
 30
0.0
 11
439.355
 21
-150.822
 31
0.0
  0
LINE
  5
3C7
330
17
100
AcDbEntity
  8
0
100
AcDbLine
 10
439.232
 20
-146.222
 30
0.0
 11
439.355
 21
-146.222
 31
0.0
  0
LINE
  5
3C8
330
17
100
AcDbEntity
  8
0
100
AcDbLine
 10
439.232
 20
-146.222
 30
0.0
 11
439.232
 21
-150.822
 31
0.0
  0
LINE
  5
3C9
330
17
100
AcDbEntity
  8
0
100
AcDbLine
 10
439.355
 20
-150.822
 30
0.0
 11
439.232
 21
-150.822
 31
0.0
  0
LINE
  5
3CA
330
17
100
AcDbEntity
  8
0
100
AcDbLine
 10
419.232
 20
-150.822
 30
0.0
 11
328.242
 21
-150.822
 31
0.0
  0
LINE
  5
3CB
330
17
100
AcDbEntity
  8
0
100
AcDbLine
 10
419.232
 20
-150.822
 30
0.0
 11
419.232
 21
-146.222
 31
0.0
  0
LINE
  5
3CC
330
17
100
AcDbEntity
  8
0
100
AcDbLine
 10
328.242
 20
-146.222
 30
0.0
 11
419.232
 21
-146.222
 31
0.0
  0
LINE
  5
3CD
330
17
100
AcDbEntity
  8
0
100
AcDbLine
 10
328.242
 20
-150.822
 30
0.0
 11
328.242
 21
-146.222
 31
0.0
  0
LINE
  5
3CE
330
17
100
AcDbEntity
  8
0
100
AcDbLine
 10
278.841
 20
-392.063
 30
0.0
 11
280.042
 21
-391.698
 31
0.0
  0
LINE
  5
3CF
330
17
100
AcDbEntity
  8
0
100
AcDbLine
 10
277.734
 20
-392.654
 30
0.0
 11
278.841
 21
-392.063
 31
0.0
  0
LINE
  5
3D0
330
17
100
AcDbEntity
  8
0
100
AcDbLine
 10
276.764
 20
-393.45
 30
0.0
 11
277.734
 21
-392.654
 31
0.0
  0
LINE
  5
3D1
330
17
100
AcDbEntity
  8
0
100
AcDbLine
 10
275.968
 20
-394.421
 30
0.0
 11
276.764
 21
-393.45
 31
0.0
  0
LINE
  5
3D2
330
17
100
AcDbEntity
  8
0
100
AcDbLine
 10
275.377
 20
-395.527
 30
0.0
 11
275.968
 21
-394.421
 31
0.0
  0
LINE
  5
3D3
330
17
100
AcDbEntity
  8
0
100
AcDbLine
 10
275.012
 20
-396.728
 30
0.0
 11
275.377
 21
-395.527
 31
0.0
  0
LINE
  5
3D4
330
17
100
AcDbEntity
  8
0
100
AcDbLine
 10
274.889
 20
-397.977
 30
0.0
 11
275.012
 21
-396.728
 31
0.0
  0
LINE
  5
3D5
330
17
100
AcDbEntity
  8
0
100
AcDbLine
 10
275.012
 20
-399.226
 30
0.0
 11
274.889
 21
-397.977
 31
0.0
  0
LINE
  5
3D6
330
17
100
AcDbEntity
  8
0
100
AcDbLine
 10
275.377
 20
-400.427
 30
0.0
 11
275.012
 21
-399.226
 31
0.0
  0
LINE
  5
3D7
330
17
100
AcDbEntity
  8
0
100
AcDbLine
 10
275.968
 20
-401.534
 30
0.0
 11
275.377
 21
-400.427
 31
0.0
  0
LINE
  5
3D8
330
17
100
AcDbEntity
  8
0
100
AcDbLine
 10
276.764
 20
-402.504
 30
0.0
 11
275.968
 21
-401.534
 31
0.0
  0
LINE
  5
3D9
330
17
100
AcDbEntity
  8
0
100
AcDbLine
 10
277.734
 20
-403.3
 30
0.0
 11
276.764
 21
-402.504
 31
0.0
  0
LINE
  5
3DA
330
17
100
AcDbEntity
  8
0
100
AcDbLine
 10
278.841
 20
-403.892
 30
0.0
 11
277.734
 21
-403.3
 31
0.0
  0
LINE
  5
3DB
330
17
100
AcDbEntity
  8
0
100
AcDbLine
 10
280.042
 20
-404.256
 30
0.0
 11
278.841
 21
-403.892
 31
0.0
  0
LINE
  5
3DC
330
17
100
AcDbEntity
  8
0
100
AcDbLine
 10
281.291
 20
-404.379
 30
0.0
 11
280.042
 21
-404.256
 31
0.0
  0
LINE
  5
3DD
330
17
100
AcDbEntity
  8
0
100
AcDbLine
 10
282.54
 20
-404.256
 30
0.0
 11
281.291
 21
-404.379
 31
0.0
  0
LINE
  5
3DE
330
17
100
AcDbEntity
  8
0
100
AcDbLine
 10
283.741
 20
-403.892
 30
0.0
 11
282.54
 21
-404.256
 31
0.0
  0
LINE
  5
3DF
330
17
100
AcDbEntity
  8
0
100
AcDbLine
 10
284.848
 20
-403.3
 30
0.0
 11
283.741
 21
-403.892
 31
0.0
  0
LINE
  5
3E0
330
17
100
AcDbEntity
  8
0
100
AcDbLine
 10
285.818
 20
-402.504
 30
0.0
 11
284.848
 21
-403.3
 31
0.0
  0
LINE
  5
3E1
330
17
100
AcDbEntity
  8
0
100
AcDbLine
 10
286.614
 20
-401.534
 30
0.0
 11
285.818
 21
-402.504
 31
0.0
  0
LINE
  5
3E2
330
17
100
AcDbEntity
  8
0
100
AcDbLine
 10
287.206
 20
-400.427
 30
0.0
 11
286.614
 21
-401.534
 31
0.0
  0
LINE
  5
3E3
330
17
100
AcDbEntity
  8
0
100
AcDbLine
 10
287.57
 20
-399.226
 30
0.0
 11
287.206
 21
-400.427
 31
0.0
  0
LINE
  5
3E4
330
17
100
AcDbEntity
  8
0
100
AcDbLine
 10
287.693
 20
-397.977
 30
0.0
 11
287.57
 21
-399.226
 31
0.0
  0
LINE
  5
3E5
330
17
100
AcDbEntity
  8
0
100
AcDbLine
 10
287.57
 20
-396.728
 30
0.0
 11
287.693
 21
-397.977
 31
0.0
  0
LINE
  5
3E6
330
17
100
AcDbEntity
  8
0
100
AcDbLine
 10
287.206
 20
-395.527
 30
0.0
 11
287.57
 21
-396.728
 31
0.0
  0
LINE
  5
3E7
330
17
100
AcDbEntity
  8
0
100
AcDbLine
 10
286.614
 20
-394.421
 30
0.0
 11
287.206
 21
-395.527
 31
0.0
  0
LINE
  5
3E8
330
17
100
AcDbEntity
  8
0
100
AcDbLine
 10
285.818
 20
-393.45
 30
0.0
 11
286.614
 21
-394.421
 31
0.0
  0
LINE
  5
3E9
330
17
100
AcDbEntity
  8
0
100
AcDbLine
 10
284.848
 20
-392.654
 30
0.0
 11
285.818
 21
-393.45
 31
0.0
  0
LINE
  5
3EA
330
17
100
AcDbEntity
  8
0
100
AcDbLine
 10
283.741
 20
-392.063
 30
0.0
 11
284.848
 21
-392.654
 31
0.0
  0
LINE
  5
3EB
330
17
100
AcDbEntity
  8
0
100
AcDbLine
 10
282.54
 20
-391.698
 30
0.0
 11
283.741
 21
-392.063
 31
0.0
  0
LINE
  5
3EC
330
17
100
AcDbEntity
  8
0
100
AcDbLine
 10
282.54
 20
-391.698
 30
0.0
 11
281.291
 21
-391.575
 31
0.0
  0
LINE
  5
3ED
330
17
100
AcDbEntity
  8
0
100
AcDbLine
 10
281.291
 20
-391.575
 30
0.0
 11
280.042
 21
-391.698
 31
0.0
  0
LINE
  5
3EE
330
17
100
AcDbEntity
  8
0
100
AcDbLine
 10
282.503
 20
-391.884
 30
0.0
 11
281.291
 21
-391.765
 31
0.0
  0
LINE
  5
3EF
330
17
100
AcDbEntity
  8
0
100
AcDbLine
 10
282.503
 20
-391.884
 30
0.0
 11
283.669
 21
-392.238
 31
0.0
  0
LINE
  5
3F0
330
17
100
AcDbEntity
  8
0
100
AcDbLine
 10
283.669
 20
-392.238
 30
0.0
 11
284.743
 21
-392.812
 31
0.0
  0
LINE
  5
3F1
330
17
100
AcDbEntity
  8
0
100
AcDbLine
 10
284.743
 20
-392.812
 30
0.0
 11
285.684
 21
-393.584
 31
0.0
  0
LINE
  5
3F2
330
17
100
AcDbEntity
  8
0
100
AcDbLine
 10
285.684
 20
-393.584
 30
0.0
 11
286.457
 21
-394.526
 31
0.0
  0
LINE
  5
3F3
330
17
100
AcDbEntity
  8
0
100
AcDbLine
 10
286.457
 20
-394.526
 30
0.0
 11
287.031
 21
-395.6
 31
0.0
  0
LINE
  5
3F4
330
17
100
AcDbEntity
  8
0
100
AcDbLine
 10
287.031
 20
-395.6
 30
0.0
 11
287.384
 21
-396.765
 31
0.0
  0
LINE
  5
3F5
330
17
100
AcDbEntity
  8
0
100
AcDbLine
 10
287.384
 20
-396.765
 30
0.0
 11
287.504
 21
-397.977
 31
0.0
  0
LINE
  5
3F6
330
17
100
AcDbEntity
  8
0
100
AcDbLine
 10
287.504
 20
-397.977
 30
0.0
 11
287.384
 21
-399.189
 31
0.0
  0
LINE
  5
3F7
330
17
100
AcDbEntity
  8
0
100
AcDbLine
 10
287.384
 20
-399.189
 30
0.0
 11
287.031
 21
-400.355
 31
0.0
  0
LINE
  5
3F8
330
17
100
AcDbEntity
  8
0
100
AcDbLine
 10
287.031
 20
-400.355
 30
0.0
 11
286.457
 21
-401.429
 31
0.0
  0
LINE
  5
3F9
330
17
100
AcDbEntity
  8
0
100
AcDbLine
 10
286.457
 20
-401.429
 30
0.0
 11
285.684
 21
-402.37
 31
0.0
  0
LINE
  5
3FA
330
17
100
AcDbEntity
  8
0
100
AcDbLine
 10
285.684
 20
-402.37
 30
0.0
 11
284.743
 21
-403.143
 31
0.0
  0
LINE
  5
3FB
330
17
100
AcDbEntity
  8
0
100
AcDbLine
 10
284.743
 20
-403.143
 30
0.0
 11
283.669
 21
-403.717
 31
0.0
  0
LINE
  5
3FC
330
17
100
AcDbEntity
  8
0
100
AcDbLine
 10
283.669
 20
-403.717
 30
0.0
 11
282.503
 21
-404.07
 31
0.0
  0
LINE
  5
3FD
330
17
100
AcDbEntity
  8
0
100
AcDbLine
 10
282.503
 20
-404.07
 30
0.0
 11
281.291
 21
-404.19
 31
0.0
  0
LINE
  5
3FE
330
17
100
AcDbEntity
  8
0
100
AcDbLine
 10
281.291
 20
-404.19
 30
0.0
 11
280.079
 21
-404.07
 31
0.0
  0
LINE
  5
3FF
330
17
100
AcDbEntity
  8
0
100
AcDbLine
 10
280.079
 20
-404.07
 30
0.0
 11
278.914
 21
-403.717
 31
0.0
  0
LINE
  5
400
330
17
100
AcDbEntity
  8
0
100
AcDbLine
 10
278.914
 20
-403.717
 30
0.0
 11
277.84
 21
-403.143
 31
0.0
  0
LINE
  5
401
330
17
100
AcDbEntity
  8
0
100
AcDbLine
 10
277.84
 20
-403.143
 30
0.0
 11
276.898
 21
-402.37
 31
0.0
  0
LINE
  5
402
330
17
100
AcDbEntity
  8
0
100
AcDbLine
 10
276.898
 20
-402.37
 30
0.0
 11
276.126
 21
-401.429
 31
0.0
  0
LINE
  5
403
330
17
100
AcDbEntity
  8
0
100
AcDbLine
 10
276.126
 20
-401.429
 30
0.0
 11
275.552
 21
-400.355
 31
0.0
  0
LINE
  5
404
330
17
100
AcDbEntity
  8
0
100
AcDbLine
 10
275.552
 20
-400.355
 30
0.0
 11
275.198
 21
-399.189
 31
0.0
  0
LINE
  5
405
330
17
100
AcDbEntity
  8
0
100
AcDbLine
 10
275.198
 20
-399.189
 30
0.0
 11
275.079
 21
-397.977
 31
0.0
  0
LINE
  5
406
330
17
100
AcDbEntity
  8
0
100
AcDbLine
 10
275.079
 20
-397.977
 30
0.0
 11
275.198
 21
-396.765
 31
0.0
  0
LINE
  5
407
330
17
100
AcDbEntity
  8
0
100
AcDbLine
 10
275.198
 20
-396.765
 30
0.0
 11
275.552
 21
-395.6
 31
0.0
  0
LINE
  5
408
330
17
100
AcDbEntity
  8
0
100
AcDbLine
 10
275.552
 20
-395.6
 30
0.0
 11
276.126
 21
-394.526
 31
0.0
  0
LINE
  5
409
330
17
100
AcDbEntity
  8
0
100
AcDbLine
 10
276.126
 20
-394.526
 30
0.0
 11
276.898
 21
-393.584
 31
0.0
  0
LINE
  5
40A
330
17
100
AcDbEntity
  8
0
100
AcDbLine
 10
276.898
 20
-393.584
 30
0.0
 11
277.84
 21
-392.812
 31
0.0
  0
LINE
  5
40B
330
17
100
AcDbEntity
  8
0
100
AcDbLine
 10
277.84
 20
-392.812
 30
0.0
 11
278.914
 21
-392.238
 31
0.0
  0
LINE
  5
40C
330
17
100
AcDbEntity
  8
0
100
AcDbLine
 10
278.914
 20
-392.238
 30
0.0
 11
280.079
 21
-391.884
 31
0.0
  0
LINE
  5
40D
330
17
100
AcDbEntity
  8
0
100
AcDbLine
 10
280.079
 20
-391.884
 30
0.0
 11
281.291
 21
-391.765
 31
0.0
  0
LINE
  5
40E
330
17
100
AcDbEntity
  8
0
100
AcDbLine
 10
281.291
 20
-403.485
 30
0.0
 11
281.291
 21
-403.512
 31
0.0
  0
LINE
  5
40F
330
17
100
AcDbEntity
  8
0
100
AcDbLine
 10
281.291
 20
-403.221
 30
0.0
 11
281.291
 21
-403.485
 31
0.0
  0
LINE
  5
410
330
17
100
AcDbEntity
  8
0
100
AcDbLine
 10
281.291
 20
-403.221
 30
0.0
 11
281.291
 21
-403.221
 31
0.0
  0
LINE
  5
411
330
17
100
AcDbEntity
  8
0
100
AcDbLine
 10
281.291
 20
-402.346
 30
0.0
 11
281.291
 21
-403.221
 31
0.0
  0
LINE
  5
412
330
17
100
AcDbEntity
  8
0
100
AcDbLine
 10
281.291
 20
-402.346
 30
0.0
 11
281.291
 21
-402.068
 31
0.0
  0
LINE
  5
413
330
17
100
AcDbEntity
  8
0
100
AcDbLine
 10
281.291
 20
-401.817
 30
0.0
 11
281.291
 21
-402.068
 31
0.0
  0
LINE
  5
414
330
17
100
AcDbEntity
  8
0
100
AcDbLine
 10
281.291
 20
-401.803
 30
0.0
 11
281.291
 21
-401.817
 31
0.0
  0
LINE
  5
415
330
17
100
AcDbEntity
  8
0
100
AcDbLine
 10
281.291
 20
-401.684
 30
0.0
 11
281.291
 21
-401.803
 31
0.0
  0
LINE
  5
416
330
17
100
AcDbEntity
  8
0
100
AcDbLine
 10
281.291
 20
-401.207
 30
0.0
 11
281.291
 21
-401.684
 31
0.0
  0
LINE
  5
417
330
17
100
AcDbEntity
  8
0
100
AcDbLine
 10
281.291
 20
-400.956
 30
0.0
 11
281.291
 21
-401.207
 31
0.0
  0
LINE
  5
418
330
17
100
AcDbEntity
  8
0
100
AcDbLine
 10
281.291
 20
-400.956
 30
0.0
 11
281.291
 21
-400.784
 31
0.0
  0
LINE
  5
419
330
17
100
AcDbEntity
  8
0
100
AcDbLine
 10
281.291
 20
-400.453
 30
0.0
 11
281.291
 21
-400.784
 31
0.0
  0
LINE
  5
41A
330
17
100
AcDbEntity
  8
0
100
AcDbLine
 10
281.291
 20
-400.174
 30
0.0
 11
281.291
 21
-400.453
 31
0.0
  0
LINE
  5
41B
330
17
100
AcDbEntity
  8
0
100
AcDbLine
 10
281.291
 20
-400.174
 30
0.0
 11
281.291
 21
-399.857
 31
0.0
  0
LINE
  5
41C
330
17
100
AcDbEntity
  8
0
100
AcDbLine
 10
281.291
 20
-399.737
 30
0.0
 11
281.291
 21
-399.857
 31
0.0
  0
LINE
  5
41D
330
17
100
AcDbEntity
  8
0
100
AcDbLine
 10
281.291
 20
-399.075
 30
0.0
 11
281.291
 21
-399.737
 31
0.0
  0
LINE
  5
41E
330
17
100
AcDbEntity
  8
0
100
AcDbLine
 10
281.291
 20
-399.075
 30
0.0
 11
281.291
 21
-398.81
 31
0.0
  0
LINE
  5
41F
330
17
100
AcDbEntity
  8
0
100
AcDbLine
 10
281.291
 20
-398.81
 30
0.0
 11
281.291
 21
-398.373
 31
0.0
  0
LINE
  5
420
330
17
100
AcDbEntity
  8
0
100
AcDbLine
 10
281.291
 20
-398.373
 30
0.0
 11
281.291
 21
-398.32
 31
0.0
  0
LINE
  5
421
330
17
100
AcDbEntity
  8
0
100
AcDbLine
 10
281.291
 20
-398.32
 30
0.0
 11
281.291
 21
-398.32
 31
0.0
  0
LINE
  5
422
330
17
100
AcDbEntity
  8
0
100
AcDbLine
 10
281.291
 20
-397.807
 30
0.0
 11
281.291
 21
-398.32
 31
0.0
  0
LINE
  5
423
330
17
100
AcDbEntity
  8
0
100
AcDbLine
 10
281.291
 20
-397.807
 30
0.0
 11
281.291
 21
-397.807
 31
0.0
  0
LINE
  5
424
330
17
100
AcDbEntity
  8
0
100
AcDbLine
 10
281.291
 20
-397.852
 30
0.0
 11
281.291
 21
-397.807
 31
0.0
  0
LINE
  5
425
330
17
100
AcDbEntity
  8
0
100
AcDbLine
 10
281.291
 20
-397.916
 30
0.0
 11
281.291
 21
-397.852
 31
0.0
  0
LINE
  5
426
330
17
100
AcDbEntity
  8
0
100
AcDbLine
 10
281.291
 20
-397.889
 30
0.0
 11
281.291
 21
-397.916
 31
0.0
  0
LINE
  5
427
330
17
100
AcDbEntity
  8
0
100
AcDbLine
 10
281.291
 20
-397.622
 30
0.0
 11
281.291
 21
-397.889
 31
0.0
  0
LINE
  5
428
330
17
100
AcDbEntity
  8
0
100
AcDbLine
 10
281.291
 20
-397.015
 30
0.0
 11
281.291
 21
-397.622
 31
0.0
  0
LINE
  5
429
330
17
100
AcDbEntity
  8
0
100
AcDbLine
 10
281.291
 20
-396.647
 30
0.0
 11
281.291
 21
-397.015
 31
0.0
  0
LINE
  5
42A
330
17
100
AcDbEntity
  8
0
100
AcDbLine
 10
281.291
 20
-396.647
 30
0.0
 11
281.291
 21
-396.482
 31
0.0
  0
LINE
  5
42B
330
17
100
AcDbEntity
  8
0
100
AcDbLine
 10
281.291
 20
-395.783
 30
0.0
 11
281.291
 21
-396.482
 31
0.0
  0
LINE
  5
42C
330
17
100
AcDbEntity
  8
0
100
AcDbLine
 10
281.291
 20
-394.725
 30
0.0
 11
281.291
 21
-395.783
 31
0.0
  0
LINE
  5
42D
330
17
100
AcDbEntity
  8
0
100
AcDbLine
 10
281.291
 20
-394.725
 30
0.0
 11
281.291
 21
-395.093
 31
0.0
  0
LINE
  5
42E
330
17
100
AcDbEntity
  8
0
100
AcDbLine
 10
281.291
 20
-394.854
 30
0.0
 11
281.291
 21
-395.093
 31
0.0
  0
LINE
  5
42F
330
17
100
AcDbEntity
  8
0
100
AcDbLine
 10
281.291
 20
-394.467
 30
0.0
 11
281.291
 21
-394.854
 31
0.0
  0
LINE
  5
430
330
17
100
AcDbEntity
  8
0
100
AcDbLine
 10
281.291
 20
-394.467
 30
0.0
 11
281.291
 21
-394.007
 31
0.0
  0
LINE
  5
431
330
17
100
AcDbEntity
  8
0
100
AcDbLine
 10
281.291
 20
-393.686
 30
0.0
 11
281.291
 21
-394.007
 31
0.0
  0
LINE
  5
432
330
17
100
AcDbEntity
  8
0
100
AcDbLine
 10
281.291
 20
-393.686
 30
0.0
 11
281.291
 21
-393.465
 31
0.0
  0
LINE
  5
433
330
17
100
AcDbEntity
  8
0
100
AcDbLine
 10
281.291
 20
-392.913
 30
0.0
 11
281.291
 21
-393.465
 31
0.0
  0
LINE
  5
434
330
17
100
AcDbEntity
  8
0
100
AcDbLine
 10
281.291
 20
-392.674
 30
0.0
 11
281.291
 21
-392.913
 31
0.0
  0
LINE
  5
435
330
17
100
AcDbEntity
  8
0
100
AcDbLine
 10
281.291
 20
-392.674
 30
0.0
 11
281.291
 21
-392.383
 31
0.0
  0
LINE
  5
436
330
17
100
AcDbEntity
  8
0
100
AcDbLine
 10
281.291
 20
-392.568
 30
0.0
 11
281.291
 21
-392.383
 31
0.0
  0
LINE
  5
437
330
17
100
AcDbEntity
  8
0
100
AcDbLine
 10
281.291
 20
-391.879
 30
0.0
 11
281.291
 21
-392.568
 31
0.0
  0
LINE
  5
438
330
17
100
AcDbEntity
  8
0
100
AcDbLine
 10
281.291
 20
-391.765
 30
0.0
 11
281.291
 21
-391.879
 31
0.0
  0
LINE
  5
439
330
17
100
AcDbEntity
  8
0
100
AcDbLine
 10
281.291
 20
-391.765
 30
0.0
 11
281.291
 21
-392.184
 31
0.0
  0
LINE
  5
43A
330
17
100
AcDbEntity
  8
0
100
AcDbLine
 10
281.291
 20
-392.224
 30
0.0
 11
281.291
 21
-392.184
 31
0.0
  0
LINE
  5
43B
330
17
100
AcDbEntity
  8
0
100
AcDbLine
 10
281.291
 20
-391.813
 30
0.0
 11
281.291
 21
-392.224
 31
0.0
  0
LINE
  5
43C
330
17
100
AcDbEntity
  8
0
100
AcDbLine
 10
281.291
 20
-391.522
 30
0.0
 11
281.291
 21
-391.575
 31
0.0
  0
LINE
  5
43D
330
17
100
AcDbEntity
  8
0
100
AcDbLine
 10
281.291
 20
-391.765
 30
0.0
 11
281.291
 21
-391.813
 31
0.0
  0
LINE
  5
43E
330
17
100
AcDbEntity
  8
0
100
AcDbLine
 10
281.291
 20
-391.522
 30
0.0
 11
281.291
 21
-391.522
 31
0.0
  0
LINE
  5
43F
330
17
100
AcDbEntity
  8
0
100
AcDbLine
 10
281.291
 20
-391.522
 30
0.0
 11
281.291
 21
-391.575
 31
0.0
  0
LINE
  5
440
330
17
100
AcDbEntity
  8
0
100
AcDbLine
 10
281.291
 20
-391.765
 30
0.0
 11
281.291
 21
-391.919
 31
0.0
  0
LINE
  5
441
330
17
100
AcDbEntity
  8
0
100
AcDbLine
 10
281.291
 20
-391.442
 30
0.0
 11
281.291
 21
-391.575
 31
0.0
  0
LINE
  5
442
330
17
100
AcDbEntity
  8
0
100
AcDbLine
 10
281.291
 20
-391.765
 30
0.0
 11
281.291
 21
-391.919
 31
0.0
  0
LINE
  5
443
330
17
100
AcDbEntity
  8
0
100
AcDbLine
 10
281.291
 20
-391.482
 30
0.0
 11
281.291
 21
-391.442
 31
0.0
  0
LINE
  5
444
330
17
100
AcDbEntity
  8
0
100
AcDbLine
 10
281.291
 20
-391.482
 30
0.0
 11
281.291
 21
-391.575
 31
0.0
  0
LINE
  5
445
330
17
100
AcDbEntity
  8
0
100
AcDbLine
 10
281.291
 20
-391.765
 30
0.0
 11
281.291
 21
-392.104
 31
0.0
  0
LINE
  5
446
330
17
100
AcDbEntity
  8
0
100
AcDbLine
 10
281.291
 20
-392.104
 30
0.0
 11
281.291
 21
-392.859
 31
0.0
  0
LINE
  5
447
330
17
100
AcDbEntity
  8
0
100
AcDbLine
 10
281.291
 20
-392.939
 30
0.0
 11
281.291
 21
-392.859
 31
0.0
  0
LINE
  5
448
330
17
100
AcDbEntity
  8
0
100
AcDbLine
 10
281.291
 20
-392.422
 30
0.0
 11
281.291
 21
-392.939
 31
0.0
  0
LINE
  5
449
330
17
100
AcDbEntity
  8
0
100
AcDbLine
 10
281.291
 20
-392.422
 30
0.0
 11
281.291
 21
-392.184
 31
0.0
  0
LINE
  5
44A
330
17
100
AcDbEntity
  8
0
100
AcDbLine
 10
281.291
 20
-392.184
 30
0.0
 11
281.291
 21
-392.714
 31
0.0
  0
LINE
  5
44B
330
17
100
AcDbEntity
  8
0
100
AcDbLine
 10
281.291
 20
-392.687
 30
0.0
 11
281.291
 21
-392.714
 31
0.0
  0
LINE
  5
44C
330
17
100
AcDbEntity
  8
0
100
AcDbLine
 10
281.291
 20
-392.687
 30
0.0
 11
281.291
 21
-393.336
 31
0.0
  0
LINE
  5
44D
330
17
100
AcDbEntity
  8
0
100
AcDbLine
 10
281.291
 20
-393.336
 30
0.0
 11
281.291
 21
-394.17
 31
0.0
  0
LINE
  5
44E
330
17
100
AcDbEntity
  8
0
100
AcDbLine
 10
281.291
 20
-394.17
 30
0.0
 11
281.291
 21
-394.713
 31
0.0
  0
LINE
  5
44F
330
17
100
AcDbEntity
  8
0
100
AcDbLine
 10
281.291
 20
-394.833
 30
0.0
 11
281.291
 21
-394.713
 31
0.0
  0
LINE
  5
450
330
17
100
AcDbEntity
  8
0
100
AcDbLine
 10
281.291
 20
-395.362
 30
0.0
 11
281.291
 21
-394.833
 31
0.0
  0
LINE
  5
451
330
17
100
AcDbEntity
  8
0
100
AcDbLine
 10
281.291
 20
-395.362
 30
0.0
 11
281.291
 21
-395.548
 31
0.0
  0
LINE
  5
452
330
17
100
AcDbEntity
  8
0
100
AcDbLine
 10
281.291
 20
-395.548
 30
0.0
 11
281.291
 21
-396.197
 31
0.0
  0
LINE
  5
453
330
17
100
AcDbEntity
  8
0
100
AcDbLine
 10
281.291
 20
-396.091
 30
0.0
 11
281.291
 21
-396.197
 31
0.0
  0
LINE
  5
454
330
17
100
AcDbEntity
  8
0
100
AcDbLine
 10
281.291
 20
-397.058
 30
0.0
 11
281.291
 21
-396.091
 31
0.0
  0
LINE
  5
455
330
17
100
AcDbEntity
  8
0
100
AcDbLine
 10
281.291
 20
-397.058
 30
0.0
 11
281.291
 21
-397.336
 31
0.0
  0
LINE
  5
456
330
17
100
AcDbEntity
  8
0
100
AcDbLine
 10
281.291
 20
-397.336
 30
0.0
 11
281.291
 21
-397.76
 31
0.0
  0
LINE
  5
457
330
17
100
AcDbEntity
  8
0
100
AcDbLine
 10
281.291
 20
-398.515
 30
0.0
 11
281.291
 21
-397.76
 31
0.0
  0
LINE
  5
458
330
17
100
AcDbEntity
  8
0
100
AcDbLine
 10
281.291
 20
-398.515
 30
0.0
 11
281.291
 21
-398.541
 31
0.0
  0
LINE
  5
459
330
17
100
AcDbEntity
  8
0
100
AcDbLine
 10
281.291
 20
-399.005
 30
0.0
 11
281.291
 21
-398.541
 31
0.0
  0
LINE
  5
45A
330
17
100
AcDbEntity
  8
0
100
AcDbLine
 10
281.291
 20
-399.005
 30
0.0
 11
281.291
 21
-399.64
 31
0.0
  0
LINE
  5
45B
330
17
100
AcDbEntity
  8
0
100
AcDbLine
 10
281.291
 20
-399.64
 30
0.0
 11
281.291
 21
-400.28
 31
0.0
  0
LINE
  5
45C
330
17
100
AcDbEntity
  8
0
100
AcDbLine
 10
281.291
 20
-400.28
 30
0.0
 11
281.291
 21
-400.49
 31
0.0
  0
LINE
  5
45D
330
17
100
AcDbEntity
  8
0
100
AcDbLine
 10
281.291
 20
-400.49
 30
0.0
 11
281.291
 21
-401.064
 31
0.0
  0
LINE
  5
45E
330
17
100
AcDbEntity
  8
0
100
AcDbLine
 10
281.291
 20
-401.064
 30
0.0
 11
281.291
 21
-401.163
 31
0.0
  0
LINE
  5
45F
330
17
100
AcDbEntity
  8
0
100
AcDbLine
 10
281.291
 20
-401.031
 30
0.0
 11
281.291
 21
-401.163
 31
0.0
  0
LINE
  5
460
330
17
100
AcDbEntity
  8
0
100
AcDbLine
 10
281.291
 20
-400.898
 30
0.0
 11
281.291
 21
-401.031
 31
0.0
  0
LINE
  5
461
330
17
100
AcDbEntity
  8
0
100
AcDbLine
 10
281.291
 20
-400.898
 30
0.0
 11
281.291
 21
-401.086
 31
0.0
  0
LINE
  5
462
330
17
100
AcDbEntity
  8
0
100
AcDbLine
 10
281.291
 20
-401.086
 30
0.0
 11
281.291
 21
-401.362
 31
0.0
  0
LINE
  5
463
330
17
100
AcDbEntity
  8
0
100
AcDbLine
 10
281.291
 20
-401.362
 30
0.0
 11
281.291
 21
-401.627
 31
0.0
  0
LINE
  5
464
330
17
100
AcDbEntity
  8
0
100
AcDbLine
 10
281.291
 20
-401.627
 30
0.0
 11
281.291
 21
-402.013
 31
0.0
  0
LINE
  5
465
330
17
100
AcDbEntity
  8
0
100
AcDbLine
 10
281.291
 20
-402.388
 30
0.0
 11
281.291
 21
-402.013
 31
0.0
  0
LINE
  5
466
330
17
100
AcDbEntity
  8
0
100
AcDbLine
 10
281.291
 20
-402.388
 30
0.0
 11
281.291
 21
-402.168
 31
0.0
  0
LINE
  5
467
330
17
100
AcDbEntity
  8
0
100
AcDbLine
 10
281.291
 20
-402.521
 30
0.0
 11
281.291
 21
-402.168
 31
0.0
  0
LINE
  5
468
330
17
100
AcDbEntity
  8
0
100
AcDbLine
 10
281.291
 20
-402.521
 30
0.0
 11
281.291
 21
-402.929
 31
0.0
  0
LINE
  5
469
330
17
100
AcDbEntity
  8
0
100
AcDbLine
 10
281.291
 20
-402.929
 30
0.0
 11
281.291
 21
-403.293
 31
0.0
  0
LINE
  5
46A
330
17
100
AcDbEntity
  8
0
100
AcDbLine
 10
281.291
 20
-403.293
 30
0.0
 11
281.291
 21
-403.58
 31
0.0
  0
LINE
  5
46B
330
17
100
AcDbEntity
  8
0
100
AcDbLine
 10
281.291
 20
-403.525
 30
0.0
 11
281.291
 21
-403.58
 31
0.0
  0
LINE
  5
46C
330
17
100
AcDbEntity
  8
0
100
AcDbLine
 10
281.291
 20
-403.525
 30
0.0
 11
281.291
 21
-403.282
 31
0.0
  0
LINE
  5
46D
330
17
100
AcDbEntity
  8
0
100
AcDbLine
 10
281.291
 20
-403.591
 30
0.0
 11
281.291
 21
-403.282
 31
0.0
  0
LINE
  5
46E
330
17
100
AcDbEntity
  8
0
100
AcDbLine
 10
281.291
 20
-403.591
 30
0.0
 11
281.291
 21
-403.536
 31
0.0
  0
LINE
  5
46F
330
17
100
AcDbEntity
  8
0
100
AcDbLine
 10
281.291
 20
-403.669
 30
0.0
 11
281.291
 21
-403.536
 31
0.0
  0
LINE
  5
470
330
17
100
AcDbEntity
  8
0
100
AcDbLine
 10
281.291
 20
-403.669
 30
0.0
 11
281.291
 21
-403.746
 31
0.0
  0
LINE
  5
471
330
17
100
AcDbEntity
  8
0
100
AcDbLine
 10
281.291
 20
-404.0
 30
0.0
 11
281.291
 21
-403.746
 31
0.0
  0
LINE
  5
472
330
17
100
AcDbEntity
  8
0
100
AcDbLine
 10
281.291
 20
-404.0
 30
0.0
 11
281.291
 21
-404.187
 31
0.0
  0
LINE
  5
473
330
17
100
AcDbEntity
  8
0
100
AcDbLine
 10
281.291
 20
-404.187
 30
0.0
 11
281.291
 21
-404.452
 31
0.0
  0
LINE
  5
474
330
17
100
AcDbEntity
  8
0
100
AcDbLine
 10
281.291
 20
-404.916
 30
0.0
 11
281.291
 21
-404.452
 31
0.0
  0
LINE
  5
475
330
17
100
AcDbEntity
  8
0
100
AcDbLine
 10
281.291
 20
-404.916
 30
0.0
 11
281.291
 21
-404.969
 31
0.0
  0
LINE
  5
476
330
17
100
AcDbEntity
  8
0
100
AcDbLine
 10
281.291
 20
-405.048
 30
0.0
 11
281.291
 21
-404.969
 31
0.0
  0
LINE
  5
477
330
17
100
AcDbEntity
  8
0
100
AcDbLine
 10
281.291
 20
-405.048
 30
0.0
 11
281.291
 21
-404.929
 31
0.0
  0
LINE
  5
478
330
17
100
AcDbEntity
  8
0
100
AcDbLine
 10
281.291
 20
-404.903
 30
0.0
 11
281.291
 21
-404.929
 31
0.0
  0
LINE
  5
479
330
17
100
AcDbEntity
  8
0
100
AcDbLine
 10
281.291
 20
-404.651
 30
0.0
 11
281.291
 21
-404.903
 31
0.0
  0
LINE
  5
47A
330
17
100
AcDbEntity
  8
0
100
AcDbLine
 10
281.291
 20
-404.452
 30
0.0
 11
281.291
 21
-404.651
 31
0.0
  0
LINE
  5
47B
330
17
100
AcDbEntity
  8
0
100
AcDbLine
 10
281.291
 20
-404.379
 30
0.0
 11
281.291
 21
-404.452
 31
0.0
  0
LINE
  5
47C
330
17
100
AcDbEntity
  8
0
100
AcDbLine
 10
281.291
 20
-403.764
 30
0.0
 11
281.291
 21
-404.19
 31
0.0
  0
LINE
  5
47D
330
17
100
AcDbEntity
  8
0
100
AcDbLine
 10
281.291
 20
-403.764
 30
0.0
 11
281.291
 21
-403.432
 31
0.0
  0
LINE
  5
47E
330
17
100
AcDbEntity
  8
0
100
AcDbLine
 10
281.291
 20
-402.916
 30
0.0
 11
281.291
 21
-403.432
 31
0.0
  0
LINE
  5
47F
330
17
100
AcDbEntity
  8
0
100
AcDbLine
 10
281.291
 20
-402.916
 30
0.0
 11
281.291
 21
-403.26
 31
0.0
  0
LINE
  5
480
330
17
100
AcDbEntity
  8
0
100
AcDbLine
 10
281.291
 20
-403.512
 30
0.0
 11
281.291
 21
-403.26
 31
0.0
  0
LINE
  5
481
330
17
100
AcDbEntity
  8
0
100
AcDbLine
 10
276.834
 20
-398.064
 30
0.0
 11
277.187
 21
-398.064
 31
0.0
  0
LINE
  5
482
330
17
100
AcDbEntity
  8
0
100
AcDbLine
 10
276.426
 20
-398.064
 30
0.0
 11
276.834
 21
-398.064
 31
0.0
  0
LINE
  5
483
330
17
100
AcDbEntity
  8
0
100
AcDbLine
 10
276.062
 20
-398.064
 30
0.0
 11
276.426
 21
-398.064
 31
0.0
  0
LINE
  5
484
330
17
100
AcDbEntity
  8
0
100
AcDbLine
 10
275.775
 20
-398.064
 30
0.0
 11
276.062
 21
-398.064
 31
0.0
  0
LINE
  5
485
330
17
100
AcDbEntity
  8
0
100
AcDbLine
 10
275.83
 20
-398.064
 30
0.0
 11
275.775
 21
-398.064
 31
0.0
  0
LINE
  5
486
330
17
100
AcDbEntity
  8
0
100
AcDbLine
 10
275.83
 20
-398.064
 30
0.0
 11
276.073
 21
-398.064
 31
0.0
  0
LINE
  5
487
330
17
100
AcDbEntity
  8
0
100
AcDbLine
 10
275.764
 20
-398.064
 30
0.0
 11
276.073
 21
-398.064
 31
0.0
  0
LINE
  5
488
330
17
100
AcDbEntity
  8
0
100
AcDbLine
 10
275.764
 20
-398.064
 30
0.0
 11
275.819
 21
-398.064
 31
0.0
  0
LINE
  5
489
330
17
100
AcDbEntity
  8
0
100
AcDbLine
 10
275.686
 20
-398.064
 30
0.0
 11
275.819
 21
-398.064
 31
0.0
  0
LINE
  5
48A
330
17
100
AcDbEntity
  8
0
100
AcDbLine
 10
275.686
 20
-398.064
 30
0.0
 11
275.609
 21
-398.064
 31
0.0
  0
LINE
  5
48B
330
17
100
AcDbEntity
  8
0
100
AcDbLine
 10
275.355
 20
-398.064
 30
0.0
 11
275.609
 21
-398.064
 31
0.0
  0
LINE
  5
48C
330
17
100
AcDbEntity
  8
0
100
AcDbLine
 10
275.355
 20
-398.064
 30
0.0
 11
275.168
 21
-398.064
 31
0.0
  0
LINE
  5
48D
330
17
100
AcDbEntity
  8
0
100
AcDbLine
 10
275.168
 20
-398.064
 30
0.0
 11
274.903
 21
-398.064
 31
0.0
  0
LINE
  5
48E
330
17
100
AcDbEntity
  8
0
100
AcDbLine
 10
274.439
 20
-398.064
 30
0.0
 11
274.903
 21
-398.064
 31
0.0
  0
LINE
  5
48F
330
17
100
AcDbEntity
  8
0
100
AcDbLine
 10
274.424
 20
-398.064
 30
0.0
 11
274.439
 21
-398.064
 31
0.0
  0
LINE
  5
490
330
17
100
AcDbEntity
  8
0
100
AcDbLine
 10
274.424
 20
-398.064
 30
0.0
 11
274.426
 21
-398.064
 31
0.0
  0
LINE
  5
491
330
17
100
AcDbEntity
  8
0
100
AcDbLine
 10
274.452
 20
-398.064
 30
0.0
 11
274.426
 21
-398.064
 31
0.0
  0
LINE
  5
492
330
17
100
AcDbEntity
  8
0
100
AcDbLine
 10
274.452
 20
-398.064
 30
0.0
 11
274.704
 21
-398.064
 31
0.0
  0
LINE
  5
493
330
17
100
AcDbEntity
  8
0
100
AcDbLine
 10
274.898
 20
-398.064
 30
0.0
 11
274.704
 21
-398.064
 31
0.0
  0
LINE
  5
494
330
17
100
AcDbEntity
  8
0
100
AcDbLine
 10
275.141
 20
-398.064
 30
0.0
 11
275.087
 21
-398.064
 31
0.0
  0
LINE
  5
495
330
17
100
AcDbEntity
  8
0
100
AcDbLine
 10
275.591
 20
-398.064
 30
0.0
 11
275.141
 21
-398.064
 31
0.0
  0
LINE
  5
496
330
17
100
AcDbEntity
  8
0
100
AcDbLine
 10
275.591
 20
-398.064
 30
0.0
 11
275.923
 21
-398.064
 31
0.0
  0
LINE
  5
497
330
17
100
AcDbEntity
  8
0
100
AcDbLine
 10
276.439
 20
-398.064
 30
0.0
 11
275.923
 21
-398.064
 31
0.0
  0
LINE
  5
498
330
17
100
AcDbEntity
  8
0
100
AcDbLine
 10
276.095
 20
-398.064
 30
0.0
 11
276.439
 21
-398.064
 31
0.0
  0
LINE
  5
499
330
17
100
AcDbEntity
  8
0
100
AcDbLine
 10
275.843
 20
-398.064
 30
0.0
 11
276.095
 21
-398.064
 31
0.0
  0
LINE
  5
49A
330
17
100
AcDbEntity
  8
0
100
AcDbLine
 10
275.843
 20
-398.064
 30
0.0
 11
275.87
 21
-398.064
 31
0.0
  0
LINE
  5
49B
330
17
100
AcDbEntity
  8
0
100
AcDbLine
 10
276.134
 20
-398.064
 30
0.0
 11
275.87
 21
-398.064
 31
0.0
  0
LINE
  5
49C
330
17
100
AcDbEntity
  8
0
100
AcDbLine
 10
276.134
 20
-398.064
 30
0.0
 11
276.134
 21
-398.064
 31
0.0
  0
LINE
  5
49D
330
17
100
AcDbEntity
  8
0
100
AcDbLine
 10
277.009
 20
-398.064
 30
0.0
 11
276.134
 21
-398.064
 31
0.0
  0
LINE
  5
49E
330
17
100
AcDbEntity
  8
0
100
AcDbLine
 10
277.009
 20
-398.064
 30
0.0
 11
277.287
 21
-398.064
 31
0.0
  0
LINE
  5
49F
330
17
100
AcDbEntity
  8
0
100
AcDbLine
 10
277.538
 20
-398.064
 30
0.0
 11
277.287
 21
-398.064
 31
0.0
  0
LINE
  5
4A0
330
17
100
AcDbEntity
  8
0
100
AcDbLine
 10
277.552
 20
-398.064
 30
0.0
 11
277.538
 21
-398.064
 31
0.0
  0
LINE
  5
4A1
330
17
100
AcDbEntity
  8
0
100
AcDbLine
 10
277.552
 20
-398.064
 30
0.0
 11
277.671
 21
-398.064
 31
0.0
  0
LINE
  5
4A2
330
17
100
AcDbEntity
  8
0
100
AcDbLine
 10
278.148
 20
-398.064
 30
0.0
 11
277.671
 21
-398.064
 31
0.0
  0
LINE
  5
4A3
330
17
100
AcDbEntity
  8
0
100
AcDbLine
 10
278.399
 20
-398.064
 30
0.0
 11
278.148
 21
-398.064
 31
0.0
  0
LINE
  5
4A4
330
17
100
AcDbEntity
  8
0
100
AcDbLine
 10
278.399
 20
-398.064
 30
0.0
 11
278.571
 21
-398.064
 31
0.0
  0
LINE
  5
4A5
330
17
100
AcDbEntity
  8
0
100
AcDbLine
 10
278.902
 20
-398.064
 30
0.0
 11
278.571
 21
-398.064
 31
0.0
  0
LINE
  5
4A6
330
17
100
AcDbEntity
  8
0
100
AcDbLine
 10
279.181
 20
-398.064
 30
0.0
 11
278.902
 21
-398.064
 31
0.0
  0
LINE
  5
4A7
330
17
100
AcDbEntity
  8
0
100
AcDbLine
 10
279.181
 20
-398.064
 30
0.0
 11
279.498
 21
-398.064
 31
0.0
  0
LINE
  5
4A8
330
17
100
AcDbEntity
  8
0
100
AcDbLine
 10
279.498
 20
-398.064
 30
0.0
 11
279.618
 21
-398.064
 31
0.0
  0
LINE
  5
4A9
330
17
100
AcDbEntity
  8
0
100
AcDbLine
 10
280.28
 20
-398.064
 30
0.0
 11
279.618
 21
-398.064
 31
0.0
  0
LINE
  5
4AA
330
17
100
AcDbEntity
  8
0
100
AcDbLine
 10
280.28
 20
-398.064
 30
0.0
 11
280.545
 21
-398.064
 31
0.0
  0
LINE
  5
4AB
330
17
100
AcDbEntity
  8
0
100
AcDbLine
 10
280.982
 20
-398.064
 30
0.0
 11
280.545
 21
-398.064
 31
0.0
  0
LINE
  5
4AC
330
17
100
AcDbEntity
  8
0
100
AcDbLine
 10
281.035
 20
-398.064
 30
0.0
 11
280.982
 21
-398.064
 31
0.0
  0
LINE
  5
4AD
330
17
100
AcDbEntity
  8
0
100
AcDbLine
 10
281.035
 20
-398.064
 30
0.0
 11
281.035
 21
-398.064
 31
0.0
  0
LINE
  5
4AE
330
17
100
AcDbEntity
  8
0
100
AcDbLine
 10
281.035
 20
-398.064
 30
0.0
 11
281.548
 21
-398.064
 31
0.0
  0
LINE
  5
4AF
330
17
100
AcDbEntity
  8
0
100
AcDbLine
 10
281.548
 20
-398.064
 30
0.0
 11
281.548
 21
-398.064
 31
0.0
  0
LINE
  5
4B0
330
17
100
AcDbEntity
  8
0
100
AcDbLine
 10
281.548
 20
-398.064
 30
0.0
 11
281.503
 21
-398.064
 31
0.0
  0
LINE
  5
4B1
330
17
100
AcDbEntity
  8
0
100
AcDbLine
 10
281.503
 20
-398.064
 30
0.0
 11
281.439
 21
-398.064
 31
0.0
  0
LINE
  5
4B2
330
17
100
AcDbEntity
  8
0
100
AcDbLine
 10
281.439
 20
-398.064
 30
0.0
 11
281.466
 21
-398.064
 31
0.0
  0
LINE
  5
4B3
330
17
100
AcDbEntity
  8
0
100
AcDbLine
 10
281.466
 20
-398.064
 30
0.0
 11
281.733
 21
-398.064
 31
0.0
  0
LINE
  5
4B4
330
17
100
AcDbEntity
  8
0
100
AcDbLine
 10
282.34
 20
-398.064
 30
0.0
 11
281.733
 21
-398.064
 31
0.0
  0
LINE
  5
4B5
330
17
100
AcDbEntity
  8
0
100
AcDbLine
 10
282.34
 20
-398.064
 30
0.0
 11
282.708
 21
-398.064
 31
0.0
  0
LINE
  5
4B6
330
17
100
AcDbEntity
  8
0
100
AcDbLine
 10
282.873
 20
-398.064
 30
0.0
 11
282.708
 21
-398.064
 31
0.0
  0
LINE
  5
4B7
330
17
100
AcDbEntity
  8
0
100
AcDbLine
 10
283.572
 20
-398.064
 30
0.0
 11
282.873
 21
-398.064
 31
0.0
  0
LINE
  5
4B8
330
17
100
AcDbEntity
  8
0
100
AcDbLine
 10
284.63
 20
-398.064
 30
0.0
 11
283.572
 21
-398.064
 31
0.0
  0
LINE
  5
4B9
330
17
100
AcDbEntity
  8
0
100
AcDbLine
 10
284.63
 20
-398.064
 30
0.0
 11
284.262
 21
-398.064
 31
0.0
  0
LINE
  5
4BA
330
17
100
AcDbEntity
  8
0
100
AcDbLine
 10
284.262
 20
-398.064
 30
0.0
 11
284.501
 21
-398.064
 31
0.0
  0
LINE
  5
4BB
330
17
100
AcDbEntity
  8
0
100
AcDbLine
 10
284.888
 20
-398.064
 30
0.0
 11
284.501
 21
-398.064
 31
0.0
  0
LINE
  5
4BC
330
17
100
AcDbEntity
  8
0
100
AcDbLine
 10
284.888
 20
-398.064
 30
0.0
 11
285.347
 21
-398.064
 31
0.0
  0
LINE
  5
4BD
330
17
100
AcDbEntity
  8
0
100
AcDbLine
 10
285.669
 20
-398.064
 30
0.0
 11
285.347
 21
-398.064
 31
0.0
  0
LINE
  5
4BE
330
17
100
AcDbEntity
  8
0
100
AcDbLine
 10
285.669
 20
-398.064
 30
0.0
 11
285.89
 21
-398.064
 31
0.0
  0
LINE
  5
4BF
330
17
100
AcDbEntity
  8
0
100
AcDbLine
 10
286.442
 20
-398.064
 30
0.0
 11
285.89
 21
-398.064
 31
0.0
  0
LINE
  5
4C0
330
17
100
AcDbEntity
  8
0
100
AcDbLine
 10
286.681
 20
-398.064
 30
0.0
 11
286.442
 21
-398.064
 31
0.0
  0
LINE
  5
4C1
330
17
100
AcDbEntity
  8
0
100
AcDbLine
 10
286.681
 20
-398.064
 30
0.0
 11
286.972
 21
-398.064
 31
0.0
  0
LINE
  5
4C2
330
17
100
AcDbEntity
  8
0
100
AcDbLine
 10
286.972
 20
-398.064
 30
0.0
 11
286.787
 21
-398.064
 31
0.0
  0
LINE
  5
4C3
330
17
100
AcDbEntity
  8
0
100
AcDbLine
 10
287.476
 20
-398.064
 30
0.0
 11
286.787
 21
-398.064
 31
0.0
  0
LINE
  5
4C4
330
17
100
AcDbEntity
  8
0
100
AcDbLine
 10
287.495
 20
-398.064
 30
0.0
 11
287.476
 21
-398.064
 31
0.0
  0
LINE
  5
4C5
330
17
100
AcDbEntity
  8
0
100
AcDbLine
 10
287.495
 20
-398.064
 30
0.0
 11
287.171
 21
-398.064
 31
0.0
  0
LINE
  5
4C6
330
17
100
AcDbEntity
  8
0
100
AcDbLine
 10
287.171
 20
-398.064
 30
0.0
 11
287.131
 21
-398.064
 31
0.0
  0
LINE
  5
4C7
330
17
100
AcDbEntity
  8
0
100
AcDbLine
 10
287.495
 20
-398.064
 30
0.0
 11
287.131
 21
-398.064
 31
0.0
  0
LINE
  5
4C8
330
17
100
AcDbEntity
  8
0
100
AcDbLine
 10
287.684
 20
-398.064
 30
0.0
 11
287.833
 21
-398.064
 31
0.0
  0
LINE
  5
4C9
330
17
100
AcDbEntity
  8
0
100
AcDbLine
 10
287.833
 20
-398.064
 30
0.0
 11
287.833
 21
-398.064
 31
0.0
  0
LINE
  5
4CA
330
17
100
AcDbEntity
  8
0
100
AcDbLine
 10
287.833
 20
-398.064
 30
0.0
 11
287.684
 21
-398.064
 31
0.0
  0
LINE
  5
4CB
330
17
100
AcDbEntity
  8
0
100
AcDbLine
 10
287.495
 20
-398.064
 30
0.0
 11
287.436
 21
-398.064
 31
0.0
  0
LINE
  5
4CC
330
17
100
AcDbEntity
  8
0
100
AcDbLine
 10
287.436
 20
-398.064
 30
0.0
 11
287.495
 21
-398.064
 31
0.0
  0
LINE
  5
4CD
330
17
100
AcDbEntity
  8
0
100
AcDbLine
 10
287.684
 20
-398.064
 30
0.0
 11
287.873
 21
-398.064
 31
0.0
  0
LINE
  5
4CE
330
17
100
AcDbEntity
  8
0
100
AcDbLine
 10
287.251
 20
-398.064
 30
0.0
 11
287.495
 21
-398.064
 31
0.0
  0
LINE
  5
4CF
330
17
100
AcDbEntity
  8
0
100
AcDbLine
 10
287.684
 20
-398.064
 30
0.0
 11
287.873
 21
-398.064
 31
0.0
  0
LINE
  5
4D0
330
17
100
AcDbEntity
  8
0
100
AcDbLine
 10
287.251
 20
-398.064
 30
0.0
 11
286.496
 21
-398.064
 31
0.0
  0
LINE
  5
4D1
330
17
100
AcDbEntity
  8
0
100
AcDbLine
 10
286.496
 20
-398.064
 30
0.0
 11
286.416
 21
-398.064
 31
0.0
  0
LINE
  5
4D2
330
17
100
AcDbEntity
  8
0
100
AcDbLine
 10
286.933
 20
-398.064
 30
0.0
 11
286.416
 21
-398.064
 31
0.0
  0
LINE
  5
4D3
330
17
100
AcDbEntity
  8
0
100
AcDbLine
 10
286.933
 20
-398.064
 30
0.0
 11
287.171
 21
-398.064
 31
0.0
  0
LINE
  5
4D4
330
17
100
AcDbEntity
  8
0
100
AcDbLine
 10
287.171
 20
-398.064
 30
0.0
 11
286.641
 21
-398.064
 31
0.0
  0
LINE
  5
4D5
330
17
100
AcDbEntity
  8
0
100
AcDbLine
 10
286.668
 20
-398.064
 30
0.0
 11
286.641
 21
-398.064
 31
0.0
  0
LINE
  5
4D6
330
17
100
AcDbEntity
  8
0
100
AcDbLine
 10
286.019
 20
-398.064
 30
0.0
 11
286.668
 21
-398.064
 31
0.0
  0
LINE
  5
4D7
330
17
100
AcDbEntity
  8
0
100
AcDbLine
 10
285.184
 20
-398.064
 30
0.0
 11
286.019
 21
-398.064
 31
0.0
  0
LINE
  5
4D8
330
17
100
AcDbEntity
  8
0
100
AcDbLine
 10
285.184
 20
-398.064
 30
0.0
 11
284.641
 21
-398.064
 31
0.0
  0
LINE
  5
4D9
330
17
100
AcDbEntity
  8
0
100
AcDbLine
 10
284.641
 20
-398.064
 30
0.0
 11
284.522
 21
-398.064
 31
0.0
  0
LINE
  5
4DA
330
17
100
AcDbEntity
  8
0
100
AcDbLine
 10
283.993
 20
-398.064
 30
0.0
 11
284.522
 21
-398.064
 31
0.0
  0
LINE
  5
4DB
330
17
100
AcDbEntity
  8
0
100
AcDbLine
 10
283.807
 20
-398.064
 30
0.0
 11
283.993
 21
-398.064
 31
0.0
  0
LINE
  5
4DC
330
17
100
AcDbEntity
  8
0
100
AcDbLine
 10
283.807
 20
-398.064
 30
0.0
 11
283.158
 21
-398.064
 31
0.0
  0
LINE
  5
4DD
330
17
100
AcDbEntity
  8
0
100
AcDbLine
 10
283.158
 20
-398.064
 30
0.0
 11
283.264
 21
-398.064
 31
0.0
  0
LINE
  5
4DE
330
17
100
AcDbEntity
  8
0
100
AcDbLine
 10
282.297
 20
-398.064
 30
0.0
 11
283.264
 21
-398.064
 31
0.0
  0
LINE
  5
4DF
330
17
100
AcDbEntity
  8
0
100
AcDbLine
 10
282.297
 20
-398.064
 30
0.0
 11
282.019
 21
-398.064
 31
0.0
  0
LINE
  5
4E0
330
17
100
AcDbEntity
  8
0
100
AcDbLine
 10
282.019
 20
-398.064
 30
0.0
 11
281.595
 21
-398.064
 31
0.0
  0
LINE
  5
4E1
330
17
100
AcDbEntity
  8
0
100
AcDbLine
 10
280.84
 20
-398.064
 30
0.0
 11
281.595
 21
-398.064
 31
0.0
  0
LINE
  5
4E2
330
17
100
AcDbEntity
  8
0
100
AcDbLine
 10
280.84
 20
-398.064
 30
0.0
 11
280.814
 21
-398.064
 31
0.0
  0
LINE
  5
4E3
330
17
100
AcDbEntity
  8
0
100
AcDbLine
 10
280.35
 20
-398.064
 30
0.0
 11
280.814
 21
-398.064
 31
0.0
  0
LINE
  5
4E4
330
17
100
AcDbEntity
  8
0
100
AcDbLine
 10
280.35
 20
-398.064
 30
0.0
 11
279.715
 21
-398.064
 31
0.0
  0
LINE
  5
4E5
330
17
100
AcDbEntity
  8
0
100
AcDbLine
 10
279.715
 20
-398.064
 30
0.0
 11
279.075
 21
-398.064
 31
0.0
  0
LINE
  5
4E6
330
17
100
AcDbEntity
  8
0
100
AcDbLine
 10
278.865
 20
-398.064
 30
0.0
 11
279.075
 21
-398.064
 31
0.0
  0
LINE
  5
4E7
330
17
100
AcDbEntity
  8
0
100
AcDbLine
 10
278.291
 20
-398.064
 30
0.0
 11
278.865
 21
-398.064
 31
0.0
  0
LINE
  5
4E8
330
17
100
AcDbEntity
  8
0
100
AcDbLine
 10
278.192
 20
-398.064
 30
0.0
 11
278.291
 21
-398.064
 31
0.0
  0
LINE
  5
4E9
330
17
100
AcDbEntity
  8
0
100
AcDbLine
 10
278.324
 20
-398.064
 30
0.0
 11
278.192
 21
-398.064
 31
0.0
  0
LINE
  5
4EA
330
17
100
AcDbEntity
  8
0
100
AcDbLine
 10
278.324
 20
-398.064
 30
0.0
 11
278.457
 21
-398.064
 31
0.0
  0
LINE
  5
4EB
330
17
100
AcDbEntity
  8
0
100
AcDbLine
 10
278.269
 20
-398.064
 30
0.0
 11
278.457
 21
-398.064
 31
0.0
  0
LINE
  5
4EC
330
17
100
AcDbEntity
  8
0
100
AcDbLine
 10
278.269
 20
-398.064
 30
0.0
 11
277.993
 21
-398.064
 31
0.0
  0
LINE
  5
4ED
330
17
100
AcDbEntity
  8
0
100
AcDbLine
 10
277.993
 20
-398.064
 30
0.0
 11
277.728
 21
-398.064
 31
0.0
  0
LINE
  5
4EE
330
17
100
AcDbEntity
  8
0
100
AcDbLine
 10
277.728
 20
-398.064
 30
0.0
 11
277.342
 21
-398.064
 31
0.0
  0
LINE
  5
4EF
330
17
100
AcDbEntity
  8
0
100
AcDbLine
 10
276.967
 20
-398.064
 30
0.0
 11
277.342
 21
-398.064
 31
0.0
  0
LINE
  5
4F0
330
17
100
AcDbEntity
  8
0
100
AcDbLine
 10
276.967
 20
-398.064
 30
0.0
 11
277.187
 21
-398.064
 31
0.0
  0
LINE
  5
4F1
330
17
100
AcDbEntity
  8
0
100
AcDbLine
 10
288.785
 20
-394.672
 30
0.0
 11
289.538
 21
-393.668
 31
0.0
  0
LINE
  5
4F2
330
17
100
AcDbEntity
  8
0
100
AcDbLine
 10
288.242
 20
-395.804
 30
0.0
 11
288.785
 21
-394.672
 31
0.0
  0
LINE
  5
4F3
330
17
100
AcDbEntity
  8
0
100
AcDbLine
 10
287.93
 20
-397.019
 30
0.0
 11
288.242
 21
-395.804
 31
0.0
  0
LINE
  5
4F4
330
17
100
AcDbEntity
  8
0
100
AcDbLine
 10
287.861
 20
-398.273
 30
0.0
 11
287.93
 21
-397.019
 31
0.0
  0
LINE
  5
4F5
330
17
100
AcDbEntity
  8
0
100
AcDbLine
 10
288.039
 20
-399.515
 30
0.0
 11
287.861
 21
-398.273
 31
0.0
  0
LINE
  5
4F6
330
17
100
AcDbEntity
  8
0
100
AcDbLine
 10
288.455
 20
-400.699
 30
0.0
 11
288.039
 21
-399.515
 31
0.0
  0
LINE
  5
4F7
330
17
100
AcDbEntity
  8
0
100
AcDbLine
 10
289.094
 20
-401.779
 30
0.0
 11
288.455
 21
-400.699
 31
0.0
  0
LINE
  5
4F8
330
17
100
AcDbEntity
  8
0
100
AcDbLine
 10
289.932
 20
-402.713
 30
0.0
 11
289.094
 21
-401.779
 31
0.0
  0
LINE
  5
4F9
330
17
100
AcDbEntity
  8
0
100
AcDbLine
 10
290.936
 20
-403.467
 30
0.0
 11
289.932
 21
-402.713
 31
0.0
  0
LINE
  5
4FA
330
17
100
AcDbEntity
  8
0
100
AcDbLine
 10
292.067
 20
-404.01
 30
0.0
 11
290.936
 21
-403.467
 31
0.0
  0
LINE
  5
4FB
330
17
100
AcDbEntity
  8
0
100
AcDbLine
 10
293.283
 20
-404.321
 30
0.0
 11
292.067
 21
-404.01
 31
0.0
  0
LINE
  5
4FC
330
17
100
AcDbEntity
  8
0
100
AcDbLine
 10
294.536
 20
-404.39
 30
0.0
 11
293.283
 21
-404.321
 31
0.0
  0
LINE
  5
4FD
330
17
100
AcDbEntity
  8
0
100
AcDbLine
 10
295.778
 20
-404.212
 30
0.0
 11
294.536
 21
-404.39
 31
0.0
  0
LINE
  5
4FE
330
17
100
AcDbEntity
  8
0
100
AcDbLine
 10
296.962
 20
-403.796
 30
0.0
 11
295.778
 21
-404.212
 31
0.0
  0
LINE
  5
4FF
330
17
100
AcDbEntity
  8
0
100
AcDbLine
 10
298.042
 20
-403.157
 30
0.0
 11
296.962
 21
-403.796
 31
0.0
  0
LINE
  5
500
330
17
100
AcDbEntity
  8
0
100
AcDbLine
 10
298.977
 20
-402.319
 30
0.0
 11
298.042
 21
-403.157
 31
0.0
  0
LINE
  5
501
330
17
100
AcDbEntity
  8
0
100
AcDbLine
 10
299.73
 20
-401.316
 30
0.0
 11
298.977
 21
-402.319
 31
0.0
  0
LINE
  5
502
330
17
100
AcDbEntity
  8
0
100
AcDbLine
 10
300.273
 20
-400.184
 30
0.0
 11
299.73
 21
-401.316
 31
0.0
  0
LINE
  5
503
330
17
100
AcDbEntity
  8
0
100
AcDbLine
 10
300.584
 20
-398.968
 30
0.0
 11
300.273
 21
-400.184
 31
0.0
  0
LINE
  5
504
330
17
100
AcDbEntity
  8
0
100
AcDbLine
 10
300.653
 20
-397.715
 30
0.0
 11
300.584
 21
-398.968
 31
0.0
  0
LINE
  5
505
330
17
100
AcDbEntity
  8
0
100
AcDbLine
 10
300.476
 20
-396.473
 30
0.0
 11
300.653
 21
-397.715
 31
0.0
  0
LINE
  5
506
330
17
100
AcDbEntity
  8
0
100
AcDbLine
 10
300.06
 20
-395.289
 30
0.0
 11
300.476
 21
-396.473
 31
0.0
  0
LINE
  5
507
330
17
100
AcDbEntity
  8
0
100
AcDbLine
 10
299.42
 20
-394.209
 30
0.0
 11
300.06
 21
-395.289
 31
0.0
  0
LINE
  5
508
330
17
100
AcDbEntity
  8
0
100
AcDbLine
 10
298.583
 20
-393.274
 30
0.0
 11
299.42
 21
-394.209
 31
0.0
  0
LINE
  5
509
330
17
100
AcDbEntity
  8
0
100
AcDbLine
 10
297.579
 20
-392.521
 30
0.0
 11
298.583
 21
-393.274
 31
0.0
  0
LINE
  5
50A
330
17
100
AcDbEntity
  8
0
100
AcDbLine
 10
296.447
 20
-391.978
 30
0.0
 11
297.579
 21
-392.521
 31
0.0
  0
LINE
  5
50B
330
17
100
AcDbEntity
  8
0
100
AcDbLine
 10
295.232
 20
-391.667
 30
0.0
 11
296.447
 21
-391.978
 31
0.0
  0
LINE
  5
50C
330
17
100
AcDbEntity
  8
0
100
AcDbLine
 10
293.979
 20
-391.598
 30
0.0
 11
295.232
 21
-391.667
 31
0.0
  0
LINE
  5
50D
330
17
100
AcDbEntity
  8
0
100
AcDbLine
 10
292.736
 20
-391.775
 30
0.0
 11
293.979
 21
-391.598
 31
0.0
  0
LINE
  5
50E
330
17
100
AcDbEntity
  8
0
100
AcDbLine
 10
291.552
 20
-392.192
 30
0.0
 11
292.736
 21
-391.775
 31
0.0
  0
LINE
  5
50F
330
17
100
AcDbEntity
  8
0
100
AcDbLine
 10
291.552
 20
-392.192
 30
0.0
 11
290.472
 21
-392.831
 31
0.0
  0
LINE
  5
510
330
17
100
AcDbEntity
  8
0
100
AcDbLine
 10
290.472
 20
-392.831
 30
0.0
 11
289.538
 21
-393.668
 31
0.0
  0
LINE
  5
511
330
17
100
AcDbEntity
  8
0
100
AcDbLine
 10
291.632
 20
-392.363
 30
0.0
 11
290.584
 21
-392.984
 31
0.0
  0
LINE
  5
512
330
17
100
AcDbEntity
  8
0
100
AcDbLine
 10
291.632
 20
-392.363
 30
0.0
 11
292.781
 21
-391.959
 31
0.0
  0
LINE
  5
513
330
17
100
AcDbEntity
  8
0
100
AcDbLine
 10
292.781
 20
-391.959
 30
0.0
 11
293.987
 21
-391.787
 31
0.0
  0
LINE
  5
514
330
17
100
AcDbEntity
  8
0
100
AcDbLine
 10
293.987
 20
-391.787
 30
0.0
 11
295.203
 21
-391.854
 31
0.0
  0
LINE
  5
515
330
17
100
AcDbEntity
  8
0
100
AcDbLine
 10
295.203
 20
-391.854
 30
0.0
 11
296.383
 21
-392.156
 31
0.0
  0
LINE
  5
516
330
17
100
AcDbEntity
  8
0
100
AcDbLine
 10
296.383
 20
-392.156
 30
0.0
 11
297.481
 21
-392.683
 31
0.0
  0
LINE
  5
517
330
17
100
AcDbEntity
  8
0
100
AcDbLine
 10
297.481
 20
-392.683
 30
0.0
 11
298.455
 21
-393.414
 31
0.0
  0
LINE
  5
518
330
17
100
AcDbEntity
  8
0
100
AcDbLine
 10
298.455
 20
-393.414
 30
0.0
 11
299.268
 21
-394.321
 31
0.0
  0
LINE
  5
519
330
17
100
AcDbEntity
  8
0
100
AcDbLine
 10
299.268
 20
-394.321
 30
0.0
 11
299.888
 21
-395.369
 31
0.0
  0
LINE
  5
51A
330
17
100
AcDbEntity
  8
0
100
AcDbLine
 10
299.888
 20
-395.369
 30
0.0
 11
300.292
 21
-396.518
 31
0.0
  0
LINE
  5
51B
330
17
100
AcDbEntity
  8
0
100
AcDbLine
 10
300.292
 20
-396.518
 30
0.0
 11
300.464
 21
-397.724
 31
0.0
  0
LINE
  5
51C
330
17
100
AcDbEntity
  8
0
100
AcDbLine
 10
300.464
 20
-397.724
 30
0.0
 11
300.397
 21
-398.94
 31
0.0
  0
LINE
  5
51D
330
17
100
AcDbEntity
  8
0
100
AcDbLine
 10
300.397
 20
-398.94
 30
0.0
 11
300.095
 21
-400.119
 31
0.0
  0
LINE
  5
51E
330
17
100
AcDbEntity
  8
0
100
AcDbLine
 10
300.095
 20
-400.119
 30
0.0
 11
299.568
 21
-401.217
 31
0.0
  0
LINE
  5
51F
330
17
100
AcDbEntity
  8
0
100
AcDbLine
 10
299.568
 20
-401.217
 30
0.0
 11
298.837
 21
-402.191
 31
0.0
  0
LINE
  5
520
330
17
100
AcDbEntity
  8
0
100
AcDbLine
 10
298.837
 20
-402.191
 30
0.0
 11
297.93
 21
-403.004
 31
0.0
  0
LINE
  5
521
330
17
100
AcDbEntity
  8
0
100
AcDbLine
 10
297.93
 20
-403.004
 30
0.0
 11
296.882
 21
-403.625
 31
0.0
  0
LINE
  5
522
330
17
100
AcDbEntity
  8
0
100
AcDbLine
 10
296.882
 20
-403.625
 30
0.0
 11
295.733
 21
-404.029
 31
0.0
  0
LINE
  5
523
330
17
100
AcDbEntity
  8
0
100
AcDbLine
 10
295.733
 20
-404.029
 30
0.0
 11
294.528
 21
-404.201
 31
0.0
  0
LINE
  5
524
330
17
100
AcDbEntity
  8
0
100
AcDbLine
 10
294.528
 20
-404.201
 30
0.0
 11
293.312
 21
-404.134
 31
0.0
  0
LINE
  5
525
330
17
100
AcDbEntity
  8
0
100
AcDbLine
 10
293.312
 20
-404.134
 30
0.0
 11
292.132
 21
-403.832
 31
0.0
  0
LINE
  5
526
330
17
100
AcDbEntity
  8
0
100
AcDbLine
 10
292.132
 20
-403.832
 30
0.0
 11
291.034
 21
-403.305
 31
0.0
  0
LINE
  5
527
330
17
100
AcDbEntity
  8
0
100
AcDbLine
 10
291.034
 20
-403.305
 30
0.0
 11
290.06
 21
-402.574
 31
0.0
  0
LINE
  5
528
330
17
100
AcDbEntity
  8
0
100
AcDbLine
 10
290.06
 20
-402.574
 30
0.0
 11
289.247
 21
-401.667
 31
0.0
  0
LINE
  5
529
330
17
100
AcDbEntity
  8
0
100
AcDbLine
 10
289.247
 20
-401.667
 30
0.0
 11
288.627
 21
-400.619
 31
0.0
  0
LINE
  5
52A
330
17
100
AcDbEntity
  8
0
100
AcDbLine
 10
288.627
 20
-400.619
 30
0.0
 11
288.223
 21
-399.47
 31
0.0
  0
LINE
  5
52B
330
17
100
AcDbEntity
  8
0
100
AcDbLine
 10
288.223
 20
-399.47
 30
0.0
 11
288.051
 21
-398.264
 31
0.0
  0
LINE
  5
52C
330
17
100
AcDbEntity
  8
0
100
AcDbLine
 10
288.051
 20
-398.264
 30
0.0
 11
288.117
 21
-397.048
 31
0.0
  0
LINE
  5
52D
330
17
100
AcDbEntity
  8
0
100
AcDbLine
 10
288.117
 20
-397.048
 30
0.0
 11
288.42
 21
-395.869
 31
0.0
  0
LINE
  5
52E
330
17
100
AcDbEntity
  8
0
100
AcDbLine
 10
288.42
 20
-395.869
 30
0.0
 11
288.946
 21
-394.771
 31
0.0
  0
LINE
  5
52F
330
17
100
AcDbEntity
  8
0
100
AcDbLine
 10
288.946
 20
-394.771
 30
0.0
 11
289.677
 21
-393.796
 31
0.0
  0
LINE
  5
530
330
17
100
AcDbEntity
  8
0
100
AcDbLine
 10
289.677
 20
-393.796
 30
0.0
 11
290.584
 21
-392.984
 31
0.0
  0
LINE
  5
531
330
17
100
AcDbEntity
  8
0
100
AcDbLine
 10
297.514
 20
-402.436
 30
0.0
 11
297.529
 21
-402.458
 31
0.0
  0
LINE
  5
532
330
17
100
AcDbEntity
  8
0
100
AcDbLine
 10
297.357
 20
-402.223
 30
0.0
 11
297.514
 21
-402.436
 31
0.0
  0
LINE
  5
533
330
17
100
AcDbEntity
  8
0
100
AcDbLine
 10
297.357
 20
-402.223
 30
0.0
 11
297.357
 21
-402.223
 31
0.0
  0
LINE
  5
534
330
17
100
AcDbEntity
  8
0
100
AcDbLine
 10
296.84
 20
-401.518
 30
0.0
 11
297.357
 21
-402.223
 31
0.0
  0
LINE
  5
535
330
17
100
AcDbEntity
  8
0
100
AcDbLine
 10
296.84
 20
-401.518
 30
0.0
 11
296.676
 21
-401.293
 31
0.0
  0
LINE
  5
536
330
17
100
AcDbEntity
  8
0
100
AcDbLine
 10
296.527
 20
-401.091
 30
0.0
 11
296.676
 21
-401.293
 31
0.0
  0
LINE
  5
537
330
17
100
AcDbEntity
  8
0
100
AcDbLine
 10
296.519
 20
-401.08
 30
0.0
 11
296.527
 21
-401.091
 31
0.0
  0
LINE
  5
538
330
17
100
AcDbEntity
  8
0
100
AcDbLine
 10
296.449
 20
-400.984
 30
0.0
 11
296.519
 21
-401.08
 31
0.0
  0
LINE
  5
539
330
17
100
AcDbEntity
  8
0
100
AcDbLine
 10
296.167
 20
-400.599
 30
0.0
 11
296.449
 21
-400.984
 31
0.0
  0
LINE
  5
53A
330
17
100
AcDbEntity
  8
0
100
AcDbLine
 10
296.018
 20
-400.396
 30
0.0
 11
296.167
 21
-400.599
 31
0.0
  0
LINE
  5
53B
330
17
100
AcDbEntity
  8
0
100
AcDbLine
 10
296.018
 20
-400.396
 30
0.0
 11
295.916
 21
-400.257
 31
0.0
  0
LINE
  5
53C
330
17
100
AcDbEntity
  8
0
100
AcDbLine
 10
295.721
 20
-399.99
 30
0.0
 11
295.916
 21
-400.257
 31
0.0
  0
LINE
  5
53D
330
17
100
AcDbEntity
  8
0
100
AcDbLine
 10
295.556
 20
-399.766
 30
0.0
 11
295.721
 21
-399.99
 31
0.0
  0
LINE
  5
53E
330
17
100
AcDbEntity
  8
0
100
AcDbLine
 10
295.556
 20
-399.766
 30
0.0
 11
295.368
 21
-399.51
 31
0.0
  0
LINE
  5
53F
330
17
100
AcDbEntity
  8
0
100
AcDbLine
 10
295.298
 20
-399.414
 30
0.0
 11
295.368
 21
-399.51
 31
0.0
  0
LINE
  5
540
330
17
100
AcDbEntity
  8
0
100
AcDbLine
 10
294.906
 20
-398.879
 30
0.0
 11
295.298
 21
-399.414
 31
0.0
  0
LINE
  5
541
330
17
100
AcDbEntity
  8
0
100
AcDbLine
 10
294.906
 20
-398.879
 30
0.0
 11
294.75
 21
-398.666
 31
0.0
  0
LINE
  5
542
330
17
100
AcDbEntity
  8
0
100
AcDbLine
 10
294.75
 20
-398.666
 30
0.0
 11
294.491
 21
-398.313
 31
0.0
  0
LINE
  5
543
330
17
100
AcDbEntity
  8
0
100
AcDbLine
 10
294.491
 20
-398.313
 30
0.0
 11
294.46
 21
-398.271
 31
0.0
  0
LINE
  5
544
330
17
100
AcDbEntity
  8
0
100
AcDbLine
 10
294.46
 20
-398.271
 30
0.0
 11
294.46
 21
-398.271
 31
0.0
  0
LINE
  5
545
330
17
100
AcDbEntity
  8
0
100
AcDbLine
 10
294.157
 20
-397.857
 30
0.0
 11
294.46
 21
-398.271
 31
0.0
  0
LINE
  5
546
330
17
100
AcDbEntity
  8
0
100
AcDbLine
 10
294.157
 20
-397.857
 30
0.0
 11
294.157
 21
-397.857
 31
0.0
  0
LINE
  5
547
330
17
100
AcDbEntity
  8
0
100
AcDbLine
 10
294.183
 20
-397.893
 30
0.0
 11
294.157
 21
-397.857
 31
0.0
  0
LINE
  5
548
330
17
100
AcDbEntity
  8
0
100
AcDbLine
 10
294.221
 20
-397.945
 30
0.0
 11
294.183
 21
-397.893
 31
0.0
  0
LINE
  5
549
330
17
100
AcDbEntity
  8
0
100
AcDbLine
 10
294.205
 20
-397.923
 30
0.0
 11
294.221
 21
-397.945
 31
0.0
  0
LINE
  5
54A
330
17
100
AcDbEntity
  8
0
100
AcDbLine
 10
294.047
 20
-397.707
 30
0.0
 11
294.205
 21
-397.923
 31
0.0
  0
LINE
  5
54B
330
17
100
AcDbEntity
  8
0
100
AcDbLine
 10
293.688
 20
-397.218
 30
0.0
 11
294.047
 21
-397.707
 31
0.0
  0
LINE
  5
54C
330
17
100
AcDbEntity
  8
0
100
AcDbLine
 10
293.471
 20
-396.921
 30
0.0
 11
293.688
 21
-397.218
 31
0.0
  0
LINE
  5
54D
330
17
100
AcDbEntity
  8
0
100
AcDbLine
 10
293.471
 20
-396.921
 30
0.0
 11
293.373
 21
-396.788
 31
0.0
  0
LINE
  5
54E
330
17
100
AcDbEntity
  8
0
100
AcDbLine
 10
292.96
 20
-396.224
 30
0.0
 11
293.373
 21
-396.788
 31
0.0
  0
LINE
  5
54F
330
17
100
AcDbEntity
  8
0
100
AcDbLine
 10
292.334
 20
-395.371
 30
0.0
 11
292.96
 21
-396.224
 31
0.0
  0
LINE
  5
550
330
17
100
AcDbEntity
  8
0
100
AcDbLine
 10
292.334
 20
-395.371
 30
0.0
 11
292.552
 21
-395.668
 31
0.0
  0
LINE
  5
551
330
17
100
AcDbEntity
  8
0
100
AcDbLine
 10
292.41
 20
-395.475
 30
0.0
 11
292.552
 21
-395.668
 31
0.0
  0
LINE
  5
552
330
17
100
AcDbEntity
  8
0
100
AcDbLine
 10
292.182
 20
-395.163
 30
0.0
 11
292.41
 21
-395.475
 31
0.0
  0
LINE
  5
553
330
17
100
AcDbEntity
  8
0
100
AcDbLine
 10
292.182
 20
-395.163
 30
0.0
 11
291.91
 21
-394.792
 31
0.0
  0
LINE
  5
554
330
17
100
AcDbEntity
  8
0
100
AcDbLine
 10
291.72
 20
-394.533
 30
0.0
 11
291.91
 21
-394.792
 31
0.0
  0
LINE
  5
555
330
17
100
AcDbEntity
  8
0
100
AcDbLine
 10
291.72
 20
-394.533
 30
0.0
 11
291.589
 21
-394.355
 31
0.0
  0
LINE
  5
556
330
17
100
AcDbEntity
  8
0
100
AcDbLine
 10
291.263
 20
-393.91
 30
0.0
 11
291.589
 21
-394.355
 31
0.0
  0
LINE
  5
557
330
17
100
AcDbEntity
  8
0
100
AcDbLine
 10
291.122
 20
-393.717
 30
0.0
 11
291.263
 21
-393.91
 31
0.0
  0
LINE
  5
558
330
17
100
AcDbEntity
  8
0
100
AcDbLine
 10
291.122
 20
-393.717
 30
0.0
 11
290.949
 21
-393.482
 31
0.0
  0
LINE
  5
559
330
17
100
AcDbEntity
  8
0
100
AcDbLine
 10
291.059
 20
-393.631
 30
0.0
 11
290.949
 21
-393.482
 31
0.0
  0
LINE
  5
55A
330
17
100
AcDbEntity
  8
0
100
AcDbLine
 10
290.652
 20
-393.076
 30
0.0
 11
291.059
 21
-393.631
 31
0.0
  0
LINE
  5
55B
330
17
100
AcDbEntity
  8
0
100
AcDbLine
 10
290.584
 20
-392.984
 30
0.0
 11
290.652
 21
-393.076
 31
0.0
  0
LINE
  5
55C
330
17
100
AcDbEntity
  8
0
100
AcDbLine
 10
290.584
 20
-392.984
 30
0.0
 11
290.832
 21
-393.322
 31
0.0
  0
LINE
  5
55D
330
17
100
AcDbEntity
  8
0
100
AcDbLine
 10
290.855
 20
-393.354
 30
0.0
 11
290.832
 21
-393.322
 31
0.0
  0
LINE
  5
55E
330
17
100
AcDbEntity
  8
0
100
AcDbLine
 10
290.613
 20
-393.023
 30
0.0
 11
290.855
 21
-393.354
 31
0.0
  0
LINE
  5
55F
330
17
100
AcDbEntity
  8
0
100
AcDbLine
 10
290.44
 20
-392.788
 30
0.0
 11
290.472
 21
-392.831
 31
0.0
  0
LINE
  5
560
330
17
100
AcDbEntity
  8
0
100
AcDbLine
 10
290.584
 20
-392.984
 30
0.0
 11
290.613
 21
-393.023
 31
0.0
  0
LINE
  5
561
330
17
100
AcDbEntity
  8
0
100
AcDbLine
 10
290.44
 20
-392.788
 30
0.0
 11
290.44
 21
-392.788
 31
0.0
  0
LINE
  5
562
330
17
100
AcDbEntity
  8
0
100
AcDbLine
 10
290.44
 20
-392.788
 30
0.0
 11
290.472
 21
-392.831
 31
0.0
  0
LINE
  5
563
330
17
100
AcDbEntity
  8
0
100
AcDbLine
 10
290.584
 20
-392.984
 30
0.0
 11
290.675
 21
-393.108
 31
0.0
  0
LINE
  5
564
330
17
100
AcDbEntity
  8
0
100
AcDbLine
 10
290.394
 20
-392.723
 30
0.0
 11
290.472
 21
-392.831
 31
0.0
  0
LINE
  5
565
330
17
100
AcDbEntity
  8
0
100
AcDbLine
 10
290.584
 20
-392.984
 30
0.0
 11
290.675
 21
-393.108
 31
0.0
  0
LINE
  5
566
330
17
100
AcDbEntity
  8
0
100
AcDbLine
 10
290.417
 20
-392.756
 30
0.0
 11
290.394
 21
-392.723
 31
0.0
  0
LINE
  5
567
330
17
100
AcDbEntity
  8
0
100
AcDbLine
 10
290.417
 20
-392.756
 30
0.0
 11
290.472
 21
-392.831
 31
0.0
  0
LINE
  5
568
330
17
100
AcDbEntity
  8
0
100
AcDbLine
 10
290.584
 20
-392.984
 30
0.0
 11
290.785
 21
-393.258
 31
0.0
  0
LINE
  5
569
330
17
100
AcDbEntity
  8
0
100
AcDbLine
 10
290.785
 20
-393.258
 30
0.0
 11
291.231
 21
-393.866
 31
0.0
  0
LINE
  5
56A
330
17
100
AcDbEntity
  8
0
100
AcDbLine
 10
291.278
 20
-393.93
 30
0.0
 11
291.231
 21
-393.866
 31
0.0
  0
LINE
  5
56B
330
17
100
AcDbEntity
  8
0
100
AcDbLine
 10
290.973
 20
-393.514
 30
0.0
 11
291.278
 21
-393.93
 31
0.0
  0
LINE
  5
56C
330
17
100
AcDbEntity
  8
0
100
AcDbLine
 10
290.973
 20
-393.514
 30
0.0
 11
290.832
 21
-393.322
 31
0.0
  0
LINE
  5
56D
330
17
100
AcDbEntity
  8
0
100
AcDbLine
 10
290.832
 20
-393.322
 30
0.0
 11
291.145
 21
-393.749
 31
0.0
  0
LINE
  5
56E
330
17
100
AcDbEntity
  8
0
100
AcDbLine
 10
291.13
 20
-393.728
 30
0.0
 11
291.145
 21
-393.749
 31
0.0
  0
LINE
  5
56F
330
17
100
AcDbEntity
  8
0
100
AcDbLine
 10
291.13
 20
-393.728
 30
0.0
 11
291.513
 21
-394.251
 31
0.0
  0
LINE
  5
570
330
17
100
AcDbEntity
  8
0
100
AcDbLine
 10
291.513
 20
-394.251
 30
0.0
 11
292.007
 21
-394.924
 31
0.0
  0
LINE
  5
571
330
17
100
AcDbEntity
  8
0
100
AcDbLine
 10
292.007
 20
-394.924
 30
0.0
 11
292.328
 21
-395.362
 31
0.0
  0
LINE
  5
572
330
17
100
AcDbEntity
  8
0
100
AcDbLine
 10
292.398
 20
-395.458
 30
0.0
 11
292.328
 21
-395.362
 31
0.0
  0
LINE
  5
573
330
17
100
AcDbEntity
  8
0
100
AcDbLine
 10
292.711
 20
-395.885
 30
0.0
 11
292.398
 21
-395.458
 31
0.0
  0
LINE
  5
574
330
17
100
AcDbEntity
  8
0
100
AcDbLine
 10
292.711
 20
-395.885
 30
0.0
 11
292.821
 21
-396.035
 31
0.0
  0
LINE
  5
575
330
17
100
AcDbEntity
  8
0
100
AcDbLine
 10
292.821
 20
-396.035
 30
0.0
 11
293.205
 21
-396.558
 31
0.0
  0
LINE
  5
576
330
17
100
AcDbEntity
  8
0
100
AcDbLine
 10
293.142
 20
-396.473
 30
0.0
 11
293.205
 21
-396.558
 31
0.0
  0
LINE
  5
577
330
17
100
AcDbEntity
  8
0
100
AcDbLine
 10
293.714
 20
-397.252
 30
0.0
 11
293.142
 21
-396.473
 31
0.0
  0
LINE
  5
578
330
17
100
AcDbEntity
  8
0
100
AcDbLine
 10
293.714
 20
-397.252
 30
0.0
 11
293.878
 21
-397.477
 31
0.0
  0
LINE
  5
579
330
17
100
AcDbEntity
  8
0
100
AcDbLine
 10
293.878
 20
-397.477
 30
0.0
 11
294.129
 21
-397.818
 31
0.0
  0
LINE
  5
57A
330
17
100
AcDbEntity
  8
0
100
AcDbLine
 10
294.575
 20
-398.427
 30
0.0
 11
294.129
 21
-397.818
 31
0.0
  0
LINE
  5
57B
330
17
100
AcDbEntity
  8
0
100
AcDbLine
 10
294.575
 20
-398.427
 30
0.0
 11
294.591
 21
-398.449
 31
0.0
  0
LINE
  5
57C
330
17
100
AcDbEntity
  8
0
100
AcDbLine
 10
294.865
 20
-398.823
 30
0.0
 11
294.591
 21
-398.449
 31
0.0
  0
LINE
  5
57D
330
17
100
AcDbEntity
  8
0
100
AcDbLine
 10
294.865
 20
-398.823
 30
0.0
 11
295.24
 21
-399.335
 31
0.0
  0
LINE
  5
57E
330
17
100
AcDbEntity
  8
0
100
AcDbLine
 10
295.24
 20
-399.335
 30
0.0
 11
295.619
 21
-399.851
 31
0.0
  0
LINE
  5
57F
330
17
100
AcDbEntity
  8
0
100
AcDbLine
 10
295.619
 20
-399.851
 30
0.0
 11
295.743
 21
-400.021
 31
0.0
  0
LINE
  5
580
330
17
100
AcDbEntity
  8
0
100
AcDbLine
 10
295.743
 20
-400.021
 30
0.0
 11
296.082
 21
-400.483
 31
0.0
  0
LINE
  5
581
330
17
100
AcDbEntity
  8
0
100
AcDbLine
 10
296.082
 20
-400.483
 30
0.0
 11
296.141
 21
-400.564
 31
0.0
  0
LINE
  5
582
330
17
100
AcDbEntity
  8
0
100
AcDbLine
 10
296.063
 20
-400.457
 30
0.0
 11
296.141
 21
-400.564
 31
0.0
  0
LINE
  5
583
330
17
100
AcDbEntity
  8
0
100
AcDbLine
 10
295.984
 20
-400.35
 30
0.0
 11
296.063
 21
-400.457
 31
0.0
  0
LINE
  5
584
330
17
100
AcDbEntity
  8
0
100
AcDbLine
 10
295.984
 20
-400.35
 30
0.0
 11
296.095
 21
-400.501
 31
0.0
  0
LINE
  5
585
330
17
100
AcDbEntity
  8
0
100
AcDbLine
 10
296.095
 20
-400.501
 30
0.0
 11
296.258
 21
-400.724
 31
0.0
  0
LINE
  5
586
330
17
100
AcDbEntity
  8
0
100
AcDbLine
 10
296.258
 20
-400.724
 30
0.0
 11
296.415
 21
-400.937
 31
0.0
  0
LINE
  5
587
330
17
100
AcDbEntity
  8
0
100
AcDbLine
 10
296.415
 20
-400.937
 30
0.0
 11
296.643
 21
-401.249
 31
0.0
  0
LINE
  5
588
330
17
100
AcDbEntity
  8
0
100
AcDbLine
 10
296.865
 20
-401.552
 30
0.0
 11
296.643
 21
-401.249
 31
0.0
  0
LINE
  5
589
330
17
100
AcDbEntity
  8
0
100
AcDbLine
 10
296.865
 20
-401.552
 30
0.0
 11
296.735
 21
-401.374
 31
0.0
  0
LINE
  5
58A
330
17
100
AcDbEntity
  8
0
100
AcDbLine
 10
296.944
 20
-401.658
 30
0.0
 11
296.735
 21
-401.374
 31
0.0
  0
LINE
  5
58B
330
17
100
AcDbEntity
  8
0
100
AcDbLine
 10
296.944
 20
-401.658
 30
0.0
 11
297.185
 21
-401.988
 31
0.0
  0
LINE
  5
58C
330
17
100
AcDbEntity
  8
0
100
AcDbLine
 10
297.185
 20
-401.988
 30
0.0
 11
297.4
 21
-402.281
 31
0.0
  0
LINE
  5
58D
330
17
100
AcDbEntity
  8
0
100
AcDbLine
 10
297.4
 20
-402.281
 30
0.0
 11
297.57
 21
-402.513
 31
0.0
  0
LINE
  5
58E
330
17
100
AcDbEntity
  8
0
100
AcDbLine
 10
297.537
 20
-402.468
 30
0.0
 11
297.57
 21
-402.513
 31
0.0
  0
LINE
  5
58F
330
17
100
AcDbEntity
  8
0
100
AcDbLine
 10
297.537
 20
-402.468
 30
0.0
 11
297.394
 21
-402.273
 31
0.0
  0
LINE
  5
590
330
17
100
AcDbEntity
  8
0
100
AcDbLine
 10
297.576
 20
-402.522
 30
0.0
 11
297.394
 21
-402.273
 31
0.0
  0
LINE
  5
591
330
17
100
AcDbEntity
  8
0
100
AcDbLine
 10
297.576
 20
-402.522
 30
0.0
 11
297.544
 21
-402.477
 31
0.0
  0
LINE
  5
592
330
17
100
AcDbEntity
  8
0
100
AcDbLine
 10
297.622
 20
-402.584
 30
0.0
 11
297.544
 21
-402.477
 31
0.0
  0
LINE
  5
593
330
17
100
AcDbEntity
  8
0
100
AcDbLine
 10
297.622
 20
-402.584
 30
0.0
 11
297.668
 21
-402.646
 31
0.0
  0
LINE
  5
594
330
17
100
AcDbEntity
  8
0
100
AcDbLine
 10
297.818
 20
-402.851
 30
0.0
 11
297.668
 21
-402.646
 31
0.0
  0
LINE
  5
595
330
17
100
AcDbEntity
  8
0
100
AcDbLine
 10
297.818
 20
-402.851
 30
0.0
 11
297.929
 21
-403.002
 31
0.0
  0
LINE
  5
596
330
17
100
AcDbEntity
  8
0
100
AcDbLine
 10
297.929
 20
-403.002
 30
0.0
 11
298.085
 21
-403.216
 31
0.0
  0
LINE
  5
597
330
17
100
AcDbEntity
  8
0
100
AcDbLine
 10
298.359
 20
-403.59
 30
0.0
 11
298.085
 21
-403.216
 31
0.0
  0
LINE
  5
598
330
17
100
AcDbEntity
  8
0
100
AcDbLine
 10
298.359
 20
-403.59
 30
0.0
 11
298.391
 21
-403.633
 31
0.0
  0
LINE
  5
599
330
17
100
AcDbEntity
  8
0
100
AcDbLine
 10
298.438
 20
-403.697
 30
0.0
 11
298.391
 21
-403.633
 31
0.0
  0
LINE
  5
59A
330
17
100
AcDbEntity
  8
0
100
AcDbLine
 10
298.438
 20
-403.697
 30
0.0
 11
298.367
 21
-403.601
 31
0.0
  0
LINE
  5
59B
330
17
100
AcDbEntity
  8
0
100
AcDbLine
 10
298.352
 20
-403.579
 30
0.0
 11
298.367
 21
-403.601
 31
0.0
  0
LINE
  5
59C
330
17
100
AcDbEntity
  8
0
100
AcDbLine
 10
298.203
 20
-403.376
 30
0.0
 11
298.352
 21
-403.579
 31
0.0
  0
LINE
  5
59D
330
17
100
AcDbEntity
  8
0
100
AcDbLine
 10
298.085
 20
-403.216
 30
0.0
 11
298.203
 21
-403.376
 31
0.0
  0
LINE
  5
59E
330
17
100
AcDbEntity
  8
0
100
AcDbLine
 10
298.042
 20
-403.157
 30
0.0
 11
298.085
 21
-403.216
 31
0.0
  0
LINE
  5
59F
330
17
100
AcDbEntity
  8
0
100
AcDbLine
 10
297.678
 20
-402.661
 30
0.0
 11
297.93
 21
-403.004
 31
0.0
  0
LINE
  5
5A0
330
17
100
AcDbEntity
  8
0
100
AcDbLine
 10
297.678
 20
-402.661
 30
0.0
 11
297.482
 21
-402.394
 31
0.0
  0
LINE
  5
5A1
330
17
100
AcDbEntity
  8
0
100
AcDbLine
 10
297.177
 20
-401.977
 30
0.0
 11
297.482
 21
-402.394
 31
0.0
  0
LINE
  5
5A2
330
17
100
AcDbEntity
  8
0
100
AcDbLine
 10
297.177
 20
-401.977
 30
0.0
 11
297.381
 21
-402.255
 31
0.0
  0
LINE
  5
5A3
330
17
100
AcDbEntity
  8
0
100
AcDbLine
 10
297.529
 20
-402.458
 30
0.0
 11
297.381
 21
-402.255
 31
0.0
  0
LINE
  5
5A4
330
17
100
AcDbEntity
  8
0
100
AcDbLine
 10
290.714
 20
-400.699
 30
0.0
 11
290.999
 21
-400.49
 31
0.0
  0
LINE
  5
5A5
330
17
100
AcDbEntity
  8
0
100
AcDbLine
 10
290.384
 20
-400.94
 30
0.0
 11
290.714
 21
-400.699
 31
0.0
  0
LINE
  5
5A6
330
17
100
AcDbEntity
  8
0
100
AcDbLine
 10
290.091
 20
-401.156
 30
0.0
 11
290.384
 21
-400.94
 31
0.0
  0
LINE
  5
5A7
330
17
100
AcDbEntity
  8
0
100
AcDbLine
 10
289.859
 20
-401.325
 30
0.0
 11
290.091
 21
-401.156
 31
0.0
  0
LINE
  5
5A8
330
17
100
AcDbEntity
  8
0
100
AcDbLine
 10
289.904
 20
-401.293
 30
0.0
 11
289.859
 21
-401.325
 31
0.0
  0
LINE
  5
5A9
330
17
100
AcDbEntity
  8
0
100
AcDbLine
 10
289.904
 20
-401.293
 30
0.0
 11
290.1
 21
-401.149
 31
0.0
  0
LINE
  5
5AA
330
17
100
AcDbEntity
  8
0
100
AcDbLine
 10
289.85
 20
-401.332
 30
0.0
 11
290.1
 21
-401.149
 31
0.0
  0
LINE
  5
5AB
330
17
100
AcDbEntity
  8
0
100
AcDbLine
 10
289.85
 20
-401.332
 30
0.0
 11
289.895
 21
-401.299
 31
0.0
  0
LINE
  5
5AC
330
17
100
AcDbEntity
  8
0
100
AcDbLine
 10
289.788
 20
-401.378
 30
0.0
 11
289.895
 21
-401.299
 31
0.0
  0
LINE
  5
5AD
330
17
100
AcDbEntity
  8
0
100
AcDbLine
 10
289.788
 20
-401.378
 30
0.0
 11
289.726
 21
-401.423
 31
0.0
  0
LINE
  5
5AE
330
17
100
AcDbEntity
  8
0
100
AcDbLine
 10
289.521
 20
-401.573
 30
0.0
 11
289.726
 21
-401.423
 31
0.0
  0
LINE
  5
5AF
330
17
100
AcDbEntity
  8
0
100
AcDbLine
 10
289.521
 20
-401.573
 30
0.0
 11
289.37
 21
-401.684
 31
0.0
  0
LINE
  5
5B0
330
17
100
AcDbEntity
  8
0
100
AcDbLine
 10
289.37
 20
-401.684
 30
0.0
 11
289.156
 21
-401.841
 31
0.0
  0
LINE
  5
5B1
330
17
100
AcDbEntity
  8
0
100
AcDbLine
 10
288.782
 20
-402.115
 30
0.0
 11
289.156
 21
-401.841
 31
0.0
  0
LINE
  5
5B2
330
17
100
AcDbEntity
  8
0
100
AcDbLine
 10
288.74
 20
-402.146
 30
0.0
 11
288.782
 21
-402.115
 31
0.0
  0
LINE
  5
5B3
330
17
100
AcDbEntity
  8
0
100
AcDbLine
 10
288.675
 20
-402.193
 30
0.0
 11
288.74
 21
-402.146
 31
0.0
  0
LINE
  5
5B4
330
17
100
AcDbEntity
  8
0
100
AcDbLine
 10
288.675
 20
-402.193
 30
0.0
 11
288.772
 21
-402.123
 31
0.0
  0
LINE
  5
5B5
330
17
100
AcDbEntity
  8
0
100
AcDbLine
 10
288.793
 20
-402.107
 30
0.0
 11
288.772
 21
-402.123
 31
0.0
  0
LINE
  5
5B6
330
17
100
AcDbEntity
  8
0
100
AcDbLine
 10
288.793
 20
-402.107
 30
0.0
 11
288.996
 21
-401.958
 31
0.0
  0
LINE
  5
5B7
330
17
100
AcDbEntity
  8
0
100
AcDbLine
 10
289.152
 20
-401.844
 30
0.0
 11
288.996
 21
-401.958
 31
0.0
  0
LINE
  5
5B8
330
17
100
AcDbEntity
  8
0
100
AcDbLine
 10
289.348
 20
-401.7
 30
0.0
 11
289.305
 21
-401.732
 31
0.0
  0
LINE
  5
5B9
330
17
100
AcDbEntity
  8
0
100
AcDbLine
 10
289.712
 20
-401.434
 30
0.0
 11
289.348
 21
-401.7
 31
0.0
  0
LINE
  5
5BA
330
17
100
AcDbEntity
  8
0
100
AcDbLine
 10
289.712
 20
-401.434
 30
0.0
 11
289.979
 21
-401.238
 31
0.0
  0
LINE
  5
5BB
330
17
100
AcDbEntity
  8
0
100
AcDbLine
 10
290.395
 20
-400.933
 30
0.0
 11
289.979
 21
-401.238
 31
0.0
  0
LINE
  5
5BC
330
17
100
AcDbEntity
  8
0
100
AcDbLine
 10
290.117
 20
-401.136
 30
0.0
 11
290.395
 21
-400.933
 31
0.0
  0
LINE
  5
5BD
330
17
100
AcDbEntity
  8
0
100
AcDbLine
 10
289.914
 20
-401.285
 30
0.0
 11
290.117
 21
-401.136
 31
0.0
  0
LINE
  5
5BE
330
17
100
AcDbEntity
  8
0
100
AcDbLine
 10
289.914
 20
-401.285
 30
0.0
 11
289.936
 21
-401.269
 31
0.0
  0
LINE
  5
5BF
330
17
100
AcDbEntity
  8
0
100
AcDbLine
 10
290.149
 20
-401.113
 30
0.0
 11
289.936
 21
-401.269
 31
0.0
  0
LINE
  5
5C0
330
17
100
AcDbEntity
  8
0
100
AcDbLine
 10
290.149
 20
-401.113
 30
0.0
 11
290.149
 21
-401.113
 31
0.0
  0
LINE
  5
5C1
330
17
100
AcDbEntity
  8
0
100
AcDbLine
 10
290.854
 20
-400.596
 30
0.0
 11
290.149
 21
-401.113
 31
0.0
  0
LINE
  5
5C2
330
17
100
AcDbEntity
  8
0
100
AcDbLine
 10
290.854
 20
-400.596
 30
0.0
 11
291.079
 21
-400.431
 31
0.0
  0
LINE
  5
5C3
330
17
100
AcDbEntity
  8
0
100
AcDbLine
 10
291.282
 20
-400.283
 30
0.0
 11
291.079
 21
-400.431
 31
0.0
  0
LINE
  5
5C4
330
17
100
AcDbEntity
  8
0
100
AcDbLine
 10
291.292
 20
-400.275
 30
0.0
 11
291.282
 21
-400.283
 31
0.0
  0
LINE
  5
5C5
330
17
100
AcDbEntity
  8
0
100
AcDbLine
 10
291.292
 20
-400.275
 30
0.0
 11
291.389
 21
-400.204
 31
0.0
  0
LINE
  5
5C6
330
17
100
AcDbEntity
  8
0
100
AcDbLine
 10
291.773
 20
-399.922
 30
0.0
 11
291.389
 21
-400.204
 31
0.0
  0
LINE
  5
5C7
330
17
100
AcDbEntity
  8
0
100
AcDbLine
 10
291.976
 20
-399.774
 30
0.0
 11
291.773
 21
-399.922
 31
0.0
  0
LINE
  5
5C8
330
17
100
AcDbEntity
  8
0
100
AcDbLine
 10
291.976
 20
-399.774
 30
0.0
 11
292.115
 21
-399.672
 31
0.0
  0
LINE
  5
5C9
330
17
100
AcDbEntity
  8
0
100
AcDbLine
 10
292.382
 20
-399.476
 30
0.0
 11
292.115
 21
-399.672
 31
0.0
  0
LINE
  5
5CA
330
17
100
AcDbEntity
  8
0
100
AcDbLine
 10
292.606
 20
-399.312
 30
0.0
 11
292.382
 21
-399.476
 31
0.0
  0
LINE
  5
5CB
330
17
100
AcDbEntity
  8
0
100
AcDbLine
 10
292.606
 20
-399.312
 30
0.0
 11
292.863
 21
-399.124
 31
0.0
  0
LINE
  5
5CC
330
17
100
AcDbEntity
  8
0
100
AcDbLine
 10
292.863
 20
-399.124
 30
0.0
 11
292.959
 21
-399.053
 31
0.0
  0
LINE
  5
5CD
330
17
100
AcDbEntity
  8
0
100
AcDbLine
 10
293.493
 20
-398.662
 30
0.0
 11
292.959
 21
-399.053
 31
0.0
  0
LINE
  5
5CE
330
17
100
AcDbEntity
  8
0
100
AcDbLine
 10
293.493
 20
-398.662
 30
0.0
 11
293.706
 21
-398.505
 31
0.0
  0
LINE
  5
5CF
330
17
100
AcDbEntity
  8
0
100
AcDbLine
 10
294.059
 20
-398.247
 30
0.0
 11
293.706
 21
-398.505
 31
0.0
  0
LINE
  5
5D0
330
17
100
AcDbEntity
  8
0
100
AcDbLine
 10
294.102
 20
-398.215
 30
0.0
 11
294.059
 21
-398.247
 31
0.0
  0
LINE
  5
5D1
330
17
100
AcDbEntity
  8
0
100
AcDbLine
 10
294.102
 20
-398.215
 30
0.0
 11
294.102
 21
-398.215
 31
0.0
  0
LINE
  5
5D2
330
17
100
AcDbEntity
  8
0
100
AcDbLine
 10
294.102
 20
-398.215
 30
0.0
 11
294.515
 21
-397.912
 31
0.0
  0
LINE
  5
5D3
330
17
100
AcDbEntity
  8
0
100
AcDbLine
 10
294.515
 20
-397.912
 30
0.0
 11
294.515
 21
-397.912
 31
0.0
  0
LINE
  5
5D4
330
17
100
AcDbEntity
  8
0
100
AcDbLine
 10
294.515
 20
-397.912
 30
0.0
 11
294.479
 21
-397.939
 31
0.0
  0
LINE
  5
5D5
330
17
100
AcDbEntity
  8
0
100
AcDbLine
 10
294.479
 20
-397.939
 30
0.0
 11
294.427
 21
-397.977
 31
0.0
  0
LINE
  5
5D6
330
17
100
AcDbEntity
  8
0
100
AcDbLine
 10
294.427
 20
-397.977
 30
0.0
 11
294.45
 21
-397.96
 31
0.0
  0
LINE
  5
5D7
330
17
100
AcDbEntity
  8
0
100
AcDbLine
 10
294.45
 20
-397.96
 30
0.0
 11
294.665
 21
-397.803
 31
0.0
  0
LINE
  5
5D8
330
17
100
AcDbEntity
  8
0
100
AcDbLine
 10
295.154
 20
-397.444
 30
0.0
 11
294.665
 21
-397.803
 31
0.0
  0
LINE
  5
5D9
330
17
100
AcDbEntity
  8
0
100
AcDbLine
 10
295.154
 20
-397.444
 30
0.0
 11
295.451
 21
-397.226
 31
0.0
  0
LINE
  5
5DA
330
17
100
AcDbEntity
  8
0
100
AcDbLine
 10
295.584
 20
-397.128
 30
0.0
 11
295.451
 21
-397.226
 31
0.0
  0
LINE
  5
5DB
330
17
100
AcDbEntity
  8
0
100
AcDbLine
 10
296.148
 20
-396.715
 30
0.0
 11
295.584
 21
-397.128
 31
0.0
  0
LINE
  5
5DC
330
17
100
AcDbEntity
  8
0
100
AcDbLine
 10
297.001
 20
-396.09
 30
0.0
 11
296.148
 21
-396.715
 31
0.0
  0
LINE
  5
5DD
330
17
100
AcDbEntity
  8
0
100
AcDbLine
 10
297.001
 20
-396.09
 30
0.0
 11
296.705
 21
-396.307
 31
0.0
  0
LINE
  5
5DE
330
17
100
AcDbEntity
  8
0
100
AcDbLine
 10
296.705
 20
-396.307
 30
0.0
 11
296.897
 21
-396.166
 31
0.0
  0
LINE
  5
5DF
330
17
100
AcDbEntity
  8
0
100
AcDbLine
 10
297.209
 20
-395.937
 30
0.0
 11
296.897
 21
-396.166
 31
0.0
  0
LINE
  5
5E0
330
17
100
AcDbEntity
  8
0
100
AcDbLine
 10
297.209
 20
-395.937
 30
0.0
 11
297.58
 21
-395.666
 31
0.0
  0
LINE
  5
5E1
330
17
100
AcDbEntity
  8
0
100
AcDbLine
 10
297.839
 20
-395.475
 30
0.0
 11
297.58
 21
-395.666
 31
0.0
  0
LINE
  5
5E2
330
17
100
AcDbEntity
  8
0
100
AcDbLine
 10
297.839
 20
-395.475
 30
0.0
 11
298.017
 21
-395.345
 31
0.0
  0
LINE
  5
5E3
330
17
100
AcDbEntity
  8
0
100
AcDbLine
 10
298.463
 20
-395.019
 30
0.0
 11
298.017
 21
-395.345
 31
0.0
  0
LINE
  5
5E4
330
17
100
AcDbEntity
  8
0
100
AcDbLine
 10
298.655
 20
-394.877
 30
0.0
 11
298.463
 21
-395.019
 31
0.0
  0
LINE
  5
5E5
330
17
100
AcDbEntity
  8
0
100
AcDbLine
 10
298.655
 20
-394.877
 30
0.0
 11
298.89
 21
-394.705
 31
0.0
  0
LINE
  5
5E6
330
17
100
AcDbEntity
  8
0
100
AcDbLine
 10
298.89
 20
-394.705
 30
0.0
 11
298.741
 21
-394.814
 31
0.0
  0
LINE
  5
5E7
330
17
100
AcDbEntity
  8
0
100
AcDbLine
 10
299.296
 20
-394.407
 30
0.0
 11
298.741
 21
-394.814
 31
0.0
  0
LINE
  5
5E8
330
17
100
AcDbEntity
  8
0
100
AcDbLine
 10
299.312
 20
-394.396
 30
0.0
 11
299.296
 21
-394.407
 31
0.0
  0
LINE
  5
5E9
330
17
100
AcDbEntity
  8
0
100
AcDbLine
 10
299.312
 20
-394.396
 30
0.0
 11
299.051
 21
-394.587
 31
0.0
  0
LINE
  5
5EA
330
17
100
AcDbEntity
  8
0
100
AcDbLine
 10
299.051
 20
-394.587
 30
0.0
 11
299.019
 21
-394.611
 31
0.0
  0
LINE
  5
5EB
330
17
100
AcDbEntity
  8
0
100
AcDbLine
 10
299.312
 20
-394.396
 30
0.0
 11
299.019
 21
-394.611
 31
0.0
  0
LINE
  5
5EC
330
17
100
AcDbEntity
  8
0
100
AcDbLine
 10
299.465
 20
-394.284
 30
0.0
 11
299.585
 21
-394.196
 31
0.0
  0
LINE
  5
5ED
330
17
100
AcDbEntity
  8
0
100
AcDbLine
 10
299.585
 20
-394.196
 30
0.0
 11
299.585
 21
-394.196
 31
0.0
  0
LINE
  5
5EE
330
17
100
AcDbEntity
  8
0
100
AcDbLine
 10
299.585
 20
-394.196
 30
0.0
 11
299.465
 21
-394.284
 31
0.0
  0
LINE
  5
5EF
330
17
100
AcDbEntity
  8
0
100
AcDbLine
 10
299.312
 20
-394.396
 30
0.0
 11
299.264
 21
-394.431
 31
0.0
  0
LINE
  5
5F0
330
17
100
AcDbEntity
  8
0
100
AcDbLine
 10
299.264
 20
-394.431
 30
0.0
 11
299.312
 21
-394.396
 31
0.0
  0
LINE
  5
5F1
330
17
100
AcDbEntity
  8
0
100
AcDbLine
 10
299.465
 20
-394.284
 30
0.0
 11
299.649
 21
-394.149
 31
0.0
  0
LINE
  5
5F2
330
17
100
AcDbEntity
  8
0
100
AcDbLine
 10
299.617
 20
-394.172
 30
0.0
 11
299.649
 21
-394.149
 31
0.0
  0
LINE
  5
5F3
330
17
100
AcDbEntity
  8
0
100
AcDbLine
 10
299.115
 20
-394.54
 30
0.0
 11
299.312
 21
-394.396
 31
0.0
  0
LINE
  5
5F4
330
17
100
AcDbEntity
  8
0
100
AcDbLine
 10
299.465
 20
-394.284
 30
0.0
 11
299.617
 21
-394.172
 31
0.0
  0
LINE
  5
5F5
330
17
100
AcDbEntity
  8
0
100
AcDbLine
 10
299.115
 20
-394.54
 30
0.0
 11
298.506
 21
-394.987
 31
0.0
  0
LINE
  5
5F6
330
17
100
AcDbEntity
  8
0
100
AcDbLine
 10
298.506
 20
-394.987
 30
0.0
 11
298.442
 21
-395.034
 31
0.0
  0
LINE
  5
5F7
330
17
100
AcDbEntity
  8
0
100
AcDbLine
 10
298.858
 20
-394.728
 30
0.0
 11
298.442
 21
-395.034
 31
0.0
  0
LINE
  5
5F8
330
17
100
AcDbEntity
  8
0
100
AcDbLine
 10
298.858
 20
-394.728
 30
0.0
 11
299.051
 21
-394.587
 31
0.0
  0
LINE
  5
5F9
330
17
100
AcDbEntity
  8
0
100
AcDbLine
 10
299.051
 20
-394.587
 30
0.0
 11
298.623
 21
-394.901
 31
0.0
  0
LINE
  5
5FA
330
17
100
AcDbEntity
  8
0
100
AcDbLine
 10
298.645
 20
-394.885
 30
0.0
 11
298.623
 21
-394.901
 31
0.0
  0
LINE
  5
5FB
330
17
100
AcDbEntity
  8
0
100
AcDbLine
 10
298.121
 20
-395.269
 30
0.0
 11
298.645
 21
-394.885
 31
0.0
  0
LINE
  5
5FC
330
17
100
AcDbEntity
  8
0
100
AcDbLine
 10
297.448
 20
-395.762
 30
0.0
 11
298.121
 21
-395.269
 31
0.0
  0
LINE
  5
5FD
330
17
100
AcDbEntity
  8
0
100
AcDbLine
 10
297.448
 20
-395.762
 30
0.0
 11
297.01
 21
-396.083
 31
0.0
  0
LINE
  5
5FE
330
17
100
AcDbEntity
  8
0
100
AcDbLine
 10
297.01
 20
-396.083
 30
0.0
 11
296.914
 21
-396.153
 31
0.0
  0
LINE
  5
5FF
330
17
100
AcDbEntity
  8
0
100
AcDbLine
 10
296.487
 20
-396.467
 30
0.0
 11
296.914
 21
-396.153
 31
0.0
  0
LINE
  5
600
330
17
100
AcDbEntity
  8
0
100
AcDbLine
 10
296.338
 20
-396.576
 30
0.0
 11
296.487
 21
-396.467
 31
0.0
  0
LINE
  5
601
330
17
100
AcDbEntity
  8
0
100
AcDbLine
 10
296.338
 20
-396.576
 30
0.0
 11
295.814
 21
-396.96
 31
0.0
  0
LINE
  5
602
330
17
100
AcDbEntity
  8
0
100
AcDbLine
 10
295.814
 20
-396.96
 30
0.0
 11
295.9
 21
-396.897
 31
0.0
  0
LINE
  5
603
330
17
100
AcDbEntity
  8
0
100
AcDbLine
 10
295.12
 20
-397.469
 30
0.0
 11
295.9
 21
-396.897
 31
0.0
  0
LINE
  5
604
330
17
100
AcDbEntity
  8
0
100
AcDbLine
 10
295.12
 20
-397.469
 30
0.0
 11
294.896
 21
-397.633
 31
0.0
  0
LINE
  5
605
330
17
100
AcDbEntity
  8
0
100
AcDbLine
 10
294.896
 20
-397.633
 30
0.0
 11
294.554
 21
-397.884
 31
0.0
  0
LINE
  5
606
330
17
100
AcDbEntity
  8
0
100
AcDbLine
 10
293.945
 20
-398.33
 30
0.0
 11
294.554
 21
-397.884
 31
0.0
  0
LINE
  5
607
330
17
100
AcDbEntity
  8
0
100
AcDbLine
 10
293.945
 20
-398.33
 30
0.0
 11
293.924
 21
-398.346
 31
0.0
  0
LINE
  5
608
330
17
100
AcDbEntity
  8
0
100
AcDbLine
 10
293.55
 20
-398.62
 30
0.0
 11
293.924
 21
-398.346
 31
0.0
  0
LINE
  5
609
330
17
100
AcDbEntity
  8
0
100
AcDbLine
 10
293.55
 20
-398.62
 30
0.0
 11
293.037
 21
-398.996
 31
0.0
  0
LINE
  5
60A
330
17
100
AcDbEntity
  8
0
100
AcDbLine
 10
293.037
 20
-398.996
 30
0.0
 11
292.521
 21
-399.374
 31
0.0
  0
LINE
  5
60B
330
17
100
AcDbEntity
  8
0
100
AcDbLine
 10
292.352
 20
-399.498
 30
0.0
 11
292.521
 21
-399.374
 31
0.0
  0
LINE
  5
60C
330
17
100
AcDbEntity
  8
0
100
AcDbLine
 10
291.889
 20
-399.838
 30
0.0
 11
292.352
 21
-399.498
 31
0.0
  0
LINE
  5
60D
330
17
100
AcDbEntity
  8
0
100
AcDbLine
 10
291.809
 20
-399.896
 30
0.0
 11
291.889
 21
-399.838
 31
0.0
  0
LINE
  5
60E
330
17
100
AcDbEntity
  8
0
100
AcDbLine
 10
291.915
 20
-399.818
 30
0.0
 11
291.809
 21
-399.896
 31
0.0
  0
LINE
  5
60F
330
17
100
AcDbEntity
  8
0
100
AcDbLine
 10
291.915
 20
-399.818
 30
0.0
 11
292.022
 21
-399.74
 31
0.0
  0
LINE
  5
610
330
17
100
AcDbEntity
  8
0
100
AcDbLine
 10
291.871
 20
-399.851
 30
0.0
 11
292.022
 21
-399.74
 31
0.0
  0
LINE
  5
611
330
17
100
AcDbEntity
  8
0
100
AcDbLine
 10
291.871
 20
-399.851
 30
0.0
 11
291.648
 21
-400.014
 31
0.0
  0
LINE
  5
612
330
17
100
AcDbEntity
  8
0
100
AcDbLine
 10
291.648
 20
-400.014
 30
0.0
 11
291.435
 21
-400.17
 31
0.0
  0
LINE
  5
613
330
17
100
AcDbEntity
  8
0
100
AcDbLine
 10
291.435
 20
-400.17
 30
0.0
 11
291.123
 21
-400.399
 31
0.0
  0
LINE
  5
614
330
17
100
AcDbEntity
  8
0
100
AcDbLine
 10
290.821
 20
-400.621
 30
0.0
 11
291.123
 21
-400.399
 31
0.0
  0
LINE
  5
615
330
17
100
AcDbEntity
  8
0
100
AcDbLine
 10
290.821
 20
-400.621
 30
0.0
 11
290.999
 21
-400.49
 31
0.0
  0
LINE
  5
616
330
17
100
AcDbEntity
  8
0
100
AcDbLine
 10
305.4
 20
-391.712
 30
0.0
 11
306.648
 21
-391.577
 31
0.0
  0
LINE
  5
617
330
17
100
AcDbEntity
  8
0
100
AcDbLine
 10
304.203
 20
-392.088
 30
0.0
 11
305.4
 21
-391.712
 31
0.0
  0
LINE
  5
618
330
17
100
AcDbEntity
  8
0
100
AcDbLine
 10
303.101
 20
-392.69
 30
0.0
 11
304.203
 21
-392.088
 31
0.0
  0
LINE
  5
619
330
17
100
AcDbEntity
  8
0
100
AcDbLine
 10
302.139
 20
-393.496
 30
0.0
 11
303.101
 21
-392.69
 31
0.0
  0
LINE
  5
61A
330
17
100
AcDbEntity
  8
0
100
AcDbLine
 10
301.352
 20
-394.473
 30
0.0
 11
302.139
 21
-393.496
 31
0.0
  0
LINE
  5
61B
330
17
100
AcDbEntity
  8
0
100
AcDbLine
 10
300.771
 20
-395.586
 30
0.0
 11
301.352
 21
-394.473
 31
0.0
  0
LINE
  5
61C
330
17
100
AcDbEntity
  8
0
100
AcDbLine
 10
300.418
 20
-396.79
 30
0.0
 11
300.771
 21
-395.586
 31
0.0
  0
LINE
  5
61D
330
17
100
AcDbEntity
  8
0
100
AcDbLine
 10
300.307
 20
-398.04
 30
0.0
 11
300.418
 21
-396.79
 31
0.0
  0
LINE
  5
61E
330
17
100
AcDbEntity
  8
0
100
AcDbLine
 10
300.442
 20
-399.288
 30
0.0
 11
300.307
 21
-398.04
 31
0.0
  0
LINE
  5
61F
330
17
100
AcDbEntity
  8
0
100
AcDbLine
 10
300.818
 20
-400.485
 30
0.0
 11
300.442
 21
-399.288
 31
0.0
  0
LINE
  5
620
330
17
100
AcDbEntity
  8
0
100
AcDbLine
 10
301.42
 20
-401.586
 30
0.0
 11
300.818
 21
-400.485
 31
0.0
  0
LINE
  5
621
330
17
100
AcDbEntity
  8
0
100
AcDbLine
 10
302.226
 20
-402.549
 30
0.0
 11
301.42
 21
-401.586
 31
0.0
  0
LINE
  5
622
330
17
100
AcDbEntity
  8
0
100
AcDbLine
 10
303.203
 20
-403.335
 30
0.0
 11
302.226
 21
-402.549
 31
0.0
  0
LINE
  5
623
330
17
100
AcDbEntity
  8
0
100
AcDbLine
 10
304.316
 20
-403.916
 30
0.0
 11
303.203
 21
-403.335
 31
0.0
  0
LINE
  5
624
330
17
100
AcDbEntity
  8
0
100
AcDbLine
 10
305.52
 20
-404.269
 30
0.0
 11
304.316
 21
-403.916
 31
0.0
  0
LINE
  5
625
330
17
100
AcDbEntity
  8
0
100
AcDbLine
 10
306.77
 20
-404.38
 30
0.0
 11
305.52
 21
-404.269
 31
0.0
  0
LINE
  5
626
330
17
100
AcDbEntity
  8
0
100
AcDbLine
 10
308.018
 20
-404.245
 30
0.0
 11
306.77
 21
-404.38
 31
0.0
  0
LINE
  5
627
330
17
100
AcDbEntity
  8
0
100
AcDbLine
 10
309.215
 20
-403.87
 30
0.0
 11
308.018
 21
-404.245
 31
0.0
  0
LINE
  5
628
330
17
100
AcDbEntity
  8
0
100
AcDbLine
 10
310.316
 20
-403.267
 30
0.0
 11
309.215
 21
-403.87
 31
0.0
  0
LINE
  5
629
330
17
100
AcDbEntity
  8
0
100
AcDbLine
 10
311.279
 20
-402.462
 30
0.0
 11
310.316
 21
-403.267
 31
0.0
  0
LINE
  5
62A
330
17
100
AcDbEntity
  8
0
100
AcDbLine
 10
312.066
 20
-401.484
 30
0.0
 11
311.279
 21
-402.462
 31
0.0
  0
LINE
  5
62B
330
17
100
AcDbEntity
  8
0
100
AcDbLine
 10
312.647
 20
-400.372
 30
0.0
 11
312.066
 21
-401.484
 31
0.0
  0
LINE
  5
62C
330
17
100
AcDbEntity
  8
0
100
AcDbLine
 10
312.999
 20
-399.167
 30
0.0
 11
312.647
 21
-400.372
 31
0.0
  0
LINE
  5
62D
330
17
100
AcDbEntity
  8
0
100
AcDbLine
 10
313.11
 20
-397.917
 30
0.0
 11
312.999
 21
-399.167
 31
0.0
  0
LINE
  5
62E
330
17
100
AcDbEntity
  8
0
100
AcDbLine
 10
312.976
 20
-396.67
 30
0.0
 11
313.11
 21
-397.917
 31
0.0
  0
LINE
  5
62F
330
17
100
AcDbEntity
  8
0
100
AcDbLine
 10
312.6
 20
-395.472
 30
0.0
 11
312.976
 21
-396.67
 31
0.0
  0
LINE
  5
630
330
17
100
AcDbEntity
  8
0
100
AcDbLine
 10
311.998
 20
-394.371
 30
0.0
 11
312.6
 21
-395.472
 31
0.0
  0
LINE
  5
631
330
17
100
AcDbEntity
  8
0
100
AcDbLine
 10
311.192
 20
-393.409
 30
0.0
 11
311.998
 21
-394.371
 31
0.0
  0
LINE
  5
632
330
17
100
AcDbEntity
  8
0
100
AcDbLine
 10
310.214
 20
-392.622
 30
0.0
 11
311.192
 21
-393.409
 31
0.0
  0
LINE
  5
633
330
17
100
AcDbEntity
  8
0
100
AcDbLine
 10
309.102
 20
-392.041
 30
0.0
 11
310.214
 21
-392.622
 31
0.0
  0
LINE
  5
634
330
17
100
AcDbEntity
  8
0
100
AcDbLine
 10
309.102
 20
-392.041
 30
0.0
 11
307.898
 21
-391.688
 31
0.0
  0
LINE
  5
635
330
17
100
AcDbEntity
  8
0
100
AcDbLine
 10
307.898
 20
-391.688
 30
0.0
 11
306.648
 21
-391.577
 31
0.0
  0
LINE
  5
636
330
17
100
AcDbEntity
  8
0
100
AcDbLine
 10
309.031
 20
-392.217
 30
0.0
 11
307.863
 21
-391.874
 31
0.0
  0
LINE
  5
637
330
17
100
AcDbEntity
  8
0
100
AcDbLine
 10
309.031
 20
-392.217
 30
0.0
 11
310.111
 21
-392.78
 31
0.0
  0
LINE
  5
638
330
17
100
AcDbEntity
  8
0
100
AcDbLine
 10
310.111
 20
-392.78
 30
0.0
 11
311.06
 21
-393.544
 31
0.0
  0
LINE
  5
639
330
17
100
AcDbEntity
  8
0
100
AcDbLine
 10
311.06
 20
-393.544
 30
0.0
 11
311.841
 21
-394.478
 31
0.0
  0
LINE
  5
63A
330
17
100
AcDbEntity
  8
0
100
AcDbLine
 10
311.841
 20
-394.478
 30
0.0
 11
312.425
 21
-395.546
 31
0.0
  0
LINE
  5
63B
330
17
100
AcDbEntity
  8
0
100
AcDbLine
 10
312.425
 20
-395.546
 30
0.0
 11
312.79
 21
-396.708
 31
0.0
  0
LINE
  5
63C
330
17
100
AcDbEntity
  8
0
100
AcDbLine
 10
312.79
 20
-396.708
 30
0.0
 11
312.921
 21
-397.919
 31
0.0
  0
LINE
  5
63D
330
17
100
AcDbEntity
  8
0
100
AcDbLine
 10
312.921
 20
-397.919
 30
0.0
 11
312.813
 21
-399.132
 31
0.0
  0
LINE
  5
63E
330
17
100
AcDbEntity
  8
0
100
AcDbLine
 10
312.813
 20
-399.132
 30
0.0
 11
312.471
 21
-400.301
 31
0.0
  0
LINE
  5
63F
330
17
100
AcDbEntity
  8
0
100
AcDbLine
 10
312.471
 20
-400.301
 30
0.0
 11
311.907
 21
-401.381
 31
0.0
  0
LINE
  5
640
330
17
100
AcDbEntity
  8
0
100
AcDbLine
 10
311.907
 20
-401.381
 30
0.0
 11
311.144
 21
-402.329
 31
0.0
  0
LINE
  5
641
330
17
100
AcDbEntity
  8
0
100
AcDbLine
 10
311.144
 20
-402.329
 30
0.0
 11
310.21
 21
-403.111
 31
0.0
  0
LINE
  5
642
330
17
100
AcDbEntity
  8
0
100
AcDbLine
 10
310.21
 20
-403.111
 30
0.0
 11
309.141
 21
-403.695
 31
0.0
  0
LINE
  5
643
330
17
100
AcDbEntity
  8
0
100
AcDbLine
 10
309.141
 20
-403.695
 30
0.0
 11
307.979
 21
-404.06
 31
0.0
  0
LINE
  5
644
330
17
100
AcDbEntity
  8
0
100
AcDbLine
 10
307.979
 20
-404.06
 30
0.0
 11
306.768
 21
-404.191
 31
0.0
  0
LINE
  5
645
330
17
100
AcDbEntity
  8
0
100
AcDbLine
 10
306.768
 20
-404.191
 30
0.0
 11
305.555
 21
-404.083
 31
0.0
  0
LINE
  5
646
330
17
100
AcDbEntity
  8
0
100
AcDbLine
 10
305.555
 20
-404.083
 30
0.0
 11
304.387
 21
-403.741
 31
0.0
  0
LINE
  5
647
330
17
100
AcDbEntity
  8
0
100
AcDbLine
 10
304.387
 20
-403.741
 30
0.0
 11
303.307
 21
-403.177
 31
0.0
  0
LINE
  5
648
330
17
100
AcDbEntity
  8
0
100
AcDbLine
 10
303.307
 20
-403.177
 30
0.0
 11
302.358
 21
-402.413
 31
0.0
  0
LINE
  5
649
330
17
100
AcDbEntity
  8
0
100
AcDbLine
 10
302.358
 20
-402.413
 30
0.0
 11
301.577
 21
-401.479
 31
0.0
  0
LINE
  5
64A
330
17
100
AcDbEntity
  8
0
100
AcDbLine
 10
301.577
 20
-401.479
 30
0.0
 11
300.992
 21
-400.411
 31
0.0
  0
LINE
  5
64B
330
17
100
AcDbEntity
  8
0
100
AcDbLine
 10
300.992
 20
-400.411
 30
0.0
 11
300.628
 21
-399.249
 31
0.0
  0
LINE
  5
64C
330
17
100
AcDbEntity
  8
0
100
AcDbLine
 10
300.628
 20
-399.249
 30
0.0
 11
300.497
 21
-398.038
 31
0.0
  0
LINE
  5
64D
330
17
100
AcDbEntity
  8
0
100
AcDbLine
 10
300.497
 20
-398.038
 30
0.0
 11
300.605
 21
-396.825
 31
0.0
  0
LINE
  5
64E
330
17
100
AcDbEntity
  8
0
100
AcDbLine
 10
300.605
 20
-396.825
 30
0.0
 11
300.947
 21
-395.656
 31
0.0
  0
LINE
  5
64F
330
17
100
AcDbEntity
  8
0
100
AcDbLine
 10
300.947
 20
-395.656
 30
0.0
 11
301.511
 21
-394.577
 31
0.0
  0
LINE
  5
650
330
17
100
AcDbEntity
  8
0
100
AcDbLine
 10
301.511
 20
-394.577
 30
0.0
 11
302.274
 21
-393.628
 31
0.0
  0
LINE
  5
651
330
17
100
AcDbEntity
  8
0
100
AcDbLine
 10
302.274
 20
-393.628
 30
0.0
 11
303.208
 21
-392.847
 31
0.0
  0
LINE
  5
652
330
17
100
AcDbEntity
  8
0
100
AcDbLine
 10
303.208
 20
-392.847
 30
0.0
 11
304.277
 21
-392.262
 31
0.0
  0
LINE
  5
653
330
17
100
AcDbEntity
  8
0
100
AcDbLine
 10
304.277
 20
-392.262
 30
0.0
 11
305.439
 21
-391.898
 31
0.0
  0
LINE
  5
654
330
17
100
AcDbEntity
  8
0
100
AcDbLine
 10
305.439
 20
-391.898
 30
0.0
 11
306.649
 21
-391.767
 31
0.0
  0
LINE
  5
655
330
17
100
AcDbEntity
  8
0
100
AcDbLine
 10
306.649
 20
-391.767
 30
0.0
 11
307.863
 21
-391.874
 31
0.0
  0
LINE
  5
656
330
17
100
AcDbEntity
  8
0
100
AcDbLine
 10
305.686
 20
-403.391
 30
0.0
 11
305.681
 21
-403.417
 31
0.0
  0
LINE
  5
657
330
17
100
AcDbEntity
  8
0
100
AcDbLine
 10
305.735
 20
-403.131
 30
0.0
 11
305.686
 21
-403.391
 31
0.0
  0
LINE
  5
658
330
17
100
AcDbEntity
  8
0
100
AcDbLine
 10
305.735
 20
-403.131
 30
0.0
 11
305.735
 21
-403.131
 31
0.0
  0
LINE
  5
659
330
17
100
AcDbEntity
  8
0
100
AcDbLine
 10
305.898
 20
-402.272
 30
0.0
 11
305.735
 21
-403.131
 31
0.0
  0
LINE
  5
65A
330
17
100
AcDbEntity
  8
0
100
AcDbLine
 10
305.898
 20
-402.272
 30
0.0
 11
305.949
 21
-401.999
 31
0.0
  0
LINE
  5
65B
330
17
100
AcDbEntity
  8
0
100
AcDbLine
 10
305.996
 20
-401.751
 30
0.0
 11
305.949
 21
-401.999
 31
0.0
  0
LINE
  5
65C
330
17
100
AcDbEntity
  8
0
100
AcDbLine
 10
305.998
 20
-401.738
 30
0.0
 11
305.996
 21
-401.751
 31
0.0
  0
LINE
  5
65D
330
17
100
AcDbEntity
  8
0
100
AcDbLine
 10
306.021
 20
-401.621
 30
0.0
 11
305.998
 21
-401.738
 31
0.0
  0
LINE
  5
65E
330
17
100
AcDbEntity
  8
0
100
AcDbLine
 10
306.109
 20
-401.153
 30
0.0
 11
306.021
 21
-401.621
 31
0.0
  0
LINE
  5
65F
330
17
100
AcDbEntity
  8
0
100
AcDbLine
 10
306.156
 20
-400.906
 30
0.0
 11
306.109
 21
-401.153
 31
0.0
  0
LINE
  5
660
330
17
100
AcDbEntity
  8
0
100
AcDbLine
 10
306.156
 20
-400.906
 30
0.0
 11
306.188
 21
-400.736
 31
0.0
  0
LINE
  5
661
330
17
100
AcDbEntity
  8
0
100
AcDbLine
 10
306.249
 20
-400.411
 30
0.0
 11
306.188
 21
-400.736
 31
0.0
  0
LINE
  5
662
330
17
100
AcDbEntity
  8
0
100
AcDbLine
 10
306.301
 20
-400.138
 30
0.0
 11
306.249
 21
-400.411
 31
0.0
  0
LINE
  5
663
330
17
100
AcDbEntity
  8
0
100
AcDbLine
 10
306.301
 20
-400.138
 30
0.0
 11
306.36
 21
-399.825
 31
0.0
  0
LINE
  5
664
330
17
100
AcDbEntity
  8
0
100
AcDbLine
 10
306.382
 20
-399.708
 30
0.0
 11
306.36
 21
-399.825
 31
0.0
  0
LINE
  5
665
330
17
100
AcDbEntity
  8
0
100
AcDbLine
 10
306.505
 20
-399.058
 30
0.0
 11
306.382
 21
-399.708
 31
0.0
  0
LINE
  5
666
330
17
100
AcDbEntity
  8
0
100
AcDbLine
 10
306.505
 20
-399.058
 30
0.0
 11
306.554
 21
-398.797
 31
0.0
  0
LINE
  5
667
330
17
100
AcDbEntity
  8
0
100
AcDbLine
 10
306.554
 20
-398.797
 30
0.0
 11
306.635
 21
-398.368
 31
0.0
  0
LINE
  5
668
330
17
100
AcDbEntity
  8
0
100
AcDbLine
 10
306.635
 20
-398.368
 30
0.0
 11
306.645
 21
-398.316
 31
0.0
  0
LINE
  5
669
330
17
100
AcDbEntity
  8
0
100
AcDbLine
 10
306.645
 20
-398.316
 30
0.0
 11
306.645
 21
-398.316
 31
0.0
  0
LINE
  5
66A
330
17
100
AcDbEntity
  8
0
100
AcDbLine
 10
306.74
 20
-397.812
 30
0.0
 11
306.645
 21
-398.316
 31
0.0
  0
LINE
  5
66B
330
17
100
AcDbEntity
  8
0
100
AcDbLine
 10
306.74
 20
-397.812
 30
0.0
 11
306.74
 21
-397.812
 31
0.0
  0
LINE
  5
66C
330
17
100
AcDbEntity
  8
0
100
AcDbLine
 10
306.732
 20
-397.856
 30
0.0
 11
306.74
 21
-397.812
 31
0.0
  0
LINE
  5
66D
330
17
100
AcDbEntity
  8
0
100
AcDbLine
 10
306.72
 20
-397.919
 30
0.0
 11
306.732
 21
-397.856
 31
0.0
  0
LINE
  5
66E
330
17
100
AcDbEntity
  8
0
100
AcDbLine
 10
306.725
 20
-397.892
 30
0.0
 11
306.72
 21
-397.919
 31
0.0
  0
LINE
  5
66F
330
17
100
AcDbEntity
  8
0
100
AcDbLine
 10
306.775
 20
-397.63
 30
0.0
 11
306.725
 21
-397.892
 31
0.0
  0
LINE
  5
670
330
17
100
AcDbEntity
  8
0
100
AcDbLine
 10
306.888
 20
-397.033
 30
0.0
 11
306.775
 21
-397.63
 31
0.0
  0
LINE
  5
671
330
17
100
AcDbEntity
  8
0
100
AcDbLine
 10
306.956
 20
-396.672
 30
0.0
 11
306.888
 21
-397.033
 31
0.0
  0
LINE
  5
672
330
17
100
AcDbEntity
  8
0
100
AcDbLine
 10
306.956
 20
-396.672
 30
0.0
 11
306.987
 21
-396.509
 31
0.0
  0
LINE
  5
673
330
17
100
AcDbEntity
  8
0
100
AcDbLine
 10
307.116
 20
-395.822
 30
0.0
 11
306.987
 21
-396.509
 31
0.0
  0
LINE
  5
674
330
17
100
AcDbEntity
  8
0
100
AcDbLine
 10
307.313
 20
-394.783
 30
0.0
 11
307.116
 21
-395.822
 31
0.0
  0
LINE
  5
675
330
17
100
AcDbEntity
  8
0
100
AcDbLine
 10
307.313
 20
-394.783
 30
0.0
 11
307.245
 21
-395.144
 31
0.0
  0
LINE
  5
676
330
17
100
AcDbEntity
  8
0
100
AcDbLine
 10
307.289
 20
-394.909
 30
0.0
 11
307.245
 21
-395.144
 31
0.0
  0
LINE
  5
677
330
17
100
AcDbEntity
  8
0
100
AcDbLine
 10
307.361
 20
-394.53
 30
0.0
 11
307.289
 21
-394.909
 31
0.0
  0
LINE
  5
678
330
17
100
AcDbEntity
  8
0
100
AcDbLine
 10
307.361
 20
-394.53
 30
0.0
 11
307.446
 21
-394.078
 31
0.0
  0
LINE
  5
679
330
17
100
AcDbEntity
  8
0
100
AcDbLine
 10
307.506
 20
-393.762
 30
0.0
 11
307.446
 21
-394.078
 31
0.0
  0
LINE
  5
67A
330
17
100
AcDbEntity
  8
0
100
AcDbLine
 10
307.506
 20
-393.762
 30
0.0
 11
307.547
 21
-393.545
 31
0.0
  0
LINE
  5
67B
330
17
100
AcDbEntity
  8
0
100
AcDbLine
 10
307.649
 20
-393.003
 30
0.0
 11
307.547
 21
-393.545
 31
0.0
  0
LINE
  5
67C
330
17
100
AcDbEntity
  8
0
100
AcDbLine
 10
307.694
 20
-392.768
 30
0.0
 11
307.649
 21
-393.003
 31
0.0
  0
LINE
  5
67D
330
17
100
AcDbEntity
  8
0
100
AcDbLine
 10
307.694
 20
-392.768
 30
0.0
 11
307.748
 21
-392.481
 31
0.0
  0
LINE
  5
67E
330
17
100
AcDbEntity
  8
0
100
AcDbLine
 10
307.713
 20
-392.664
 30
0.0
 11
307.748
 21
-392.481
 31
0.0
  0
LINE
  5
67F
330
17
100
AcDbEntity
  8
0
100
AcDbLine
 10
307.841
 20
-391.987
 30
0.0
 11
307.713
 21
-392.664
 31
0.0
  0
LINE
  5
680
330
17
100
AcDbEntity
  8
0
100
AcDbLine
 10
307.863
 20
-391.874
 30
0.0
 11
307.841
 21
-391.987
 31
0.0
  0
LINE
  5
681
330
17
100
AcDbEntity
  8
0
100
AcDbLine
 10
307.863
 20
-391.874
 30
0.0
 11
307.785
 21
-392.286
 31
0.0
  0
LINE
  5
682
330
17
100
AcDbEntity
  8
0
100
AcDbLine
 10
307.777
 20
-392.325
 30
0.0
 11
307.785
 21
-392.286
 31
0.0
  0
LINE
  5
683
330
17
100
AcDbEntity
  8
0
100
AcDbLine
 10
307.854
 20
-391.922
 30
0.0
 11
307.777
 21
-392.325
 31
0.0
  0
LINE
  5
684
330
17
100
AcDbEntity
  8
0
100
AcDbLine
 10
307.908
 20
-391.635
 30
0.0
 11
307.898
 21
-391.688
 31
0.0
  0
LINE
  5
685
330
17
100
AcDbEntity
  8
0
100
AcDbLine
 10
307.863
 20
-391.874
 30
0.0
 11
307.854
 21
-391.922
 31
0.0
  0
LINE
  5
686
330
17
100
AcDbEntity
  8
0
100
AcDbLine
 10
307.908
 20
-391.635
 30
0.0
 11
307.908
 21
-391.635
 31
0.0
  0
LINE
  5
687
330
17
100
AcDbEntity
  8
0
100
AcDbLine
 10
307.908
 20
-391.635
 30
0.0
 11
307.898
 21
-391.688
 31
0.0
  0
LINE
  5
688
330
17
100
AcDbEntity
  8
0
100
AcDbLine
 10
307.863
 20
-391.874
 30
0.0
 11
307.834
 21
-392.026
 31
0.0
  0
LINE
  5
689
330
17
100
AcDbEntity
  8
0
100
AcDbLine
 10
307.922
 20
-391.557
 30
0.0
 11
307.898
 21
-391.688
 31
0.0
  0
LINE
  5
68A
330
17
100
AcDbEntity
  8
0
100
AcDbLine
 10
307.863
 20
-391.874
 30
0.0
 11
307.834
 21
-392.026
 31
0.0
  0
LINE
  5
68B
330
17
100
AcDbEntity
  8
0
100
AcDbLine
 10
307.915
 20
-391.596
 30
0.0
 11
307.922
 21
-391.557
 31
0.0
  0
LINE
  5
68C
330
17
100
AcDbEntity
  8
0
100
AcDbLine
 10
307.915
 20
-391.596
 30
0.0
 11
307.898
 21
-391.688
 31
0.0
  0
LINE
  5
68D
330
17
100
AcDbEntity
  8
0
100
AcDbLine
 10
307.863
 20
-391.874
 30
0.0
 11
307.799
 21
-392.208
 31
0.0
  0
LINE
  5
68E
330
17
100
AcDbEntity
  8
0
100
AcDbLine
 10
307.799
 20
-392.208
 30
0.0
 11
307.659
 21
-392.95
 31
0.0
  0
LINE
  5
68F
330
17
100
AcDbEntity
  8
0
100
AcDbLine
 10
307.645
 20
-393.028
 30
0.0
 11
307.659
 21
-392.95
 31
0.0
  0
LINE
  5
690
330
17
100
AcDbEntity
  8
0
100
AcDbLine
 10
307.74
 20
-392.52
 30
0.0
 11
307.645
 21
-393.028
 31
0.0
  0
LINE
  5
691
330
17
100
AcDbEntity
  8
0
100
AcDbLine
 10
307.74
 20
-392.52
 30
0.0
 11
307.785
 21
-392.286
 31
0.0
  0
LINE
  5
692
330
17
100
AcDbEntity
  8
0
100
AcDbLine
 10
307.785
 20
-392.286
 30
0.0
 11
307.686
 21
-392.807
 31
0.0
  0
LINE
  5
693
330
17
100
AcDbEntity
  8
0
100
AcDbLine
 10
307.691
 20
-392.781
 30
0.0
 11
307.686
 21
-392.807
 31
0.0
  0
LINE
  5
694
330
17
100
AcDbEntity
  8
0
100
AcDbLine
 10
307.691
 20
-392.781
 30
0.0
 11
307.571
 21
-393.418
 31
0.0
  0
LINE
  5
695
330
17
100
AcDbEntity
  8
0
100
AcDbLine
 10
307.571
 20
-393.418
 30
0.0
 11
307.416
 21
-394.238
 31
0.0
  0
LINE
  5
696
330
17
100
AcDbEntity
  8
0
100
AcDbLine
 10
307.416
 20
-394.238
 30
0.0
 11
307.315
 21
-394.772
 31
0.0
  0
LINE
  5
697
330
17
100
AcDbEntity
  8
0
100
AcDbLine
 10
307.293
 20
-394.889
 30
0.0
 11
307.315
 21
-394.772
 31
0.0
  0
LINE
  5
698
330
17
100
AcDbEntity
  8
0
100
AcDbLine
 10
307.194
 20
-395.409
 30
0.0
 11
307.293
 21
-394.889
 31
0.0
  0
LINE
  5
699
330
17
100
AcDbEntity
  8
0
100
AcDbLine
 10
307.194
 20
-395.409
 30
0.0
 11
307.16
 21
-395.592
 31
0.0
  0
LINE
  5
69A
330
17
100
AcDbEntity
  8
0
100
AcDbLine
 10
307.16
 20
-395.592
 30
0.0
 11
307.04
 21
-396.229
 31
0.0
  0
LINE
  5
69B
330
17
100
AcDbEntity
  8
0
100
AcDbLine
 10
307.059
 20
-396.125
 30
0.0
 11
307.04
 21
-396.229
 31
0.0
  0
LINE
  5
69C
330
17
100
AcDbEntity
  8
0
100
AcDbLine
 10
306.88
 20
-397.075
 30
0.0
 11
307.059
 21
-396.125
 31
0.0
  0
LINE
  5
69D
330
17
100
AcDbEntity
  8
0
100
AcDbLine
 10
306.88
 20
-397.075
 30
0.0
 11
306.828
 21
-397.348
 31
0.0
  0
LINE
  5
69E
330
17
100
AcDbEntity
  8
0
100
AcDbLine
 10
306.828
 20
-397.348
 30
0.0
 11
306.749
 21
-397.765
 31
0.0
  0
LINE
  5
69F
330
17
100
AcDbEntity
  8
0
100
AcDbLine
 10
306.609
 20
-398.507
 30
0.0
 11
306.749
 21
-397.765
 31
0.0
  0
LINE
  5
6A0
330
17
100
AcDbEntity
  8
0
100
AcDbLine
 10
306.609
 20
-398.507
 30
0.0
 11
306.604
 21
-398.533
 31
0.0
  0
LINE
  5
6A1
330
17
100
AcDbEntity
  8
0
100
AcDbLine
 10
306.518
 20
-398.988
 30
0.0
 11
306.604
 21
-398.533
 31
0.0
  0
LINE
  5
6A2
330
17
100
AcDbEntity
  8
0
100
AcDbLine
 10
306.518
 20
-398.988
 30
0.0
 11
306.4
 21
-399.613
 31
0.0
  0
LINE
  5
6A3
330
17
100
AcDbEntity
  8
0
100
AcDbLine
 10
306.4
 20
-399.613
 30
0.0
 11
306.281
 21
-400.242
 31
0.0
  0
LINE
  5
6A4
330
17
100
AcDbEntity
  8
0
100
AcDbLine
 10
306.281
 20
-400.242
 30
0.0
 11
306.242
 21
-400.448
 31
0.0
  0
LINE
  5
6A5
330
17
100
AcDbEntity
  8
0
100
AcDbLine
 10
306.242
 20
-400.448
 30
0.0
 11
306.136
 21
-401.012
 31
0.0
  0
LINE
  5
6A6
330
17
100
AcDbEntity
  8
0
100
AcDbLine
 10
306.136
 20
-401.012
 30
0.0
 11
306.117
 21
-401.109
 31
0.0
  0
LINE
  5
6A7
330
17
100
AcDbEntity
  8
0
100
AcDbLine
 10
306.142
 20
-400.979
 30
0.0
 11
306.117
 21
-401.109
 31
0.0
  0
LINE
  5
6A8
330
17
100
AcDbEntity
  8
0
100
AcDbLine
 10
306.166
 20
-400.849
 30
0.0
 11
306.142
 21
-400.979
 31
0.0
  0
LINE
  5
6A9
330
17
100
AcDbEntity
  8
0
100
AcDbLine
 10
306.166
 20
-400.849
 30
0.0
 11
306.132
 21
-401.033
 31
0.0
  0
LINE
  5
6AA
330
17
100
AcDbEntity
  8
0
100
AcDbLine
 10
306.132
 20
-401.033
 30
0.0
 11
306.08
 21
-401.305
 31
0.0
  0
LINE
  5
6AB
330
17
100
AcDbEntity
  8
0
100
AcDbLine
 10
306.08
 20
-401.305
 30
0.0
 11
306.031
 21
-401.565
 31
0.0
  0
LINE
  5
6AC
330
17
100
AcDbEntity
  8
0
100
AcDbLine
 10
306.031
 20
-401.565
 30
0.0
 11
305.96
 21
-401.944
 31
0.0
  0
LINE
  5
6AD
330
17
100
AcDbEntity
  8
0
100
AcDbLine
 10
305.89
 20
-402.313
 30
0.0
 11
305.96
 21
-401.944
 31
0.0
  0
LINE
  5
6AE
330
17
100
AcDbEntity
  8
0
100
AcDbLine
 10
305.89
 20
-402.313
 30
0.0
 11
305.931
 21
-402.096
 31
0.0
  0
LINE
  5
6AF
330
17
100
AcDbEntity
  8
0
100
AcDbLine
 10
305.865
 20
-402.443
 30
0.0
 11
305.931
 21
-402.096
 31
0.0
  0
LINE
  5
6B0
330
17
100
AcDbEntity
  8
0
100
AcDbLine
 10
305.865
 20
-402.443
 30
0.0
 11
305.789
 21
-402.845
 31
0.0
  0
LINE
  5
6B1
330
17
100
AcDbEntity
  8
0
100
AcDbLine
 10
305.789
 20
-402.845
 30
0.0
 11
305.722
 21
-403.202
 31
0.0
  0
LINE
  5
6B2
330
17
100
AcDbEntity
  8
0
100
AcDbLine
 10
305.722
 20
-403.202
 30
0.0
 11
305.668
 21
-403.484
 31
0.0
  0
LINE
  5
6B3
330
17
100
AcDbEntity
  8
0
100
AcDbLine
 10
305.679
 20
-403.43
 30
0.0
 11
305.668
 21
-403.484
 31
0.0
  0
LINE
  5
6B4
330
17
100
AcDbEntity
  8
0
100
AcDbLine
 10
305.679
 20
-403.43
 30
0.0
 11
305.724
 21
-403.192
 31
0.0
  0
LINE
  5
6B5
330
17
100
AcDbEntity
  8
0
100
AcDbLine
 10
305.666
 20
-403.495
 30
0.0
 11
305.724
 21
-403.192
 31
0.0
  0
LINE
  5
6B6
330
17
100
AcDbEntity
  8
0
100
AcDbLine
 10
305.666
 20
-403.495
 30
0.0
 11
305.677
 21
-403.441
 31
0.0
  0
LINE
  5
6B7
330
17
100
AcDbEntity
  8
0
100
AcDbLine
 10
305.652
 20
-403.571
 30
0.0
 11
305.677
 21
-403.441
 31
0.0
  0
LINE
  5
6B8
330
17
100
AcDbEntity
  8
0
100
AcDbLine
 10
305.652
 20
-403.571
 30
0.0
 11
305.638
 21
-403.647
 31
0.0
  0
LINE
  5
6B9
330
17
100
AcDbEntity
  8
0
100
AcDbLine
 10
305.591
 20
-403.896
 30
0.0
 11
305.638
 21
-403.647
 31
0.0
  0
LINE
  5
6BA
330
17
100
AcDbEntity
  8
0
100
AcDbLine
 10
305.591
 20
-403.896
 30
0.0
 11
305.556
 21
-404.081
 31
0.0
  0
LINE
  5
6BB
330
17
100
AcDbEntity
  8
0
100
AcDbLine
 10
305.556
 20
-404.081
 30
0.0
 11
305.507
 21
-404.341
 31
0.0
  0
LINE
  5
6BC
330
17
100
AcDbEntity
  8
0
100
AcDbLine
 10
305.421
 20
-404.797
 30
0.0
 11
305.507
 21
-404.341
 31
0.0
  0
LINE
  5
6BD
330
17
100
AcDbEntity
  8
0
100
AcDbLine
 10
305.421
 20
-404.797
 30
0.0
 11
305.411
 21
-404.849
 31
0.0
  0
LINE
  5
6BE
330
17
100
AcDbEntity
  8
0
100
AcDbLine
 10
305.396
 20
-404.927
 30
0.0
 11
305.411
 21
-404.849
 31
0.0
  0
LINE
  5
6BF
330
17
100
AcDbEntity
  8
0
100
AcDbLine
 10
305.396
 20
-404.927
 30
0.0
 11
305.418
 21
-404.81
 31
0.0
  0
LINE
  5
6C0
330
17
100
AcDbEntity
  8
0
100
AcDbLine
 10
305.423
 20
-404.784
 30
0.0
 11
305.418
 21
-404.81
 31
0.0
  0
LINE
  5
6C1
330
17
100
AcDbEntity
  8
0
100
AcDbLine
 10
305.47
 20
-404.536
 30
0.0
 11
305.423
 21
-404.784
 31
0.0
  0
LINE
  5
6C2
330
17
100
AcDbEntity
  8
0
100
AcDbLine
 10
305.507
 20
-404.341
 30
0.0
 11
305.47
 21
-404.536
 31
0.0
  0
LINE
  5
6C3
330
17
100
AcDbEntity
  8
0
100
AcDbLine
 10
305.52
 20
-404.269
 30
0.0
 11
305.507
 21
-404.341
 31
0.0
  0
LINE
  5
6C4
330
17
100
AcDbEntity
  8
0
100
AcDbLine
 10
305.634
 20
-403.664
 30
0.0
 11
305.555
 21
-404.083
 31
0.0
  0
LINE
  5
6C5
330
17
100
AcDbEntity
  8
0
100
AcDbLine
 10
305.634
 20
-403.664
 30
0.0
 11
305.696
 21
-403.339
 31
0.0
  0
LINE
  5
6C6
330
17
100
AcDbEntity
  8
0
100
AcDbLine
 10
305.792
 20
-402.832
 30
0.0
 11
305.696
 21
-403.339
 31
0.0
  0
LINE
  5
6C7
330
17
100
AcDbEntity
  8
0
100
AcDbLine
 10
305.792
 20
-402.832
 30
0.0
 11
305.728
 21
-403.17
 31
0.0
  0
LINE
  5
6C8
330
17
100
AcDbEntity
  8
0
100
AcDbLine
 10
305.681
 20
-403.417
 30
0.0
 11
305.728
 21
-403.17
 31
0.0
  0
LINE
  5
6C9
330
17
100
AcDbEntity
  8
0
100
AcDbLine
 10
302.313
 20
-397.236
 30
0.0
 11
302.66
 21
-397.302
 31
0.0
  0
LINE
  5
6CA
330
17
100
AcDbEntity
  8
0
100
AcDbLine
 10
301.912
 20
-397.16
 30
0.0
 11
302.313
 21
-397.236
 31
0.0
  0
LINE
  5
6CB
330
17
100
AcDbEntity
  8
0
100
AcDbLine
 10
301.554
 20
-397.093
 30
0.0
 11
301.912
 21
-397.16
 31
0.0
  0
LINE
  5
6CC
330
17
100
AcDbEntity
  8
0
100
AcDbLine
 10
301.272
 20
-397.039
 30
0.0
 11
301.554
 21
-397.093
 31
0.0
  0
LINE
  5
6CD
330
17
100
AcDbEntity
  8
0
100
AcDbLine
 10
301.326
 20
-397.05
 30
0.0
 11
301.272
 21
-397.039
 31
0.0
  0
LINE
  5
6CE
330
17
100
AcDbEntity
  8
0
100
AcDbLine
 10
301.326
 20
-397.05
 30
0.0
 11
301.565
 21
-397.095
 31
0.0
  0
LINE
  5
6CF
330
17
100
AcDbEntity
  8
0
100
AcDbLine
 10
301.261
 20
-397.037
 30
0.0
 11
301.565
 21
-397.095
 31
0.0
  0
LINE
  5
6D0
330
17
100
AcDbEntity
  8
0
100
AcDbLine
 10
301.261
 20
-397.037
 30
0.0
 11
301.316
 21
-397.048
 31
0.0
  0
LINE
  5
6D1
330
17
100
AcDbEntity
  8
0
100
AcDbLine
 10
301.185
 20
-397.023
 30
0.0
 11
301.316
 21
-397.048
 31
0.0
  0
LINE
  5
6D2
330
17
100
AcDbEntity
  8
0
100
AcDbLine
 10
301.185
 20
-397.023
 30
0.0
 11
301.11
 21
-397.009
 31
0.0
  0
LINE
  5
6D3
330
17
100
AcDbEntity
  8
0
100
AcDbLine
 10
300.86
 20
-396.962
 30
0.0
 11
301.11
 21
-397.009
 31
0.0
  0
LINE
  5
6D4
330
17
100
AcDbEntity
  8
0
100
AcDbLine
 10
300.86
 20
-396.962
 30
0.0
 11
300.676
 21
-396.927
 31
0.0
  0
LINE
  5
6D5
330
17
100
AcDbEntity
  8
0
100
AcDbLine
 10
300.676
 20
-396.927
 30
0.0
 11
300.416
 21
-396.878
 31
0.0
  0
LINE
  5
6D6
330
17
100
AcDbEntity
  8
0
100
AcDbLine
 10
299.96
 20
-396.791
 30
0.0
 11
300.416
 21
-396.878
 31
0.0
  0
LINE
  5
6D7
330
17
100
AcDbEntity
  8
0
100
AcDbLine
 10
299.908
 20
-396.782
 30
0.0
 11
299.96
 21
-396.791
 31
0.0
  0
LINE
  5
6D8
330
17
100
AcDbEntity
  8
0
100
AcDbLine
 10
299.83
 20
-396.767
 30
0.0
 11
299.908
 21
-396.782
 31
0.0
  0
LINE
  5
6D9
330
17
100
AcDbEntity
  8
0
100
AcDbLine
 10
299.83
 20
-396.767
 30
0.0
 11
299.947
 21
-396.789
 31
0.0
  0
LINE
  5
6DA
330
17
100
AcDbEntity
  8
0
100
AcDbLine
 10
299.973
 20
-396.794
 30
0.0
 11
299.947
 21
-396.789
 31
0.0
  0
LINE
  5
6DB
330
17
100
AcDbEntity
  8
0
100
AcDbLine
 10
299.973
 20
-396.794
 30
0.0
 11
300.22
 21
-396.841
 31
0.0
  0
LINE
  5
6DC
330
17
100
AcDbEntity
  8
0
100
AcDbLine
 10
300.341
 20
-396.863
 30
0.0
 11
300.22
 21
-396.841
 31
0.0
  0
LINE
  5
6DD
330
17
100
AcDbEntity
  8
0
100
AcDbLine
 10
300.65
 20
-396.922
 30
0.0
 11
300.597
 21
-396.912
 31
0.0
  0
LINE
  5
6DE
330
17
100
AcDbEntity
  8
0
100
AcDbLine
 10
301.092
 20
-397.005
 30
0.0
 11
300.65
 21
-396.922
 31
0.0
  0
LINE
  5
6DF
330
17
100
AcDbEntity
  8
0
100
AcDbLine
 10
301.092
 20
-397.005
 30
0.0
 11
301.418
 21
-397.067
 31
0.0
  0
LINE
  5
6E0
330
17
100
AcDbEntity
  8
0
100
AcDbLine
 10
301.925
 20
-397.163
 30
0.0
 11
301.418
 21
-397.067
 31
0.0
  0
LINE
  5
6E1
330
17
100
AcDbEntity
  8
0
100
AcDbLine
 10
301.587
 20
-397.099
 30
0.0
 11
301.925
 21
-397.163
 31
0.0
  0
LINE
  5
6E2
330
17
100
AcDbEntity
  8
0
100
AcDbLine
 10
301.339
 20
-397.052
 30
0.0
 11
301.587
 21
-397.099
 31
0.0
  0
LINE
  5
6E3
330
17
100
AcDbEntity
  8
0
100
AcDbLine
 10
301.339
 20
-397.052
 30
0.0
 11
301.366
 21
-397.057
 31
0.0
  0
LINE
  5
6E4
330
17
100
AcDbEntity
  8
0
100
AcDbLine
 10
301.626
 20
-397.106
 30
0.0
 11
301.366
 21
-397.057
 31
0.0
  0
LINE
  5
6E5
330
17
100
AcDbEntity
  8
0
100
AcDbLine
 10
301.626
 20
-397.106
 30
0.0
 11
301.626
 21
-397.106
 31
0.0
  0
LINE
  5
6E6
330
17
100
AcDbEntity
  8
0
100
AcDbLine
 10
302.485
 20
-397.269
 30
0.0
 11
301.626
 21
-397.106
 31
0.0
  0
LINE
  5
6E7
330
17
100
AcDbEntity
  8
0
100
AcDbLine
 10
302.485
 20
-397.269
 30
0.0
 11
302.758
 21
-397.32
 31
0.0
  0
LINE
  5
6E8
330
17
100
AcDbEntity
  8
0
100
AcDbLine
 10
303.005
 20
-397.367
 30
0.0
 11
302.758
 21
-397.32
 31
0.0
  0
LINE
  5
6E9
330
17
100
AcDbEntity
  8
0
100
AcDbLine
 10
303.018
 20
-397.369
 30
0.0
 11
303.005
 21
-397.367
 31
0.0
  0
LINE
  5
6EA
330
17
100
AcDbEntity
  8
0
100
AcDbLine
 10
303.018
 20
-397.369
 30
0.0
 11
303.135
 21
-397.392
 31
0.0
  0
LINE
  5
6EB
330
17
100
AcDbEntity
  8
0
100
AcDbLine
 10
303.604
 20
-397.48
 30
0.0
 11
303.135
 21
-397.392
 31
0.0
  0
LINE
  5
6EC
330
17
100
AcDbEntity
  8
0
100
AcDbLine
 10
303.851
 20
-397.527
 30
0.0
 11
303.604
 21
-397.48
 31
0.0
  0
LINE
  5
6ED
330
17
100
AcDbEntity
  8
0
100
AcDbLine
 10
303.851
 20
-397.527
 30
0.0
 11
304.02
 21
-397.559
 31
0.0
  0
LINE
  5
6EE
330
17
100
AcDbEntity
  8
0
100
AcDbLine
 10
304.346
 20
-397.62
 30
0.0
 11
304.02
 21
-397.559
 31
0.0
  0
LINE
  5
6EF
330
17
100
AcDbEntity
  8
0
100
AcDbLine
 10
304.619
 20
-397.672
 30
0.0
 11
304.346
 21
-397.62
 31
0.0
  0
LINE
  5
6F0
330
17
100
AcDbEntity
  8
0
100
AcDbLine
 10
304.619
 20
-397.672
 30
0.0
 11
304.931
 21
-397.731
 31
0.0
  0
LINE
  5
6F1
330
17
100
AcDbEntity
  8
0
100
AcDbLine
 10
304.931
 20
-397.731
 30
0.0
 11
305.048
 21
-397.753
 31
0.0
  0
LINE
  5
6F2
330
17
100
AcDbEntity
  8
0
100
AcDbLine
 10
305.699
 20
-397.876
 30
0.0
 11
305.048
 21
-397.753
 31
0.0
  0
LINE
  5
6F3
330
17
100
AcDbEntity
  8
0
100
AcDbLine
 10
305.699
 20
-397.876
 30
0.0
 11
305.959
 21
-397.925
 31
0.0
  0
LINE
  5
6F4
330
17
100
AcDbEntity
  8
0
100
AcDbLine
 10
306.389
 20
-398.006
 30
0.0
 11
305.959
 21
-397.925
 31
0.0
  0
LINE
  5
6F5
330
17
100
AcDbEntity
  8
0
100
AcDbLine
 10
306.441
 20
-398.016
 30
0.0
 11
306.389
 21
-398.006
 31
0.0
  0
LINE
  5
6F6
330
17
100
AcDbEntity
  8
0
100
AcDbLine
 10
306.441
 20
-398.016
 30
0.0
 11
306.441
 21
-398.016
 31
0.0
  0
LINE
  5
6F7
330
17
100
AcDbEntity
  8
0
100
AcDbLine
 10
306.441
 20
-398.016
 30
0.0
 11
306.945
 21
-398.111
 31
0.0
  0
LINE
  5
6F8
330
17
100
AcDbEntity
  8
0
100
AcDbLine
 10
306.945
 20
-398.111
 30
0.0
 11
306.945
 21
-398.111
 31
0.0
  0
LINE
  5
6F9
330
17
100
AcDbEntity
  8
0
100
AcDbLine
 10
306.945
 20
-398.111
 30
0.0
 11
306.901
 21
-398.103
 31
0.0
  0
LINE
  5
6FA
330
17
100
AcDbEntity
  8
0
100
AcDbLine
 10
306.901
 20
-398.103
 30
0.0
 11
306.838
 21
-398.091
 31
0.0
  0
LINE
  5
6FB
330
17
100
AcDbEntity
  8
0
100
AcDbLine
 10
306.838
 20
-398.091
 30
0.0
 11
306.865
 21
-398.096
 31
0.0
  0
LINE
  5
6FC
330
17
100
AcDbEntity
  8
0
100
AcDbLine
 10
306.865
 20
-398.096
 30
0.0
 11
307.127
 21
-398.146
 31
0.0
  0
LINE
  5
6FD
330
17
100
AcDbEntity
  8
0
100
AcDbLine
 10
307.723
 20
-398.259
 30
0.0
 11
307.127
 21
-398.146
 31
0.0
  0
LINE
  5
6FE
330
17
100
AcDbEntity
  8
0
100
AcDbLine
 10
307.723
 20
-398.259
 30
0.0
 11
308.085
 21
-398.327
 31
0.0
  0
LINE
  5
6FF
330
17
100
AcDbEntity
  8
0
100
AcDbLine
 10
308.248
 20
-398.358
 30
0.0
 11
308.085
 21
-398.327
 31
0.0
  0
LINE
  5
700
330
17
100
AcDbEntity
  8
0
100
AcDbLine
 10
308.934
 20
-398.487
 30
0.0
 11
308.248
 21
-398.358
 31
0.0
  0
LINE
  5
701
330
17
100
AcDbEntity
  8
0
100
AcDbLine
 10
309.974
 20
-398.684
 30
0.0
 11
308.934
 21
-398.487
 31
0.0
  0
LINE
  5
702
330
17
100
AcDbEntity
  8
0
100
AcDbLine
 10
309.974
 20
-398.684
 30
0.0
 11
309.612
 21
-398.615
 31
0.0
  0
LINE
  5
703
330
17
100
AcDbEntity
  8
0
100
AcDbLine
 10
309.612
 20
-398.615
 30
0.0
 11
309.847
 21
-398.66
 31
0.0
  0
LINE
  5
704
330
17
100
AcDbEntity
  8
0
100
AcDbLine
 10
310.227
 20
-398.732
 30
0.0
 11
309.847
 21
-398.66
 31
0.0
  0
LINE
  5
705
330
17
100
AcDbEntity
  8
0
100
AcDbLine
 10
310.227
 20
-398.732
 30
0.0
 11
310.679
 21
-398.817
 31
0.0
  0
LINE
  5
706
330
17
100
AcDbEntity
  8
0
100
AcDbLine
 10
310.995
 20
-398.877
 30
0.0
 11
310.679
 21
-398.817
 31
0.0
  0
LINE
  5
707
330
17
100
AcDbEntity
  8
0
100
AcDbLine
 10
310.995
 20
-398.877
 30
0.0
 11
311.212
 21
-398.918
 31
0.0
  0
LINE
  5
708
330
17
100
AcDbEntity
  8
0
100
AcDbLine
 10
311.754
 20
-399.02
 30
0.0
 11
311.212
 21
-398.918
 31
0.0
  0
LINE
  5
709
330
17
100
AcDbEntity
  8
0
100
AcDbLine
 10
311.989
 20
-399.065
 30
0.0
 11
311.754
 21
-399.02
 31
0.0
  0
LINE
  5
70A
330
17
100
AcDbEntity
  8
0
100
AcDbLine
 10
311.989
 20
-399.065
 30
0.0
 11
312.275
 21
-399.119
 31
0.0
  0
LINE
  5
70B
330
17
100
AcDbEntity
  8
0
100
AcDbLine
 10
312.275
 20
-399.119
 30
0.0
 11
312.093
 21
-399.084
 31
0.0
  0
LINE
  5
70C
330
17
100
AcDbEntity
  8
0
100
AcDbLine
 10
312.77
 20
-399.212
 30
0.0
 11
312.093
 21
-399.084
 31
0.0
  0
LINE
  5
70D
330
17
100
AcDbEntity
  8
0
100
AcDbLine
 10
312.789
 20
-399.216
 30
0.0
 11
312.77
 21
-399.212
 31
0.0
  0
LINE
  5
70E
330
17
100
AcDbEntity
  8
0
100
AcDbLine
 10
312.789
 20
-399.216
 30
0.0
 11
312.471
 21
-399.156
 31
0.0
  0
LINE
  5
70F
330
17
100
AcDbEntity
  8
0
100
AcDbLine
 10
312.471
 20
-399.156
 30
0.0
 11
312.431
 21
-399.148
 31
0.0
  0
LINE
  5
710
330
17
100
AcDbEntity
  8
0
100
AcDbLine
 10
312.789
 20
-399.216
 30
0.0
 11
312.431
 21
-399.148
 31
0.0
  0
LINE
  5
711
330
17
100
AcDbEntity
  8
0
100
AcDbLine
 10
312.975
 20
-399.251
 30
0.0
 11
313.121
 21
-399.279
 31
0.0
  0
LINE
  5
712
330
17
100
AcDbEntity
  8
0
100
AcDbLine
 10
313.121
 20
-399.279
 30
0.0
 11
313.121
 21
-399.279
 31
0.0
  0
LINE
  5
713
330
17
100
AcDbEntity
  8
0
100
AcDbLine
 10
313.121
 20
-399.279
 30
0.0
 11
312.975
 21
-399.251
 31
0.0
  0
LINE
  5
714
330
17
100
AcDbEntity
  8
0
100
AcDbLine
 10
312.789
 20
-399.216
 30
0.0
 11
312.731
 21
-399.205
 31
0.0
  0
LINE
  5
715
330
17
100
AcDbEntity
  8
0
100
AcDbLine
 10
312.731
 20
-399.205
 30
0.0
 11
312.789
 21
-399.216
 31
0.0
  0
LINE
  5
716
330
17
100
AcDbEntity
  8
0
100
AcDbLine
 10
312.975
 20
-399.251
 30
0.0
 11
313.199
 21
-399.293
 31
0.0
  0
LINE
  5
717
330
17
100
AcDbEntity
  8
0
100
AcDbLine
 10
313.16
 20
-399.286
 30
0.0
 11
313.199
 21
-399.293
 31
0.0
  0
LINE
  5
718
330
17
100
AcDbEntity
  8
0
100
AcDbLine
 10
312.549
 20
-399.17
 30
0.0
 11
312.789
 21
-399.216
 31
0.0
  0
LINE
  5
719
330
17
100
AcDbEntity
  8
0
100
AcDbLine
 10
312.975
 20
-399.251
 30
0.0
 11
313.16
 21
-399.286
 31
0.0
  0
LINE
  5
71A
330
17
100
AcDbEntity
  8
0
100
AcDbLine
 10
312.549
 20
-399.17
 30
0.0
 11
311.807
 21
-399.03
 31
0.0
  0
LINE
  5
71B
330
17
100
AcDbEntity
  8
0
100
AcDbLine
 10
311.807
 20
-399.03
 30
0.0
 11
311.729
 21
-399.015
 31
0.0
  0
LINE
  5
71C
330
17
100
AcDbEntity
  8
0
100
AcDbLine
 10
312.236
 20
-399.111
 30
0.0
 11
311.729
 21
-399.015
 31
0.0
  0
LINE
  5
71D
330
17
100
AcDbEntity
  8
0
100
AcDbLine
 10
312.236
 20
-399.111
 30
0.0
 11
312.471
 21
-399.156
 31
0.0
  0
LINE
  5
71E
330
17
100
AcDbEntity
  8
0
100
AcDbLine
 10
312.471
 20
-399.156
 30
0.0
 11
311.95
 21
-399.057
 31
0.0
  0
LINE
  5
71F
330
17
100
AcDbEntity
  8
0
100
AcDbLine
 10
311.976
 20
-399.062
 30
0.0
 11
311.95
 21
-399.057
 31
0.0
  0
LINE
  5
720
330
17
100
AcDbEntity
  8
0
100
AcDbLine
 10
311.338
 20
-398.942
 30
0.0
 11
311.976
 21
-399.062
 31
0.0
  0
LINE
  5
721
330
17
100
AcDbEntity
  8
0
100
AcDbLine
 10
310.518
 20
-398.787
 30
0.0
 11
311.338
 21
-398.942
 31
0.0
  0
LINE
  5
722
330
17
100
AcDbEntity
  8
0
100
AcDbLine
 10
310.518
 20
-398.787
 30
0.0
 11
309.985
 21
-398.686
 31
0.0
  0
LINE
  5
723
330
17
100
AcDbEntity
  8
0
100
AcDbLine
 10
309.985
 20
-398.686
 30
0.0
 11
309.868
 21
-398.664
 31
0.0
  0
LINE
  5
724
330
17
100
AcDbEntity
  8
0
100
AcDbLine
 10
309.347
 20
-398.565
 30
0.0
 11
309.868
 21
-398.664
 31
0.0
  0
LINE
  5
725
330
17
100
AcDbEntity
  8
0
100
AcDbLine
 10
309.165
 20
-398.531
 30
0.0
 11
309.347
 21
-398.565
 31
0.0
  0
LINE
  5
726
330
17
100
AcDbEntity
  8
0
100
AcDbLine
 10
309.165
 20
-398.531
 30
0.0
 11
308.527
 21
-398.41
 31
0.0
  0
LINE
  5
727
330
17
100
AcDbEntity
  8
0
100
AcDbLine
 10
308.527
 20
-398.41
 30
0.0
 11
308.631
 21
-398.43
 31
0.0
  0
LINE
  5
728
330
17
100
AcDbEntity
  8
0
100
AcDbLine
 10
307.681
 20
-398.251
 30
0.0
 11
308.631
 21
-398.43
 31
0.0
  0
LINE
  5
729
330
17
100
AcDbEntity
  8
0
100
AcDbLine
 10
307.681
 20
-398.251
 30
0.0
 11
307.408
 21
-398.199
 31
0.0
  0
LINE
  5
72A
330
17
100
AcDbEntity
  8
0
100
AcDbLine
 10
307.408
 20
-398.199
 30
0.0
 11
306.992
 21
-398.12
 31
0.0
  0
LINE
  5
72B
330
17
100
AcDbEntity
  8
0
100
AcDbLine
 10
306.25
 20
-397.98
 30
0.0
 11
306.992
 21
-398.12
 31
0.0
  0
LINE
  5
72C
330
17
100
AcDbEntity
  8
0
100
AcDbLine
 10
306.25
 20
-397.98
 30
0.0
 11
306.224
 21
-397.975
 31
0.0
  0
LINE
  5
72D
330
17
100
AcDbEntity
  8
0
100
AcDbLine
 10
305.768
 20
-397.889
 30
0.0
 11
306.224
 21
-397.975
 31
0.0
  0
LINE
  5
72E
330
17
100
AcDbEntity
  8
0
100
AcDbLine
 10
305.768
 20
-397.889
 30
0.0
 11
305.144
 21
-397.771
 31
0.0
  0
LINE
  5
72F
330
17
100
AcDbEntity
  8
0
100
AcDbLine
 10
305.144
 20
-397.771
 30
0.0
 11
304.515
 21
-397.652
 31
0.0
  0
LINE
  5
730
330
17
100
AcDbEntity
  8
0
100
AcDbLine
 10
304.309
 20
-397.613
 30
0.0
 11
304.515
 21
-397.652
 31
0.0
  0
LINE
  5
731
330
17
100
AcDbEntity
  8
0
100
AcDbLine
 10
303.745
 20
-397.507
 30
0.0
 11
304.309
 21
-397.613
 31
0.0
  0
LINE
  5
732
330
17
100
AcDbEntity
  8
0
100
AcDbLine
 10
303.647
 20
-397.488
 30
0.0
 11
303.745
 21
-397.507
 31
0.0
  0
LINE
  5
733
330
17
100
AcDbEntity
  8
0
100
AcDbLine
 10
303.777
 20
-397.513
 30
0.0
 11
303.647
 21
-397.488
 31
0.0
  0
LINE
  5
734
330
17
100
AcDbEntity
  8
0
100
AcDbLine
 10
303.777
 20
-397.513
 30
0.0
 11
303.908
 21
-397.537
 31
0.0
  0
LINE
  5
735
330
17
100
AcDbEntity
  8
0
100
AcDbLine
 10
303.723
 20
-397.503
 30
0.0
 11
303.908
 21
-397.537
 31
0.0
  0
LINE
  5
736
330
17
100
AcDbEntity
  8
0
100
AcDbLine
 10
303.723
 20
-397.503
 30
0.0
 11
303.452
 21
-397.451
 31
0.0
  0
LINE
  5
737
330
17
100
AcDbEntity
  8
0
100
AcDbLine
 10
303.452
 20
-397.451
 30
0.0
 11
303.192
 21
-397.402
 31
0.0
  0
LINE
  5
738
330
17
100
AcDbEntity
  8
0
100
AcDbLine
 10
303.192
 20
-397.402
 30
0.0
 11
302.812
 21
-397.33
 31
0.0
  0
LINE
  5
739
330
17
100
AcDbEntity
  8
0
100
AcDbLine
 10
302.443
 20
-397.261
 30
0.0
 11
302.812
 21
-397.33
 31
0.0
  0
LINE
  5
73A
330
17
100
AcDbEntity
  8
0
100
AcDbLine
 10
302.443
 20
-397.261
 30
0.0
 11
302.66
 21
-397.302
 31
0.0
  0
LINE
  5
73B
330
17
100
AcDbEntity
  8
0
100
AcDbLine
 10
314.912
 20
-393.706
 30
0.0
 11
315.839
 21
-392.859
 31
0.0
  0
LINE
  5
73C
330
17
100
AcDbEntity
  8
0
100
AcDbLine
 10
314.169
 20
-394.717
 30
0.0
 11
314.912
 21
-393.706
 31
0.0
  0
LINE
  5
73D
330
17
100
AcDbEntity
  8
0
100
AcDbLine
 10
313.637
 20
-395.853
 30
0.0
 11
314.169
 21
-394.717
 31
0.0
  0
LINE
  5
73E
330
17
100
AcDbEntity
  8
0
100
AcDbLine
 10
313.336
 20
-397.072
 30
0.0
 11
313.637
 21
-395.853
 31
0.0
  0
LINE
  5
73F
330
17
100
AcDbEntity
  8
0
100
AcDbLine
 10
313.28
 20
-398.326
 30
0.0
 11
313.336
 21
-397.072
 31
0.0
  0
LINE
  5
740
330
17
100
AcDbEntity
  8
0
100
AcDbLine
 10
313.469
 20
-399.566
 30
0.0
 11
313.28
 21
-398.326
 31
0.0
  0
LINE
  5
741
330
17
100
AcDbEntity
  8
0
100
AcDbLine
 10
313.897
 20
-400.746
 30
0.0
 11
313.469
 21
-399.566
 31
0.0
  0
LINE
  5
742
330
17
100
AcDbEntity
  8
0
100
AcDbLine
 10
314.546
 20
-401.82
 30
0.0
 11
313.897
 21
-400.746
 31
0.0
  0
LINE
  5
743
330
17
100
AcDbEntity
  8
0
100
AcDbLine
 10
315.393
 20
-402.746
 30
0.0
 11
314.546
 21
-401.82
 31
0.0
  0
LINE
  5
744
330
17
100
AcDbEntity
  8
0
100
AcDbLine
 10
316.404
 20
-403.49
 30
0.0
 11
315.393
 21
-402.746
 31
0.0
  0
LINE
  5
745
330
17
100
AcDbEntity
  8
0
100
AcDbLine
 10
317.54
 20
-404.022
 30
0.0
 11
316.404
 21
-403.49
 31
0.0
  0
LINE
  5
746
330
17
100
AcDbEntity
  8
0
100
AcDbLine
 10
318.759
 20
-404.322
 30
0.0
 11
317.54
 21
-404.022
 31
0.0
  0
LINE
  5
747
330
17
100
AcDbEntity
  8
0
100
AcDbLine
 10
320.013
 20
-404.378
 30
0.0
 11
318.759
 21
-404.322
 31
0.0
  0
LINE
  5
748
330
17
100
AcDbEntity
  8
0
100
AcDbLine
 10
321.253
 20
-404.189
 30
0.0
 11
320.013
 21
-404.378
 31
0.0
  0
LINE
  5
749
330
17
100
AcDbEntity
  8
0
100
AcDbLine
 10
322.433
 20
-403.762
 30
0.0
 11
321.253
 21
-404.189
 31
0.0
  0
LINE
  5
74A
330
17
100
AcDbEntity
  8
0
100
AcDbLine
 10
323.507
 20
-403.112
 30
0.0
 11
322.433
 21
-403.762
 31
0.0
  0
LINE
  5
74B
330
17
100
AcDbEntity
  8
0
100
AcDbLine
 10
324.433
 20
-402.266
 30
0.0
 11
323.507
 21
-403.112
 31
0.0
  0
LINE
  5
74C
330
17
100
AcDbEntity
  8
0
100
AcDbLine
 10
325.177
 20
-401.255
 30
0.0
 11
324.433
 21
-402.266
 31
0.0
  0
LINE
  5
74D
330
17
100
AcDbEntity
  8
0
100
AcDbLine
 10
325.709
 20
-400.118
 30
0.0
 11
325.177
 21
-401.255
 31
0.0
  0
LINE
  5
74E
330
17
100
AcDbEntity
  8
0
100
AcDbLine
 10
326.009
 20
-398.9
 30
0.0
 11
325.709
 21
-400.118
 31
0.0
  0
LINE
  5
74F
330
17
100
AcDbEntity
  8
0
100
AcDbLine
 10
326.066
 20
-397.646
 30
0.0
 11
326.009
 21
-398.9
 31
0.0
  0
LINE
  5
750
330
17
100
AcDbEntity
  8
0
100
AcDbLine
 10
325.876
 20
-396.405
 30
0.0
 11
326.066
 21
-397.646
 31
0.0
  0
LINE
  5
751
330
17
100
AcDbEntity
  8
0
100
AcDbLine
 10
325.449
 20
-395.225
 30
0.0
 11
325.876
 21
-396.405
 31
0.0
  0
LINE
  5
752
330
17
100
AcDbEntity
  8
0
100
AcDbLine
 10
324.799
 20
-394.151
 30
0.0
 11
325.449
 21
-395.225
 31
0.0
  0
LINE
  5
753
330
17
100
AcDbEntity
  8
0
100
AcDbLine
 10
323.953
 20
-393.225
 30
0.0
 11
324.799
 21
-394.151
 31
0.0
  0
LINE
  5
754
330
17
100
AcDbEntity
  8
0
100
AcDbLine
 10
322.942
 20
-392.481
 30
0.0
 11
323.953
 21
-393.225
 31
0.0
  0
LINE
  5
755
330
17
100
AcDbEntity
  8
0
100
AcDbLine
 10
321.805
 20
-391.949
 30
0.0
 11
322.942
 21
-392.481
 31
0.0
  0
LINE
  5
756
330
17
100
AcDbEntity
  8
0
100
AcDbLine
 10
320.587
 20
-391.649
 30
0.0
 11
321.805
 21
-391.949
 31
0.0
  0
LINE
  5
757
330
17
100
AcDbEntity
  8
0
100
AcDbLine
 10
319.333
 20
-391.593
 30
0.0
 11
320.587
 21
-391.649
 31
0.0
  0
LINE
  5
758
330
17
100
AcDbEntity
  8
0
100
AcDbLine
 10
318.092
 20
-391.782
 30
0.0
 11
319.333
 21
-391.593
 31
0.0
  0
LINE
  5
759
330
17
100
AcDbEntity
  8
0
100
AcDbLine
 10
318.092
 20
-391.782
 30
0.0
 11
316.912
 21
-392.21
 31
0.0
  0
LINE
  5
75A
330
17
100
AcDbEntity
  8
0
100
AcDbLine
 10
316.912
 20
-392.21
 30
0.0
 11
315.839
 21
-392.859
 31
0.0
  0
LINE
  5
75B
330
17
100
AcDbEntity
  8
0
100
AcDbLine
 10
318.139
 20
-391.966
 30
0.0
 11
316.994
 21
-392.38
 31
0.0
  0
LINE
  5
75C
330
17
100
AcDbEntity
  8
0
100
AcDbLine
 10
318.139
 20
-391.966
 30
0.0
 11
319.343
 21
-391.782
 31
0.0
  0
LINE
  5
75D
330
17
100
AcDbEntity
  8
0
100
AcDbLine
 10
319.343
 20
-391.782
 30
0.0
 11
320.56
 21
-391.837
 31
0.0
  0
LINE
  5
75E
330
17
100
AcDbEntity
  8
0
100
AcDbLine
 10
320.56
 20
-391.837
 30
0.0
 11
321.742
 21
-392.128
 31
0.0
  0
LINE
  5
75F
330
17
100
AcDbEntity
  8
0
100
AcDbLine
 10
321.742
 20
-392.128
 30
0.0
 11
322.845
 21
-392.644
 31
0.0
  0
LINE
  5
760
330
17
100
AcDbEntity
  8
0
100
AcDbLine
 10
322.845
 20
-392.644
 30
0.0
 11
323.826
 21
-393.366
 31
0.0
  0
LINE
  5
761
330
17
100
AcDbEntity
  8
0
100
AcDbLine
 10
323.826
 20
-393.366
 30
0.0
 11
324.648
 21
-394.265
 31
0.0
  0
LINE
  5
762
330
17
100
AcDbEntity
  8
0
100
AcDbLine
 10
324.648
 20
-394.265
 30
0.0
 11
325.278
 21
-395.307
 31
0.0
  0
LINE
  5
763
330
17
100
AcDbEntity
  8
0
100
AcDbLine
 10
325.278
 20
-395.307
 30
0.0
 11
325.693
 21
-396.452
 31
0.0
  0
LINE
  5
764
330
17
100
AcDbEntity
  8
0
100
AcDbLine
 10
325.693
 20
-396.452
 30
0.0
 11
325.876
 21
-397.656
 31
0.0
  0
LINE
  5
765
330
17
100
AcDbEntity
  8
0
100
AcDbLine
 10
325.876
 20
-397.656
 30
0.0
 11
325.822
 21
-398.872
 31
0.0
  0
LINE
  5
766
330
17
100
AcDbEntity
  8
0
100
AcDbLine
 10
325.822
 20
-398.872
 30
0.0
 11
325.53
 21
-400.055
 31
0.0
  0
LINE
  5
767
330
17
100
AcDbEntity
  8
0
100
AcDbLine
 10
325.53
 20
-400.055
 30
0.0
 11
325.014
 21
-401.158
 31
0.0
  0
LINE
  5
768
330
17
100
AcDbEntity
  8
0
100
AcDbLine
 10
325.014
 20
-401.158
 30
0.0
 11
324.293
 21
-402.139
 31
0.0
  0
LINE
  5
769
330
17
100
AcDbEntity
  8
0
100
AcDbLine
 10
324.293
 20
-402.139
 30
0.0
 11
323.394
 21
-402.961
 31
0.0
  0
LINE
  5
76A
330
17
100
AcDbEntity
  8
0
100
AcDbLine
 10
323.394
 20
-402.961
 30
0.0
 11
322.351
 21
-403.591
 31
0.0
  0
LINE
  5
76B
330
17
100
AcDbEntity
  8
0
100
AcDbLine
 10
322.351
 20
-403.591
 30
0.0
 11
321.206
 21
-404.006
 31
0.0
  0
LINE
  5
76C
330
17
100
AcDbEntity
  8
0
100
AcDbLine
 10
321.206
 20
-404.006
 30
0.0
 11
320.003
 21
-404.189
 31
0.0
  0
LINE
  5
76D
330
17
100
AcDbEntity
  8
0
100
AcDbLine
 10
320.003
 20
-404.189
 30
0.0
 11
318.786
 21
-404.135
 31
0.0
  0
LINE
  5
76E
330
17
100
AcDbEntity
  8
0
100
AcDbLine
 10
318.786
 20
-404.135
 30
0.0
 11
317.603
 21
-403.843
 31
0.0
  0
LINE
  5
76F
330
17
100
AcDbEntity
  8
0
100
AcDbLine
 10
317.603
 20
-403.843
 30
0.0
 11
316.5
 21
-403.327
 31
0.0
  0
LINE
  5
770
330
17
100
AcDbEntity
  8
0
100
AcDbLine
 10
316.5
 20
-403.327
 30
0.0
 11
315.519
 21
-402.606
 31
0.0
  0
LINE
  5
771
330
17
100
AcDbEntity
  8
0
100
AcDbLine
 10
315.519
 20
-402.606
 30
0.0
 11
314.698
 21
-401.706
 31
0.0
  0
LINE
  5
772
330
17
100
AcDbEntity
  8
0
100
AcDbLine
 10
314.698
 20
-401.706
 30
0.0
 11
314.067
 21
-400.664
 31
0.0
  0
LINE
  5
773
330
17
100
AcDbEntity
  8
0
100
AcDbLine
 10
314.067
 20
-400.664
 30
0.0
 11
313.653
 21
-399.519
 31
0.0
  0
LINE
  5
774
330
17
100
AcDbEntity
  8
0
100
AcDbLine
 10
313.653
 20
-399.519
 30
0.0
 11
313.469
 21
-398.315
 31
0.0
  0
LINE
  5
775
330
17
100
AcDbEntity
  8
0
100
AcDbLine
 10
313.469
 20
-398.315
 30
0.0
 11
313.524
 21
-397.099
 31
0.0
  0
LINE
  5
776
330
17
100
AcDbEntity
  8
0
100
AcDbLine
 10
313.524
 20
-397.099
 30
0.0
 11
313.815
 21
-395.916
 31
0.0
  0
LINE
  5
777
330
17
100
AcDbEntity
  8
0
100
AcDbLine
 10
313.815
 20
-395.916
 30
0.0
 11
314.331
 21
-394.813
 31
0.0
  0
LINE
  5
778
330
17
100
AcDbEntity
  8
0
100
AcDbLine
 10
314.331
 20
-394.813
 30
0.0
 11
315.053
 21
-393.832
 31
0.0
  0
LINE
  5
779
330
17
100
AcDbEntity
  8
0
100
AcDbLine
 10
315.053
 20
-393.832
 30
0.0
 11
315.952
 21
-393.011
 31
0.0
  0
LINE
  5
77A
330
17
100
AcDbEntity
  8
0
100
AcDbLine
 10
315.952
 20
-393.011
 30
0.0
 11
316.994
 21
-392.38
 31
0.0
  0
LINE
  5
77B
330
17
100
AcDbEntity
  8
0
100
AcDbLine
 10
322.048
 20
-402.956
 30
0.0
 11
322.059
 21
-402.979
 31
0.0
  0
LINE
  5
77C
330
17
100
AcDbEntity
  8
0
100
AcDbLine
 10
321.934
 20
-402.717
 30
0.0
 11
322.048
 21
-402.956
 31
0.0
  0
LINE
  5
77D
330
17
100
AcDbEntity
  8
0
100
AcDbLine
 10
321.934
 20
-402.717
 30
0.0
 11
321.934
 21
-402.717
 31
0.0
  0
LINE
  5
77E
330
17
100
AcDbEntity
  8
0
100
AcDbLine
 10
321.557
 20
-401.928
 30
0.0
 11
321.934
 21
-402.717
 31
0.0
  0
LINE
  5
77F
330
17
100
AcDbEntity
  8
0
100
AcDbLine
 10
321.557
 20
-401.928
 30
0.0
 11
321.437
 21
-401.677
 31
0.0
  0
LINE
  5
780
330
17
100
AcDbEntity
  8
0
100
AcDbLine
 10
321.328
 20
-401.45
 30
0.0
 11
321.437
 21
-401.677
 31
0.0
  0
LINE
  5
781
330
17
100
AcDbEntity
  8
0
100
AcDbLine
 10
321.323
 20
-401.438
 30
0.0
 11
321.328
 21
-401.45
 31
0.0
  0
LINE
  5
782
330
17
100
AcDbEntity
  8
0
100
AcDbLine
 10
321.271
 20
-401.33
 30
0.0
 11
321.323
 21
-401.438
 31
0.0
  0
LINE
  5
783
330
17
100
AcDbEntity
  8
0
100
AcDbLine
 10
321.066
 20
-400.9
 30
0.0
 11
321.271
 21
-401.33
 31
0.0
  0
LINE
  5
784
330
17
100
AcDbEntity
  8
0
100
AcDbLine
 10
320.957
 20
-400.673
 30
0.0
 11
321.066
 21
-400.9
 31
0.0
  0
LINE
  5
785
330
17
100
AcDbEntity
  8
0
100
AcDbLine
 10
320.957
 20
-400.673
 30
0.0
 11
320.883
 21
-400.518
 31
0.0
  0
LINE
  5
786
330
17
100
AcDbEntity
  8
0
100
AcDbLine
 10
320.74
 20
-400.219
 30
0.0
 11
320.883
 21
-400.518
 31
0.0
  0
LINE
  5
787
330
17
100
AcDbEntity
  8
0
100
AcDbLine
 10
320.62
 20
-399.968
 30
0.0
 11
320.74
 21
-400.219
 31
0.0
  0
LINE
  5
788
330
17
100
AcDbEntity
  8
0
100
AcDbLine
 10
320.62
 20
-399.968
 30
0.0
 11
320.483
 21
-399.681
 31
0.0
  0
LINE
  5
789
330
17
100
AcDbEntity
  8
0
100
AcDbLine
 10
320.432
 20
-399.574
 30
0.0
 11
320.483
 21
-399.681
 31
0.0
  0
LINE
  5
78A
330
17
100
AcDbEntity
  8
0
100
AcDbLine
 10
320.146
 20
-398.976
 30
0.0
 11
320.432
 21
-399.574
 31
0.0
  0
LINE
  5
78B
330
17
100
AcDbEntity
  8
0
100
AcDbLine
 10
320.146
 20
-398.976
 30
0.0
 11
320.032
 21
-398.737
 31
0.0
  0
LINE
  5
78C
330
17
100
AcDbEntity
  8
0
100
AcDbLine
 10
320.032
 20
-398.737
 30
0.0
 11
319.844
 21
-398.343
 31
0.0
  0
LINE
  5
78D
330
17
100
AcDbEntity
  8
0
100
AcDbLine
 10
319.844
 20
-398.343
 30
0.0
 11
319.821
 21
-398.295
 31
0.0
  0
LINE
  5
78E
330
17
100
AcDbEntity
  8
0
100
AcDbLine
 10
319.821
 20
-398.295
 30
0.0
 11
319.821
 21
-398.295
 31
0.0
  0
LINE
  5
78F
330
17
100
AcDbEntity
  8
0
100
AcDbLine
 10
319.599
 20
-397.832
 30
0.0
 11
319.821
 21
-398.295
 31
0.0
  0
LINE
  5
790
330
17
100
AcDbEntity
  8
0
100
AcDbLine
 10
319.599
 20
-397.832
 30
0.0
 11
319.599
 21
-397.832
 31
0.0
  0
LINE
  5
791
330
17
100
AcDbEntity
  8
0
100
AcDbLine
 10
319.619
 20
-397.873
 30
0.0
 11
319.599
 21
-397.832
 31
0.0
  0
LINE
  5
792
330
17
100
AcDbEntity
  8
0
100
AcDbLine
 10
319.646
 20
-397.931
 30
0.0
 11
319.619
 21
-397.873
 31
0.0
  0
LINE
  5
793
330
17
100
AcDbEntity
  8
0
100
AcDbLine
 10
319.635
 20
-397.906
 30
0.0
 11
319.646
 21
-397.931
 31
0.0
  0
LINE
  5
794
330
17
100
AcDbEntity
  8
0
100
AcDbLine
 10
319.52
 20
-397.665
 30
0.0
 11
319.635
 21
-397.906
 31
0.0
  0
LINE
  5
795
330
17
100
AcDbEntity
  8
0
100
AcDbLine
 10
319.258
 20
-397.117
 30
0.0
 11
319.52
 21
-397.665
 31
0.0
  0
LINE
  5
796
330
17
100
AcDbEntity
  8
0
100
AcDbLine
 10
319.099
 20
-396.786
 30
0.0
 11
319.258
 21
-397.117
 31
0.0
  0
LINE
  5
797
330
17
100
AcDbEntity
  8
0
100
AcDbLine
 10
319.099
 20
-396.786
 30
0.0
 11
319.028
 21
-396.636
 31
0.0
  0
LINE
  5
798
330
17
100
AcDbEntity
  8
0
100
AcDbLine
 10
318.726
 20
-396.006
 30
0.0
 11
319.028
 21
-396.636
 31
0.0
  0
LINE
  5
799
330
17
100
AcDbEntity
  8
0
100
AcDbLine
 10
318.27
 20
-395.051
 30
0.0
 11
318.726
 21
-396.006
 31
0.0
  0
LINE
  5
79A
330
17
100
AcDbEntity
  8
0
100
AcDbLine
 10
318.27
 20
-395.051
 30
0.0
 11
318.429
 21
-395.383
 31
0.0
  0
LINE
  5
79B
330
17
100
AcDbEntity
  8
0
100
AcDbLine
 10
318.326
 20
-395.167
 30
0.0
 11
318.429
 21
-395.383
 31
0.0
  0
LINE
  5
79C
330
17
100
AcDbEntity
  8
0
100
AcDbLine
 10
318.159
 20
-394.819
 30
0.0
 11
318.326
 21
-395.167
 31
0.0
  0
LINE
  5
79D
330
17
100
AcDbEntity
  8
0
100
AcDbLine
 10
318.159
 20
-394.819
 30
0.0
 11
317.961
 21
-394.404
 31
0.0
  0
LINE
  5
79E
330
17
100
AcDbEntity
  8
0
100
AcDbLine
 10
317.822
 20
-394.114
 30
0.0
 11
317.961
 21
-394.404
 31
0.0
  0
LINE
  5
79F
330
17
100
AcDbEntity
  8
0
100
AcDbLine
 10
317.822
 20
-394.114
 30
0.0
 11
317.727
 21
-393.914
 31
0.0
  0
LINE
  5
7A0
330
17
100
AcDbEntity
  8
0
100
AcDbLine
 10
317.489
 20
-393.416
 30
0.0
 11
317.727
 21
-393.914
 31
0.0
  0
LINE
  5
7A1
330
17
100
AcDbEntity
  8
0
100
AcDbLine
 10
317.386
 20
-393.201
 30
0.0
 11
317.489
 21
-393.416
 31
0.0
  0
LINE
  5
7A2
330
17
100
AcDbEntity
  8
0
100
AcDbLine
 10
317.386
 20
-393.201
 30
0.0
 11
317.26
 21
-392.938
 31
0.0
  0
LINE
  5
7A3
330
17
100
AcDbEntity
  8
0
100
AcDbLine
 10
317.34
 20
-393.105
 30
0.0
 11
317.26
 21
-392.938
 31
0.0
  0
LINE
  5
7A4
330
17
100
AcDbEntity
  8
0
100
AcDbLine
 10
317.043
 20
-392.484
 30
0.0
 11
317.34
 21
-393.105
 31
0.0
  0
LINE
  5
7A5
330
17
100
AcDbEntity
  8
0
100
AcDbLine
 10
316.994
 20
-392.38
 30
0.0
 11
317.043
 21
-392.484
 31
0.0
  0
LINE
  5
7A6
330
17
100
AcDbEntity
  8
0
100
AcDbLine
 10
316.994
 20
-392.38
 30
0.0
 11
317.175
 21
-392.759
 31
0.0
  0
LINE
  5
7A7
330
17
100
AcDbEntity
  8
0
100
AcDbLine
 10
317.192
 20
-392.794
 30
0.0
 11
317.175
 21
-392.759
 31
0.0
  0
LINE
  5
7A8
330
17
100
AcDbEntity
  8
0
100
AcDbLine
 10
317.015
 20
-392.424
 30
0.0
 11
317.192
 21
-392.794
 31
0.0
  0
LINE
  5
7A9
330
17
100
AcDbEntity
  8
0
100
AcDbLine
 10
316.889
 20
-392.161
 30
0.0
 11
316.912
 21
-392.21
 31
0.0
  0
LINE
  5
7AA
330
17
100
AcDbEntity
  8
0
100
AcDbLine
 10
316.994
 20
-392.38
 30
0.0
 11
317.015
 21
-392.424
 31
0.0
  0
LINE
  5
7AB
330
17
100
AcDbEntity
  8
0
100
AcDbLine
 10
316.889
 20
-392.161
 30
0.0
 11
316.889
 21
-392.161
 31
0.0
  0
LINE
  5
7AC
330
17
100
AcDbEntity
  8
0
100
AcDbLine
 10
316.889
 20
-392.161
 30
0.0
 11
316.912
 21
-392.21
 31
0.0
  0
LINE
  5
7AD
330
17
100
AcDbEntity
  8
0
100
AcDbLine
 10
316.994
 20
-392.38
 30
0.0
 11
317.06
 21
-392.52
 31
0.0
  0
LINE
  5
7AE
330
17
100
AcDbEntity
  8
0
100
AcDbLine
 10
316.855
 20
-392.089
 30
0.0
 11
316.912
 21
-392.21
 31
0.0
  0
LINE
  5
7AF
330
17
100
AcDbEntity
  8
0
100
AcDbLine
 10
316.994
 20
-392.38
 30
0.0
 11
317.06
 21
-392.52
 31
0.0
  0
LINE
  5
7B0
330
17
100
AcDbEntity
  8
0
100
AcDbLine
 10
316.872
 20
-392.125
 30
0.0
 11
316.855
 21
-392.089
 31
0.0
  0
LINE
  5
7B1
330
17
100
AcDbEntity
  8
0
100
AcDbLine
 10
316.872
 20
-392.125
 30
0.0
 11
316.912
 21
-392.21
 31
0.0
  0
LINE
  5
7B2
330
17
100
AcDbEntity
  8
0
100
AcDbLine
 10
316.994
 20
-392.38
 30
0.0
 11
317.14
 21
-392.687
 31
0.0
  0
LINE
  5
7B3
330
17
100
AcDbEntity
  8
0
100
AcDbLine
 10
317.14
 20
-392.687
 30
0.0
 11
317.466
 21
-393.368
 31
0.0
  0
LINE
  5
7B4
330
17
100
AcDbEntity
  8
0
100
AcDbLine
 10
317.5
 20
-393.44
 30
0.0
 11
317.466
 21
-393.368
 31
0.0
  0
LINE
  5
7B5
330
17
100
AcDbEntity
  8
0
100
AcDbLine
 10
317.278
 20
-392.974
 30
0.0
 11
317.5
 21
-393.44
 31
0.0
  0
LINE
  5
7B6
330
17
100
AcDbEntity
  8
0
100
AcDbLine
 10
317.278
 20
-392.974
 30
0.0
 11
317.175
 21
-392.759
 31
0.0
  0
LINE
  5
7B7
330
17
100
AcDbEntity
  8
0
100
AcDbLine
 10
317.175
 20
-392.759
 30
0.0
 11
317.403
 21
-393.237
 31
0.0
  0
LINE
  5
7B8
330
17
100
AcDbEntity
  8
0
100
AcDbLine
 10
317.392
 20
-393.213
 30
0.0
 11
317.403
 21
-393.237
 31
0.0
  0
LINE
  5
7B9
330
17
100
AcDbEntity
  8
0
100
AcDbLine
 10
317.392
 20
-393.213
 30
0.0
 11
317.672
 21
-393.798
 31
0.0
  0
LINE
  5
7BA
330
17
100
AcDbEntity
  8
0
100
AcDbLine
 10
317.672
 20
-393.798
 30
0.0
 11
318.031
 21
-394.551
 31
0.0
  0
LINE
  5
7BB
330
17
100
AcDbEntity
  8
0
100
AcDbLine
 10
318.031
 20
-394.551
 30
0.0
 11
318.265
 21
-395.041
 31
0.0
  0
LINE
  5
7BC
330
17
100
AcDbEntity
  8
0
100
AcDbLine
 10
318.317
 20
-395.148
 30
0.0
 11
318.265
 21
-395.041
 31
0.0
  0
LINE
  5
7BD
330
17
100
AcDbEntity
  8
0
100
AcDbLine
 10
318.545
 20
-395.626
 30
0.0
 11
318.317
 21
-395.148
 31
0.0
  0
LINE
  5
7BE
330
17
100
AcDbEntity
  8
0
100
AcDbLine
 10
318.545
 20
-395.626
 30
0.0
 11
318.625
 21
-395.794
 31
0.0
  0
LINE
  5
7BF
330
17
100
AcDbEntity
  8
0
100
AcDbLine
 10
318.625
 20
-395.794
 30
0.0
 11
318.905
 21
-396.379
 31
0.0
  0
LINE
  5
7C0
330
17
100
AcDbEntity
  8
0
100
AcDbLine
 10
318.859
 20
-396.284
 30
0.0
 11
318.905
 21
-396.379
 31
0.0
  0
LINE
  5
7C1
330
17
100
AcDbEntity
  8
0
100
AcDbLine
 10
319.276
 20
-397.156
 30
0.0
 11
318.859
 21
-396.284
 31
0.0
  0
LINE
  5
7C2
330
17
100
AcDbEntity
  8
0
100
AcDbLine
 10
319.276
 20
-397.156
 30
0.0
 11
319.396
 21
-397.407
 31
0.0
  0
LINE
  5
7C3
330
17
100
AcDbEntity
  8
0
100
AcDbLine
 10
319.396
 20
-397.407
 30
0.0
 11
319.579
 21
-397.789
 31
0.0
  0
LINE
  5
7C4
330
17
100
AcDbEntity
  8
0
100
AcDbLine
 10
319.904
 20
-398.47
 30
0.0
 11
319.579
 21
-397.789
 31
0.0
  0
LINE
  5
7C5
330
17
100
AcDbEntity
  8
0
100
AcDbLine
 10
319.904
 20
-398.47
 30
0.0
 11
319.916
 21
-398.494
 31
0.0
  0
LINE
  5
7C6
330
17
100
AcDbEntity
  8
0
100
AcDbLine
 10
320.116
 20
-398.913
 30
0.0
 11
319.916
 21
-398.494
 31
0.0
  0
LINE
  5
7C7
330
17
100
AcDbEntity
  8
0
100
AcDbLine
 10
320.116
 20
-398.913
 30
0.0
 11
320.39
 21
-399.486
 31
0.0
  0
LINE
  5
7C8
330
17
100
AcDbEntity
  8
0
100
AcDbLine
 10
320.39
 20
-399.486
 30
0.0
 11
320.666
 21
-400.064
 31
0.0
  0
LINE
  5
7C9
330
17
100
AcDbEntity
  8
0
100
AcDbLine
 10
320.666
 20
-400.064
 30
0.0
 11
320.756
 21
-400.253
 31
0.0
  0
LINE
  5
7CA
330
17
100
AcDbEntity
  8
0
100
AcDbLine
 10
320.756
 20
-400.253
 30
0.0
 11
321.004
 21
-400.771
 31
0.0
  0
LINE
  5
7CB
330
17
100
AcDbEntity
  8
0
100
AcDbLine
 10
321.004
 20
-400.771
 30
0.0
 11
321.047
 21
-400.86
 31
0.0
  0
LINE
  5
7CC
330
17
100
AcDbEntity
  8
0
100
AcDbLine
 10
320.989
 20
-400.741
 30
0.0
 11
321.047
 21
-400.86
 31
0.0
  0
LINE
  5
7CD
330
17
100
AcDbEntity
  8
0
100
AcDbLine
 10
320.932
 20
-400.621
 30
0.0
 11
320.989
 21
-400.741
 31
0.0
  0
LINE
  5
7CE
330
17
100
AcDbEntity
  8
0
100
AcDbLine
 10
320.932
 20
-400.621
 30
0.0
 11
321.013
 21
-400.791
 31
0.0
  0
LINE
  5
7CF
330
17
100
AcDbEntity
  8
0
100
AcDbLine
 10
321.013
 20
-400.791
 30
0.0
 11
321.132
 21
-401.04
 31
0.0
  0
LINE
  5
7D0
330
17
100
AcDbEntity
  8
0
100
AcDbLine
 10
321.132
 20
-401.04
 30
0.0
 11
321.246
 21
-401.279
 31
0.0
  0
LINE
  5
7D1
330
17
100
AcDbEntity
  8
0
100
AcDbLine
 10
321.246
 20
-401.279
 30
0.0
 11
321.413
 21
-401.627
 31
0.0
  0
LINE
  5
7D2
330
17
100
AcDbEntity
  8
0
100
AcDbLine
 10
321.575
 20
-401.966
 30
0.0
 11
321.413
 21
-401.627
 31
0.0
  0
LINE
  5
7D3
330
17
100
AcDbEntity
  8
0
100
AcDbLine
 10
321.575
 20
-401.966
 30
0.0
 11
321.48
 21
-401.767
 31
0.0
  0
LINE
  5
7D4
330
17
100
AcDbEntity
  8
0
100
AcDbLine
 10
321.632
 20
-402.085
 30
0.0
 11
321.48
 21
-401.767
 31
0.0
  0
LINE
  5
7D5
330
17
100
AcDbEntity
  8
0
100
AcDbLine
 10
321.632
 20
-402.085
 30
0.0
 11
321.808
 21
-402.454
 31
0.0
  0
LINE
  5
7D6
330
17
100
AcDbEntity
  8
0
100
AcDbLine
 10
321.808
 20
-402.454
 30
0.0
 11
321.965
 21
-402.782
 31
0.0
  0
LINE
  5
7D7
330
17
100
AcDbEntity
  8
0
100
AcDbLine
 10
321.965
 20
-402.782
 30
0.0
 11
322.089
 21
-403.041
 31
0.0
  0
LINE
  5
7D8
330
17
100
AcDbEntity
  8
0
100
AcDbLine
 10
322.065
 20
-402.991
 30
0.0
 11
322.089
 21
-403.041
 31
0.0
  0
LINE
  5
7D9
330
17
100
AcDbEntity
  8
0
100
AcDbLine
 10
322.065
 20
-402.991
 30
0.0
 11
321.96
 21
-402.772
 31
0.0
  0
LINE
  5
7DA
330
17
100
AcDbEntity
  8
0
100
AcDbLine
 10
322.094
 20
-403.051
 30
0.0
 11
321.96
 21
-402.772
 31
0.0
  0
LINE
  5
7DB
330
17
100
AcDbEntity
  8
0
100
AcDbLine
 10
322.094
 20
-403.051
 30
0.0
 11
322.07
 21
-403.001
 31
0.0
  0
LINE
  5
7DC
330
17
100
AcDbEntity
  8
0
100
AcDbLine
 10
322.127
 20
-403.121
 30
0.0
 11
322.07
 21
-403.001
 31
0.0
  0
LINE
  5
7DD
330
17
100
AcDbEntity
  8
0
100
AcDbLine
 10
322.127
 20
-403.121
 30
0.0
 11
322.16
 21
-403.191
 31
0.0
  0
LINE
  5
7DE
330
17
100
AcDbEntity
  8
0
100
AcDbLine
 10
322.27
 20
-403.42
 30
0.0
 11
322.16
 21
-403.191
 31
0.0
  0
LINE
  5
7DF
330
17
100
AcDbEntity
  8
0
100
AcDbLine
 10
322.27
 20
-403.42
 30
0.0
 11
322.35
 21
-403.589
 31
0.0
  0
LINE
  5
7E0
330
17
100
AcDbEntity
  8
0
100
AcDbLine
 10
322.35
 20
-403.589
 30
0.0
 11
322.465
 21
-403.828
 31
0.0
  0
LINE
  5
7E1
330
17
100
AcDbEntity
  8
0
100
AcDbLine
 10
322.665
 20
-404.246
 30
0.0
 11
322.465
 21
-403.828
 31
0.0
  0
LINE
  5
7E2
330
17
100
AcDbEntity
  8
0
100
AcDbLine
 10
322.665
 20
-404.246
 30
0.0
 11
322.687
 21
-404.294
 31
0.0
  0
LINE
  5
7E3
330
17
100
AcDbEntity
  8
0
100
AcDbLine
 10
322.722
 20
-404.366
 30
0.0
 11
322.687
 21
-404.294
 31
0.0
  0
LINE
  5
7E4
330
17
100
AcDbEntity
  8
0
100
AcDbLine
 10
322.722
 20
-404.366
 30
0.0
 11
322.67
 21
-404.258
 31
0.0
  0
LINE
  5
7E5
330
17
100
AcDbEntity
  8
0
100
AcDbLine
 10
322.659
 20
-404.234
 30
0.0
 11
322.67
 21
-404.258
 31
0.0
  0
LINE
  5
7E6
330
17
100
AcDbEntity
  8
0
100
AcDbLine
 10
322.55
 20
-404.007
 30
0.0
 11
322.659
 21
-404.234
 31
0.0
  0
LINE
  5
7E7
330
17
100
AcDbEntity
  8
0
100
AcDbLine
 10
322.465
 20
-403.828
 30
0.0
 11
322.55
 21
-404.007
 31
0.0
  0
LINE
  5
7E8
330
17
100
AcDbEntity
  8
0
100
AcDbLine
 10
322.433
 20
-403.762
 30
0.0
 11
322.465
 21
-403.828
 31
0.0
  0
LINE
  5
7E9
330
17
100
AcDbEntity
  8
0
100
AcDbLine
 10
322.168
 20
-403.206
 30
0.0
 11
322.351
 21
-403.591
 31
0.0
  0
LINE
  5
7EA
330
17
100
AcDbEntity
  8
0
100
AcDbLine
 10
322.168
 20
-403.206
 30
0.0
 11
322.025
 21
-402.908
 31
0.0
  0
LINE
  5
7EB
330
17
100
AcDbEntity
  8
0
100
AcDbLine
 10
321.802
 20
-402.442
 30
0.0
 11
322.025
 21
-402.908
 31
0.0
  0
LINE
  5
7EC
330
17
100
AcDbEntity
  8
0
100
AcDbLine
 10
321.802
 20
-402.442
 30
0.0
 11
321.951
 21
-402.752
 31
0.0
  0
LINE
  5
7ED
330
17
100
AcDbEntity
  8
0
100
AcDbLine
 10
322.059
 20
-402.979
 30
0.0
 11
321.951
 21
-402.752
 31
0.0
  0
LINE
  5
7EE
330
17
100
AcDbEntity
  8
0
100
AcDbLine
 10
315.689
 20
-399.986
 30
0.0
 11
316.007
 21
-399.833
 31
0.0
  0
LINE
  5
7EF
330
17
100
AcDbEntity
  8
0
100
AcDbLine
 10
315.32
 20
-400.162
 30
0.0
 11
315.689
 21
-399.986
 31
0.0
  0
LINE
  5
7F0
330
17
100
AcDbEntity
  8
0
100
AcDbLine
 10
314.992
 20
-400.319
 30
0.0
 11
315.32
 21
-400.162
 31
0.0
  0
LINE
  5
7F1
330
17
100
AcDbEntity
  8
0
100
AcDbLine
 10
314.733
 20
-400.442
 30
0.0
 11
314.992
 21
-400.319
 31
0.0
  0
LINE
  5
7F2
330
17
100
AcDbEntity
  8
0
100
AcDbLine
 10
314.783
 20
-400.419
 30
0.0
 11
314.733
 21
-400.442
 31
0.0
  0
LINE
  5
7F3
330
17
100
AcDbEntity
  8
0
100
AcDbLine
 10
314.783
 20
-400.419
 30
0.0
 11
315.002
 21
-400.314
 31
0.0
  0
LINE
  5
7F4
330
17
100
AcDbEntity
  8
0
100
AcDbLine
 10
314.723
 20
-400.447
 30
0.0
 11
315.002
 21
-400.314
 31
0.0
  0
LINE
  5
7F5
330
17
100
AcDbEntity
  8
0
100
AcDbLine
 10
314.723
 20
-400.447
 30
0.0
 11
314.773
 21
-400.423
 31
0.0
  0
LINE
  5
7F6
330
17
100
AcDbEntity
  8
0
100
AcDbLine
 10
314.653
 20
-400.481
 30
0.0
 11
314.773
 21
-400.423
 31
0.0
  0
LINE
  5
7F7
330
17
100
AcDbEntity
  8
0
100
AcDbLine
 10
314.653
 20
-400.481
 30
0.0
 11
314.583
 21
-400.514
 31
0.0
  0
LINE
  5
7F8
330
17
100
AcDbEntity
  8
0
100
AcDbLine
 10
314.354
 20
-400.623
 30
0.0
 11
314.583
 21
-400.514
 31
0.0
  0
LINE
  5
7F9
330
17
100
AcDbEntity
  8
0
100
AcDbLine
 10
314.354
 20
-400.623
 30
0.0
 11
314.185
 21
-400.704
 31
0.0
  0
LINE
  5
7FA
330
17
100
AcDbEntity
  8
0
100
AcDbLine
 10
314.185
 20
-400.704
 30
0.0
 11
313.946
 21
-400.818
 31
0.0
  0
LINE
  5
7FB
330
17
100
AcDbEntity
  8
0
100
AcDbLine
 10
313.528
 20
-401.018
 30
0.0
 11
313.946
 21
-400.818
 31
0.0
  0
LINE
  5
7FC
330
17
100
AcDbEntity
  8
0
100
AcDbLine
 10
313.48
 20
-401.041
 30
0.0
 11
313.528
 21
-401.018
 31
0.0
  0
LINE
  5
7FD
330
17
100
AcDbEntity
  8
0
100
AcDbLine
 10
313.408
 20
-401.075
 30
0.0
 11
313.48
 21
-401.041
 31
0.0
  0
LINE
  5
7FE
330
17
100
AcDbEntity
  8
0
100
AcDbLine
 10
313.408
 20
-401.075
 30
0.0
 11
313.516
 21
-401.024
 31
0.0
  0
LINE
  5
7FF
330
17
100
AcDbEntity
  8
0
100
AcDbLine
 10
313.54
 20
-401.013
 30
0.0
 11
313.516
 21
-401.024
 31
0.0
  0
LINE
  5
800
330
17
100
AcDbEntity
  8
0
100
AcDbLine
 10
313.54
 20
-401.013
 30
0.0
 11
313.767
 21
-400.904
 31
0.0
  0
LINE
  5
801
330
17
100
AcDbEntity
  8
0
100
AcDbLine
 10
313.942
 20
-400.821
 30
0.0
 11
313.767
 21
-400.904
 31
0.0
  0
LINE
  5
802
330
17
100
AcDbEntity
  8
0
100
AcDbLine
 10
314.161
 20
-400.716
 30
0.0
 11
314.113
 21
-400.739
 31
0.0
  0
LINE
  5
803
330
17
100
AcDbEntity
  8
0
100
AcDbLine
 10
314.567
 20
-400.521
 30
0.0
 11
314.161
 21
-400.716
 31
0.0
  0
LINE
  5
804
330
17
100
AcDbEntity
  8
0
100
AcDbLine
 10
314.567
 20
-400.521
 30
0.0
 11
314.866
 21
-400.379
 31
0.0
  0
LINE
  5
805
330
17
100
AcDbEntity
  8
0
100
AcDbLine
 10
315.332
 20
-400.156
 30
0.0
 11
314.866
 21
-400.379
 31
0.0
  0
LINE
  5
806
330
17
100
AcDbEntity
  8
0
100
AcDbLine
 10
315.022
 20
-400.304
 30
0.0
 11
315.332
 21
-400.156
 31
0.0
  0
LINE
  5
807
330
17
100
AcDbEntity
  8
0
100
AcDbLine
 10
314.794
 20
-400.413
 30
0.0
 11
315.022
 21
-400.304
 31
0.0
  0
LINE
  5
808
330
17
100
AcDbEntity
  8
0
100
AcDbLine
 10
314.794
 20
-400.413
 30
0.0
 11
314.818
 21
-400.402
 31
0.0
  0
LINE
  5
809
330
17
100
AcDbEntity
  8
0
100
AcDbLine
 10
315.057
 20
-400.287
 30
0.0
 11
314.818
 21
-400.402
 31
0.0
  0
LINE
  5
80A
330
17
100
AcDbEntity
  8
0
100
AcDbLine
 10
315.057
 20
-400.287
 30
0.0
 11
315.057
 21
-400.287
 31
0.0
  0
LINE
  5
80B
330
17
100
AcDbEntity
  8
0
100
AcDbLine
 10
315.846
 20
-399.91
 30
0.0
 11
315.057
 21
-400.287
 31
0.0
  0
LINE
  5
80C
330
17
100
AcDbEntity
  8
0
100
AcDbLine
 10
315.846
 20
-399.91
 30
0.0
 11
316.097
 21
-399.791
 31
0.0
  0
LINE
  5
80D
330
17
100
AcDbEntity
  8
0
100
AcDbLine
 10
316.324
 20
-399.682
 30
0.0
 11
316.097
 21
-399.791
 31
0.0
  0
LINE
  5
80E
330
17
100
AcDbEntity
  8
0
100
AcDbLine
 10
316.336
 20
-399.676
 30
0.0
 11
316.324
 21
-399.682
 31
0.0
  0
LINE
  5
80F
330
17
100
AcDbEntity
  8
0
100
AcDbLine
 10
316.336
 20
-399.676
 30
0.0
 11
316.444
 21
-399.625
 31
0.0
  0
LINE
  5
810
330
17
100
AcDbEntity
  8
0
100
AcDbLine
 10
316.874
 20
-399.419
 30
0.0
 11
316.444
 21
-399.625
 31
0.0
  0
LINE
  5
811
330
17
100
AcDbEntity
  8
0
100
AcDbLine
 10
317.101
 20
-399.311
 30
0.0
 11
316.874
 21
-399.419
 31
0.0
  0
LINE
  5
812
330
17
100
AcDbEntity
  8
0
100
AcDbLine
 10
317.101
 20
-399.311
 30
0.0
 11
317.256
 21
-399.237
 31
0.0
  0
LINE
  5
813
330
17
100
AcDbEntity
  8
0
100
AcDbLine
 10
317.555
 20
-399.094
 30
0.0
 11
317.256
 21
-399.237
 31
0.0
  0
LINE
  5
814
330
17
100
AcDbEntity
  8
0
100
AcDbLine
 10
317.806
 20
-398.974
 30
0.0
 11
317.555
 21
-399.094
 31
0.0
  0
LINE
  5
815
330
17
100
AcDbEntity
  8
0
100
AcDbLine
 10
317.806
 20
-398.974
 30
0.0
 11
318.093
 21
-398.837
 31
0.0
  0
LINE
  5
816
330
17
100
AcDbEntity
  8
0
100
AcDbLine
 10
318.093
 20
-398.837
 30
0.0
 11
318.2
 21
-398.785
 31
0.0
  0
LINE
  5
817
330
17
100
AcDbEntity
  8
0
100
AcDbLine
 10
318.798
 20
-398.5
 30
0.0
 11
318.2
 21
-398.785
 31
0.0
  0
LINE
  5
818
330
17
100
AcDbEntity
  8
0
100
AcDbLine
 10
318.798
 20
-398.5
 30
0.0
 11
319.037
 21
-398.386
 31
0.0
  0
LINE
  5
819
330
17
100
AcDbEntity
  8
0
100
AcDbLine
 10
319.431
 20
-398.197
 30
0.0
 11
319.037
 21
-398.386
 31
0.0
  0
LINE
  5
81A
330
17
100
AcDbEntity
  8
0
100
AcDbLine
 10
319.479
 20
-398.174
 30
0.0
 11
319.431
 21
-398.197
 31
0.0
  0
LINE
  5
81B
330
17
100
AcDbEntity
  8
0
100
AcDbLine
 10
319.479
 20
-398.174
 30
0.0
 11
319.479
 21
-398.174
 31
0.0
  0
LINE
  5
81C
330
17
100
AcDbEntity
  8
0
100
AcDbLine
 10
319.479
 20
-398.174
 30
0.0
 11
319.941
 21
-397.953
 31
0.0
  0
LINE
  5
81D
330
17
100
AcDbEntity
  8
0
100
AcDbLine
 10
319.941
 20
-397.953
 30
0.0
 11
319.941
 21
-397.953
 31
0.0
  0
LINE
  5
81E
330
17
100
AcDbEntity
  8
0
100
AcDbLine
 10
319.941
 20
-397.953
 30
0.0
 11
319.901
 21
-397.972
 31
0.0
  0
LINE
  5
81F
330
17
100
AcDbEntity
  8
0
100
AcDbLine
 10
319.901
 20
-397.972
 30
0.0
 11
319.843
 21
-398.0
 31
0.0
  0
LINE
  5
820
330
17
100
AcDbEntity
  8
0
100
AcDbLine
 10
319.843
 20
-398.0
 30
0.0
 11
319.868
 21
-397.988
 31
0.0
  0
LINE
  5
821
330
17
100
AcDbEntity
  8
0
100
AcDbLine
 10
319.868
 20
-397.988
 30
0.0
 11
320.109
 21
-397.873
 31
0.0
  0
LINE
  5
822
330
17
100
AcDbEntity
  8
0
100
AcDbLine
 10
320.656
 20
-397.612
 30
0.0
 11
320.109
 21
-397.873
 31
0.0
  0
LINE
  5
823
330
17
100
AcDbEntity
  8
0
100
AcDbLine
 10
320.656
 20
-397.612
 30
0.0
 11
320.988
 21
-397.453
 31
0.0
  0
LINE
  5
824
330
17
100
AcDbEntity
  8
0
100
AcDbLine
 10
321.138
 20
-397.382
 30
0.0
 11
320.988
 21
-397.453
 31
0.0
  0
LINE
  5
825
330
17
100
AcDbEntity
  8
0
100
AcDbLine
 10
321.768
 20
-397.08
 30
0.0
 11
321.138
 21
-397.382
 31
0.0
  0
LINE
  5
826
330
17
100
AcDbEntity
  8
0
100
AcDbLine
 10
322.723
 20
-396.624
 30
0.0
 11
321.768
 21
-397.08
 31
0.0
  0
LINE
  5
827
330
17
100
AcDbEntity
  8
0
100
AcDbLine
 10
322.723
 20
-396.624
 30
0.0
 11
322.391
 21
-396.783
 31
0.0
  0
LINE
  5
828
330
17
100
AcDbEntity
  8
0
100
AcDbLine
 10
322.391
 20
-396.783
 30
0.0
 11
322.606
 21
-396.68
 31
0.0
  0
LINE
  5
829
330
17
100
AcDbEntity
  8
0
100
AcDbLine
 10
322.955
 20
-396.513
 30
0.0
 11
322.606
 21
-396.68
 31
0.0
  0
LINE
  5
82A
330
17
100
AcDbEntity
  8
0
100
AcDbLine
 10
322.955
 20
-396.513
 30
0.0
 11
323.37
 21
-396.315
 31
0.0
  0
LINE
  5
82B
330
17
100
AcDbEntity
  8
0
100
AcDbLine
 10
323.66
 20
-396.176
 30
0.0
 11
323.37
 21
-396.315
 31
0.0
  0
LINE
  5
82C
330
17
100
AcDbEntity
  8
0
100
AcDbLine
 10
323.66
 20
-396.176
 30
0.0
 11
323.86
 21
-396.081
 31
0.0
  0
LINE
  5
82D
330
17
100
AcDbEntity
  8
0
100
AcDbLine
 10
324.357
 20
-395.843
 30
0.0
 11
323.86
 21
-396.081
 31
0.0
  0
LINE
  5
82E
330
17
100
AcDbEntity
  8
0
100
AcDbLine
 10
324.573
 20
-395.74
 30
0.0
 11
324.357
 21
-395.843
 31
0.0
  0
LINE
  5
82F
330
17
100
AcDbEntity
  8
0
100
AcDbLine
 10
324.573
 20
-395.74
 30
0.0
 11
324.836
 21
-395.614
 31
0.0
  0
LINE
  5
830
330
17
100
AcDbEntity
  8
0
100
AcDbLine
 10
324.836
 20
-395.614
 30
0.0
 11
324.669
 21
-395.694
 31
0.0
  0
LINE
  5
831
330
17
100
AcDbEntity
  8
0
100
AcDbLine
 10
325.29
 20
-395.397
 30
0.0
 11
324.669
 21
-395.694
 31
0.0
  0
LINE
  5
832
330
17
100
AcDbEntity
  8
0
100
AcDbLine
 10
325.308
 20
-395.389
 30
0.0
 11
325.29
 21
-395.397
 31
0.0
  0
LINE
  5
833
330
17
100
AcDbEntity
  8
0
100
AcDbLine
 10
325.308
 20
-395.389
 30
0.0
 11
325.015
 21
-395.528
 31
0.0
  0
LINE
  5
834
330
17
100
AcDbEntity
  8
0
100
AcDbLine
 10
325.015
 20
-395.528
 30
0.0
 11
324.979
 21
-395.546
 31
0.0
  0
LINE
  5
835
330
17
100
AcDbEntity
  8
0
100
AcDbLine
 10
325.308
 20
-395.389
 30
0.0
 11
324.979
 21
-395.546
 31
0.0
  0
LINE
  5
836
330
17
100
AcDbEntity
  8
0
100
AcDbLine
 10
325.479
 20
-395.307
 30
0.0
 11
325.613
 21
-395.243
 31
0.0
  0
LINE
  5
837
330
17
100
AcDbEntity
  8
0
100
AcDbLine
 10
325.613
 20
-395.243
 30
0.0
 11
325.613
 21
-395.243
 31
0.0
  0
LINE
  5
838
330
17
100
AcDbEntity
  8
0
100
AcDbLine
 10
325.613
 20
-395.243
 30
0.0
 11
325.479
 21
-395.307
 31
0.0
  0
LINE
  5
839
330
17
100
AcDbEntity
  8
0
100
AcDbLine
 10
325.308
 20
-395.389
 30
0.0
 11
325.254
 21
-395.414
 31
0.0
  0
LINE
  5
83A
330
17
100
AcDbEntity
  8
0
100
AcDbLine
 10
325.254
 20
-395.414
 30
0.0
 11
325.308
 21
-395.389
 31
0.0
  0
LINE
  5
83B
330
17
100
AcDbEntity
  8
0
100
AcDbLine
 10
325.479
 20
-395.307
 30
0.0
 11
325.684
 21
-395.209
 31
0.0
  0
LINE
  5
83C
330
17
100
AcDbEntity
  8
0
100
AcDbLine
 10
325.649
 20
-395.226
 30
0.0
 11
325.684
 21
-395.209
 31
0.0
  0
LINE
  5
83D
330
17
100
AcDbEntity
  8
0
100
AcDbLine
 10
325.087
 20
-395.494
 30
0.0
 11
325.308
 21
-395.389
 31
0.0
  0
LINE
  5
83E
330
17
100
AcDbEntity
  8
0
100
AcDbLine
 10
325.479
 20
-395.307
 30
0.0
 11
325.649
 21
-395.226
 31
0.0
  0
LINE
  5
83F
330
17
100
AcDbEntity
  8
0
100
AcDbLine
 10
325.087
 20
-395.494
 30
0.0
 11
324.406
 21
-395.82
 31
0.0
  0
LINE
  5
840
330
17
100
AcDbEntity
  8
0
100
AcDbLine
 10
324.406
 20
-395.82
 30
0.0
 11
324.334
 21
-395.854
 31
0.0
  0
LINE
  5
841
330
17
100
AcDbEntity
  8
0
100
AcDbLine
 10
324.8
 20
-395.631
 30
0.0
 11
324.334
 21
-395.854
 31
0.0
  0
LINE
  5
842
330
17
100
AcDbEntity
  8
0
100
AcDbLine
 10
324.8
 20
-395.631
 30
0.0
 11
325.015
 21
-395.528
 31
0.0
  0
LINE
  5
843
330
17
100
AcDbEntity
  8
0
100
AcDbLine
 10
325.015
 20
-395.528
 30
0.0
 11
324.537
 21
-395.757
 31
0.0
  0
LINE
  5
844
330
17
100
AcDbEntity
  8
0
100
AcDbLine
 10
324.561
 20
-395.745
 30
0.0
 11
324.537
 21
-395.757
 31
0.0
  0
LINE
  5
845
330
17
100
AcDbEntity
  8
0
100
AcDbLine
 10
323.976
 20
-396.025
 30
0.0
 11
324.561
 21
-395.745
 31
0.0
  0
LINE
  5
846
330
17
100
AcDbEntity
  8
0
100
AcDbLine
 10
323.223
 20
-396.385
 30
0.0
 11
323.976
 21
-396.025
 31
0.0
  0
LINE
  5
847
330
17
100
AcDbEntity
  8
0
100
AcDbLine
 10
323.223
 20
-396.385
 30
0.0
 11
322.733
 21
-396.619
 31
0.0
  0
LINE
  5
848
330
17
100
AcDbEntity
  8
0
100
AcDbLine
 10
322.733
 20
-396.619
 30
0.0
 11
322.625
 21
-396.671
 31
0.0
  0
LINE
  5
849
330
17
100
AcDbEntity
  8
0
100
AcDbLine
 10
322.147
 20
-396.899
 30
0.0
 11
322.625
 21
-396.671
 31
0.0
  0
LINE
  5
84A
330
17
100
AcDbEntity
  8
0
100
AcDbLine
 10
321.98
 20
-396.979
 30
0.0
 11
322.147
 21
-396.899
 31
0.0
  0
LINE
  5
84B
330
17
100
AcDbEntity
  8
0
100
AcDbLine
 10
321.98
 20
-396.979
 30
0.0
 11
321.395
 21
-397.259
 31
0.0
  0
LINE
  5
84C
330
17
100
AcDbEntity
  8
0
100
AcDbLine
 10
321.395
 20
-397.259
 30
0.0
 11
321.49
 21
-397.213
 31
0.0
  0
LINE
  5
84D
330
17
100
AcDbEntity
  8
0
100
AcDbLine
 10
320.618
 20
-397.63
 30
0.0
 11
321.49
 21
-397.213
 31
0.0
  0
LINE
  5
84E
330
17
100
AcDbEntity
  8
0
100
AcDbLine
 10
320.618
 20
-397.63
 30
0.0
 11
320.367
 21
-397.75
 31
0.0
  0
LINE
  5
84F
330
17
100
AcDbEntity
  8
0
100
AcDbLine
 10
320.367
 20
-397.75
 30
0.0
 11
319.985
 21
-397.933
 31
0.0
  0
LINE
  5
850
330
17
100
AcDbEntity
  8
0
100
AcDbLine
 10
319.303
 20
-398.258
 30
0.0
 11
319.985
 21
-397.933
 31
0.0
  0
LINE
  5
851
330
17
100
AcDbEntity
  8
0
100
AcDbLine
 10
319.303
 20
-398.258
 30
0.0
 11
319.28
 21
-398.27
 31
0.0
  0
LINE
  5
852
330
17
100
AcDbEntity
  8
0
100
AcDbLine
 10
318.861
 20
-398.469
 30
0.0
 11
319.28
 21
-398.27
 31
0.0
  0
LINE
  5
853
330
17
100
AcDbEntity
  8
0
100
AcDbLine
 10
318.861
 20
-398.469
 30
0.0
 11
318.288
 21
-398.744
 31
0.0
  0
LINE
  5
854
330
17
100
AcDbEntity
  8
0
100
AcDbLine
 10
318.288
 20
-398.744
 30
0.0
 11
317.71
 21
-399.02
 31
0.0
  0
LINE
  5
855
330
17
100
AcDbEntity
  8
0
100
AcDbLine
 10
317.521
 20
-399.11
 30
0.0
 11
317.71
 21
-399.02
 31
0.0
  0
LINE
  5
856
330
17
100
AcDbEntity
  8
0
100
AcDbLine
 10
317.003
 20
-399.357
 30
0.0
 11
317.521
 21
-399.11
 31
0.0
  0
LINE
  5
857
330
17
100
AcDbEntity
  8
0
100
AcDbLine
 10
316.914
 20
-399.4
 30
0.0
 11
317.003
 21
-399.357
 31
0.0
  0
LINE
  5
858
330
17
100
AcDbEntity
  8
0
100
AcDbLine
 10
317.033
 20
-399.343
 30
0.0
 11
316.914
 21
-399.4
 31
0.0
  0
LINE
  5
859
330
17
100
AcDbEntity
  8
0
100
AcDbLine
 10
317.033
 20
-399.343
 30
0.0
 11
317.153
 21
-399.286
 31
0.0
  0
LINE
  5
85A
330
17
100
AcDbEntity
  8
0
100
AcDbLine
 10
316.983
 20
-399.367
 30
0.0
 11
317.153
 21
-399.286
 31
0.0
  0
LINE
  5
85B
330
17
100
AcDbEntity
  8
0
100
AcDbLine
 10
316.983
 20
-399.367
 30
0.0
 11
316.734
 21
-399.486
 31
0.0
  0
LINE
  5
85C
330
17
100
AcDbEntity
  8
0
100
AcDbLine
 10
316.734
 20
-399.486
 30
0.0
 11
316.495
 21
-399.6
 31
0.0
  0
LINE
  5
85D
330
17
100
AcDbEntity
  8
0
100
AcDbLine
 10
316.495
 20
-399.6
 30
0.0
 11
316.147
 21
-399.767
 31
0.0
  0
LINE
  5
85E
330
17
100
AcDbEntity
  8
0
100
AcDbLine
 10
315.808
 20
-399.929
 30
0.0
 11
316.147
 21
-399.767
 31
0.0
  0
LINE
  5
85F
330
17
100
AcDbEntity
  8
0
100
AcDbLine
 10
315.808
 20
-399.929
 30
0.0
 11
316.007
 21
-399.833
 31
0.0
  0
LINE
  5
860
330
17
100
AcDbEntity
  8
0
100
AcDbLine
 10
329.345
 20
-392.063
 30
0.0
 11
330.546
 21
-391.698
 31
0.0
  0
LINE
  5
861
330
17
100
AcDbEntity
  8
0
100
AcDbLine
 10
328.238
 20
-392.654
 30
0.0
 11
329.345
 21
-392.063
 31
0.0
  0
LINE
  5
862
330
17
100
AcDbEntity
  8
0
100
AcDbLine
 10
327.268
 20
-393.45
 30
0.0
 11
328.238
 21
-392.654
 31
0.0
  0
LINE
  5
863
330
17
100
AcDbEntity
  8
0
100
AcDbLine
 10
326.472
 20
-394.421
 30
0.0
 11
327.268
 21
-393.45
 31
0.0
  0
LINE
  5
864
330
17
100
AcDbEntity
  8
0
100
AcDbLine
 10
325.881
 20
-395.527
 30
0.0
 11
326.472
 21
-394.421
 31
0.0
  0
LINE
  5
865
330
17
100
AcDbEntity
  8
0
100
AcDbLine
 10
325.516
 20
-396.728
 30
0.0
 11
325.881
 21
-395.527
 31
0.0
  0
LINE
  5
866
330
17
100
AcDbEntity
  8
0
100
AcDbLine
 10
325.393
 20
-397.977
 30
0.0
 11
325.516
 21
-396.728
 31
0.0
  0
LINE
  5
867
330
17
100
AcDbEntity
  8
0
100
AcDbLine
 10
325.516
 20
-399.226
 30
0.0
 11
325.393
 21
-397.977
 31
0.0
  0
LINE
  5
868
330
17
100
AcDbEntity
  8
0
100
AcDbLine
 10
325.881
 20
-400.427
 30
0.0
 11
325.516
 21
-399.226
 31
0.0
  0
LINE
  5
869
330
17
100
AcDbEntity
  8
0
100
AcDbLine
 10
326.472
 20
-401.534
 30
0.0
 11
325.881
 21
-400.427
 31
0.0
  0
LINE
  5
86A
330
17
100
AcDbEntity
  8
0
100
AcDbLine
 10
327.268
 20
-402.504
 30
0.0
 11
326.472
 21
-401.534
 31
0.0
  0
LINE
  5
86B
330
17
100
AcDbEntity
  8
0
100
AcDbLine
 10
328.238
 20
-403.3
 30
0.0
 11
327.268
 21
-402.504
 31
0.0
  0
LINE
  5
86C
330
17
100
AcDbEntity
  8
0
100
AcDbLine
 10
329.345
 20
-403.892
 30
0.0
 11
328.238
 21
-403.3
 31
0.0
  0
LINE
  5
86D
330
17
100
AcDbEntity
  8
0
100
AcDbLine
 10
330.546
 20
-404.256
 30
0.0
 11
329.345
 21
-403.892
 31
0.0
  0
LINE
  5
86E
330
17
100
AcDbEntity
  8
0
100
AcDbLine
 10
331.795
 20
-404.379
 30
0.0
 11
330.546
 21
-404.256
 31
0.0
  0
LINE
  5
86F
330
17
100
AcDbEntity
  8
0
100
AcDbLine
 10
333.044
 20
-404.256
 30
0.0
 11
331.795
 21
-404.379
 31
0.0
  0
LINE
  5
870
330
17
100
AcDbEntity
  8
0
100
AcDbLine
 10
334.245
 20
-403.892
 30
0.0
 11
333.044
 21
-404.256
 31
0.0
  0
LINE
  5
871
330
17
100
AcDbEntity
  8
0
100
AcDbLine
 10
335.352
 20
-403.3
 30
0.0
 11
334.245
 21
-403.892
 31
0.0
  0
LINE
  5
872
330
17
100
AcDbEntity
  8
0
100
AcDbLine
 10
336.322
 20
-402.504
 30
0.0
 11
335.352
 21
-403.3
 31
0.0
  0
LINE
  5
873
330
17
100
AcDbEntity
  8
0
100
AcDbLine
 10
337.118
 20
-401.534
 30
0.0
 11
336.322
 21
-402.504
 31
0.0
  0
LINE
  5
874
330
17
100
AcDbEntity
  8
0
100
AcDbLine
 10
337.71
 20
-400.427
 30
0.0
 11
337.118
 21
-401.534
 31
0.0
  0
LINE
  5
875
330
17
100
AcDbEntity
  8
0
100
AcDbLine
 10
338.074
 20
-399.226
 30
0.0
 11
337.71
 21
-400.427
 31
0.0
  0
LINE
  5
876
330
17
100
AcDbEntity
  8
0
100
AcDbLine
 10
338.197
 20
-397.977
 30
0.0
 11
338.074
 21
-399.226
 31
0.0
  0
LINE
  5
877
330
17
100
AcDbEntity
  8
0
100
AcDbLine
 10
338.074
 20
-396.728
 30
0.0
 11
338.197
 21
-397.977
 31
0.0
  0
LINE
  5
878
330
17
100
AcDbEntity
  8
0
100
AcDbLine
 10
337.71
 20
-395.527
 30
0.0
 11
338.074
 21
-396.728
 31
0.0
  0
LINE
  5
879
330
17
100
AcDbEntity
  8
0
100
AcDbLine
 10
337.118
 20
-394.421
 30
0.0
 11
337.71
 21
-395.527
 31
0.0
  0
LINE
  5
87A
330
17
100
AcDbEntity
  8
0
100
AcDbLine
 10
336.322
 20
-393.45
 30
0.0
 11
337.118
 21
-394.421
 31
0.0
  0
LINE
  5
87B
330
17
100
AcDbEntity
  8
0
100
AcDbLine
 10
335.352
 20
-392.654
 30
0.0
 11
336.322
 21
-393.45
 31
0.0
  0
LINE
  5
87C
330
17
100
AcDbEntity
  8
0
100
AcDbLine
 10
334.245
 20
-392.063
 30
0.0
 11
335.352
 21
-392.654
 31
0.0
  0
LINE
  5
87D
330
17
100
AcDbEntity
  8
0
100
AcDbLine
 10
333.044
 20
-391.698
 30
0.0
 11
334.245
 21
-392.063
 31
0.0
  0
LINE
  5
87E
330
17
100
AcDbEntity
  8
0
100
AcDbLine
 10
333.044
 20
-391.698
 30
0.0
 11
331.795
 21
-391.575
 31
0.0
  0
LINE
  5
87F
330
17
100
AcDbEntity
  8
0
100
AcDbLine
 10
331.795
 20
-391.575
 30
0.0
 11
330.546
 21
-391.698
 31
0.0
  0
LINE
  5
880
330
17
100
AcDbEntity
  8
0
100
AcDbLine
 10
333.007
 20
-391.884
 30
0.0
 11
331.795
 21
-391.765
 31
0.0
  0
LINE
  5
881
330
17
100
AcDbEntity
  8
0
100
AcDbLine
 10
333.007
 20
-391.884
 30
0.0
 11
334.172
 21
-392.238
 31
0.0
  0
LINE
  5
882
330
17
100
AcDbEntity
  8
0
100
AcDbLine
 10
334.172
 20
-392.238
 30
0.0
 11
335.247
 21
-392.812
 31
0.0
  0
LINE
  5
883
330
17
100
AcDbEntity
  8
0
100
AcDbLine
 10
335.247
 20
-392.812
 30
0.0
 11
336.188
 21
-393.584
 31
0.0
  0
LINE
  5
884
330
17
100
AcDbEntity
  8
0
100
AcDbLine
 10
336.188
 20
-393.584
 30
0.0
 11
336.961
 21
-394.526
 31
0.0
  0
LINE
  5
885
330
17
100
AcDbEntity
  8
0
100
AcDbLine
 10
336.961
 20
-394.526
 30
0.0
 11
337.535
 21
-395.6
 31
0.0
  0
LINE
  5
886
330
17
100
AcDbEntity
  8
0
100
AcDbLine
 10
337.535
 20
-395.6
 30
0.0
 11
337.888
 21
-396.765
 31
0.0
  0
LINE
  5
887
330
17
100
AcDbEntity
  8
0
100
AcDbLine
 10
337.888
 20
-396.765
 30
0.0
 11
338.008
 21
-397.977
 31
0.0
  0
LINE
  5
888
330
17
100
AcDbEntity
  8
0
100
AcDbLine
 10
338.008
 20
-397.977
 30
0.0
 11
337.888
 21
-399.189
 31
0.0
  0
LINE
  5
889
330
17
100
AcDbEntity
  8
0
100
AcDbLine
 10
337.888
 20
-399.189
 30
0.0
 11
337.535
 21
-400.355
 31
0.0
  0
LINE
  5
88A
330
17
100
AcDbEntity
  8
0
100
AcDbLine
 10
337.535
 20
-400.355
 30
0.0
 11
336.961
 21
-401.429
 31
0.0
  0
LINE
  5
88B
330
17
100
AcDbEntity
  8
0
100
AcDbLine
 10
336.961
 20
-401.429
 30
0.0
 11
336.188
 21
-402.37
 31
0.0
  0
LINE
  5
88C
330
17
100
AcDbEntity
  8
0
100
AcDbLine
 10
336.188
 20
-402.37
 30
0.0
 11
335.247
 21
-403.143
 31
0.0
  0
LINE
  5
88D
330
17
100
AcDbEntity
  8
0
100
AcDbLine
 10
335.247
 20
-403.143
 30
0.0
 11
334.172
 21
-403.717
 31
0.0
  0
LINE
  5
88E
330
17
100
AcDbEntity
  8
0
100
AcDbLine
 10
334.172
 20
-403.717
 30
0.0
 11
333.007
 21
-404.07
 31
0.0
  0
LINE
  5
88F
330
17
100
AcDbEntity
  8
0
100
AcDbLine
 10
333.007
 20
-404.07
 30
0.0
 11
331.795
 21
-404.19
 31
0.0
  0
LINE
  5
890
330
17
100
AcDbEntity
  8
0
100
AcDbLine
 10
331.795
 20
-404.19
 30
0.0
 11
330.583
 21
-404.07
 31
0.0
  0
LINE
  5
891
330
17
100
AcDbEntity
  8
0
100
AcDbLine
 10
330.583
 20
-404.07
 30
0.0
 11
329.418
 21
-403.717
 31
0.0
  0
LINE
  5
892
330
17
100
AcDbEntity
  8
0
100
AcDbLine
 10
329.418
 20
-403.717
 30
0.0
 11
328.344
 21
-403.143
 31
0.0
  0
LINE
  5
893
330
17
100
AcDbEntity
  8
0
100
AcDbLine
 10
328.344
 20
-403.143
 30
0.0
 11
327.402
 21
-402.37
 31
0.0
  0
LINE
  5
894
330
17
100
AcDbEntity
  8
0
100
AcDbLine
 10
327.402
 20
-402.37
 30
0.0
 11
326.63
 21
-401.429
 31
0.0
  0
LINE
  5
895
330
17
100
AcDbEntity
  8
0
100
AcDbLine
 10
326.63
 20
-401.429
 30
0.0
 11
326.056
 21
-400.355
 31
0.0
  0
LINE
  5
896
330
17
100
AcDbEntity
  8
0
100
AcDbLine
 10
326.056
 20
-400.355
 30
0.0
 11
325.702
 21
-399.189
 31
0.0
  0
LINE
  5
897
330
17
100
AcDbEntity
  8
0
100
AcDbLine
 10
325.702
 20
-399.189
 30
0.0
 11
325.583
 21
-397.977
 31
0.0
  0
LINE
  5
898
330
17
100
AcDbEntity
  8
0
100
AcDbLine
 10
325.583
 20
-397.977
 30
0.0
 11
325.702
 21
-396.765
 31
0.0
  0
LINE
  5
899
330
17
100
AcDbEntity
  8
0
100
AcDbLine
 10
325.702
 20
-396.765
 30
0.0
 11
326.056
 21
-395.6
 31
0.0
  0
LINE
  5
89A
330
17
100
AcDbEntity
  8
0
100
AcDbLine
 10
326.056
 20
-395.6
 30
0.0
 11
326.63
 21
-394.526
 31
0.0
  0
LINE
  5
89B
330
17
100
AcDbEntity
  8
0
100
AcDbLine
 10
326.63
 20
-394.526
 30
0.0
 11
327.402
 21
-393.584
 31
0.0
  0
LINE
  5
89C
330
17
100
AcDbEntity
  8
0
100
AcDbLine
 10
327.402
 20
-393.584
 30
0.0
 11
328.344
 21
-392.812
 31
0.0
  0
LINE
  5
89D
330
17
100
AcDbEntity
  8
0
100
AcDbLine
 10
328.344
 20
-392.812
 30
0.0
 11
329.418
 21
-392.238
 31
0.0
  0
LINE
  5
89E
330
17
100
AcDbEntity
  8
0
100
AcDbLine
 10
329.418
 20
-392.238
 30
0.0
 11
330.583
 21
-391.884
 31
0.0
  0
LINE
  5
89F
330
17
100
AcDbEntity
  8
0
100
AcDbLine
 10
330.583
 20
-391.884
 30
0.0
 11
331.795
 21
-391.765
 31
0.0
  0
LINE
  5
8A0
330
17
100
AcDbEntity
  8
0
100
AcDbLine
 10
331.795
 20
-403.485
 30
0.0
 11
331.795
 21
-403.512
 31
0.0
  0
LINE
  5
8A1
330
17
100
AcDbEntity
  8
0
100
AcDbLine
 10
331.795
 20
-403.221
 30
0.0
 11
331.795
 21
-403.485
 31
0.0
  0
LINE
  5
8A2
330
17
100
AcDbEntity
  8
0
100
AcDbLine
 10
331.795
 20
-403.221
 30
0.0
 11
331.795
 21
-403.221
 31
0.0
  0
LINE
  5
8A3
330
17
100
AcDbEntity
  8
0
100
AcDbLine
 10
331.795
 20
-402.346
 30
0.0
 11
331.795
 21
-403.221
 31
0.0
  0
LINE
  5
8A4
330
17
100
AcDbEntity
  8
0
100
AcDbLine
 10
331.795
 20
-402.346
 30
0.0
 11
331.795
 21
-402.068
 31
0.0
  0
LINE
  5
8A5
330
17
100
AcDbEntity
  8
0
100
AcDbLine
 10
331.795
 20
-401.817
 30
0.0
 11
331.795
 21
-402.068
 31
0.0
  0
LINE
  5
8A6
330
17
100
AcDbEntity
  8
0
100
AcDbLine
 10
331.795
 20
-401.803
 30
0.0
 11
331.795
 21
-401.817
 31
0.0
  0
LINE
  5
8A7
330
17
100
AcDbEntity
  8
0
100
AcDbLine
 10
331.795
 20
-401.684
 30
0.0
 11
331.795
 21
-401.803
 31
0.0
  0
LINE
  5
8A8
330
17
100
AcDbEntity
  8
0
100
AcDbLine
 10
331.795
 20
-401.207
 30
0.0
 11
331.795
 21
-401.684
 31
0.0
  0
LINE
  5
8A9
330
17
100
AcDbEntity
  8
0
100
AcDbLine
 10
331.795
 20
-400.956
 30
0.0
 11
331.795
 21
-401.207
 31
0.0
  0
LINE
  5
8AA
330
17
100
AcDbEntity
  8
0
100
AcDbLine
 10
331.795
 20
-400.956
 30
0.0
 11
331.795
 21
-400.784
 31
0.0
  0
LINE
  5
8AB
330
17
100
AcDbEntity
  8
0
100
AcDbLine
 10
331.795
 20
-400.453
 30
0.0
 11
331.795
 21
-400.784
 31
0.0
  0
LINE
  5
8AC
330
17
100
AcDbEntity
  8
0
100
AcDbLine
 10
331.795
 20
-400.174
 30
0.0
 11
331.795
 21
-400.453
 31
0.0
  0
LINE
  5
8AD
330
17
100
AcDbEntity
  8
0
100
AcDbLine
 10
331.795
 20
-400.174
 30
0.0
 11
331.795
 21
-399.857
 31
0.0
  0
LINE
  5
8AE
330
17
100
AcDbEntity
  8
0
100
AcDbLine
 10
331.795
 20
-399.737
 30
0.0
 11
331.795
 21
-399.857
 31
0.0
  0
LINE
  5
8AF
330
17
100
AcDbEntity
  8
0
100
AcDbLine
 10
331.795
 20
-399.075
 30
0.0
 11
331.795
 21
-399.737
 31
0.0
  0
LINE
  5
8B0
330
17
100
AcDbEntity
  8
0
100
AcDbLine
 10
331.795
 20
-399.075
 30
0.0
 11
331.795
 21
-398.81
 31
0.0
  0
LINE
  5
8B1
330
17
100
AcDbEntity
  8
0
100
AcDbLine
 10
331.795
 20
-398.81
 30
0.0
 11
331.795
 21
-398.373
 31
0.0
  0
LINE
  5
8B2
330
17
100
AcDbEntity
  8
0
100
AcDbLine
 10
331.795
 20
-398.373
 30
0.0
 11
331.795
 21
-398.32
 31
0.0
  0
LINE
  5
8B3
330
17
100
AcDbEntity
  8
0
100
AcDbLine
 10
331.795
 20
-398.32
 30
0.0
 11
331.795
 21
-398.32
 31
0.0
  0
LINE
  5
8B4
330
17
100
AcDbEntity
  8
0
100
AcDbLine
 10
331.795
 20
-397.807
 30
0.0
 11
331.795
 21
-398.32
 31
0.0
  0
LINE
  5
8B5
330
17
100
AcDbEntity
  8
0
100
AcDbLine
 10
331.795
 20
-397.807
 30
0.0
 11
331.795
 21
-397.807
 31
0.0
  0
LINE
  5
8B6
330
17
100
AcDbEntity
  8
0
100
AcDbLine
 10
331.795
 20
-397.852
 30
0.0
 11
331.795
 21
-397.807
 31
0.0
  0
LINE
  5
8B7
330
17
100
AcDbEntity
  8
0
100
AcDbLine
 10
331.795
 20
-397.916
 30
0.0
 11
331.795
 21
-397.852
 31
0.0
  0
LINE
  5
8B8
330
17
100
AcDbEntity
  8
0
100
AcDbLine
 10
331.795
 20
-397.889
 30
0.0
 11
331.795
 21
-397.916
 31
0.0
  0
LINE
  5
8B9
330
17
100
AcDbEntity
  8
0
100
AcDbLine
 10
331.795
 20
-397.622
 30
0.0
 11
331.795
 21
-397.889
 31
0.0
  0
LINE
  5
8BA
330
17
100
AcDbEntity
  8
0
100
AcDbLine
 10
331.795
 20
-397.015
 30
0.0
 11
331.795
 21
-397.622
 31
0.0
  0
LINE
  5
8BB
330
17
100
AcDbEntity
  8
0
100
AcDbLine
 10
331.795
 20
-396.647
 30
0.0
 11
331.795
 21
-397.015
 31
0.0
  0
LINE
  5
8BC
330
17
100
AcDbEntity
  8
0
100
AcDbLine
 10
331.795
 20
-396.647
 30
0.0
 11
331.795
 21
-396.482
 31
0.0
  0
LINE
  5
8BD
330
17
100
AcDbEntity
  8
0
100
AcDbLine
 10
331.795
 20
-395.783
 30
0.0
 11
331.795
 21
-396.482
 31
0.0
  0
LINE
  5
8BE
330
17
100
AcDbEntity
  8
0
100
AcDbLine
 10
331.795
 20
-394.725
 30
0.0
 11
331.795
 21
-395.783
 31
0.0
  0
LINE
  5
8BF
330
17
100
AcDbEntity
  8
0
100
AcDbLine
 10
331.795
 20
-394.725
 30
0.0
 11
331.795
 21
-395.093
 31
0.0
  0
LINE
  5
8C0
330
17
100
AcDbEntity
  8
0
100
AcDbLine
 10
331.795
 20
-394.854
 30
0.0
 11
331.795
 21
-395.093
 31
0.0
  0
LINE
  5
8C1
330
17
100
AcDbEntity
  8
0
100
AcDbLine
 10
331.795
 20
-394.467
 30
0.0
 11
331.795
 21
-394.854
 31
0.0
  0
LINE
  5
8C2
330
17
100
AcDbEntity
  8
0
100
AcDbLine
 10
331.795
 20
-394.467
 30
0.0
 11
331.795
 21
-394.007
 31
0.0
  0
LINE
  5
8C3
330
17
100
AcDbEntity
  8
0
100
AcDbLine
 10
331.795
 20
-393.686
 30
0.0
 11
331.795
 21
-394.007
 31
0.0
  0
LINE
  5
8C4
330
17
100
AcDbEntity
  8
0
100
AcDbLine
 10
331.795
 20
-393.686
 30
0.0
 11
331.795
 21
-393.465
 31
0.0
  0
LINE
  5
8C5
330
17
100
AcDbEntity
  8
0
100
AcDbLine
 10
331.795
 20
-392.913
 30
0.0
 11
331.795
 21
-393.465
 31
0.0
  0
LINE
  5
8C6
330
17
100
AcDbEntity
  8
0
100
AcDbLine
 10
331.795
 20
-392.674
 30
0.0
 11
331.795
 21
-392.913
 31
0.0
  0
LINE
  5
8C7
330
17
100
AcDbEntity
  8
0
100
AcDbLine
 10
331.795
 20
-392.674
 30
0.0
 11
331.795
 21
-392.383
 31
0.0
  0
LINE
  5
8C8
330
17
100
AcDbEntity
  8
0
100
AcDbLine
 10
331.795
 20
-392.568
 30
0.0
 11
331.795
 21
-392.383
 31
0.0
  0
LINE
  5
8C9
330
17
100
AcDbEntity
  8
0
100
AcDbLine
 10
331.795
 20
-391.879
 30
0.0
 11
331.795
 21
-392.568
 31
0.0
  0
LINE
  5
8CA
330
17
100
AcDbEntity
  8
0
100
AcDbLine
 10
331.795
 20
-391.765
 30
0.0
 11
331.795
 21
-391.879
 31
0.0
  0
LINE
  5
8CB
330
17
100
AcDbEntity
  8
0
100
AcDbLine
 10
331.795
 20
-391.765
 30
0.0
 11
331.795
 21
-392.184
 31
0.0
  0
LINE
  5
8CC
330
17
100
AcDbEntity
  8
0
100
AcDbLine
 10
331.795
 20
-392.224
 30
0.0
 11
331.795
 21
-392.184
 31
0.0
  0
LINE
  5
8CD
330
17
100
AcDbEntity
  8
0
100
AcDbLine
 10
331.795
 20
-391.813
 30
0.0
 11
331.795
 21
-392.224
 31
0.0
  0
LINE
  5
8CE
330
17
100
AcDbEntity
  8
0
100
AcDbLine
 10
331.795
 20
-391.522
 30
0.0
 11
331.795
 21
-391.575
 31
0.0
  0
LINE
  5
8CF
330
17
100
AcDbEntity
  8
0
100
AcDbLine
 10
331.795
 20
-391.765
 30
0.0
 11
331.795
 21
-391.813
 31
0.0
  0
LINE
  5
8D0
330
17
100
AcDbEntity
  8
0
100
AcDbLine
 10
331.795
 20
-391.522
 30
0.0
 11
331.795
 21
-391.522
 31
0.0
  0
LINE
  5
8D1
330
17
100
AcDbEntity
  8
0
100
AcDbLine
 10
331.795
 20
-391.522
 30
0.0
 11
331.795
 21
-391.575
 31
0.0
  0
LINE
  5
8D2
330
17
100
AcDbEntity
  8
0
100
AcDbLine
 10
331.795
 20
-391.765
 30
0.0
 11
331.795
 21
-391.919
 31
0.0
  0
LINE
  5
8D3
330
17
100
AcDbEntity
  8
0
100
AcDbLine
 10
331.795
 20
-391.442
 30
0.0
 11
331.795
 21
-391.575
 31
0.0
  0
LINE
  5
8D4
330
17
100
AcDbEntity
  8
0
100
AcDbLine
 10
331.795
 20
-391.765
 30
0.0
 11
331.795
 21
-391.919
 31
0.0
  0
LINE
  5
8D5
330
17
100
AcDbEntity
  8
0
100
AcDbLine
 10
331.795
 20
-391.482
 30
0.0
 11
331.795
 21
-391.442
 31
0.0
  0
LINE
  5
8D6
330
17
100
AcDbEntity
  8
0
100
AcDbLine
 10
331.795
 20
-391.482
 30
0.0
 11
331.795
 21
-391.575
 31
0.0
  0
LINE
  5
8D7
330
17
100
AcDbEntity
  8
0
100
AcDbLine
 10
331.795
 20
-391.765
 30
0.0
 11
331.795
 21
-392.104
 31
0.0
  0
LINE
  5
8D8
330
17
100
AcDbEntity
  8
0
100
AcDbLine
 10
331.795
 20
-392.104
 30
0.0
 11
331.795
 21
-392.859
 31
0.0
  0
LINE
  5
8D9
330
17
100
AcDbEntity
  8
0
100
AcDbLine
 10
331.795
 20
-392.939
 30
0.0
 11
331.795
 21
-392.859
 31
0.0
  0
LINE
  5
8DA
330
17
100
AcDbEntity
  8
0
100
AcDbLine
 10
331.795
 20
-392.422
 30
0.0
 11
331.795
 21
-392.939
 31
0.0
  0
LINE
  5
8DB
330
17
100
AcDbEntity
  8
0
100
AcDbLine
 10
331.795
 20
-392.422
 30
0.0
 11
331.795
 21
-392.184
 31
0.0
  0
LINE
  5
8DC
330
17
100
AcDbEntity
  8
0
100
AcDbLine
 10
331.795
 20
-392.184
 30
0.0
 11
331.795
 21
-392.714
 31
0.0
  0
LINE
  5
8DD
330
17
100
AcDbEntity
  8
0
100
AcDbLine
 10
331.795
 20
-392.687
 30
0.0
 11
331.795
 21
-392.714
 31
0.0
  0
LINE
  5
8DE
330
17
100
AcDbEntity
  8
0
100
AcDbLine
 10
331.795
 20
-392.687
 30
0.0
 11
331.795
 21
-393.336
 31
0.0
  0
LINE
  5
8DF
330
17
100
AcDbEntity
  8
0
100
AcDbLine
 10
331.795
 20
-393.336
 30
0.0
 11
331.795
 21
-394.17
 31
0.0
  0
LINE
  5
8E0
330
17
100
AcDbEntity
  8
0
100
AcDbLine
 10
331.795
 20
-394.17
 30
0.0
 11
331.795
 21
-394.713
 31
0.0
  0
LINE
  5
8E1
330
17
100
AcDbEntity
  8
0
100
AcDbLine
 10
331.795
 20
-394.833
 30
0.0
 11
331.795
 21
-394.713
 31
0.0
  0
LINE
  5
8E2
330
17
100
AcDbEntity
  8
0
100
AcDbLine
 10
331.795
 20
-395.362
 30
0.0
 11
331.795
 21
-394.833
 31
0.0
  0
LINE
  5
8E3
330
17
100
AcDbEntity
  8
0
100
AcDbLine
 10
331.795
 20
-395.362
 30
0.0
 11
331.795
 21
-395.548
 31
0.0
  0
LINE
  5
8E4
330
17
100
AcDbEntity
  8
0
100
AcDbLine
 10
331.795
 20
-395.548
 30
0.0
 11
331.795
 21
-396.197
 31
0.0
  0
LINE
  5
8E5
330
17
100
AcDbEntity
  8
0
100
AcDbLine
 10
331.795
 20
-396.091
 30
0.0
 11
331.795
 21
-396.197
 31
0.0
  0
LINE
  5
8E6
330
17
100
AcDbEntity
  8
0
100
AcDbLine
 10
331.795
 20
-397.058
 30
0.0
 11
331.795
 21
-396.091
 31
0.0
  0
LINE
  5
8E7
330
17
100
AcDbEntity
  8
0
100
AcDbLine
 10
331.795
 20
-397.058
 30
0.0
 11
331.795
 21
-397.336
 31
0.0
  0
LINE
  5
8E8
330
17
100
AcDbEntity
  8
0
100
AcDbLine
 10
331.795
 20
-397.336
 30
0.0
 11
331.795
 21
-397.76
 31
0.0
  0
LINE
  5
8E9
330
17
100
AcDbEntity
  8
0
100
AcDbLine
 10
331.795
 20
-398.515
 30
0.0
 11
331.795
 21
-397.76
 31
0.0
  0
LINE
  5
8EA
330
17
100
AcDbEntity
  8
0
100
AcDbLine
 10
331.795
 20
-398.515
 30
0.0
 11
331.795
 21
-398.541
 31
0.0
  0
LINE
  5
8EB
330
17
100
AcDbEntity
  8
0
100
AcDbLine
 10
331.795
 20
-399.005
 30
0.0
 11
331.795
 21
-398.541
 31
0.0
  0
LINE
  5
8EC
330
17
100
AcDbEntity
  8
0
100
AcDbLine
 10
331.795
 20
-399.005
 30
0.0
 11
331.795
 21
-399.64
 31
0.0
  0
LINE
  5
8ED
330
17
100
AcDbEntity
  8
0
100
AcDbLine
 10
331.795
 20
-399.64
 30
0.0
 11
331.795
 21
-400.28
 31
0.0
  0
LINE
  5
8EE
330
17
100
AcDbEntity
  8
0
100
AcDbLine
 10
331.795
 20
-400.28
 30
0.0
 11
331.795
 21
-400.49
 31
0.0
  0
LINE
  5
8EF
330
17
100
AcDbEntity
  8
0
100
AcDbLine
 10
331.795
 20
-400.49
 30
0.0
 11
331.795
 21
-401.064
 31
0.0
  0
LINE
  5
8F0
330
17
100
AcDbEntity
  8
0
100
AcDbLine
 10
331.795
 20
-401.064
 30
0.0
 11
331.795
 21
-401.163
 31
0.0
  0
LINE
  5
8F1
330
17
100
AcDbEntity
  8
0
100
AcDbLine
 10
331.795
 20
-401.031
 30
0.0
 11
331.795
 21
-401.163
 31
0.0
  0
LINE
  5
8F2
330
17
100
AcDbEntity
  8
0
100
AcDbLine
 10
331.795
 20
-400.898
 30
0.0
 11
331.795
 21
-401.031
 31
0.0
  0
LINE
  5
8F3
330
17
100
AcDbEntity
  8
0
100
AcDbLine
 10
331.795
 20
-400.898
 30
0.0
 11
331.795
 21
-401.086
 31
0.0
  0
LINE
  5
8F4
330
17
100
AcDbEntity
  8
0
100
AcDbLine
 10
331.795
 20
-401.086
 30
0.0
 11
331.795
 21
-401.362
 31
0.0
  0
LINE
  5
8F5
330
17
100
AcDbEntity
  8
0
100
AcDbLine
 10
331.795
 20
-401.362
 30
0.0
 11
331.795
 21
-401.627
 31
0.0
  0
LINE
  5
8F6
330
17
100
AcDbEntity
  8
0
100
AcDbLine
 10
331.795
 20
-401.627
 30
0.0
 11
331.795
 21
-402.013
 31
0.0
  0
LINE
  5
8F7
330
17
100
AcDbEntity
  8
0
100
AcDbLine
 10
331.795
 20
-402.388
 30
0.0
 11
331.795
 21
-402.013
 31
0.0
  0
LINE
  5
8F8
330
17
100
AcDbEntity
  8
0
100
AcDbLine
 10
331.795
 20
-402.388
 30
0.0
 11
331.795
 21
-402.168
 31
0.0
  0
LINE
  5
8F9
330
17
100
AcDbEntity
  8
0
100
AcDbLine
 10
331.795
 20
-402.521
 30
0.0
 11
331.795
 21
-402.168
 31
0.0
  0
LINE
  5
8FA
330
17
100
AcDbEntity
  8
0
100
AcDbLine
 10
331.795
 20
-402.521
 30
0.0
 11
331.795
 21
-402.929
 31
0.0
  0
LINE
  5
8FB
330
17
100
AcDbEntity
  8
0
100
AcDbLine
 10
331.795
 20
-402.929
 30
0.0
 11
331.795
 21
-403.293
 31
0.0
  0
LINE
  5
8FC
330
17
100
AcDbEntity
  8
0
100
AcDbLine
 10
331.795
 20
-403.293
 30
0.0
 11
331.795
 21
-403.58
 31
0.0
  0
LINE
  5
8FD
330
17
100
AcDbEntity
  8
0
100
AcDbLine
 10
331.795
 20
-403.525
 30
0.0
 11
331.795
 21
-403.58
 31
0.0
  0
LINE
  5
8FE
330
17
100
AcDbEntity
  8
0
100
AcDbLine
 10
331.795
 20
-403.525
 30
0.0
 11
331.795
 21
-403.282
 31
0.0
  0
LINE
  5
8FF
330
17
100
AcDbEntity
  8
0
100
AcDbLine
 10
331.795
 20
-403.591
 30
0.0
 11
331.795
 21
-403.282
 31
0.0
  0
LINE
  5
900
330
17
100
AcDbEntity
  8
0
100
AcDbLine
 10
331.795
 20
-403.591
 30
0.0
 11
331.795
 21
-403.536
 31
0.0
  0
LINE
  5
901
330
17
100
AcDbEntity
  8
0
100
AcDbLine
 10
331.795
 20
-403.669
 30
0.0
 11
331.795
 21
-403.536
 31
0.0
  0
LINE
  5
902
330
17
100
AcDbEntity
  8
0
100
AcDbLine
 10
331.795
 20
-403.669
 30
0.0
 11
331.795
 21
-403.746
 31
0.0
  0
LINE
  5
903
330
17
100
AcDbEntity
  8
0
100
AcDbLine
 10
331.795
 20
-404.0
 30
0.0
 11
331.795
 21
-403.746
 31
0.0
  0
LINE
  5
904
330
17
100
AcDbEntity
  8
0
100
AcDbLine
 10
331.795
 20
-404.0
 30
0.0
 11
331.795
 21
-404.187
 31
0.0
  0
LINE
  5
905
330
17
100
AcDbEntity
  8
0
100
AcDbLine
 10
331.795
 20
-404.187
 30
0.0
 11
331.795
 21
-404.452
 31
0.0
  0
LINE
  5
906
330
17
100
AcDbEntity
  8
0
100
AcDbLine
 10
331.795
 20
-404.916
 30
0.0
 11
331.795
 21
-404.452
 31
0.0
  0
LINE
  5
907
330
17
100
AcDbEntity
  8
0
100
AcDbLine
 10
331.795
 20
-404.916
 30
0.0
 11
331.795
 21
-404.969
 31
0.0
  0
LINE
  5
908
330
17
100
AcDbEntity
  8
0
100
AcDbLine
 10
331.795
 20
-405.048
 30
0.0
 11
331.795
 21
-404.969
 31
0.0
  0
LINE
  5
909
330
17
100
AcDbEntity
  8
0
100
AcDbLine
 10
331.795
 20
-405.048
 30
0.0
 11
331.795
 21
-404.929
 31
0.0
  0
LINE
  5
90A
330
17
100
AcDbEntity
  8
0
100
AcDbLine
 10
331.795
 20
-404.903
 30
0.0
 11
331.795
 21
-404.929
 31
0.0
  0
LINE
  5
90B
330
17
100
AcDbEntity
  8
0
100
AcDbLine
 10
331.795
 20
-404.651
 30
0.0
 11
331.795
 21
-404.903
 31
0.0
  0
LINE
  5
90C
330
17
100
AcDbEntity
  8
0
100
AcDbLine
 10
331.795
 20
-404.452
 30
0.0
 11
331.795
 21
-404.651
 31
0.0
  0
LINE
  5
90D
330
17
100
AcDbEntity
  8
0
100
AcDbLine
 10
331.795
 20
-404.379
 30
0.0
 11
331.795
 21
-404.452
 31
0.0
  0
LINE
  5
90E
330
17
100
AcDbEntity
  8
0
100
AcDbLine
 10
331.795
 20
-403.764
 30
0.0
 11
331.795
 21
-404.19
 31
0.0
  0
LINE
  5
90F
330
17
100
AcDbEntity
  8
0
100
AcDbLine
 10
331.795
 20
-403.764
 30
0.0
 11
331.795
 21
-403.432
 31
0.0
  0
LINE
  5
910
330
17
100
AcDbEntity
  8
0
100
AcDbLine
 10
331.795
 20
-402.916
 30
0.0
 11
331.795
 21
-403.432
 31
0.0
  0
LINE
  5
911
330
17
100
AcDbEntity
  8
0
100
AcDbLine
 10
331.795
 20
-402.916
 30
0.0
 11
331.795
 21
-403.26
 31
0.0
  0
LINE
  5
912
330
17
100
AcDbEntity
  8
0
100
AcDbLine
 10
331.795
 20
-403.512
 30
0.0
 11
331.795
 21
-403.26
 31
0.0
  0
LINE
  5
913
330
17
100
AcDbEntity
  8
0
100
AcDbLine
 10
327.338
 20
-398.064
 30
0.0
 11
327.691
 21
-398.064
 31
0.0
  0
LINE
  5
914
330
17
100
AcDbEntity
  8
0
100
AcDbLine
 10
326.93
 20
-398.064
 30
0.0
 11
327.338
 21
-398.064
 31
0.0
  0
LINE
  5
915
330
17
100
AcDbEntity
  8
0
100
AcDbLine
 10
326.566
 20
-398.064
 30
0.0
 11
326.93
 21
-398.064
 31
0.0
  0
LINE
  5
916
330
17
100
AcDbEntity
  8
0
100
AcDbLine
 10
326.279
 20
-398.064
 30
0.0
 11
326.566
 21
-398.064
 31
0.0
  0
LINE
  5
917
330
17
100
AcDbEntity
  8
0
100
AcDbLine
 10
326.334
 20
-398.064
 30
0.0
 11
326.279
 21
-398.064
 31
0.0
  0
LINE
  5
918
330
17
100
AcDbEntity
  8
0
100
AcDbLine
 10
326.334
 20
-398.064
 30
0.0
 11
326.577
 21
-398.064
 31
0.0
  0
LINE
  5
919
330
17
100
AcDbEntity
  8
0
100
AcDbLine
 10
326.268
 20
-398.064
 30
0.0
 11
326.577
 21
-398.064
 31
0.0
  0
LINE
  5
91A
330
17
100
AcDbEntity
  8
0
100
AcDbLine
 10
326.268
 20
-398.064
 30
0.0
 11
326.323
 21
-398.064
 31
0.0
  0
LINE
  5
91B
330
17
100
AcDbEntity
  8
0
100
AcDbLine
 10
326.19
 20
-398.064
 30
0.0
 11
326.323
 21
-398.064
 31
0.0
  0
LINE
  5
91C
330
17
100
AcDbEntity
  8
0
100
AcDbLine
 10
326.19
 20
-398.064
 30
0.0
 11
326.113
 21
-398.064
 31
0.0
  0
LINE
  5
91D
330
17
100
AcDbEntity
  8
0
100
AcDbLine
 10
325.859
 20
-398.064
 30
0.0
 11
326.113
 21
-398.064
 31
0.0
  0
LINE
  5
91E
330
17
100
AcDbEntity
  8
0
100
AcDbLine
 10
325.859
 20
-398.064
 30
0.0
 11
325.672
 21
-398.064
 31
0.0
  0
LINE
  5
91F
330
17
100
AcDbEntity
  8
0
100
AcDbLine
 10
325.672
 20
-398.064
 30
0.0
 11
325.407
 21
-398.064
 31
0.0
  0
LINE
  5
920
330
17
100
AcDbEntity
  8
0
100
AcDbLine
 10
324.943
 20
-398.064
 30
0.0
 11
325.407
 21
-398.064
 31
0.0
  0
LINE
  5
921
330
17
100
AcDbEntity
  8
0
100
AcDbLine
 10
324.89
 20
-398.064
 30
0.0
 11
324.943
 21
-398.064
 31
0.0
  0
LINE
  5
922
330
17
100
AcDbEntity
  8
0
100
AcDbLine
 10
324.811
 20
-398.064
 30
0.0
 11
324.89
 21
-398.064
 31
0.0
  0
LINE
  5
923
330
17
100
AcDbEntity
  8
0
100
AcDbLine
 10
324.811
 20
-398.064
 30
0.0
 11
324.93
 21
-398.064
 31
0.0
  0
LINE
  5
924
330
17
100
AcDbEntity
  8
0
100
AcDbLine
 10
324.956
 20
-398.064
 30
0.0
 11
324.93
 21
-398.064
 31
0.0
  0
LINE
  5
925
330
17
100
AcDbEntity
  8
0
100
AcDbLine
 10
324.956
 20
-398.064
 30
0.0
 11
325.208
 21
-398.064
 31
0.0
  0
LINE
  5
926
330
17
100
AcDbEntity
  8
0
100
AcDbLine
 10
325.402
 20
-398.064
 30
0.0
 11
325.208
 21
-398.064
 31
0.0
  0
LINE
  5
927
330
17
100
AcDbEntity
  8
0
100
AcDbLine
 10
325.645
 20
-398.064
 30
0.0
 11
325.591
 21
-398.064
 31
0.0
  0
LINE
  5
928
330
17
100
AcDbEntity
  8
0
100
AcDbLine
 10
326.095
 20
-398.064
 30
0.0
 11
326.047
 21
-398.064
 31
0.0
  0
LINE
  5
929
330
17
100
AcDbEntity
  8
0
100
AcDbLine
 10
325.858
 20
-398.064
 30
0.0
 11
325.645
 21
-398.064
 31
0.0
  0
LINE
  5
92A
330
17
100
AcDbEntity
  8
0
100
AcDbLine
 10
326.095
 20
-398.064
 30
0.0
 11
326.426
 21
-398.064
 31
0.0
  0
LINE
  5
92B
330
17
100
AcDbEntity
  8
0
100
AcDbLine
 10
326.943
 20
-398.064
 30
0.0
 11
326.426
 21
-398.064
 31
0.0
  0
LINE
  5
92C
330
17
100
AcDbEntity
  8
0
100
AcDbLine
 10
326.599
 20
-398.064
 30
0.0
 11
326.943
 21
-398.064
 31
0.0
  0
LINE
  5
92D
330
17
100
AcDbEntity
  8
0
100
AcDbLine
 10
326.347
 20
-398.064
 30
0.0
 11
326.599
 21
-398.064
 31
0.0
  0
LINE
  5
92E
330
17
100
AcDbEntity
  8
0
100
AcDbLine
 10
326.347
 20
-398.064
 30
0.0
 11
326.373
 21
-398.064
 31
0.0
  0
LINE
  5
92F
330
17
100
AcDbEntity
  8
0
100
AcDbLine
 10
326.638
 20
-398.064
 30
0.0
 11
326.373
 21
-398.064
 31
0.0
  0
LINE
  5
930
330
17
100
AcDbEntity
  8
0
100
AcDbLine
 10
326.638
 20
-398.064
 30
0.0
 11
326.638
 21
-398.064
 31
0.0
  0
LINE
  5
931
330
17
100
AcDbEntity
  8
0
100
AcDbLine
 10
327.512
 20
-398.064
 30
0.0
 11
326.638
 21
-398.064
 31
0.0
  0
LINE
  5
932
330
17
100
AcDbEntity
  8
0
100
AcDbLine
 10
327.512
 20
-398.064
 30
0.0
 11
327.791
 21
-398.064
 31
0.0
  0
LINE
  5
933
330
17
100
AcDbEntity
  8
0
100
AcDbLine
 10
328.042
 20
-398.064
 30
0.0
 11
327.791
 21
-398.064
 31
0.0
  0
LINE
  5
934
330
17
100
AcDbEntity
  8
0
100
AcDbLine
 10
328.055
 20
-398.064
 30
0.0
 11
328.042
 21
-398.064
 31
0.0
  0
LINE
  5
935
330
17
100
AcDbEntity
  8
0
100
AcDbLine
 10
328.055
 20
-398.064
 30
0.0
 11
328.175
 21
-398.064
 31
0.0
  0
LINE
  5
936
330
17
100
AcDbEntity
  8
0
100
AcDbLine
 10
328.651
 20
-398.064
 30
0.0
 11
328.175
 21
-398.064
 31
0.0
  0
LINE
  5
937
330
17
100
AcDbEntity
  8
0
100
AcDbLine
 10
328.903
 20
-398.064
 30
0.0
 11
328.651
 21
-398.064
 31
0.0
  0
LINE
  5
938
330
17
100
AcDbEntity
  8
0
100
AcDbLine
 10
328.903
 20
-398.064
 30
0.0
 11
329.075
 21
-398.064
 31
0.0
  0
LINE
  5
939
330
17
100
AcDbEntity
  8
0
100
AcDbLine
 10
329.406
 20
-398.064
 30
0.0
 11
329.075
 21
-398.064
 31
0.0
  0
LINE
  5
93A
330
17
100
AcDbEntity
  8
0
100
AcDbLine
 10
329.684
 20
-398.064
 30
0.0
 11
329.406
 21
-398.064
 31
0.0
  0
LINE
  5
93B
330
17
100
AcDbEntity
  8
0
100
AcDbLine
 10
329.684
 20
-398.064
 30
0.0
 11
330.002
 21
-398.064
 31
0.0
  0
LINE
  5
93C
330
17
100
AcDbEntity
  8
0
100
AcDbLine
 10
330.002
 20
-398.064
 30
0.0
 11
330.122
 21
-398.064
 31
0.0
  0
LINE
  5
93D
330
17
100
AcDbEntity
  8
0
100
AcDbLine
 10
330.784
 20
-398.064
 30
0.0
 11
330.122
 21
-398.064
 31
0.0
  0
LINE
  5
93E
330
17
100
AcDbEntity
  8
0
100
AcDbLine
 10
330.784
 20
-398.064
 30
0.0
 11
331.049
 21
-398.064
 31
0.0
  0
LINE
  5
93F
330
17
100
AcDbEntity
  8
0
100
AcDbLine
 10
331.486
 20
-398.064
 30
0.0
 11
331.049
 21
-398.064
 31
0.0
  0
LINE
  5
940
330
17
100
AcDbEntity
  8
0
100
AcDbLine
 10
331.539
 20
-398.064
 30
0.0
 11
331.486
 21
-398.064
 31
0.0
  0
LINE
  5
941
330
17
100
AcDbEntity
  8
0
100
AcDbLine
 10
331.539
 20
-398.064
 30
0.0
 11
331.539
 21
-398.064
 31
0.0
  0
LINE
  5
942
330
17
100
AcDbEntity
  8
0
100
AcDbLine
 10
331.539
 20
-398.064
 30
0.0
 11
332.052
 21
-398.064
 31
0.0
  0
LINE
  5
943
330
17
100
AcDbEntity
  8
0
100
AcDbLine
 10
332.052
 20
-398.064
 30
0.0
 11
332.052
 21
-398.064
 31
0.0
  0
LINE
  5
944
330
17
100
AcDbEntity
  8
0
100
AcDbLine
 10
332.052
 20
-398.064
 30
0.0
 11
332.007
 21
-398.064
 31
0.0
  0
LINE
  5
945
330
17
100
AcDbEntity
  8
0
100
AcDbLine
 10
332.007
 20
-398.064
 30
0.0
 11
331.943
 21
-398.064
 31
0.0
  0
LINE
  5
946
330
17
100
AcDbEntity
  8
0
100
AcDbLine
 10
331.943
 20
-398.064
 30
0.0
 11
331.97
 21
-398.064
 31
0.0
  0
LINE
  5
947
330
17
100
AcDbEntity
  8
0
100
AcDbLine
 10
331.97
 20
-398.064
 30
0.0
 11
332.237
 21
-398.064
 31
0.0
  0
LINE
  5
948
330
17
100
AcDbEntity
  8
0
100
AcDbLine
 10
332.844
 20
-398.064
 30
0.0
 11
332.237
 21
-398.064
 31
0.0
  0
LINE
  5
949
330
17
100
AcDbEntity
  8
0
100
AcDbLine
 10
332.844
 20
-398.064
 30
0.0
 11
333.212
 21
-398.064
 31
0.0
  0
LINE
  5
94A
330
17
100
AcDbEntity
  8
0
100
AcDbLine
 10
333.377
 20
-398.064
 30
0.0
 11
333.212
 21
-398.064
 31
0.0
  0
LINE
  5
94B
330
17
100
AcDbEntity
  8
0
100
AcDbLine
 10
334.076
 20
-398.064
 30
0.0
 11
333.377
 21
-398.064
 31
0.0
  0
LINE
  5
94C
330
17
100
AcDbEntity
  8
0
100
AcDbLine
 10
335.134
 20
-398.064
 30
0.0
 11
334.076
 21
-398.064
 31
0.0
  0
LINE
  5
94D
330
17
100
AcDbEntity
  8
0
100
AcDbLine
 10
335.134
 20
-398.064
 30
0.0
 11
334.766
 21
-398.064
 31
0.0
  0
LINE
  5
94E
330
17
100
AcDbEntity
  8
0
100
AcDbLine
 10
334.766
 20
-398.064
 30
0.0
 11
335.005
 21
-398.064
 31
0.0
  0
LINE
  5
94F
330
17
100
AcDbEntity
  8
0
100
AcDbLine
 10
335.392
 20
-398.064
 30
0.0
 11
335.005
 21
-398.064
 31
0.0
  0
LINE
  5
950
330
17
100
AcDbEntity
  8
0
100
AcDbLine
 10
335.392
 20
-398.064
 30
0.0
 11
335.851
 21
-398.064
 31
0.0
  0
LINE
  5
951
330
17
100
AcDbEntity
  8
0
100
AcDbLine
 10
336.173
 20
-398.064
 30
0.0
 11
335.851
 21
-398.064
 31
0.0
  0
LINE
  5
952
330
17
100
AcDbEntity
  8
0
100
AcDbLine
 10
336.173
 20
-398.064
 30
0.0
 11
336.394
 21
-398.064
 31
0.0
  0
LINE
  5
953
330
17
100
AcDbEntity
  8
0
100
AcDbLine
 10
336.946
 20
-398.064
 30
0.0
 11
336.394
 21
-398.064
 31
0.0
  0
LINE
  5
954
330
17
100
AcDbEntity
  8
0
100
AcDbLine
 10
337.185
 20
-398.064
 30
0.0
 11
336.946
 21
-398.064
 31
0.0
  0
LINE
  5
955
330
17
100
AcDbEntity
  8
0
100
AcDbLine
 10
337.185
 20
-398.064
 30
0.0
 11
337.476
 21
-398.064
 31
0.0
  0
LINE
  5
956
330
17
100
AcDbEntity
  8
0
100
AcDbLine
 10
337.476
 20
-398.064
 30
0.0
 11
337.291
 21
-398.064
 31
0.0
  0
LINE
  5
957
330
17
100
AcDbEntity
  8
0
100
AcDbLine
 10
337.98
 20
-398.064
 30
0.0
 11
337.291
 21
-398.064
 31
0.0
  0
LINE
  5
958
330
17
100
AcDbEntity
  8
0
100
AcDbLine
 10
337.999
 20
-398.064
 30
0.0
 11
337.98
 21
-398.064
 31
0.0
  0
LINE
  5
959
330
17
100
AcDbEntity
  8
0
100
AcDbLine
 10
337.999
 20
-398.064
 30
0.0
 11
337.675
 21
-398.064
 31
0.0
  0
LINE
  5
95A
330
17
100
AcDbEntity
  8
0
100
AcDbLine
 10
337.675
 20
-398.064
 30
0.0
 11
337.635
 21
-398.064
 31
0.0
  0
LINE
  5
95B
330
17
100
AcDbEntity
  8
0
100
AcDbLine
 10
337.999
 20
-398.064
 30
0.0
 11
337.635
 21
-398.064
 31
0.0
  0
LINE
  5
95C
330
17
100
AcDbEntity
  8
0
100
AcDbLine
 10
338.188
 20
-398.064
 30
0.0
 11
338.337
 21
-398.064
 31
0.0
  0
LINE
  5
95D
330
17
100
AcDbEntity
  8
0
100
AcDbLine
 10
338.337
 20
-398.064
 30
0.0
 11
338.337
 21
-398.064
 31
0.0
  0
LINE
  5
95E
330
17
100
AcDbEntity
  8
0
100
AcDbLine
 10
338.337
 20
-398.064
 30
0.0
 11
338.188
 21
-398.064
 31
0.0
  0
LINE
  5
95F
330
17
100
AcDbEntity
  8
0
100
AcDbLine
 10
337.999
 20
-398.064
 30
0.0
 11
337.94
 21
-398.064
 31
0.0
  0
LINE
  5
960
330
17
100
AcDbEntity
  8
0
100
AcDbLine
 10
337.94
 20
-398.064
 30
0.0
 11
337.999
 21
-398.064
 31
0.0
  0
LINE
  5
961
330
17
100
AcDbEntity
  8
0
100
AcDbLine
 10
338.188
 20
-398.064
 30
0.0
 11
338.377
 21
-398.064
 31
0.0
  0
LINE
  5
962
330
17
100
AcDbEntity
  8
0
100
AcDbLine
 10
337.754
 20
-398.064
 30
0.0
 11
337.999
 21
-398.064
 31
0.0
  0
LINE
  5
963
330
17
100
AcDbEntity
  8
0
100
AcDbLine
 10
338.188
 20
-398.064
 30
0.0
 11
338.377
 21
-398.064
 31
0.0
  0
LINE
  5
964
330
17
100
AcDbEntity
  8
0
100
AcDbLine
 10
337.754
 20
-398.064
 30
0.0
 11
337.0
 21
-398.064
 31
0.0
  0
LINE
  5
965
330
17
100
AcDbEntity
  8
0
100
AcDbLine
 10
337.0
 20
-398.064
 30
0.0
 11
336.92
 21
-398.064
 31
0.0
  0
LINE
  5
966
330
17
100
AcDbEntity
  8
0
100
AcDbLine
 10
337.437
 20
-398.064
 30
0.0
 11
336.92
 21
-398.064
 31
0.0
  0
LINE
  5
967
330
17
100
AcDbEntity
  8
0
100
AcDbLine
 10
337.437
 20
-398.064
 30
0.0
 11
337.675
 21
-398.064
 31
0.0
  0
LINE
  5
968
330
17
100
AcDbEntity
  8
0
100
AcDbLine
 10
337.675
 20
-398.064
 30
0.0
 11
337.145
 21
-398.064
 31
0.0
  0
LINE
  5
969
330
17
100
AcDbEntity
  8
0
100
AcDbLine
 10
337.172
 20
-398.064
 30
0.0
 11
337.145
 21
-398.064
 31
0.0
  0
LINE
  5
96A
330
17
100
AcDbEntity
  8
0
100
AcDbLine
 10
336.523
 20
-398.064
 30
0.0
 11
337.172
 21
-398.064
 31
0.0
  0
LINE
  5
96B
330
17
100
AcDbEntity
  8
0
100
AcDbLine
 10
335.688
 20
-398.064
 30
0.0
 11
336.523
 21
-398.064
 31
0.0
  0
LINE
  5
96C
330
17
100
AcDbEntity
  8
0
100
AcDbLine
 10
335.688
 20
-398.064
 30
0.0
 11
335.145
 21
-398.064
 31
0.0
  0
LINE
  5
96D
330
17
100
AcDbEntity
  8
0
100
AcDbLine
 10
335.145
 20
-398.064
 30
0.0
 11
335.026
 21
-398.064
 31
0.0
  0
LINE
  5
96E
330
17
100
AcDbEntity
  8
0
100
AcDbLine
 10
334.496
 20
-398.064
 30
0.0
 11
335.026
 21
-398.064
 31
0.0
  0
LINE
  5
96F
330
17
100
AcDbEntity
  8
0
100
AcDbLine
 10
334.311
 20
-398.064
 30
0.0
 11
334.496
 21
-398.064
 31
0.0
  0
LINE
  5
970
330
17
100
AcDbEntity
  8
0
100
AcDbLine
 10
334.311
 20
-398.064
 30
0.0
 11
333.662
 21
-398.064
 31
0.0
  0
LINE
  5
971
330
17
100
AcDbEntity
  8
0
100
AcDbLine
 10
333.662
 20
-398.064
 30
0.0
 11
333.768
 21
-398.064
 31
0.0
  0
LINE
  5
972
330
17
100
AcDbEntity
  8
0
100
AcDbLine
 10
332.801
 20
-398.064
 30
0.0
 11
333.768
 21
-398.064
 31
0.0
  0
LINE
  5
973
330
17
100
AcDbEntity
  8
0
100
AcDbLine
 10
332.801
 20
-398.064
 30
0.0
 11
332.523
 21
-398.064
 31
0.0
  0
LINE
  5
974
330
17
100
AcDbEntity
  8
0
100
AcDbLine
 10
332.523
 20
-398.064
 30
0.0
 11
332.099
 21
-398.064
 31
0.0
  0
LINE
  5
975
330
17
100
AcDbEntity
  8
0
100
AcDbLine
 10
331.344
 20
-398.064
 30
0.0
 11
332.099
 21
-398.064
 31
0.0
  0
LINE
  5
976
330
17
100
AcDbEntity
  8
0
100
AcDbLine
 10
331.344
 20
-398.064
 30
0.0
 11
331.318
 21
-398.064
 31
0.0
  0
LINE
  5
977
330
17
100
AcDbEntity
  8
0
100
AcDbLine
 10
330.854
 20
-398.064
 30
0.0
 11
331.318
 21
-398.064
 31
0.0
  0
LINE
  5
978
330
17
100
AcDbEntity
  8
0
100
AcDbLine
 10
330.854
 20
-398.064
 30
0.0
 11
330.219
 21
-398.064
 31
0.0
  0
LINE
  5
979
330
17
100
AcDbEntity
  8
0
100
AcDbLine
 10
330.219
 20
-398.064
 30
0.0
 11
329.579
 21
-398.064
 31
0.0
  0
LINE
  5
97A
330
17
100
AcDbEntity
  8
0
100
AcDbLine
 10
329.369
 20
-398.064
 30
0.0
 11
329.579
 21
-398.064
 31
0.0
  0
LINE
  5
97B
330
17
100
AcDbEntity
  8
0
100
AcDbLine
 10
328.795
 20
-398.064
 30
0.0
 11
329.369
 21
-398.064
 31
0.0
  0
LINE
  5
97C
330
17
100
AcDbEntity
  8
0
100
AcDbLine
 10
328.696
 20
-398.064
 30
0.0
 11
328.795
 21
-398.064
 31
0.0
  0
LINE
  5
97D
330
17
100
AcDbEntity
  8
0
100
AcDbLine
 10
328.828
 20
-398.064
 30
0.0
 11
328.696
 21
-398.064
 31
0.0
  0
LINE
  5
97E
330
17
100
AcDbEntity
  8
0
100
AcDbLine
 10
328.828
 20
-398.064
 30
0.0
 11
328.96
 21
-398.064
 31
0.0
  0
LINE
  5
97F
330
17
100
AcDbEntity
  8
0
100
AcDbLine
 10
328.773
 20
-398.064
 30
0.0
 11
328.96
 21
-398.064
 31
0.0
  0
LINE
  5
980
330
17
100
AcDbEntity
  8
0
100
AcDbLine
 10
328.773
 20
-398.064
 30
0.0
 11
328.497
 21
-398.064
 31
0.0
  0
LINE
  5
981
330
17
100
AcDbEntity
  8
0
100
AcDbLine
 10
328.497
 20
-398.064
 30
0.0
 11
328.232
 21
-398.064
 31
0.0
  0
LINE
  5
982
330
17
100
AcDbEntity
  8
0
100
AcDbLine
 10
328.232
 20
-398.064
 30
0.0
 11
327.846
 21
-398.064
 31
0.0
  0
LINE
  5
983
330
17
100
AcDbEntity
  8
0
100
AcDbLine
 10
327.471
 20
-398.064
 30
0.0
 11
327.846
 21
-398.064
 31
0.0
  0
LINE
  5
984
330
17
100
AcDbEntity
  8
0
100
AcDbLine
 10
327.471
 20
-398.064
 30
0.0
 11
327.691
 21
-398.064
 31
0.0
  0
LINE
  5
985
330
17
100
AcDbEntity
  8
0
100
AcDbLine
 10
355.904
 20
-391.712
 30
0.0
 11
357.152
 21
-391.577
 31
0.0
  0
LINE
  5
986
330
17
100
AcDbEntity
  8
0
100
AcDbLine
 10
354.706
 20
-392.088
 30
0.0
 11
355.904
 21
-391.712
 31
0.0
  0
LINE
  5
987
330
17
100
AcDbEntity
  8
0
100
AcDbLine
 10
353.605
 20
-392.69
 30
0.0
 11
354.706
 21
-392.088
 31
0.0
  0
LINE
  5
988
330
17
100
AcDbEntity
  8
0
100
AcDbLine
 10
352.643
 20
-393.496
 30
0.0
 11
353.605
 21
-392.69
 31
0.0
  0
LINE
  5
989
330
17
100
AcDbEntity
  8
0
100
AcDbLine
 10
351.856
 20
-394.473
 30
0.0
 11
352.643
 21
-393.496
 31
0.0
  0
LINE
  5
98A
330
17
100
AcDbEntity
  8
0
100
AcDbLine
 10
351.275
 20
-395.586
 30
0.0
 11
351.856
 21
-394.473
 31
0.0
  0
LINE
  5
98B
330
17
100
AcDbEntity
  8
0
100
AcDbLine
 10
350.922
 20
-396.79
 30
0.0
 11
351.275
 21
-395.586
 31
0.0
  0
LINE
  5
98C
330
17
100
AcDbEntity
  8
0
100
AcDbLine
 10
350.811
 20
-398.04
 30
0.0
 11
350.922
 21
-396.79
 31
0.0
  0
LINE
  5
98D
330
17
100
AcDbEntity
  8
0
100
AcDbLine
 10
350.946
 20
-399.288
 30
0.0
 11
350.811
 21
-398.04
 31
0.0
  0
LINE
  5
98E
330
17
100
AcDbEntity
  8
0
100
AcDbLine
 10
351.322
 20
-400.485
 30
0.0
 11
350.946
 21
-399.288
 31
0.0
  0
LINE
  5
98F
330
17
100
AcDbEntity
  8
0
100
AcDbLine
 10
351.924
 20
-401.586
 30
0.0
 11
351.322
 21
-400.485
 31
0.0
  0
LINE
  5
990
330
17
100
AcDbEntity
  8
0
100
AcDbLine
 10
352.73
 20
-402.549
 30
0.0
 11
351.924
 21
-401.586
 31
0.0
  0
LINE
  5
991
330
17
100
AcDbEntity
  8
0
100
AcDbLine
 10
353.707
 20
-403.335
 30
0.0
 11
352.73
 21
-402.549
 31
0.0
  0
LINE
  5
992
330
17
100
AcDbEntity
  8
0
100
AcDbLine
 10
354.82
 20
-403.916
 30
0.0
 11
353.707
 21
-403.335
 31
0.0
  0
LINE
  5
993
330
17
100
AcDbEntity
  8
0
100
AcDbLine
 10
356.024
 20
-404.269
 30
0.0
 11
354.82
 21
-403.916
 31
0.0
  0
LINE
  5
994
330
17
100
AcDbEntity
  8
0
100
AcDbLine
 10
357.274
 20
-404.38
 30
0.0
 11
356.024
 21
-404.269
 31
0.0
  0
LINE
  5
995
330
17
100
AcDbEntity
  8
0
100
AcDbLine
 10
358.522
 20
-404.245
 30
0.0
 11
357.274
 21
-404.38
 31
0.0
  0
LINE
  5
996
330
17
100
AcDbEntity
  8
0
100
AcDbLine
 10
359.719
 20
-403.87
 30
0.0
 11
358.522
 21
-404.245
 31
0.0
  0
LINE
  5
997
330
17
100
AcDbEntity
  8
0
100
AcDbLine
 10
360.82
 20
-403.267
 30
0.0
 11
359.719
 21
-403.87
 31
0.0
  0
LINE
  5
998
330
17
100
AcDbEntity
  8
0
100
AcDbLine
 10
361.783
 20
-402.462
 30
0.0
 11
360.82
 21
-403.267
 31
0.0
  0
LINE
  5
999
330
17
100
AcDbEntity
  8
0
100
AcDbLine
 10
362.57
 20
-401.484
 30
0.0
 11
361.783
 21
-402.462
 31
0.0
  0
LINE
  5
99A
330
17
100
AcDbEntity
  8
0
100
AcDbLine
 10
363.151
 20
-400.372
 30
0.0
 11
362.57
 21
-401.484
 31
0.0
  0
LINE
  5
99B
330
17
100
AcDbEntity
  8
0
100
AcDbLine
 10
363.503
 20
-399.167
 30
0.0
 11
363.151
 21
-400.372
 31
0.0
  0
LINE
  5
99C
330
17
100
AcDbEntity
  8
0
100
AcDbLine
 10
363.614
 20
-397.917
 30
0.0
 11
363.503
 21
-399.167
 31
0.0
  0
LINE
  5
99D
330
17
100
AcDbEntity
  8
0
100
AcDbLine
 10
363.479
 20
-396.67
 30
0.0
 11
363.614
 21
-397.917
 31
0.0
  0
LINE
  5
99E
330
17
100
AcDbEntity
  8
0
100
AcDbLine
 10
363.104
 20
-395.472
 30
0.0
 11
363.479
 21
-396.67
 31
0.0
  0
LINE
  5
99F
330
17
100
AcDbEntity
  8
0
100
AcDbLine
 10
362.501
 20
-394.371
 30
0.0
 11
363.104
 21
-395.472
 31
0.0
  0
LINE
  5
9A0
330
17
100
AcDbEntity
  8
0
100
AcDbLine
 10
361.696
 20
-393.409
 30
0.0
 11
362.501
 21
-394.371
 31
0.0
  0
LINE
  5
9A1
330
17
100
AcDbEntity
  8
0
100
AcDbLine
 10
360.718
 20
-392.622
 30
0.0
 11
361.696
 21
-393.409
 31
0.0
  0
LINE
  5
9A2
330
17
100
AcDbEntity
  8
0
100
AcDbLine
 10
359.606
 20
-392.041
 30
0.0
 11
360.718
 21
-392.622
 31
0.0
  0
LINE
  5
9A3
330
17
100
AcDbEntity
  8
0
100
AcDbLine
 10
359.606
 20
-392.041
 30
0.0
 11
358.402
 21
-391.688
 31
0.0
  0
LINE
  5
9A4
330
17
100
AcDbEntity
  8
0
100
AcDbLine
 10
358.402
 20
-391.688
 30
0.0
 11
357.152
 21
-391.577
 31
0.0
  0
LINE
  5
9A5
330
17
100
AcDbEntity
  8
0
100
AcDbLine
 10
359.535
 20
-392.217
 30
0.0
 11
358.366
 21
-391.874
 31
0.0
  0
LINE
  5
9A6
330
17
100
AcDbEntity
  8
0
100
AcDbLine
 10
359.535
 20
-392.217
 30
0.0
 11
360.615
 21
-392.78
 31
0.0
  0
LINE
  5
9A7
330
17
100
AcDbEntity
  8
0
100
AcDbLine
 10
360.615
 20
-392.78
 30
0.0
 11
361.563
 21
-393.544
 31
0.0
  0
LINE
  5
9A8
330
17
100
AcDbEntity
  8
0
100
AcDbLine
 10
361.563
 20
-393.544
 30
0.0
 11
362.345
 21
-394.478
 31
0.0
  0
LINE
  5
9A9
330
17
100
AcDbEntity
  8
0
100
AcDbLine
 10
362.345
 20
-394.478
 30
0.0
 11
362.929
 21
-395.546
 31
0.0
  0
LINE
  5
9AA
330
17
100
AcDbEntity
  8
0
100
AcDbLine
 10
362.929
 20
-395.546
 30
0.0
 11
363.294
 21
-396.708
 31
0.0
  0
LINE
  5
9AB
330
17
100
AcDbEntity
  8
0
100
AcDbLine
 10
363.294
 20
-396.708
 30
0.0
 11
363.425
 21
-397.919
 31
0.0
  0
LINE
  5
9AC
330
17
100
AcDbEntity
  8
0
100
AcDbLine
 10
363.425
 20
-397.919
 30
0.0
 11
363.317
 21
-399.132
 31
0.0
  0
LINE
  5
9AD
330
17
100
AcDbEntity
  8
0
100
AcDbLine
 10
363.317
 20
-399.132
 30
0.0
 11
362.975
 21
-400.301
 31
0.0
  0
LINE
  5
9AE
330
17
100
AcDbEntity
  8
0
100
AcDbLine
 10
362.975
 20
-400.301
 30
0.0
 11
362.411
 21
-401.381
 31
0.0
  0
LINE
  5
9AF
330
17
100
AcDbEntity
  8
0
100
AcDbLine
 10
362.411
 20
-401.381
 30
0.0
 11
361.648
 21
-402.329
 31
0.0
  0
LINE
  5
9B0
330
17
100
AcDbEntity
  8
0
100
AcDbLine
 10
361.648
 20
-402.329
 30
0.0
 11
360.714
 21
-403.111
 31
0.0
  0
LINE
  5
9B1
330
17
100
AcDbEntity
  8
0
100
AcDbLine
 10
360.714
 20
-403.111
 30
0.0
 11
359.645
 21
-403.695
 31
0.0
  0
LINE
  5
9B2
330
17
100
AcDbEntity
  8
0
100
AcDbLine
 10
359.645
 20
-403.695
 30
0.0
 11
358.483
 21
-404.06
 31
0.0
  0
LINE
  5
9B3
330
17
100
AcDbEntity
  8
0
100
AcDbLine
 10
358.483
 20
-404.06
 30
0.0
 11
357.272
 21
-404.191
 31
0.0
  0
LINE
  5
9B4
330
17
100
AcDbEntity
  8
0
100
AcDbLine
 10
357.272
 20
-404.191
 30
0.0
 11
356.059
 21
-404.083
 31
0.0
  0
LINE
  5
9B5
330
17
100
AcDbEntity
  8
0
100
AcDbLine
 10
356.059
 20
-404.083
 30
0.0
 11
354.891
 21
-403.741
 31
0.0
  0
LINE
  5
9B6
330
17
100
AcDbEntity
  8
0
100
AcDbLine
 10
354.891
 20
-403.741
 30
0.0
 11
353.811
 21
-403.177
 31
0.0
  0
LINE
  5
9B7
330
17
100
AcDbEntity
  8
0
100
AcDbLine
 10
353.811
 20
-403.177
 30
0.0
 11
352.862
 21
-402.413
 31
0.0
  0
LINE
  5
9B8
330
17
100
AcDbEntity
  8
0
100
AcDbLine
 10
352.862
 20
-402.413
 30
0.0
 11
352.081
 21
-401.479
 31
0.0
  0
LINE
  5
9B9
330
17
100
AcDbEntity
  8
0
100
AcDbLine
 10
352.081
 20
-401.479
 30
0.0
 11
351.496
 21
-400.411
 31
0.0
  0
LINE
  5
9BA
330
17
100
AcDbEntity
  8
0
100
AcDbLine
 10
351.496
 20
-400.411
 30
0.0
 11
351.132
 21
-399.249
 31
0.0
  0
LINE
  5
9BB
330
17
100
AcDbEntity
  8
0
100
AcDbLine
 10
351.132
 20
-399.249
 30
0.0
 11
351.001
 21
-398.038
 31
0.0
  0
LINE
  5
9BC
330
17
100
AcDbEntity
  8
0
100
AcDbLine
 10
351.001
 20
-398.038
 30
0.0
 11
351.108
 21
-396.825
 31
0.0
  0
LINE
  5
9BD
330
17
100
AcDbEntity
  8
0
100
AcDbLine
 10
351.108
 20
-396.825
 30
0.0
 11
351.451
 21
-395.656
 31
0.0
  0
LINE
  5
9BE
330
17
100
AcDbEntity
  8
0
100
AcDbLine
 10
351.451
 20
-395.656
 30
0.0
 11
352.015
 21
-394.577
 31
0.0
  0
LINE
  5
9BF
330
17
100
AcDbEntity
  8
0
100
AcDbLine
 10
352.015
 20
-394.577
 30
0.0
 11
352.778
 21
-393.628
 31
0.0
  0
LINE
  5
9C0
330
17
100
AcDbEntity
  8
0
100
AcDbLine
 10
352.778
 20
-393.628
 30
0.0
 11
353.712
 21
-392.847
 31
0.0
  0
LINE
  5
9C1
330
17
100
AcDbEntity
  8
0
100
AcDbLine
 10
353.712
 20
-392.847
 30
0.0
 11
354.781
 21
-392.262
 31
0.0
  0
LINE
  5
9C2
330
17
100
AcDbEntity
  8
0
100
AcDbLine
 10
354.781
 20
-392.262
 30
0.0
 11
355.943
 21
-391.898
 31
0.0
  0
LINE
  5
9C3
330
17
100
AcDbEntity
  8
0
100
AcDbLine
 10
355.943
 20
-391.898
 30
0.0
 11
357.153
 21
-391.767
 31
0.0
  0
LINE
  5
9C4
330
17
100
AcDbEntity
  8
0
100
AcDbLine
 10
357.153
 20
-391.767
 30
0.0
 11
358.366
 21
-391.874
 31
0.0
  0
LINE
  5
9C5
330
17
100
AcDbEntity
  8
0
100
AcDbLine
 10
356.19
 20
-403.391
 30
0.0
 11
356.185
 21
-403.417
 31
0.0
  0
LINE
  5
9C6
330
17
100
AcDbEntity
  8
0
100
AcDbLine
 10
356.239
 20
-403.131
 30
0.0
 11
356.19
 21
-403.391
 31
0.0
  0
LINE
  5
9C7
330
17
100
AcDbEntity
  8
0
100
AcDbLine
 10
356.239
 20
-403.131
 30
0.0
 11
356.239
 21
-403.131
 31
0.0
  0
LINE
  5
9C8
330
17
100
AcDbEntity
  8
0
100
AcDbLine
 10
356.402
 20
-402.272
 30
0.0
 11
356.239
 21
-403.131
 31
0.0
  0
LINE
  5
9C9
330
17
100
AcDbEntity
  8
0
100
AcDbLine
 10
356.402
 20
-402.272
 30
0.0
 11
356.453
 21
-401.999
 31
0.0
  0
LINE
  5
9CA
330
17
100
AcDbEntity
  8
0
100
AcDbLine
 10
356.5
 20
-401.751
 30
0.0
 11
356.453
 21
-401.999
 31
0.0
  0
LINE
  5
9CB
330
17
100
AcDbEntity
  8
0
100
AcDbLine
 10
356.502
 20
-401.738
 30
0.0
 11
356.5
 21
-401.751
 31
0.0
  0
LINE
  5
9CC
330
17
100
AcDbEntity
  8
0
100
AcDbLine
 10
356.524
 20
-401.621
 30
0.0
 11
356.502
 21
-401.738
 31
0.0
  0
LINE
  5
9CD
330
17
100
AcDbEntity
  8
0
100
AcDbLine
 10
356.613
 20
-401.153
 30
0.0
 11
356.524
 21
-401.621
 31
0.0
  0
LINE
  5
9CE
330
17
100
AcDbEntity
  8
0
100
AcDbLine
 10
356.66
 20
-400.906
 30
0.0
 11
356.613
 21
-401.153
 31
0.0
  0
LINE
  5
9CF
330
17
100
AcDbEntity
  8
0
100
AcDbLine
 10
356.66
 20
-400.906
 30
0.0
 11
356.692
 21
-400.736
 31
0.0
  0
LINE
  5
9D0
330
17
100
AcDbEntity
  8
0
100
AcDbLine
 10
356.753
 20
-400.411
 30
0.0
 11
356.692
 21
-400.736
 31
0.0
  0
LINE
  5
9D1
330
17
100
AcDbEntity
  8
0
100
AcDbLine
 10
356.805
 20
-400.138
 30
0.0
 11
356.753
 21
-400.411
 31
0.0
  0
LINE
  5
9D2
330
17
100
AcDbEntity
  8
0
100
AcDbLine
 10
356.805
 20
-400.138
 30
0.0
 11
356.864
 21
-399.825
 31
0.0
  0
LINE
  5
9D3
330
17
100
AcDbEntity
  8
0
100
AcDbLine
 10
356.886
 20
-399.708
 30
0.0
 11
356.864
 21
-399.825
 31
0.0
  0
LINE
  5
9D4
330
17
100
AcDbEntity
  8
0
100
AcDbLine
 10
357.009
 20
-399.058
 30
0.0
 11
356.886
 21
-399.708
 31
0.0
  0
LINE
  5
9D5
330
17
100
AcDbEntity
  8
0
100
AcDbLine
 10
357.009
 20
-399.058
 30
0.0
 11
357.058
 21
-398.797
 31
0.0
  0
LINE
  5
9D6
330
17
100
AcDbEntity
  8
0
100
AcDbLine
 10
357.058
 20
-398.797
 30
0.0
 11
357.139
 21
-398.368
 31
0.0
  0
LINE
  5
9D7
330
17
100
AcDbEntity
  8
0
100
AcDbLine
 10
357.139
 20
-398.368
 30
0.0
 11
357.149
 21
-398.316
 31
0.0
  0
LINE
  5
9D8
330
17
100
AcDbEntity
  8
0
100
AcDbLine
 10
357.149
 20
-398.316
 30
0.0
 11
357.149
 21
-398.316
 31
0.0
  0
LINE
  5
9D9
330
17
100
AcDbEntity
  8
0
100
AcDbLine
 10
357.244
 20
-397.812
 30
0.0
 11
357.149
 21
-398.316
 31
0.0
  0
LINE
  5
9DA
330
17
100
AcDbEntity
  8
0
100
AcDbLine
 10
357.244
 20
-397.812
 30
0.0
 11
357.244
 21
-397.812
 31
0.0
  0
LINE
  5
9DB
330
17
100
AcDbEntity
  8
0
100
AcDbLine
 10
357.236
 20
-397.856
 30
0.0
 11
357.244
 21
-397.812
 31
0.0
  0
LINE
  5
9DC
330
17
100
AcDbEntity
  8
0
100
AcDbLine
 10
357.224
 20
-397.919
 30
0.0
 11
357.236
 21
-397.856
 31
0.0
  0
LINE
  5
9DD
330
17
100
AcDbEntity
  8
0
100
AcDbLine
 10
357.229
 20
-397.892
 30
0.0
 11
357.224
 21
-397.919
 31
0.0
  0
LINE
  5
9DE
330
17
100
AcDbEntity
  8
0
100
AcDbLine
 10
357.279
 20
-397.63
 30
0.0
 11
357.229
 21
-397.892
 31
0.0
  0
LINE
  5
9DF
330
17
100
AcDbEntity
  8
0
100
AcDbLine
 10
357.392
 20
-397.033
 30
0.0
 11
357.279
 21
-397.63
 31
0.0
  0
LINE
  5
9E0
330
17
100
AcDbEntity
  8
0
100
AcDbLine
 10
357.46
 20
-396.672
 30
0.0
 11
357.392
 21
-397.033
 31
0.0
  0
LINE
  5
9E1
330
17
100
AcDbEntity
  8
0
100
AcDbLine
 10
357.46
 20
-396.672
 30
0.0
 11
357.491
 21
-396.509
 31
0.0
  0
LINE
  5
9E2
330
17
100
AcDbEntity
  8
0
100
AcDbLine
 10
357.62
 20
-395.822
 30
0.0
 11
357.491
 21
-396.509
 31
0.0
  0
LINE
  5
9E3
330
17
100
AcDbEntity
  8
0
100
AcDbLine
 10
357.817
 20
-394.783
 30
0.0
 11
357.62
 21
-395.822
 31
0.0
  0
LINE
  5
9E4
330
17
100
AcDbEntity
  8
0
100
AcDbLine
 10
357.817
 20
-394.783
 30
0.0
 11
357.748
 21
-395.144
 31
0.0
  0
LINE
  5
9E5
330
17
100
AcDbEntity
  8
0
100
AcDbLine
 10
357.793
 20
-394.909
 30
0.0
 11
357.748
 21
-395.144
 31
0.0
  0
LINE
  5
9E6
330
17
100
AcDbEntity
  8
0
100
AcDbLine
 10
357.865
 20
-394.53
 30
0.0
 11
357.793
 21
-394.909
 31
0.0
  0
LINE
  5
9E7
330
17
100
AcDbEntity
  8
0
100
AcDbLine
 10
357.865
 20
-394.53
 30
0.0
 11
357.95
 21
-394.078
 31
0.0
  0
LINE
  5
9E8
330
17
100
AcDbEntity
  8
0
100
AcDbLine
 10
358.01
 20
-393.762
 30
0.0
 11
357.95
 21
-394.078
 31
0.0
  0
LINE
  5
9E9
330
17
100
AcDbEntity
  8
0
100
AcDbLine
 10
358.01
 20
-393.762
 30
0.0
 11
358.051
 21
-393.545
 31
0.0
  0
LINE
  5
9EA
330
17
100
AcDbEntity
  8
0
100
AcDbLine
 10
358.153
 20
-393.003
 30
0.0
 11
358.051
 21
-393.545
 31
0.0
  0
LINE
  5
9EB
330
17
100
AcDbEntity
  8
0
100
AcDbLine
 10
358.198
 20
-392.768
 30
0.0
 11
358.153
 21
-393.003
 31
0.0
  0
LINE
  5
9EC
330
17
100
AcDbEntity
  8
0
100
AcDbLine
 10
358.198
 20
-392.768
 30
0.0
 11
358.252
 21
-392.481
 31
0.0
  0
LINE
  5
9ED
330
17
100
AcDbEntity
  8
0
100
AcDbLine
 10
358.217
 20
-392.664
 30
0.0
 11
358.252
 21
-392.481
 31
0.0
  0
LINE
  5
9EE
330
17
100
AcDbEntity
  8
0
100
AcDbLine
 10
358.345
 20
-391.987
 30
0.0
 11
358.217
 21
-392.664
 31
0.0
  0
LINE
  5
9EF
330
17
100
AcDbEntity
  8
0
100
AcDbLine
 10
358.366
 20
-391.874
 30
0.0
 11
358.345
 21
-391.987
 31
0.0
  0
LINE
  5
9F0
330
17
100
AcDbEntity
  8
0
100
AcDbLine
 10
358.366
 20
-391.874
 30
0.0
 11
358.289
 21
-392.286
 31
0.0
  0
LINE
  5
9F1
330
17
100
AcDbEntity
  8
0
100
AcDbLine
 10
358.281
 20
-392.325
 30
0.0
 11
358.289
 21
-392.286
 31
0.0
  0
LINE
  5
9F2
330
17
100
AcDbEntity
  8
0
100
AcDbLine
 10
358.357
 20
-391.922
 30
0.0
 11
358.281
 21
-392.325
 31
0.0
  0
LINE
  5
9F3
330
17
100
AcDbEntity
  8
0
100
AcDbLine
 10
358.412
 20
-391.635
 30
0.0
 11
358.402
 21
-391.688
 31
0.0
  0
LINE
  5
9F4
330
17
100
AcDbEntity
  8
0
100
AcDbLine
 10
358.366
 20
-391.874
 30
0.0
 11
358.357
 21
-391.922
 31
0.0
  0
LINE
  5
9F5
330
17
100
AcDbEntity
  8
0
100
AcDbLine
 10
358.412
 20
-391.635
 30
0.0
 11
358.412
 21
-391.635
 31
0.0
  0
LINE
  5
9F6
330
17
100
AcDbEntity
  8
0
100
AcDbLine
 10
358.412
 20
-391.635
 30
0.0
 11
358.402
 21
-391.688
 31
0.0
  0
LINE
  5
9F7
330
17
100
AcDbEntity
  8
0
100
AcDbLine
 10
358.366
 20
-391.874
 30
0.0
 11
358.338
 21
-392.026
 31
0.0
  0
LINE
  5
9F8
330
17
100
AcDbEntity
  8
0
100
AcDbLine
 10
358.426
 20
-391.557
 30
0.0
 11
358.402
 21
-391.688
 31
0.0
  0
LINE
  5
9F9
330
17
100
AcDbEntity
  8
0
100
AcDbLine
 10
358.366
 20
-391.874
 30
0.0
 11
358.338
 21
-392.026
 31
0.0
  0
LINE
  5
9FA
330
17
100
AcDbEntity
  8
0
100
AcDbLine
 10
358.419
 20
-391.596
 30
0.0
 11
358.426
 21
-391.557
 31
0.0
  0
LINE
  5
9FB
330
17
100
AcDbEntity
  8
0
100
AcDbLine
 10
358.419
 20
-391.596
 30
0.0
 11
358.402
 21
-391.688
 31
0.0
  0
LINE
  5
9FC
330
17
100
AcDbEntity
  8
0
100
AcDbLine
 10
358.366
 20
-391.874
 30
0.0
 11
358.303
 21
-392.208
 31
0.0
  0
LINE
  5
9FD
330
17
100
AcDbEntity
  8
0
100
AcDbLine
 10
358.303
 20
-392.208
 30
0.0
 11
358.163
 21
-392.95
 31
0.0
  0
LINE
  5
9FE
330
17
100
AcDbEntity
  8
0
100
AcDbLine
 10
358.148
 20
-393.028
 30
0.0
 11
358.163
 21
-392.95
 31
0.0
  0
LINE
  5
9FF
330
17
100
AcDbEntity
  8
0
100
AcDbLine
 10
358.244
 20
-392.52
 30
0.0
 11
358.148
 21
-393.028
 31
0.0
  0
LINE
  5
A00
330
17
100
AcDbEntity
  8
0
100
AcDbLine
 10
358.244
 20
-392.52
 30
0.0
 11
358.289
 21
-392.286
 31
0.0
  0
LINE
  5
A01
330
17
100
AcDbEntity
  8
0
100
AcDbLine
 10
358.289
 20
-392.286
 30
0.0
 11
358.19
 21
-392.807
 31
0.0
  0
LINE
  5
A02
330
17
100
AcDbEntity
  8
0
100
AcDbLine
 10
358.195
 20
-392.781
 30
0.0
 11
358.19
 21
-392.807
 31
0.0
  0
LINE
  5
A03
330
17
100
AcDbEntity
  8
0
100
AcDbLine
 10
358.195
 20
-392.781
 30
0.0
 11
358.075
 21
-393.418
 31
0.0
  0
LINE
  5
A04
330
17
100
AcDbEntity
  8
0
100
AcDbLine
 10
358.075
 20
-393.418
 30
0.0
 11
357.92
 21
-394.238
 31
0.0
  0
LINE
  5
A05
330
17
100
AcDbEntity
  8
0
100
AcDbLine
 10
357.92
 20
-394.238
 30
0.0
 11
357.819
 21
-394.772
 31
0.0
  0
LINE
  5
A06
330
17
100
AcDbEntity
  8
0
100
AcDbLine
 10
357.797
 20
-394.889
 30
0.0
 11
357.819
 21
-394.772
 31
0.0
  0
LINE
  5
A07
330
17
100
AcDbEntity
  8
0
100
AcDbLine
 10
357.698
 20
-395.409
 30
0.0
 11
357.797
 21
-394.889
 31
0.0
  0
LINE
  5
A08
330
17
100
AcDbEntity
  8
0
100
AcDbLine
 10
357.698
 20
-395.409
 30
0.0
 11
357.664
 21
-395.592
 31
0.0
  0
LINE
  5
A09
330
17
100
AcDbEntity
  8
0
100
AcDbLine
 10
357.664
 20
-395.592
 30
0.0
 11
357.543
 21
-396.229
 31
0.0
  0
LINE
  5
A0A
330
17
100
AcDbEntity
  8
0
100
AcDbLine
 10
357.563
 20
-396.125
 30
0.0
 11
357.543
 21
-396.229
 31
0.0
  0
LINE
  5
A0B
330
17
100
AcDbEntity
  8
0
100
AcDbLine
 10
357.384
 20
-397.075
 30
0.0
 11
357.563
 21
-396.125
 31
0.0
  0
LINE
  5
A0C
330
17
100
AcDbEntity
  8
0
100
AcDbLine
 10
357.384
 20
-397.075
 30
0.0
 11
357.332
 21
-397.348
 31
0.0
  0
LINE
  5
A0D
330
17
100
AcDbEntity
  8
0
100
AcDbLine
 10
357.332
 20
-397.348
 30
0.0
 11
357.253
 21
-397.765
 31
0.0
  0
LINE
  5
A0E
330
17
100
AcDbEntity
  8
0
100
AcDbLine
 10
357.113
 20
-398.507
 30
0.0
 11
357.253
 21
-397.765
 31
0.0
  0
LINE
  5
A0F
330
17
100
AcDbEntity
  8
0
100
AcDbLine
 10
357.113
 20
-398.507
 30
0.0
 11
357.108
 21
-398.533
 31
0.0
  0
LINE
  5
A10
330
17
100
AcDbEntity
  8
0
100
AcDbLine
 10
357.022
 20
-398.988
 30
0.0
 11
357.108
 21
-398.533
 31
0.0
  0
LINE
  5
A11
330
17
100
AcDbEntity
  8
0
100
AcDbLine
 10
357.022
 20
-398.988
 30
0.0
 11
356.904
 21
-399.613
 31
0.0
  0
LINE
  5
A12
330
17
100
AcDbEntity
  8
0
100
AcDbLine
 10
356.904
 20
-399.613
 30
0.0
 11
356.785
 21
-400.242
 31
0.0
  0
LINE
  5
A13
330
17
100
AcDbEntity
  8
0
100
AcDbLine
 10
356.785
 20
-400.242
 30
0.0
 11
356.746
 21
-400.448
 31
0.0
  0
LINE
  5
A14
330
17
100
AcDbEntity
  8
0
100
AcDbLine
 10
356.746
 20
-400.448
 30
0.0
 11
356.64
 21
-401.012
 31
0.0
  0
LINE
  5
A15
330
17
100
AcDbEntity
  8
0
100
AcDbLine
 10
356.64
 20
-401.012
 30
0.0
 11
356.621
 21
-401.109
 31
0.0
  0
LINE
  5
A16
330
17
100
AcDbEntity
  8
0
100
AcDbLine
 10
356.646
 20
-400.979
 30
0.0
 11
356.621
 21
-401.109
 31
0.0
  0
LINE
  5
A17
330
17
100
AcDbEntity
  8
0
100
AcDbLine
 10
356.67
 20
-400.849
 30
0.0
 11
356.646
 21
-400.979
 31
0.0
  0
LINE
  5
A18
330
17
100
AcDbEntity
  8
0
100
AcDbLine
 10
356.67
 20
-400.849
 30
0.0
 11
356.636
 21
-401.033
 31
0.0
  0
LINE
  5
A19
330
17
100
AcDbEntity
  8
0
100
AcDbLine
 10
356.636
 20
-401.033
 30
0.0
 11
356.584
 21
-401.305
 31
0.0
  0
LINE
  5
A1A
330
17
100
AcDbEntity
  8
0
100
AcDbLine
 10
356.584
 20
-401.305
 30
0.0
 11
356.535
 21
-401.565
 31
0.0
  0
LINE
  5
A1B
330
17
100
AcDbEntity
  8
0
100
AcDbLine
 10
356.535
 20
-401.565
 30
0.0
 11
356.463
 21
-401.944
 31
0.0
  0
LINE
  5
A1C
330
17
100
AcDbEntity
  8
0
100
AcDbLine
 10
356.394
 20
-402.313
 30
0.0
 11
356.463
 21
-401.944
 31
0.0
  0
LINE
  5
A1D
330
17
100
AcDbEntity
  8
0
100
AcDbLine
 10
356.394
 20
-402.313
 30
0.0
 11
356.435
 21
-402.096
 31
0.0
  0
LINE
  5
A1E
330
17
100
AcDbEntity
  8
0
100
AcDbLine
 10
356.369
 20
-402.443
 30
0.0
 11
356.435
 21
-402.096
 31
0.0
  0
LINE
  5
A1F
330
17
100
AcDbEntity
  8
0
100
AcDbLine
 10
356.369
 20
-402.443
 30
0.0
 11
356.293
 21
-402.845
 31
0.0
  0
LINE
  5
A20
330
17
100
AcDbEntity
  8
0
100
AcDbLine
 10
356.293
 20
-402.845
 30
0.0
 11
356.226
 21
-403.202
 31
0.0
  0
LINE
  5
A21
330
17
100
AcDbEntity
  8
0
100
AcDbLine
 10
356.226
 20
-403.202
 30
0.0
 11
356.172
 21
-403.484
 31
0.0
  0
LINE
  5
A22
330
17
100
AcDbEntity
  8
0
100
AcDbLine
 10
356.183
 20
-403.43
 30
0.0
 11
356.172
 21
-403.484
 31
0.0
  0
LINE
  5
A23
330
17
100
AcDbEntity
  8
0
100
AcDbLine
 10
356.183
 20
-403.43
 30
0.0
 11
356.228
 21
-403.192
 31
0.0
  0
LINE
  5
A24
330
17
100
AcDbEntity
  8
0
100
AcDbLine
 10
356.17
 20
-403.495
 30
0.0
 11
356.228
 21
-403.192
 31
0.0
  0
LINE
  5
A25
330
17
100
AcDbEntity
  8
0
100
AcDbLine
 10
356.17
 20
-403.495
 30
0.0
 11
356.181
 21
-403.441
 31
0.0
  0
LINE
  5
A26
330
17
100
AcDbEntity
  8
0
100
AcDbLine
 10
356.156
 20
-403.571
 30
0.0
 11
356.181
 21
-403.441
 31
0.0
  0
LINE
  5
A27
330
17
100
AcDbEntity
  8
0
100
AcDbLine
 10
356.156
 20
-403.571
 30
0.0
 11
356.142
 21
-403.647
 31
0.0
  0
LINE
  5
A28
330
17
100
AcDbEntity
  8
0
100
AcDbLine
 10
356.095
 20
-403.896
 30
0.0
 11
356.142
 21
-403.647
 31
0.0
  0
LINE
  5
A29
330
17
100
AcDbEntity
  8
0
100
AcDbLine
 10
356.095
 20
-403.896
 30
0.0
 11
356.06
 21
-404.081
 31
0.0
  0
LINE
  5
A2A
330
17
100
AcDbEntity
  8
0
100
AcDbLine
 10
356.06
 20
-404.081
 30
0.0
 11
356.011
 21
-404.341
 31
0.0
  0
LINE
  5
A2B
330
17
100
AcDbEntity
  8
0
100
AcDbLine
 10
355.924
 20
-404.797
 30
0.0
 11
356.011
 21
-404.341
 31
0.0
  0
LINE
  5
A2C
330
17
100
AcDbEntity
  8
0
100
AcDbLine
 10
355.924
 20
-404.797
 30
0.0
 11
355.915
 21
-404.849
 31
0.0
  0
LINE
  5
A2D
330
17
100
AcDbEntity
  8
0
100
AcDbLine
 10
355.9
 20
-404.927
 30
0.0
 11
355.915
 21
-404.849
 31
0.0
  0
LINE
  5
A2E
330
17
100
AcDbEntity
  8
0
100
AcDbLine
 10
355.9
 20
-404.927
 30
0.0
 11
355.922
 21
-404.81
 31
0.0
  0
LINE
  5
A2F
330
17
100
AcDbEntity
  8
0
100
AcDbLine
 10
355.927
 20
-404.784
 30
0.0
 11
355.922
 21
-404.81
 31
0.0
  0
LINE
  5
A30
330
17
100
AcDbEntity
  8
0
100
AcDbLine
 10
355.974
 20
-404.536
 30
0.0
 11
355.927
 21
-404.784
 31
0.0
  0
LINE
  5
A31
330
17
100
AcDbEntity
  8
0
100
AcDbLine
 10
356.011
 20
-404.341
 30
0.0
 11
355.974
 21
-404.536
 31
0.0
  0
LINE
  5
A32
330
17
100
AcDbEntity
  8
0
100
AcDbLine
 10
356.024
 20
-404.269
 30
0.0
 11
356.011
 21
-404.341
 31
0.0
  0
LINE
  5
A33
330
17
100
AcDbEntity
  8
0
100
AcDbLine
 10
356.138
 20
-403.664
 30
0.0
 11
356.059
 21
-404.083
 31
0.0
  0
LINE
  5
A34
330
17
100
AcDbEntity
  8
0
100
AcDbLine
 10
356.138
 20
-403.664
 30
0.0
 11
356.2
 21
-403.339
 31
0.0
  0
LINE
  5
A35
330
17
100
AcDbEntity
  8
0
100
AcDbLine
 10
356.296
 20
-402.832
 30
0.0
 11
356.2
 21
-403.339
 31
0.0
  0
LINE
  5
A36
330
17
100
AcDbEntity
  8
0
100
AcDbLine
 10
356.296
 20
-402.832
 30
0.0
 11
356.232
 21
-403.17
 31
0.0
  0
LINE
  5
A37
330
17
100
AcDbEntity
  8
0
100
AcDbLine
 10
356.185
 20
-403.417
 30
0.0
 11
356.232
 21
-403.17
 31
0.0
  0
LINE
  5
A38
330
17
100
AcDbEntity
  8
0
100
AcDbLine
 10
352.817
 20
-397.236
 30
0.0
 11
353.164
 21
-397.302
 31
0.0
  0
LINE
  5
A39
330
17
100
AcDbEntity
  8
0
100
AcDbLine
 10
352.416
 20
-397.16
 30
0.0
 11
352.817
 21
-397.236
 31
0.0
  0
LINE
  5
A3A
330
17
100
AcDbEntity
  8
0
100
AcDbLine
 10
352.058
 20
-397.093
 30
0.0
 11
352.416
 21
-397.16
 31
0.0
  0
LINE
  5
A3B
330
17
100
AcDbEntity
  8
0
100
AcDbLine
 10
351.776
 20
-397.039
 30
0.0
 11
352.058
 21
-397.093
 31
0.0
  0
LINE
  5
A3C
330
17
100
AcDbEntity
  8
0
100
AcDbLine
 10
351.83
 20
-397.05
 30
0.0
 11
351.776
 21
-397.039
 31
0.0
  0
LINE
  5
A3D
330
17
100
AcDbEntity
  8
0
100
AcDbLine
 10
351.83
 20
-397.05
 30
0.0
 11
352.069
 21
-397.095
 31
0.0
  0
LINE
  5
A3E
330
17
100
AcDbEntity
  8
0
100
AcDbLine
 10
351.765
 20
-397.037
 30
0.0
 11
352.069
 21
-397.095
 31
0.0
  0
LINE
  5
A3F
330
17
100
AcDbEntity
  8
0
100
AcDbLine
 10
351.765
 20
-397.037
 30
0.0
 11
351.82
 21
-397.048
 31
0.0
  0
LINE
  5
A40
330
17
100
AcDbEntity
  8
0
100
AcDbLine
 10
351.689
 20
-397.023
 30
0.0
 11
351.82
 21
-397.048
 31
0.0
  0
LINE
  5
A41
330
17
100
AcDbEntity
  8
0
100
AcDbLine
 10
351.689
 20
-397.023
 30
0.0
 11
351.614
 21
-397.009
 31
0.0
  0
LINE
  5
A42
330
17
100
AcDbEntity
  8
0
100
AcDbLine
 10
351.364
 20
-396.962
 30
0.0
 11
351.614
 21
-397.009
 31
0.0
  0
LINE
  5
A43
330
17
100
AcDbEntity
  8
0
100
AcDbLine
 10
351.364
 20
-396.962
 30
0.0
 11
351.18
 21
-396.927
 31
0.0
  0
LINE
  5
A44
330
17
100
AcDbEntity
  8
0
100
AcDbLine
 10
351.18
 20
-396.927
 30
0.0
 11
350.919
 21
-396.878
 31
0.0
  0
LINE
  5
A45
330
17
100
AcDbEntity
  8
0
100
AcDbLine
 10
350.464
 20
-396.791
 30
0.0
 11
350.919
 21
-396.878
 31
0.0
  0
LINE
  5
A46
330
17
100
AcDbEntity
  8
0
100
AcDbLine
 10
350.412
 20
-396.782
 30
0.0
 11
350.464
 21
-396.791
 31
0.0
  0
LINE
  5
A47
330
17
100
AcDbEntity
  8
0
100
AcDbLine
 10
350.334
 20
-396.767
 30
0.0
 11
350.412
 21
-396.782
 31
0.0
  0
LINE
  5
A48
330
17
100
AcDbEntity
  8
0
100
AcDbLine
 10
350.334
 20
-396.767
 30
0.0
 11
350.451
 21
-396.789
 31
0.0
  0
LINE
  5
A49
330
17
100
AcDbEntity
  8
0
100
AcDbLine
 10
350.477
 20
-396.794
 30
0.0
 11
350.451
 21
-396.789
 31
0.0
  0
LINE
  5
A4A
330
17
100
AcDbEntity
  8
0
100
AcDbLine
 10
350.477
 20
-396.794
 30
0.0
 11
350.724
 21
-396.841
 31
0.0
  0
LINE
  5
A4B
330
17
100
AcDbEntity
  8
0
100
AcDbLine
 10
350.845
 20
-396.863
 30
0.0
 11
350.724
 21
-396.841
 31
0.0
  0
LINE
  5
A4C
330
17
100
AcDbEntity
  8
0
100
AcDbLine
 10
351.154
 20
-396.922
 30
0.0
 11
351.101
 21
-396.912
 31
0.0
  0
LINE
  5
A4D
330
17
100
AcDbEntity
  8
0
100
AcDbLine
 10
351.596
 20
-397.005
 30
0.0
 11
351.154
 21
-396.922
 31
0.0
  0
LINE
  5
A4E
330
17
100
AcDbEntity
  8
0
100
AcDbLine
 10
351.596
 20
-397.005
 30
0.0
 11
351.921
 21
-397.067
 31
0.0
  0
LINE
  5
A4F
330
17
100
AcDbEntity
  8
0
100
AcDbLine
 10
352.429
 20
-397.163
 30
0.0
 11
351.921
 21
-397.067
 31
0.0
  0
LINE
  5
A50
330
17
100
AcDbEntity
  8
0
100
AcDbLine
 10
352.091
 20
-397.099
 30
0.0
 11
352.429
 21
-397.163
 31
0.0
  0
LINE
  5
A51
330
17
100
AcDbEntity
  8
0
100
AcDbLine
 10
351.843
 20
-397.052
 30
0.0
 11
352.091
 21
-397.099
 31
0.0
  0
LINE
  5
A52
330
17
100
AcDbEntity
  8
0
100
AcDbLine
 10
351.843
 20
-397.052
 30
0.0
 11
351.869
 21
-397.057
 31
0.0
  0
LINE
  5
A53
330
17
100
AcDbEntity
  8
0
100
AcDbLine
 10
352.13
 20
-397.106
 30
0.0
 11
351.869
 21
-397.057
 31
0.0
  0
LINE
  5
A54
330
17
100
AcDbEntity
  8
0
100
AcDbLine
 10
352.13
 20
-397.106
 30
0.0
 11
352.13
 21
-397.106
 31
0.0
  0
LINE
  5
A55
330
17
100
AcDbEntity
  8
0
100
AcDbLine
 10
352.989
 20
-397.269
 30
0.0
 11
352.13
 21
-397.106
 31
0.0
  0
LINE
  5
A56
330
17
100
AcDbEntity
  8
0
100
AcDbLine
 10
352.989
 20
-397.269
 30
0.0
 11
353.262
 21
-397.32
 31
0.0
  0
LINE
  5
A57
330
17
100
AcDbEntity
  8
0
100
AcDbLine
 10
353.509
 20
-397.367
 30
0.0
 11
353.262
 21
-397.32
 31
0.0
  0
LINE
  5
A58
330
17
100
AcDbEntity
  8
0
100
AcDbLine
 10
353.522
 20
-397.369
 30
0.0
 11
353.509
 21
-397.367
 31
0.0
  0
LINE
  5
A59
330
17
100
AcDbEntity
  8
0
100
AcDbLine
 10
353.522
 20
-397.369
 30
0.0
 11
353.639
 21
-397.392
 31
0.0
  0
LINE
  5
A5A
330
17
100
AcDbEntity
  8
0
100
AcDbLine
 10
354.108
 20
-397.48
 30
0.0
 11
353.639
 21
-397.392
 31
0.0
  0
LINE
  5
A5B
330
17
100
AcDbEntity
  8
0
100
AcDbLine
 10
354.355
 20
-397.527
 30
0.0
 11
354.108
 21
-397.48
 31
0.0
  0
LINE
  5
A5C
330
17
100
AcDbEntity
  8
0
100
AcDbLine
 10
354.355
 20
-397.527
 30
0.0
 11
354.524
 21
-397.559
 31
0.0
  0
LINE
  5
A5D
330
17
100
AcDbEntity
  8
0
100
AcDbLine
 10
354.85
 20
-397.62
 30
0.0
 11
354.524
 21
-397.559
 31
0.0
  0
LINE
  5
A5E
330
17
100
AcDbEntity
  8
0
100
AcDbLine
 10
355.123
 20
-397.672
 30
0.0
 11
354.85
 21
-397.62
 31
0.0
  0
LINE
  5
A5F
330
17
100
AcDbEntity
  8
0
100
AcDbLine
 10
355.123
 20
-397.672
 30
0.0
 11
355.435
 21
-397.731
 31
0.0
  0
LINE
  5
A60
330
17
100
AcDbEntity
  8
0
100
AcDbLine
 10
355.435
 20
-397.731
 30
0.0
 11
355.552
 21
-397.753
 31
0.0
  0
LINE
  5
A61
330
17
100
AcDbEntity
  8
0
100
AcDbLine
 10
356.203
 20
-397.876
 30
0.0
 11
355.552
 21
-397.753
 31
0.0
  0
LINE
  5
A62
330
17
100
AcDbEntity
  8
0
100
AcDbLine
 10
356.203
 20
-397.876
 30
0.0
 11
356.463
 21
-397.925
 31
0.0
  0
LINE
  5
A63
330
17
100
AcDbEntity
  8
0
100
AcDbLine
 10
356.893
 20
-398.006
 30
0.0
 11
356.463
 21
-397.925
 31
0.0
  0
LINE
  5
A64
330
17
100
AcDbEntity
  8
0
100
AcDbLine
 10
356.945
 20
-398.016
 30
0.0
 11
356.893
 21
-398.006
 31
0.0
  0
LINE
  5
A65
330
17
100
AcDbEntity
  8
0
100
AcDbLine
 10
356.945
 20
-398.016
 30
0.0
 11
356.945
 21
-398.016
 31
0.0
  0
LINE
  5
A66
330
17
100
AcDbEntity
  8
0
100
AcDbLine
 10
356.945
 20
-398.016
 30
0.0
 11
357.449
 21
-398.111
 31
0.0
  0
LINE
  5
A67
330
17
100
AcDbEntity
  8
0
100
AcDbLine
 10
357.449
 20
-398.111
 30
0.0
 11
357.449
 21
-398.111
 31
0.0
  0
LINE
  5
A68
330
17
100
AcDbEntity
  8
0
100
AcDbLine
 10
357.449
 20
-398.111
 30
0.0
 11
357.405
 21
-398.103
 31
0.0
  0
LINE
  5
A69
330
17
100
AcDbEntity
  8
0
100
AcDbLine
 10
357.405
 20
-398.103
 30
0.0
 11
357.342
 21
-398.091
 31
0.0
  0
LINE
  5
A6A
330
17
100
AcDbEntity
  8
0
100
AcDbLine
 10
357.342
 20
-398.091
 30
0.0
 11
357.369
 21
-398.096
 31
0.0
  0
LINE
  5
A6B
330
17
100
AcDbEntity
  8
0
100
AcDbLine
 10
357.369
 20
-398.096
 30
0.0
 11
357.631
 21
-398.146
 31
0.0
  0
LINE
  5
A6C
330
17
100
AcDbEntity
  8
0
100
AcDbLine
 10
358.227
 20
-398.259
 30
0.0
 11
357.631
 21
-398.146
 31
0.0
  0
LINE
  5
A6D
330
17
100
AcDbEntity
  8
0
100
AcDbLine
 10
358.227
 20
-398.259
 30
0.0
 11
358.589
 21
-398.327
 31
0.0
  0
LINE
  5
A6E
330
17
100
AcDbEntity
  8
0
100
AcDbLine
 10
358.752
 20
-398.358
 30
0.0
 11
358.589
 21
-398.327
 31
0.0
  0
LINE
  5
A6F
330
17
100
AcDbEntity
  8
0
100
AcDbLine
 10
359.438
 20
-398.487
 30
0.0
 11
358.752
 21
-398.358
 31
0.0
  0
LINE
  5
A70
330
17
100
AcDbEntity
  8
0
100
AcDbLine
 10
360.478
 20
-398.684
 30
0.0
 11
359.438
 21
-398.487
 31
0.0
  0
LINE
  5
A71
330
17
100
AcDbEntity
  8
0
100
AcDbLine
 10
360.478
 20
-398.684
 30
0.0
 11
360.116
 21
-398.615
 31
0.0
  0
LINE
  5
A72
330
17
100
AcDbEntity
  8
0
100
AcDbLine
 10
360.116
 20
-398.615
 30
0.0
 11
360.351
 21
-398.66
 31
0.0
  0
LINE
  5
A73
330
17
100
AcDbEntity
  8
0
100
AcDbLine
 10
360.731
 20
-398.732
 30
0.0
 11
360.351
 21
-398.66
 31
0.0
  0
LINE
  5
A74
330
17
100
AcDbEntity
  8
0
100
AcDbLine
 10
360.731
 20
-398.732
 30
0.0
 11
361.183
 21
-398.817
 31
0.0
  0
LINE
  5
A75
330
17
100
AcDbEntity
  8
0
100
AcDbLine
 10
361.499
 20
-398.877
 30
0.0
 11
361.183
 21
-398.817
 31
0.0
  0
LINE
  5
A76
330
17
100
AcDbEntity
  8
0
100
AcDbLine
 10
361.499
 20
-398.877
 30
0.0
 11
361.716
 21
-398.918
 31
0.0
  0
LINE
  5
A77
330
17
100
AcDbEntity
  8
0
100
AcDbLine
 10
362.258
 20
-399.02
 30
0.0
 11
361.716
 21
-398.918
 31
0.0
  0
LINE
  5
A78
330
17
100
AcDbEntity
  8
0
100
AcDbLine
 10
362.493
 20
-399.065
 30
0.0
 11
362.258
 21
-399.02
 31
0.0
  0
LINE
  5
A79
330
17
100
AcDbEntity
  8
0
100
AcDbLine
 10
362.493
 20
-399.065
 30
0.0
 11
362.779
 21
-399.119
 31
0.0
  0
LINE
  5
A7A
330
17
100
AcDbEntity
  8
0
100
AcDbLine
 10
362.779
 20
-399.119
 30
0.0
 11
362.597
 21
-399.084
 31
0.0
  0
LINE
  5
A7B
330
17
100
AcDbEntity
  8
0
100
AcDbLine
 10
363.274
 20
-399.212
 30
0.0
 11
362.597
 21
-399.084
 31
0.0
  0
LINE
  5
A7C
330
17
100
AcDbEntity
  8
0
100
AcDbLine
 10
363.293
 20
-399.216
 30
0.0
 11
363.274
 21
-399.212
 31
0.0
  0
LINE
  5
A7D
330
17
100
AcDbEntity
  8
0
100
AcDbLine
 10
363.293
 20
-399.216
 30
0.0
 11
362.974
 21
-399.156
 31
0.0
  0
LINE
  5
A7E
330
17
100
AcDbEntity
  8
0
100
AcDbLine
 10
362.974
 20
-399.156
 30
0.0
 11
362.935
 21
-399.148
 31
0.0
  0
LINE
  5
A7F
330
17
100
AcDbEntity
  8
0
100
AcDbLine
 10
363.293
 20
-399.216
 30
0.0
 11
362.935
 21
-399.148
 31
0.0
  0
LINE
  5
A80
330
17
100
AcDbEntity
  8
0
100
AcDbLine
 10
363.479
 20
-399.251
 30
0.0
 11
363.625
 21
-399.279
 31
0.0
  0
LINE
  5
A81
330
17
100
AcDbEntity
  8
0
100
AcDbLine
 10
363.625
 20
-399.279
 30
0.0
 11
363.625
 21
-399.279
 31
0.0
  0
LINE
  5
A82
330
17
100
AcDbEntity
  8
0
100
AcDbLine
 10
363.625
 20
-399.279
 30
0.0
 11
363.479
 21
-399.251
 31
0.0
  0
LINE
  5
A83
330
17
100
AcDbEntity
  8
0
100
AcDbLine
 10
363.293
 20
-399.216
 30
0.0
 11
363.235
 21
-399.205
 31
0.0
  0
LINE
  5
A84
330
17
100
AcDbEntity
  8
0
100
AcDbLine
 10
363.235
 20
-399.205
 30
0.0
 11
363.293
 21
-399.216
 31
0.0
  0
LINE
  5
A85
330
17
100
AcDbEntity
  8
0
100
AcDbLine
 10
363.479
 20
-399.251
 30
0.0
 11
363.703
 21
-399.293
 31
0.0
  0
LINE
  5
A86
330
17
100
AcDbEntity
  8
0
100
AcDbLine
 10
363.664
 20
-399.286
 30
0.0
 11
363.703
 21
-399.293
 31
0.0
  0
LINE
  5
A87
330
17
100
AcDbEntity
  8
0
100
AcDbLine
 10
363.053
 20
-399.17
 30
0.0
 11
363.293
 21
-399.216
 31
0.0
  0
LINE
  5
A88
330
17
100
AcDbEntity
  8
0
100
AcDbLine
 10
363.479
 20
-399.251
 30
0.0
 11
363.664
 21
-399.286
 31
0.0
  0
LINE
  5
A89
330
17
100
AcDbEntity
  8
0
100
AcDbLine
 10
363.053
 20
-399.17
 30
0.0
 11
362.311
 21
-399.03
 31
0.0
  0
LINE
  5
A8A
330
17
100
AcDbEntity
  8
0
100
AcDbLine
 10
362.311
 20
-399.03
 30
0.0
 11
362.233
 21
-399.015
 31
0.0
  0
LINE
  5
A8B
330
17
100
AcDbEntity
  8
0
100
AcDbLine
 10
362.74
 20
-399.111
 30
0.0
 11
362.233
 21
-399.015
 31
0.0
  0
LINE
  5
A8C
330
17
100
AcDbEntity
  8
0
100
AcDbLine
 10
362.74
 20
-399.111
 30
0.0
 11
362.974
 21
-399.156
 31
0.0
  0
LINE
  5
A8D
330
17
100
AcDbEntity
  8
0
100
AcDbLine
 10
362.974
 20
-399.156
 30
0.0
 11
362.454
 21
-399.057
 31
0.0
  0
LINE
  5
A8E
330
17
100
AcDbEntity
  8
0
100
AcDbLine
 10
362.48
 20
-399.062
 30
0.0
 11
362.454
 21
-399.057
 31
0.0
  0
LINE
  5
A8F
330
17
100
AcDbEntity
  8
0
100
AcDbLine
 10
361.842
 20
-398.942
 30
0.0
 11
362.48
 21
-399.062
 31
0.0
  0
LINE
  5
A90
330
17
100
AcDbEntity
  8
0
100
AcDbLine
 10
361.022
 20
-398.787
 30
0.0
 11
361.842
 21
-398.942
 31
0.0
  0
LINE
  5
A91
330
17
100
AcDbEntity
  8
0
100
AcDbLine
 10
361.022
 20
-398.787
 30
0.0
 11
360.489
 21
-398.686
 31
0.0
  0
LINE
  5
A92
330
17
100
AcDbEntity
  8
0
100
AcDbLine
 10
360.489
 20
-398.686
 30
0.0
 11
360.372
 21
-398.664
 31
0.0
  0
LINE
  5
A93
330
17
100
AcDbEntity
  8
0
100
AcDbLine
 10
359.851
 20
-398.565
 30
0.0
 11
360.372
 21
-398.664
 31
0.0
  0
LINE
  5
A94
330
17
100
AcDbEntity
  8
0
100
AcDbLine
 10
359.669
 20
-398.531
 30
0.0
 11
359.851
 21
-398.565
 31
0.0
  0
LINE
  5
A95
330
17
100
AcDbEntity
  8
0
100
AcDbLine
 10
359.669
 20
-398.531
 30
0.0
 11
359.031
 21
-398.41
 31
0.0
  0
LINE
  5
A96
330
17
100
AcDbEntity
  8
0
100
AcDbLine
 10
359.031
 20
-398.41
 30
0.0
 11
359.135
 21
-398.43
 31
0.0
  0
LINE
  5
A97
330
17
100
AcDbEntity
  8
0
100
AcDbLine
 10
358.185
 20
-398.251
 30
0.0
 11
359.135
 21
-398.43
 31
0.0
  0
LINE
  5
A98
330
17
100
AcDbEntity
  8
0
100
AcDbLine
 10
358.185
 20
-398.251
 30
0.0
 11
357.912
 21
-398.199
 31
0.0
  0
LINE
  5
A99
330
17
100
AcDbEntity
  8
0
100
AcDbLine
 10
357.912
 20
-398.199
 30
0.0
 11
357.496
 21
-398.12
 31
0.0
  0
LINE
  5
A9A
330
17
100
AcDbEntity
  8
0
100
AcDbLine
 10
356.754
 20
-397.98
 30
0.0
 11
357.496
 21
-398.12
 31
0.0
  0
LINE
  5
A9B
330
17
100
AcDbEntity
  8
0
100
AcDbLine
 10
356.754
 20
-397.98
 30
0.0
 11
356.728
 21
-397.975
 31
0.0
  0
LINE
  5
A9C
330
17
100
AcDbEntity
  8
0
100
AcDbLine
 10
356.272
 20
-397.889
 30
0.0
 11
356.728
 21
-397.975
 31
0.0
  0
LINE
  5
A9D
330
17
100
AcDbEntity
  8
0
100
AcDbLine
 10
356.272
 20
-397.889
 30
0.0
 11
355.648
 21
-397.771
 31
0.0
  0
LINE
  5
A9E
330
17
100
AcDbEntity
  8
0
100
AcDbLine
 10
355.648
 20
-397.771
 30
0.0
 11
355.019
 21
-397.652
 31
0.0
  0
LINE
  5
A9F
330
17
100
AcDbEntity
  8
0
100
AcDbLine
 10
354.813
 20
-397.613
 30
0.0
 11
355.019
 21
-397.652
 31
0.0
  0
LINE
  5
AA0
330
17
100
AcDbEntity
  8
0
100
AcDbLine
 10
354.249
 20
-397.507
 30
0.0
 11
354.813
 21
-397.613
 31
0.0
  0
LINE
  5
AA1
330
17
100
AcDbEntity
  8
0
100
AcDbLine
 10
354.151
 20
-397.488
 30
0.0
 11
354.249
 21
-397.507
 31
0.0
  0
LINE
  5
AA2
330
17
100
AcDbEntity
  8
0
100
AcDbLine
 10
354.281
 20
-397.513
 30
0.0
 11
354.151
 21
-397.488
 31
0.0
  0
LINE
  5
AA3
330
17
100
AcDbEntity
  8
0
100
AcDbLine
 10
354.281
 20
-397.513
 30
0.0
 11
354.411
 21
-397.537
 31
0.0
  0
LINE
  5
AA4
330
17
100
AcDbEntity
  8
0
100
AcDbLine
 10
354.227
 20
-397.503
 30
0.0
 11
354.411
 21
-397.537
 31
0.0
  0
LINE
  5
AA5
330
17
100
AcDbEntity
  8
0
100
AcDbLine
 10
354.227
 20
-397.503
 30
0.0
 11
353.956
 21
-397.451
 31
0.0
  0
LINE
  5
AA6
330
17
100
AcDbEntity
  8
0
100
AcDbLine
 10
353.956
 20
-397.451
 30
0.0
 11
353.696
 21
-397.402
 31
0.0
  0
LINE
  5
AA7
330
17
100
AcDbEntity
  8
0
100
AcDbLine
 10
353.696
 20
-397.402
 30
0.0
 11
353.316
 21
-397.33
 31
0.0
  0
LINE
  5
AA8
330
17
100
AcDbEntity
  8
0
100
AcDbLine
 10
352.947
 20
-397.261
 30
0.0
 11
353.316
 21
-397.33
 31
0.0
  0
LINE
  5
AA9
330
17
100
AcDbEntity
  8
0
100
AcDbLine
 10
352.947
 20
-397.261
 30
0.0
 11
353.164
 21
-397.302
 31
0.0
  0
LINE
  5
AAA
330
17
100
AcDbEntity
  8
0
100
AcDbLine
 10
339.288
 20
-394.672
 30
0.0
 11
340.042
 21
-393.668
 31
0.0
  0
LINE
  5
AAB
330
17
100
AcDbEntity
  8
0
100
AcDbLine
 10
338.746
 20
-395.804
 30
0.0
 11
339.288
 21
-394.672
 31
0.0
  0
LINE
  5
AAC
330
17
100
AcDbEntity
  8
0
100
AcDbLine
 10
338.434
 20
-397.019
 30
0.0
 11
338.746
 21
-395.804
 31
0.0
  0
LINE
  5
AAD
330
17
100
AcDbEntity
  8
0
100
AcDbLine
 10
338.365
 20
-398.273
 30
0.0
 11
338.434
 21
-397.019
 31
0.0
  0
LINE
  5
AAE
330
17
100
AcDbEntity
  8
0
100
AcDbLine
 10
338.543
 20
-399.515
 30
0.0
 11
338.365
 21
-398.273
 31
0.0
  0
LINE
  5
AAF
330
17
100
AcDbEntity
  8
0
100
AcDbLine
 10
338.959
 20
-400.699
 30
0.0
 11
338.543
 21
-399.515
 31
0.0
  0
LINE
  5
AB0
330
17
100
AcDbEntity
  8
0
100
AcDbLine
 10
339.598
 20
-401.779
 30
0.0
 11
338.959
 21
-400.699
 31
0.0
  0
LINE
  5
AB1
330
17
100
AcDbEntity
  8
0
100
AcDbLine
 10
340.436
 20
-402.713
 30
0.0
 11
339.598
 21
-401.779
 31
0.0
  0
LINE
  5
AB2
330
17
100
AcDbEntity
  8
0
100
AcDbLine
 10
341.44
 20
-403.467
 30
0.0
 11
340.436
 21
-402.713
 31
0.0
  0
LINE
  5
AB3
330
17
100
AcDbEntity
  8
0
100
AcDbLine
 10
342.571
 20
-404.01
 30
0.0
 11
341.44
 21
-403.467
 31
0.0
  0
LINE
  5
AB4
330
17
100
AcDbEntity
  8
0
100
AcDbLine
 10
343.787
 20
-404.321
 30
0.0
 11
342.571
 21
-404.01
 31
0.0
  0
LINE
  5
AB5
330
17
100
AcDbEntity
  8
0
100
AcDbLine
 10
345.04
 20
-404.39
 30
0.0
 11
343.787
 21
-404.321
 31
0.0
  0
LINE
  5
AB6
330
17
100
AcDbEntity
  8
0
100
AcDbLine
 10
346.282
 20
-404.212
 30
0.0
 11
345.04
 21
-404.39
 31
0.0
  0
LINE
  5
AB7
330
17
100
AcDbEntity
  8
0
100
AcDbLine
 10
347.466
 20
-403.796
 30
0.0
 11
346.282
 21
-404.212
 31
0.0
  0
LINE
  5
AB8
330
17
100
AcDbEntity
  8
0
100
AcDbLine
 10
348.546
 20
-403.157
 30
0.0
 11
347.466
 21
-403.796
 31
0.0
  0
LINE
  5
AB9
330
17
100
AcDbEntity
  8
0
100
AcDbLine
 10
349.481
 20
-402.319
 30
0.0
 11
348.546
 21
-403.157
 31
0.0
  0
LINE
  5
ABA
330
17
100
AcDbEntity
  8
0
100
AcDbLine
 10
350.234
 20
-401.316
 30
0.0
 11
349.481
 21
-402.319
 31
0.0
  0
LINE
  5
ABB
330
17
100
AcDbEntity
  8
0
100
AcDbLine
 10
350.777
 20
-400.184
 30
0.0
 11
350.234
 21
-401.316
 31
0.0
  0
LINE
  5
ABC
330
17
100
AcDbEntity
  8
0
100
AcDbLine
 10
351.088
 20
-398.968
 30
0.0
 11
350.777
 21
-400.184
 31
0.0
  0
LINE
  5
ABD
330
17
100
AcDbEntity
  8
0
100
AcDbLine
 10
351.157
 20
-397.715
 30
0.0
 11
351.088
 21
-398.968
 31
0.0
  0
LINE
  5
ABE
330
17
100
AcDbEntity
  8
0
100
AcDbLine
 10
350.98
 20
-396.473
 30
0.0
 11
351.157
 21
-397.715
 31
0.0
  0
LINE
  5
ABF
330
17
100
AcDbEntity
  8
0
100
AcDbLine
 10
350.563
 20
-395.289
 30
0.0
 11
350.98
 21
-396.473
 31
0.0
  0
LINE
  5
AC0
330
17
100
AcDbEntity
  8
0
100
AcDbLine
 10
349.924
 20
-394.209
 30
0.0
 11
350.563
 21
-395.289
 31
0.0
  0
LINE
  5
AC1
330
17
100
AcDbEntity
  8
0
100
AcDbLine
 10
349.087
 20
-393.274
 30
0.0
 11
349.924
 21
-394.209
 31
0.0
  0
LINE
  5
AC2
330
17
100
AcDbEntity
  8
0
100
AcDbLine
 10
348.083
 20
-392.521
 30
0.0
 11
349.087
 21
-393.274
 31
0.0
  0
LINE
  5
AC3
330
17
100
AcDbEntity
  8
0
100
AcDbLine
 10
346.951
 20
-391.978
 30
0.0
 11
348.083
 21
-392.521
 31
0.0
  0
LINE
  5
AC4
330
17
100
AcDbEntity
  8
0
100
AcDbLine
 10
345.736
 20
-391.667
 30
0.0
 11
346.951
 21
-391.978
 31
0.0
  0
LINE
  5
AC5
330
17
100
AcDbEntity
  8
0
100
AcDbLine
 10
344.483
 20
-391.598
 30
0.0
 11
345.736
 21
-391.667
 31
0.0
  0
LINE
  5
AC6
330
17
100
AcDbEntity
  8
0
100
AcDbLine
 10
343.24
 20
-391.775
 30
0.0
 11
344.483
 21
-391.598
 31
0.0
  0
LINE
  5
AC7
330
17
100
AcDbEntity
  8
0
100
AcDbLine
 10
342.056
 20
-392.192
 30
0.0
 11
343.24
 21
-391.775
 31
0.0
  0
LINE
  5
AC8
330
17
100
AcDbEntity
  8
0
100
AcDbLine
 10
342.056
 20
-392.192
 30
0.0
 11
340.976
 21
-392.831
 31
0.0
  0
LINE
  5
AC9
330
17
100
AcDbEntity
  8
0
100
AcDbLine
 10
340.976
 20
-392.831
 30
0.0
 11
340.042
 21
-393.668
 31
0.0
  0
LINE
  5
ACA
330
17
100
AcDbEntity
  8
0
100
AcDbLine
 10
342.136
 20
-392.363
 30
0.0
 11
341.088
 21
-392.984
 31
0.0
  0
LINE
  5
ACB
330
17
100
AcDbEntity
  8
0
100
AcDbLine
 10
342.136
 20
-392.363
 30
0.0
 11
343.285
 21
-391.959
 31
0.0
  0
LINE
  5
ACC
330
17
100
AcDbEntity
  8
0
100
AcDbLine
 10
343.285
 20
-391.959
 30
0.0
 11
344.491
 21
-391.787
 31
0.0
  0
LINE
  5
ACD
330
17
100
AcDbEntity
  8
0
100
AcDbLine
 10
344.491
 20
-391.787
 30
0.0
 11
345.707
 21
-391.854
 31
0.0
  0
LINE
  5
ACE
330
17
100
AcDbEntity
  8
0
100
AcDbLine
 10
345.707
 20
-391.854
 30
0.0
 11
346.887
 21
-392.156
 31
0.0
  0
LINE
  5
ACF
330
17
100
AcDbEntity
  8
0
100
AcDbLine
 10
346.887
 20
-392.156
 30
0.0
 11
347.985
 21
-392.683
 31
0.0
  0
LINE
  5
AD0
330
17
100
AcDbEntity
  8
0
100
AcDbLine
 10
347.985
 20
-392.683
 30
0.0
 11
348.959
 21
-393.414
 31
0.0
  0
LINE
  5
AD1
330
17
100
AcDbEntity
  8
0
100
AcDbLine
 10
348.959
 20
-393.414
 30
0.0
 11
349.772
 21
-394.321
 31
0.0
  0
LINE
  5
AD2
330
17
100
AcDbEntity
  8
0
100
AcDbLine
 10
349.772
 20
-394.321
 30
0.0
 11
350.392
 21
-395.369
 31
0.0
  0
LINE
  5
AD3
330
17
100
AcDbEntity
  8
0
100
AcDbLine
 10
350.392
 20
-395.369
 30
0.0
 11
350.796
 21
-396.518
 31
0.0
  0
LINE
  5
AD4
330
17
100
AcDbEntity
  8
0
100
AcDbLine
 10
350.796
 20
-396.518
 30
0.0
 11
350.968
 21
-397.724
 31
0.0
  0
LINE
  5
AD5
330
17
100
AcDbEntity
  8
0
100
AcDbLine
 10
350.968
 20
-397.724
 30
0.0
 11
350.901
 21
-398.94
 31
0.0
  0
LINE
  5
AD6
330
17
100
AcDbEntity
  8
0
100
AcDbLine
 10
350.901
 20
-398.94
 30
0.0
 11
350.599
 21
-400.119
 31
0.0
  0
LINE
  5
AD7
330
17
100
AcDbEntity
  8
0
100
AcDbLine
 10
350.599
 20
-400.119
 30
0.0
 11
350.072
 21
-401.217
 31
0.0
  0
LINE
  5
AD8
330
17
100
AcDbEntity
  8
0
100
AcDbLine
 10
350.072
 20
-401.217
 30
0.0
 11
349.341
 21
-402.191
 31
0.0
  0
LINE
  5
AD9
330
17
100
AcDbEntity
  8
0
100
AcDbLine
 10
349.341
 20
-402.191
 30
0.0
 11
348.434
 21
-403.004
 31
0.0
  0
LINE
  5
ADA
330
17
100
AcDbEntity
  8
0
100
AcDbLine
 10
348.434
 20
-403.004
 30
0.0
 11
347.386
 21
-403.625
 31
0.0
  0
LINE
  5
ADB
330
17
100
AcDbEntity
  8
0
100
AcDbLine
 10
347.386
 20
-403.625
 30
0.0
 11
346.237
 21
-404.029
 31
0.0
  0
LINE
  5
ADC
330
17
100
AcDbEntity
  8
0
100
AcDbLine
 10
346.237
 20
-404.029
 30
0.0
 11
345.032
 21
-404.201
 31
0.0
  0
LINE
  5
ADD
330
17
100
AcDbEntity
  8
0
100
AcDbLine
 10
345.032
 20
-404.201
 30
0.0
 11
343.816
 21
-404.134
 31
0.0
  0
LINE
  5
ADE
330
17
100
AcDbEntity
  8
0
100
AcDbLine
 10
343.816
 20
-404.134
 30
0.0
 11
342.636
 21
-403.832
 31
0.0
  0
LINE
  5
ADF
330
17
100
AcDbEntity
  8
0
100
AcDbLine
 10
342.636
 20
-403.832
 30
0.0
 11
341.538
 21
-403.305
 31
0.0
  0
LINE
  5
AE0
330
17
100
AcDbEntity
  8
0
100
AcDbLine
 10
341.538
 20
-403.305
 30
0.0
 11
340.564
 21
-402.574
 31
0.0
  0
LINE
  5
AE1
330
17
100
AcDbEntity
  8
0
100
AcDbLine
 10
340.564
 20
-402.574
 30
0.0
 11
339.751
 21
-401.667
 31
0.0
  0
LINE
  5
AE2
330
17
100
AcDbEntity
  8
0
100
AcDbLine
 10
339.751
 20
-401.667
 30
0.0
 11
339.131
 21
-400.619
 31
0.0
  0
LINE
  5
AE3
330
17
100
AcDbEntity
  8
0
100
AcDbLine
 10
339.131
 20
-400.619
 30
0.0
 11
338.727
 21
-399.47
 31
0.0
  0
LINE
  5
AE4
330
17
100
AcDbEntity
  8
0
100
AcDbLine
 10
338.727
 20
-399.47
 30
0.0
 11
338.555
 21
-398.264
 31
0.0
  0
LINE
  5
AE5
330
17
100
AcDbEntity
  8
0
100
AcDbLine
 10
338.555
 20
-398.264
 30
0.0
 11
338.621
 21
-397.048
 31
0.0
  0
LINE
  5
AE6
330
17
100
AcDbEntity
  8
0
100
AcDbLine
 10
338.621
 20
-397.048
 30
0.0
 11
338.924
 21
-395.869
 31
0.0
  0
LINE
  5
AE7
330
17
100
AcDbEntity
  8
0
100
AcDbLine
 10
338.924
 20
-395.869
 30
0.0
 11
339.45
 21
-394.771
 31
0.0
  0
LINE
  5
AE8
330
17
100
AcDbEntity
  8
0
100
AcDbLine
 10
339.45
 20
-394.771
 30
0.0
 11
340.181
 21
-393.796
 31
0.0
  0
LINE
  5
AE9
330
17
100
AcDbEntity
  8
0
100
AcDbLine
 10
340.181
 20
-393.796
 30
0.0
 11
341.088
 21
-392.984
 31
0.0
  0
LINE
  5
AEA
330
17
100
AcDbEntity
  8
0
100
AcDbLine
 10
348.018
 20
-402.436
 30
0.0
 11
348.033
 21
-402.458
 31
0.0
  0
LINE
  5
AEB
330
17
100
AcDbEntity
  8
0
100
AcDbLine
 10
347.861
 20
-402.223
 30
0.0
 11
348.018
 21
-402.436
 31
0.0
  0
LINE
  5
AEC
330
17
100
AcDbEntity
  8
0
100
AcDbLine
 10
347.861
 20
-402.223
 30
0.0
 11
347.861
 21
-402.223
 31
0.0
  0
LINE
  5
AED
330
17
100
AcDbEntity
  8
0
100
AcDbLine
 10
347.344
 20
-401.518
 30
0.0
 11
347.861
 21
-402.223
 31
0.0
  0
LINE
  5
AEE
330
17
100
AcDbEntity
  8
0
100
AcDbLine
 10
347.344
 20
-401.518
 30
0.0
 11
347.18
 21
-401.293
 31
0.0
  0
LINE
  5
AEF
330
17
100
AcDbEntity
  8
0
100
AcDbLine
 10
347.031
 20
-401.091
 30
0.0
 11
347.18
 21
-401.293
 31
0.0
  0
LINE
  5
AF0
330
17
100
AcDbEntity
  8
0
100
AcDbLine
 10
347.023
 20
-401.08
 30
0.0
 11
347.031
 21
-401.091
 31
0.0
  0
LINE
  5
AF1
330
17
100
AcDbEntity
  8
0
100
AcDbLine
 10
346.953
 20
-400.984
 30
0.0
 11
347.023
 21
-401.08
 31
0.0
  0
LINE
  5
AF2
330
17
100
AcDbEntity
  8
0
100
AcDbLine
 10
346.671
 20
-400.599
 30
0.0
 11
346.953
 21
-400.984
 31
0.0
  0
LINE
  5
AF3
330
17
100
AcDbEntity
  8
0
100
AcDbLine
 10
346.522
 20
-400.396
 30
0.0
 11
346.671
 21
-400.599
 31
0.0
  0
LINE
  5
AF4
330
17
100
AcDbEntity
  8
0
100
AcDbLine
 10
346.522
 20
-400.396
 30
0.0
 11
346.42
 21
-400.257
 31
0.0
  0
LINE
  5
AF5
330
17
100
AcDbEntity
  8
0
100
AcDbLine
 10
346.225
 20
-399.99
 30
0.0
 11
346.42
 21
-400.257
 31
0.0
  0
LINE
  5
AF6
330
17
100
AcDbEntity
  8
0
100
AcDbLine
 10
346.06
 20
-399.766
 30
0.0
 11
346.225
 21
-399.99
 31
0.0
  0
LINE
  5
AF7
330
17
100
AcDbEntity
  8
0
100
AcDbLine
 10
346.06
 20
-399.766
 30
0.0
 11
345.872
 21
-399.51
 31
0.0
  0
LINE
  5
AF8
330
17
100
AcDbEntity
  8
0
100
AcDbLine
 10
345.802
 20
-399.414
 30
0.0
 11
345.872
 21
-399.51
 31
0.0
  0
LINE
  5
AF9
330
17
100
AcDbEntity
  8
0
100
AcDbLine
 10
345.41
 20
-398.879
 30
0.0
 11
345.802
 21
-399.414
 31
0.0
  0
LINE
  5
AFA
330
17
100
AcDbEntity
  8
0
100
AcDbLine
 10
345.41
 20
-398.879
 30
0.0
 11
345.254
 21
-398.666
 31
0.0
  0
LINE
  5
AFB
330
17
100
AcDbEntity
  8
0
100
AcDbLine
 10
345.254
 20
-398.666
 30
0.0
 11
344.995
 21
-398.313
 31
0.0
  0
LINE
  5
AFC
330
17
100
AcDbEntity
  8
0
100
AcDbLine
 10
344.995
 20
-398.313
 30
0.0
 11
344.964
 21
-398.271
 31
0.0
  0
LINE
  5
AFD
330
17
100
AcDbEntity
  8
0
100
AcDbLine
 10
344.964
 20
-398.271
 30
0.0
 11
344.964
 21
-398.271
 31
0.0
  0
LINE
  5
AFE
330
17
100
AcDbEntity
  8
0
100
AcDbLine
 10
344.661
 20
-397.857
 30
0.0
 11
344.964
 21
-398.271
 31
0.0
  0
LINE
  5
AFF
330
17
100
AcDbEntity
  8
0
100
AcDbLine
 10
344.661
 20
-397.857
 30
0.0
 11
344.661
 21
-397.857
 31
0.0
  0
LINE
  5
B00
330
17
100
AcDbEntity
  8
0
100
AcDbLine
 10
344.687
 20
-397.893
 30
0.0
 11
344.661
 21
-397.857
 31
0.0
  0
LINE
  5
B01
330
17
100
AcDbEntity
  8
0
100
AcDbLine
 10
344.725
 20
-397.945
 30
0.0
 11
344.687
 21
-397.893
 31
0.0
  0
LINE
  5
B02
330
17
100
AcDbEntity
  8
0
100
AcDbLine
 10
344.709
 20
-397.923
 30
0.0
 11
344.725
 21
-397.945
 31
0.0
  0
LINE
  5
B03
330
17
100
AcDbEntity
  8
0
100
AcDbLine
 10
344.551
 20
-397.707
 30
0.0
 11
344.709
 21
-397.923
 31
0.0
  0
LINE
  5
B04
330
17
100
AcDbEntity
  8
0
100
AcDbLine
 10
344.192
 20
-397.218
 30
0.0
 11
344.551
 21
-397.707
 31
0.0
  0
LINE
  5
B05
330
17
100
AcDbEntity
  8
0
100
AcDbLine
 10
343.975
 20
-396.921
 30
0.0
 11
344.192
 21
-397.218
 31
0.0
  0
LINE
  5
B06
330
17
100
AcDbEntity
  8
0
100
AcDbLine
 10
343.975
 20
-396.921
 30
0.0
 11
343.877
 21
-396.788
 31
0.0
  0
LINE
  5
B07
330
17
100
AcDbEntity
  8
0
100
AcDbLine
 10
343.464
 20
-396.224
 30
0.0
 11
343.877
 21
-396.788
 31
0.0
  0
LINE
  5
B08
330
17
100
AcDbEntity
  8
0
100
AcDbLine
 10
342.838
 20
-395.371
 30
0.0
 11
343.464
 21
-396.224
 31
0.0
  0
LINE
  5
B09
330
17
100
AcDbEntity
  8
0
100
AcDbLine
 10
342.838
 20
-395.371
 30
0.0
 11
343.056
 21
-395.668
 31
0.0
  0
LINE
  5
B0A
330
17
100
AcDbEntity
  8
0
100
AcDbLine
 10
342.914
 20
-395.475
 30
0.0
 11
343.056
 21
-395.668
 31
0.0
  0
LINE
  5
B0B
330
17
100
AcDbEntity
  8
0
100
AcDbLine
 10
342.686
 20
-395.163
 30
0.0
 11
342.914
 21
-395.475
 31
0.0
  0
LINE
  5
B0C
330
17
100
AcDbEntity
  8
0
100
AcDbLine
 10
342.686
 20
-395.163
 30
0.0
 11
342.414
 21
-394.792
 31
0.0
  0
LINE
  5
B0D
330
17
100
AcDbEntity
  8
0
100
AcDbLine
 10
342.224
 20
-394.533
 30
0.0
 11
342.414
 21
-394.792
 31
0.0
  0
LINE
  5
B0E
330
17
100
AcDbEntity
  8
0
100
AcDbLine
 10
342.224
 20
-394.533
 30
0.0
 11
342.093
 21
-394.355
 31
0.0
  0
LINE
  5
B0F
330
17
100
AcDbEntity
  8
0
100
AcDbLine
 10
341.767
 20
-393.91
 30
0.0
 11
342.093
 21
-394.355
 31
0.0
  0
LINE
  5
B10
330
17
100
AcDbEntity
  8
0
100
AcDbLine
 10
341.626
 20
-393.717
 30
0.0
 11
341.767
 21
-393.91
 31
0.0
  0
LINE
  5
B11
330
17
100
AcDbEntity
  8
0
100
AcDbLine
 10
341.626
 20
-393.717
 30
0.0
 11
341.453
 21
-393.482
 31
0.0
  0
LINE
  5
B12
330
17
100
AcDbEntity
  8
0
100
AcDbLine
 10
341.563
 20
-393.631
 30
0.0
 11
341.453
 21
-393.482
 31
0.0
  0
LINE
  5
B13
330
17
100
AcDbEntity
  8
0
100
AcDbLine
 10
341.156
 20
-393.076
 30
0.0
 11
341.563
 21
-393.631
 31
0.0
  0
LINE
  5
B14
330
17
100
AcDbEntity
  8
0
100
AcDbLine
 10
341.088
 20
-392.984
 30
0.0
 11
341.156
 21
-393.076
 31
0.0
  0
LINE
  5
B15
330
17
100
AcDbEntity
  8
0
100
AcDbLine
 10
341.088
 20
-392.984
 30
0.0
 11
341.336
 21
-393.322
 31
0.0
  0
LINE
  5
B16
330
17
100
AcDbEntity
  8
0
100
AcDbLine
 10
341.359
 20
-393.354
 30
0.0
 11
341.336
 21
-393.322
 31
0.0
  0
LINE
  5
B17
330
17
100
AcDbEntity
  8
0
100
AcDbLine
 10
341.117
 20
-393.023
 30
0.0
 11
341.359
 21
-393.354
 31
0.0
  0
LINE
  5
B18
330
17
100
AcDbEntity
  8
0
100
AcDbLine
 10
340.944
 20
-392.788
 30
0.0
 11
340.976
 21
-392.831
 31
0.0
  0
LINE
  5
B19
330
17
100
AcDbEntity
  8
0
100
AcDbLine
 10
341.088
 20
-392.984
 30
0.0
 11
341.117
 21
-393.023
 31
0.0
  0
LINE
  5
B1A
330
17
100
AcDbEntity
  8
0
100
AcDbLine
 10
340.944
 20
-392.788
 30
0.0
 11
340.944
 21
-392.788
 31
0.0
  0
LINE
  5
B1B
330
17
100
AcDbEntity
  8
0
100
AcDbLine
 10
340.944
 20
-392.788
 30
0.0
 11
340.976
 21
-392.831
 31
0.0
  0
LINE
  5
B1C
330
17
100
AcDbEntity
  8
0
100
AcDbLine
 10
341.088
 20
-392.984
 30
0.0
 11
341.179
 21
-393.108
 31
0.0
  0
LINE
  5
B1D
330
17
100
AcDbEntity
  8
0
100
AcDbLine
 10
340.897
 20
-392.723
 30
0.0
 11
340.976
 21
-392.831
 31
0.0
  0
LINE
  5
B1E
330
17
100
AcDbEntity
  8
0
100
AcDbLine
 10
341.088
 20
-392.984
 30
0.0
 11
341.179
 21
-393.108
 31
0.0
  0
LINE
  5
B1F
330
17
100
AcDbEntity
  8
0
100
AcDbLine
 10
340.921
 20
-392.756
 30
0.0
 11
340.897
 21
-392.723
 31
0.0
  0
LINE
  5
B20
330
17
100
AcDbEntity
  8
0
100
AcDbLine
 10
340.921
 20
-392.756
 30
0.0
 11
340.976
 21
-392.831
 31
0.0
  0
LINE
  5
B21
330
17
100
AcDbEntity
  8
0
100
AcDbLine
 10
341.088
 20
-392.984
 30
0.0
 11
341.289
 21
-393.258
 31
0.0
  0
LINE
  5
B22
330
17
100
AcDbEntity
  8
0
100
AcDbLine
 10
341.289
 20
-393.258
 30
0.0
 11
341.735
 21
-393.866
 31
0.0
  0
LINE
  5
B23
330
17
100
AcDbEntity
  8
0
100
AcDbLine
 10
341.782
 20
-393.93
 30
0.0
 11
341.735
 21
-393.866
 31
0.0
  0
LINE
  5
B24
330
17
100
AcDbEntity
  8
0
100
AcDbLine
 10
341.477
 20
-393.514
 30
0.0
 11
341.782
 21
-393.93
 31
0.0
  0
LINE
  5
B25
330
17
100
AcDbEntity
  8
0
100
AcDbLine
 10
341.477
 20
-393.514
 30
0.0
 11
341.336
 21
-393.322
 31
0.0
  0
LINE
  5
B26
330
17
100
AcDbEntity
  8
0
100
AcDbLine
 10
341.336
 20
-393.322
 30
0.0
 11
341.649
 21
-393.749
 31
0.0
  0
LINE
  5
B27
330
17
100
AcDbEntity
  8
0
100
AcDbLine
 10
341.634
 20
-393.728
 30
0.0
 11
341.649
 21
-393.749
 31
0.0
  0
LINE
  5
B28
330
17
100
AcDbEntity
  8
0
100
AcDbLine
 10
341.634
 20
-393.728
 30
0.0
 11
342.017
 21
-394.251
 31
0.0
  0
LINE
  5
B29
330
17
100
AcDbEntity
  8
0
100
AcDbLine
 10
342.017
 20
-394.251
 30
0.0
 11
342.51
 21
-394.924
 31
0.0
  0
LINE
  5
B2A
330
17
100
AcDbEntity
  8
0
100
AcDbLine
 10
342.51
 20
-394.924
 30
0.0
 11
342.832
 21
-395.362
 31
0.0
  0
LINE
  5
B2B
330
17
100
AcDbEntity
  8
0
100
AcDbLine
 10
342.902
 20
-395.458
 30
0.0
 11
342.832
 21
-395.362
 31
0.0
  0
LINE
  5
B2C
330
17
100
AcDbEntity
  8
0
100
AcDbLine
 10
343.215
 20
-395.885
 30
0.0
 11
342.902
 21
-395.458
 31
0.0
  0
LINE
  5
B2D
330
17
100
AcDbEntity
  8
0
100
AcDbLine
 10
343.215
 20
-395.885
 30
0.0
 11
343.325
 21
-396.035
 31
0.0
  0
LINE
  5
B2E
330
17
100
AcDbEntity
  8
0
100
AcDbLine
 10
343.325
 20
-396.035
 30
0.0
 11
343.709
 21
-396.558
 31
0.0
  0
LINE
  5
B2F
330
17
100
AcDbEntity
  8
0
100
AcDbLine
 10
343.646
 20
-396.473
 30
0.0
 11
343.709
 21
-396.558
 31
0.0
  0
LINE
  5
B30
330
17
100
AcDbEntity
  8
0
100
AcDbLine
 10
344.217
 20
-397.252
 30
0.0
 11
343.646
 21
-396.473
 31
0.0
  0
LINE
  5
B31
330
17
100
AcDbEntity
  8
0
100
AcDbLine
 10
344.217
 20
-397.252
 30
0.0
 11
344.382
 21
-397.477
 31
0.0
  0
LINE
  5
B32
330
17
100
AcDbEntity
  8
0
100
AcDbLine
 10
344.382
 20
-397.477
 30
0.0
 11
344.632
 21
-397.818
 31
0.0
  0
LINE
  5
B33
330
17
100
AcDbEntity
  8
0
100
AcDbLine
 10
345.079
 20
-398.427
 30
0.0
 11
344.632
 21
-397.818
 31
0.0
  0
LINE
  5
B34
330
17
100
AcDbEntity
  8
0
100
AcDbLine
 10
345.079
 20
-398.427
 30
0.0
 11
345.094
 21
-398.449
 31
0.0
  0
LINE
  5
B35
330
17
100
AcDbEntity
  8
0
100
AcDbLine
 10
345.369
 20
-398.823
 30
0.0
 11
345.094
 21
-398.449
 31
0.0
  0
LINE
  5
B36
330
17
100
AcDbEntity
  8
0
100
AcDbLine
 10
345.369
 20
-398.823
 30
0.0
 11
345.744
 21
-399.335
 31
0.0
  0
LINE
  5
B37
330
17
100
AcDbEntity
  8
0
100
AcDbLine
 10
345.744
 20
-399.335
 30
0.0
 11
346.123
 21
-399.851
 31
0.0
  0
LINE
  5
B38
330
17
100
AcDbEntity
  8
0
100
AcDbLine
 10
346.123
 20
-399.851
 30
0.0
 11
346.247
 21
-400.021
 31
0.0
  0
LINE
  5
B39
330
17
100
AcDbEntity
  8
0
100
AcDbLine
 10
346.247
 20
-400.021
 30
0.0
 11
346.586
 21
-400.483
 31
0.0
  0
LINE
  5
B3A
330
17
100
AcDbEntity
  8
0
100
AcDbLine
 10
346.586
 20
-400.483
 30
0.0
 11
346.645
 21
-400.564
 31
0.0
  0
LINE
  5
B3B
330
17
100
AcDbEntity
  8
0
100
AcDbLine
 10
346.567
 20
-400.457
 30
0.0
 11
346.645
 21
-400.564
 31
0.0
  0
LINE
  5
B3C
330
17
100
AcDbEntity
  8
0
100
AcDbLine
 10
346.488
 20
-400.35
 30
0.0
 11
346.567
 21
-400.457
 31
0.0
  0
LINE
  5
B3D
330
17
100
AcDbEntity
  8
0
100
AcDbLine
 10
346.488
 20
-400.35
 30
0.0
 11
346.599
 21
-400.501
 31
0.0
  0
LINE
  5
B3E
330
17
100
AcDbEntity
  8
0
100
AcDbLine
 10
346.599
 20
-400.501
 30
0.0
 11
346.762
 21
-400.724
 31
0.0
  0
LINE
  5
B3F
330
17
100
AcDbEntity
  8
0
100
AcDbLine
 10
346.762
 20
-400.724
 30
0.0
 11
346.919
 21
-400.937
 31
0.0
  0
LINE
  5
B40
330
17
100
AcDbEntity
  8
0
100
AcDbLine
 10
346.919
 20
-400.937
 30
0.0
 11
347.147
 21
-401.249
 31
0.0
  0
LINE
  5
B41
330
17
100
AcDbEntity
  8
0
100
AcDbLine
 10
347.369
 20
-401.552
 30
0.0
 11
347.147
 21
-401.249
 31
0.0
  0
LINE
  5
B42
330
17
100
AcDbEntity
  8
0
100
AcDbLine
 10
347.369
 20
-401.552
 30
0.0
 11
347.239
 21
-401.374
 31
0.0
  0
LINE
  5
B43
330
17
100
AcDbEntity
  8
0
100
AcDbLine
 10
347.447
 20
-401.658
 30
0.0
 11
347.239
 21
-401.374
 31
0.0
  0
LINE
  5
B44
330
17
100
AcDbEntity
  8
0
100
AcDbLine
 10
347.447
 20
-401.658
 30
0.0
 11
347.689
 21
-401.988
 31
0.0
  0
LINE
  5
B45
330
17
100
AcDbEntity
  8
0
100
AcDbLine
 10
347.689
 20
-401.988
 30
0.0
 11
347.904
 21
-402.281
 31
0.0
  0
LINE
  5
B46
330
17
100
AcDbEntity
  8
0
100
AcDbLine
 10
347.904
 20
-402.281
 30
0.0
 11
348.074
 21
-402.513
 31
0.0
  0
LINE
  5
B47
330
17
100
AcDbEntity
  8
0
100
AcDbLine
 10
348.041
 20
-402.468
 30
0.0
 11
348.074
 21
-402.513
 31
0.0
  0
LINE
  5
B48
330
17
100
AcDbEntity
  8
0
100
AcDbLine
 10
348.041
 20
-402.468
 30
0.0
 11
347.898
 21
-402.273
 31
0.0
  0
LINE
  5
B49
330
17
100
AcDbEntity
  8
0
100
AcDbLine
 10
348.08
 20
-402.522
 30
0.0
 11
347.898
 21
-402.273
 31
0.0
  0
LINE
  5
B4A
330
17
100
AcDbEntity
  8
0
100
AcDbLine
 10
348.08
 20
-402.522
 30
0.0
 11
348.048
 21
-402.477
 31
0.0
  0
LINE
  5
B4B
330
17
100
AcDbEntity
  8
0
100
AcDbLine
 10
348.126
 20
-402.584
 30
0.0
 11
348.048
 21
-402.477
 31
0.0
  0
LINE
  5
B4C
330
17
100
AcDbEntity
  8
0
100
AcDbLine
 10
348.126
 20
-402.584
 30
0.0
 11
348.172
 21
-402.646
 31
0.0
  0
LINE
  5
B4D
330
17
100
AcDbEntity
  8
0
100
AcDbLine
 10
348.322
 20
-402.851
 30
0.0
 11
348.172
 21
-402.646
 31
0.0
  0
LINE
  5
B4E
330
17
100
AcDbEntity
  8
0
100
AcDbLine
 10
348.322
 20
-402.851
 30
0.0
 11
348.433
 21
-403.002
 31
0.0
  0
LINE
  5
B4F
330
17
100
AcDbEntity
  8
0
100
AcDbLine
 10
348.433
 20
-403.002
 30
0.0
 11
348.589
 21
-403.216
 31
0.0
  0
LINE
  5
B50
330
17
100
AcDbEntity
  8
0
100
AcDbLine
 10
348.863
 20
-403.59
 30
0.0
 11
348.589
 21
-403.216
 31
0.0
  0
LINE
  5
B51
330
17
100
AcDbEntity
  8
0
100
AcDbLine
 10
348.863
 20
-403.59
 30
0.0
 11
348.895
 21
-403.633
 31
0.0
  0
LINE
  5
B52
330
17
100
AcDbEntity
  8
0
100
AcDbLine
 10
348.942
 20
-403.697
 30
0.0
 11
348.895
 21
-403.633
 31
0.0
  0
LINE
  5
B53
330
17
100
AcDbEntity
  8
0
100
AcDbLine
 10
348.942
 20
-403.697
 30
0.0
 11
348.871
 21
-403.601
 31
0.0
  0
LINE
  5
B54
330
17
100
AcDbEntity
  8
0
100
AcDbLine
 10
348.856
 20
-403.579
 30
0.0
 11
348.871
 21
-403.601
 31
0.0
  0
LINE
  5
B55
330
17
100
AcDbEntity
  8
0
100
AcDbLine
 10
348.707
 20
-403.376
 30
0.0
 11
348.856
 21
-403.579
 31
0.0
  0
LINE
  5
B56
330
17
100
AcDbEntity
  8
0
100
AcDbLine
 10
348.589
 20
-403.216
 30
0.0
 11
348.707
 21
-403.376
 31
0.0
  0
LINE
  5
B57
330
17
100
AcDbEntity
  8
0
100
AcDbLine
 10
348.546
 20
-403.157
 30
0.0
 11
348.589
 21
-403.216
 31
0.0
  0
LINE
  5
B58
330
17
100
AcDbEntity
  8
0
100
AcDbLine
 10
348.182
 20
-402.661
 30
0.0
 11
348.434
 21
-403.004
 31
0.0
  0
LINE
  5
B59
330
17
100
AcDbEntity
  8
0
100
AcDbLine
 10
348.182
 20
-402.661
 30
0.0
 11
347.986
 21
-402.394
 31
0.0
  0
LINE
  5
B5A
330
17
100
AcDbEntity
  8
0
100
AcDbLine
 10
347.681
 20
-401.977
 30
0.0
 11
347.986
 21
-402.394
 31
0.0
  0
LINE
  5
B5B
330
17
100
AcDbEntity
  8
0
100
AcDbLine
 10
347.681
 20
-401.977
 30
0.0
 11
347.885
 21
-402.255
 31
0.0
  0
LINE
  5
B5C
330
17
100
AcDbEntity
  8
0
100
AcDbLine
 10
348.033
 20
-402.458
 30
0.0
 11
347.885
 21
-402.255
 31
0.0
  0
LINE
  5
B5D
330
17
100
AcDbEntity
  8
0
100
AcDbLine
 10
341.218
 20
-400.699
 30
0.0
 11
341.503
 21
-400.49
 31
0.0
  0
LINE
  5
B5E
330
17
100
AcDbEntity
  8
0
100
AcDbLine
 10
340.888
 20
-400.94
 30
0.0
 11
341.218
 21
-400.699
 31
0.0
  0
LINE
  5
B5F
330
17
100
AcDbEntity
  8
0
100
AcDbLine
 10
340.595
 20
-401.156
 30
0.0
 11
340.888
 21
-400.94
 31
0.0
  0
LINE
  5
B60
330
17
100
AcDbEntity
  8
0
100
AcDbLine
 10
340.363
 20
-401.325
 30
0.0
 11
340.595
 21
-401.156
 31
0.0
  0
LINE
  5
B61
330
17
100
AcDbEntity
  8
0
100
AcDbLine
 10
340.408
 20
-401.293
 30
0.0
 11
340.363
 21
-401.325
 31
0.0
  0
LINE
  5
B62
330
17
100
AcDbEntity
  8
0
100
AcDbLine
 10
340.408
 20
-401.293
 30
0.0
 11
340.604
 21
-401.149
 31
0.0
  0
LINE
  5
B63
330
17
100
AcDbEntity
  8
0
100
AcDbLine
 10
340.354
 20
-401.332
 30
0.0
 11
340.604
 21
-401.149
 31
0.0
  0
LINE
  5
B64
330
17
100
AcDbEntity
  8
0
100
AcDbLine
 10
340.354
 20
-401.332
 30
0.0
 11
340.399
 21
-401.299
 31
0.0
  0
LINE
  5
B65
330
17
100
AcDbEntity
  8
0
100
AcDbLine
 10
340.292
 20
-401.378
 30
0.0
 11
340.399
 21
-401.299
 31
0.0
  0
LINE
  5
B66
330
17
100
AcDbEntity
  8
0
100
AcDbLine
 10
340.292
 20
-401.378
 30
0.0
 11
340.23
 21
-401.423
 31
0.0
  0
LINE
  5
B67
330
17
100
AcDbEntity
  8
0
100
AcDbLine
 10
340.025
 20
-401.573
 30
0.0
 11
340.23
 21
-401.423
 31
0.0
  0
LINE
  5
B68
330
17
100
AcDbEntity
  8
0
100
AcDbLine
 10
340.025
 20
-401.573
 30
0.0
 11
339.874
 21
-401.684
 31
0.0
  0
LINE
  5
B69
330
17
100
AcDbEntity
  8
0
100
AcDbLine
 10
339.874
 20
-401.684
 30
0.0
 11
339.66
 21
-401.841
 31
0.0
  0
LINE
  5
B6A
330
17
100
AcDbEntity
  8
0
100
AcDbLine
 10
339.286
 20
-402.115
 30
0.0
 11
339.66
 21
-401.841
 31
0.0
  0
LINE
  5
B6B
330
17
100
AcDbEntity
  8
0
100
AcDbLine
 10
339.243
 20
-402.146
 30
0.0
 11
339.286
 21
-402.115
 31
0.0
  0
LINE
  5
B6C
330
17
100
AcDbEntity
  8
0
100
AcDbLine
 10
339.179
 20
-402.193
 30
0.0
 11
339.243
 21
-402.146
 31
0.0
  0
LINE
  5
B6D
330
17
100
AcDbEntity
  8
0
100
AcDbLine
 10
339.179
 20
-402.193
 30
0.0
 11
339.276
 21
-402.123
 31
0.0
  0
LINE
  5
B6E
330
17
100
AcDbEntity
  8
0
100
AcDbLine
 10
339.297
 20
-402.107
 30
0.0
 11
339.276
 21
-402.123
 31
0.0
  0
LINE
  5
B6F
330
17
100
AcDbEntity
  8
0
100
AcDbLine
 10
339.297
 20
-402.107
 30
0.0
 11
339.5
 21
-401.958
 31
0.0
  0
LINE
  5
B70
330
17
100
AcDbEntity
  8
0
100
AcDbLine
 10
339.656
 20
-401.844
 30
0.0
 11
339.5
 21
-401.958
 31
0.0
  0
LINE
  5
B71
330
17
100
AcDbEntity
  8
0
100
AcDbLine
 10
339.852
 20
-401.7
 30
0.0
 11
339.809
 21
-401.732
 31
0.0
  0
LINE
  5
B72
330
17
100
AcDbEntity
  8
0
100
AcDbLine
 10
340.215
 20
-401.434
 30
0.0
 11
339.852
 21
-401.7
 31
0.0
  0
LINE
  5
B73
330
17
100
AcDbEntity
  8
0
100
AcDbLine
 10
340.215
 20
-401.434
 30
0.0
 11
340.483
 21
-401.238
 31
0.0
  0
LINE
  5
B74
330
17
100
AcDbEntity
  8
0
100
AcDbLine
 10
340.899
 20
-400.933
 30
0.0
 11
340.483
 21
-401.238
 31
0.0
  0
LINE
  5
B75
330
17
100
AcDbEntity
  8
0
100
AcDbLine
 10
340.621
 20
-401.136
 30
0.0
 11
340.899
 21
-400.933
 31
0.0
  0
LINE
  5
B76
330
17
100
AcDbEntity
  8
0
100
AcDbLine
 10
340.418
 20
-401.285
 30
0.0
 11
340.621
 21
-401.136
 31
0.0
  0
LINE
  5
B77
330
17
100
AcDbEntity
  8
0
100
AcDbLine
 10
340.418
 20
-401.285
 30
0.0
 11
340.44
 21
-401.269
 31
0.0
  0
LINE
  5
B78
330
17
100
AcDbEntity
  8
0
100
AcDbLine
 10
340.653
 20
-401.113
 30
0.0
 11
340.44
 21
-401.269
 31
0.0
  0
LINE
  5
B79
330
17
100
AcDbEntity
  8
0
100
AcDbLine
 10
340.653
 20
-401.113
 30
0.0
 11
340.653
 21
-401.113
 31
0.0
  0
LINE
  5
B7A
330
17
100
AcDbEntity
  8
0
100
AcDbLine
 10
341.358
 20
-400.596
 30
0.0
 11
340.653
 21
-401.113
 31
0.0
  0
LINE
  5
B7B
330
17
100
AcDbEntity
  8
0
100
AcDbLine
 10
341.358
 20
-400.596
 30
0.0
 11
341.583
 21
-400.431
 31
0.0
  0
LINE
  5
B7C
330
17
100
AcDbEntity
  8
0
100
AcDbLine
 10
341.786
 20
-400.283
 30
0.0
 11
341.583
 21
-400.431
 31
0.0
  0
LINE
  5
B7D
330
17
100
AcDbEntity
  8
0
100
AcDbLine
 10
341.796
 20
-400.275
 30
0.0
 11
341.786
 21
-400.283
 31
0.0
  0
LINE
  5
B7E
330
17
100
AcDbEntity
  8
0
100
AcDbLine
 10
341.796
 20
-400.275
 30
0.0
 11
341.892
 21
-400.204
 31
0.0
  0
LINE
  5
B7F
330
17
100
AcDbEntity
  8
0
100
AcDbLine
 10
342.277
 20
-399.922
 30
0.0
 11
341.892
 21
-400.204
 31
0.0
  0
LINE
  5
B80
330
17
100
AcDbEntity
  8
0
100
AcDbLine
 10
342.48
 20
-399.774
 30
0.0
 11
342.277
 21
-399.922
 31
0.0
  0
LINE
  5
B81
330
17
100
AcDbEntity
  8
0
100
AcDbLine
 10
342.48
 20
-399.774
 30
0.0
 11
342.619
 21
-399.672
 31
0.0
  0
LINE
  5
B82
330
17
100
AcDbEntity
  8
0
100
AcDbLine
 10
342.886
 20
-399.476
 30
0.0
 11
342.619
 21
-399.672
 31
0.0
  0
LINE
  5
B83
330
17
100
AcDbEntity
  8
0
100
AcDbLine
 10
343.11
 20
-399.312
 30
0.0
 11
342.886
 21
-399.476
 31
0.0
  0
LINE
  5
B84
330
17
100
AcDbEntity
  8
0
100
AcDbLine
 10
343.11
 20
-399.312
 30
0.0
 11
343.366
 21
-399.124
 31
0.0
  0
LINE
  5
B85
330
17
100
AcDbEntity
  8
0
100
AcDbLine
 10
343.366
 20
-399.124
 30
0.0
 11
343.463
 21
-399.053
 31
0.0
  0
LINE
  5
B86
330
17
100
AcDbEntity
  8
0
100
AcDbLine
 10
343.997
 20
-398.662
 30
0.0
 11
343.463
 21
-399.053
 31
0.0
  0
LINE
  5
B87
330
17
100
AcDbEntity
  8
0
100
AcDbLine
 10
343.997
 20
-398.662
 30
0.0
 11
344.21
 21
-398.505
 31
0.0
  0
LINE
  5
B88
330
17
100
AcDbEntity
  8
0
100
AcDbLine
 10
344.563
 20
-398.247
 30
0.0
 11
344.21
 21
-398.505
 31
0.0
  0
LINE
  5
B89
330
17
100
AcDbEntity
  8
0
100
AcDbLine
 10
344.606
 20
-398.215
 30
0.0
 11
344.563
 21
-398.247
 31
0.0
  0
LINE
  5
B8A
330
17
100
AcDbEntity
  8
0
100
AcDbLine
 10
344.606
 20
-398.215
 30
0.0
 11
344.606
 21
-398.215
 31
0.0
  0
LINE
  5
B8B
330
17
100
AcDbEntity
  8
0
100
AcDbLine
 10
344.606
 20
-398.215
 30
0.0
 11
345.019
 21
-397.912
 31
0.0
  0
LINE
  5
B8C
330
17
100
AcDbEntity
  8
0
100
AcDbLine
 10
345.019
 20
-397.912
 30
0.0
 11
345.019
 21
-397.912
 31
0.0
  0
LINE
  5
B8D
330
17
100
AcDbEntity
  8
0
100
AcDbLine
 10
345.019
 20
-397.912
 30
0.0
 11
344.983
 21
-397.939
 31
0.0
  0
LINE
  5
B8E
330
17
100
AcDbEntity
  8
0
100
AcDbLine
 10
344.983
 20
-397.939
 30
0.0
 11
344.931
 21
-397.977
 31
0.0
  0
LINE
  5
B8F
330
17
100
AcDbEntity
  8
0
100
AcDbLine
 10
344.931
 20
-397.977
 30
0.0
 11
344.954
 21
-397.96
 31
0.0
  0
LINE
  5
B90
330
17
100
AcDbEntity
  8
0
100
AcDbLine
 10
344.954
 20
-397.96
 30
0.0
 11
345.169
 21
-397.803
 31
0.0
  0
LINE
  5
B91
330
17
100
AcDbEntity
  8
0
100
AcDbLine
 10
345.658
 20
-397.444
 30
0.0
 11
345.169
 21
-397.803
 31
0.0
  0
LINE
  5
B92
330
17
100
AcDbEntity
  8
0
100
AcDbLine
 10
345.658
 20
-397.444
 30
0.0
 11
345.955
 21
-397.226
 31
0.0
  0
LINE
  5
B93
330
17
100
AcDbEntity
  8
0
100
AcDbLine
 10
346.088
 20
-397.128
 30
0.0
 11
345.955
 21
-397.226
 31
0.0
  0
LINE
  5
B94
330
17
100
AcDbEntity
  8
0
100
AcDbLine
 10
346.652
 20
-396.715
 30
0.0
 11
346.088
 21
-397.128
 31
0.0
  0
LINE
  5
B95
330
17
100
AcDbEntity
  8
0
100
AcDbLine
 10
347.505
 20
-396.09
 30
0.0
 11
346.652
 21
-396.715
 31
0.0
  0
LINE
  5
B96
330
17
100
AcDbEntity
  8
0
100
AcDbLine
 10
347.505
 20
-396.09
 30
0.0
 11
347.209
 21
-396.307
 31
0.0
  0
LINE
  5
B97
330
17
100
AcDbEntity
  8
0
100
AcDbLine
 10
347.209
 20
-396.307
 30
0.0
 11
347.401
 21
-396.166
 31
0.0
  0
LINE
  5
B98
330
17
100
AcDbEntity
  8
0
100
AcDbLine
 10
347.713
 20
-395.937
 30
0.0
 11
347.401
 21
-396.166
 31
0.0
  0
LINE
  5
B99
330
17
100
AcDbEntity
  8
0
100
AcDbLine
 10
347.713
 20
-395.937
 30
0.0
 11
348.084
 21
-395.666
 31
0.0
  0
LINE
  5
B9A
330
17
100
AcDbEntity
  8
0
100
AcDbLine
 10
348.343
 20
-395.475
 30
0.0
 11
348.084
 21
-395.666
 31
0.0
  0
LINE
  5
B9B
330
17
100
AcDbEntity
  8
0
100
AcDbLine
 10
348.343
 20
-395.475
 30
0.0
 11
348.521
 21
-395.345
 31
0.0
  0
LINE
  5
B9C
330
17
100
AcDbEntity
  8
0
100
AcDbLine
 10
348.966
 20
-395.019
 30
0.0
 11
348.521
 21
-395.345
 31
0.0
  0
LINE
  5
B9D
330
17
100
AcDbEntity
  8
0
100
AcDbLine
 10
349.159
 20
-394.877
 30
0.0
 11
348.966
 21
-395.019
 31
0.0
  0
LINE
  5
B9E
330
17
100
AcDbEntity
  8
0
100
AcDbLine
 10
349.159
 20
-394.877
 30
0.0
 11
349.394
 21
-394.705
 31
0.0
  0
LINE
  5
B9F
330
17
100
AcDbEntity
  8
0
100
AcDbLine
 10
349.394
 20
-394.705
 30
0.0
 11
349.245
 21
-394.814
 31
0.0
  0
LINE
  5
BA0
330
17
100
AcDbEntity
  8
0
100
AcDbLine
 10
349.8
 20
-394.407
 30
0.0
 11
349.245
 21
-394.814
 31
0.0
  0
LINE
  5
BA1
330
17
100
AcDbEntity
  8
0
100
AcDbLine
 10
349.816
 20
-394.396
 30
0.0
 11
349.8
 21
-394.407
 31
0.0
  0
LINE
  5
BA2
330
17
100
AcDbEntity
  8
0
100
AcDbLine
 10
349.816
 20
-394.396
 30
0.0
 11
349.555
 21
-394.587
 31
0.0
  0
LINE
  5
BA3
330
17
100
AcDbEntity
  8
0
100
AcDbLine
 10
349.555
 20
-394.587
 30
0.0
 11
349.522
 21
-394.611
 31
0.0
  0
LINE
  5
BA4
330
17
100
AcDbEntity
  8
0
100
AcDbLine
 10
349.816
 20
-394.396
 30
0.0
 11
349.522
 21
-394.611
 31
0.0
  0
LINE
  5
BA5
330
17
100
AcDbEntity
  8
0
100
AcDbLine
 10
349.969
 20
-394.284
 30
0.0
 11
350.089
 21
-394.196
 31
0.0
  0
LINE
  5
BA6
330
17
100
AcDbEntity
  8
0
100
AcDbLine
 10
350.089
 20
-394.196
 30
0.0
 11
350.089
 21
-394.196
 31
0.0
  0
LINE
  5
BA7
330
17
100
AcDbEntity
  8
0
100
AcDbLine
 10
350.089
 20
-394.196
 30
0.0
 11
349.969
 21
-394.284
 31
0.0
  0
LINE
  5
BA8
330
17
100
AcDbEntity
  8
0
100
AcDbLine
 10
349.816
 20
-394.396
 30
0.0
 11
349.768
 21
-394.431
 31
0.0
  0
LINE
  5
BA9
330
17
100
AcDbEntity
  8
0
100
AcDbLine
 10
349.768
 20
-394.431
 30
0.0
 11
349.816
 21
-394.396
 31
0.0
  0
LINE
  5
BAA
330
17
100
AcDbEntity
  8
0
100
AcDbLine
 10
349.969
 20
-394.284
 30
0.0
 11
350.153
 21
-394.149
 31
0.0
  0
LINE
  5
BAB
330
17
100
AcDbEntity
  8
0
100
AcDbLine
 10
350.121
 20
-394.172
 30
0.0
 11
350.153
 21
-394.149
 31
0.0
  0
LINE
  5
BAC
330
17
100
AcDbEntity
  8
0
100
AcDbLine
 10
349.619
 20
-394.54
 30
0.0
 11
349.816
 21
-394.396
 31
0.0
  0
LINE
  5
BAD
330
17
100
AcDbEntity
  8
0
100
AcDbLine
 10
349.969
 20
-394.284
 30
0.0
 11
350.121
 21
-394.172
 31
0.0
  0
LINE
  5
BAE
330
17
100
AcDbEntity
  8
0
100
AcDbLine
 10
349.619
 20
-394.54
 30
0.0
 11
349.01
 21
-394.987
 31
0.0
  0
LINE
  5
BAF
330
17
100
AcDbEntity
  8
0
100
AcDbLine
 10
349.01
 20
-394.987
 30
0.0
 11
348.946
 21
-395.034
 31
0.0
  0
LINE
  5
BB0
330
17
100
AcDbEntity
  8
0
100
AcDbLine
 10
349.362
 20
-394.728
 30
0.0
 11
348.946
 21
-395.034
 31
0.0
  0
LINE
  5
BB1
330
17
100
AcDbEntity
  8
0
100
AcDbLine
 10
349.362
 20
-394.728
 30
0.0
 11
349.555
 21
-394.587
 31
0.0
  0
LINE
  5
BB2
330
17
100
AcDbEntity
  8
0
100
AcDbLine
 10
349.555
 20
-394.587
 30
0.0
 11
349.127
 21
-394.901
 31
0.0
  0
LINE
  5
BB3
330
17
100
AcDbEntity
  8
0
100
AcDbLine
 10
349.149
 20
-394.885
 30
0.0
 11
349.127
 21
-394.901
 31
0.0
  0
LINE
  5
BB4
330
17
100
AcDbEntity
  8
0
100
AcDbLine
 10
348.625
 20
-395.269
 30
0.0
 11
349.149
 21
-394.885
 31
0.0
  0
LINE
  5
BB5
330
17
100
AcDbEntity
  8
0
100
AcDbLine
 10
347.952
 20
-395.762
 30
0.0
 11
348.625
 21
-395.269
 31
0.0
  0
LINE
  5
BB6
330
17
100
AcDbEntity
  8
0
100
AcDbLine
 10
347.952
 20
-395.762
 30
0.0
 11
347.514
 21
-396.083
 31
0.0
  0
LINE
  5
BB7
330
17
100
AcDbEntity
  8
0
100
AcDbLine
 10
347.514
 20
-396.083
 30
0.0
 11
347.418
 21
-396.153
 31
0.0
  0
LINE
  5
BB8
330
17
100
AcDbEntity
  8
0
100
AcDbLine
 10
346.991
 20
-396.467
 30
0.0
 11
347.418
 21
-396.153
 31
0.0
  0
LINE
  5
BB9
330
17
100
AcDbEntity
  8
0
100
AcDbLine
 10
346.841
 20
-396.576
 30
0.0
 11
346.991
 21
-396.467
 31
0.0
  0
LINE
  5
BBA
330
17
100
AcDbEntity
  8
0
100
AcDbLine
 10
346.841
 20
-396.576
 30
0.0
 11
346.318
 21
-396.96
 31
0.0
  0
LINE
  5
BBB
330
17
100
AcDbEntity
  8
0
100
AcDbLine
 10
346.318
 20
-396.96
 30
0.0
 11
346.404
 21
-396.897
 31
0.0
  0
LINE
  5
BBC
330
17
100
AcDbEntity
  8
0
100
AcDbLine
 10
345.624
 20
-397.469
 30
0.0
 11
346.404
 21
-396.897
 31
0.0
  0
LINE
  5
BBD
330
17
100
AcDbEntity
  8
0
100
AcDbLine
 10
345.624
 20
-397.469
 30
0.0
 11
345.399
 21
-397.633
 31
0.0
  0
LINE
  5
BBE
330
17
100
AcDbEntity
  8
0
100
AcDbLine
 10
345.399
 20
-397.633
 30
0.0
 11
345.058
 21
-397.884
 31
0.0
  0
LINE
  5
BBF
330
17
100
AcDbEntity
  8
0
100
AcDbLine
 10
344.449
 20
-398.33
 30
0.0
 11
345.058
 21
-397.884
 31
0.0
  0
LINE
  5
BC0
330
17
100
AcDbEntity
  8
0
100
AcDbLine
 10
344.449
 20
-398.33
 30
0.0
 11
344.427
 21
-398.346
 31
0.0
  0
LINE
  5
BC1
330
17
100
AcDbEntity
  8
0
100
AcDbLine
 10
344.054
 20
-398.62
 30
0.0
 11
344.427
 21
-398.346
 31
0.0
  0
LINE
  5
BC2
330
17
100
AcDbEntity
  8
0
100
AcDbLine
 10
344.054
 20
-398.62
 30
0.0
 11
343.541
 21
-398.996
 31
0.0
  0
LINE
  5
BC3
330
17
100
AcDbEntity
  8
0
100
AcDbLine
 10
343.541
 20
-398.996
 30
0.0
 11
343.025
 21
-399.374
 31
0.0
  0
LINE
  5
BC4
330
17
100
AcDbEntity
  8
0
100
AcDbLine
 10
342.856
 20
-399.498
 30
0.0
 11
343.025
 21
-399.374
 31
0.0
  0
LINE
  5
BC5
330
17
100
AcDbEntity
  8
0
100
AcDbLine
 10
342.393
 20
-399.838
 30
0.0
 11
342.856
 21
-399.498
 31
0.0
  0
LINE
  5
BC6
330
17
100
AcDbEntity
  8
0
100
AcDbLine
 10
342.313
 20
-399.896
 30
0.0
 11
342.393
 21
-399.838
 31
0.0
  0
LINE
  5
BC7
330
17
100
AcDbEntity
  8
0
100
AcDbLine
 10
342.419
 20
-399.818
 30
0.0
 11
342.313
 21
-399.896
 31
0.0
  0
LINE
  5
BC8
330
17
100
AcDbEntity
  8
0
100
AcDbLine
 10
342.419
 20
-399.818
 30
0.0
 11
342.526
 21
-399.74
 31
0.0
  0
LINE
  5
BC9
330
17
100
AcDbEntity
  8
0
100
AcDbLine
 10
342.375
 20
-399.851
 30
0.0
 11
342.526
 21
-399.74
 31
0.0
  0
LINE
  5
BCA
330
17
100
AcDbEntity
  8
0
100
AcDbLine
 10
342.375
 20
-399.851
 30
0.0
 11
342.152
 21
-400.014
 31
0.0
  0
LINE
  5
BCB
330
17
100
AcDbEntity
  8
0
100
AcDbLine
 10
342.152
 20
-400.014
 30
0.0
 11
341.939
 21
-400.17
 31
0.0
  0
LINE
  5
BCC
330
17
100
AcDbEntity
  8
0
100
AcDbLine
 10
341.939
 20
-400.17
 30
0.0
 11
341.627
 21
-400.399
 31
0.0
  0
LINE
  5
BCD
330
17
100
AcDbEntity
  8
0
100
AcDbLine
 10
341.325
 20
-400.621
 30
0.0
 11
341.627
 21
-400.399
 31
0.0
  0
LINE
  5
BCE
330
17
100
AcDbEntity
  8
0
100
AcDbLine
 10
341.325
 20
-400.621
 30
0.0
 11
341.503
 21
-400.49
 31
0.0
  0
LINE
  5
BCF
330
17
100
AcDbEntity
  8
0
100
AcDbLine
 10
365.416
 20
-393.706
 30
0.0
 11
366.342
 21
-392.859
 31
0.0
  0
LINE
  5
BD0
330
17
100
AcDbEntity
  8
0
100
AcDbLine
 10
364.672
 20
-394.717
 30
0.0
 11
365.416
 21
-393.706
 31
0.0
  0
LINE
  5
BD1
330
17
100
AcDbEntity
  8
0
100
AcDbLine
 10
364.14
 20
-395.853
 30
0.0
 11
364.672
 21
-394.717
 31
0.0
  0
LINE
  5
BD2
330
17
100
AcDbEntity
  8
0
100
AcDbLine
 10
363.84
 20
-397.072
 30
0.0
 11
364.14
 21
-395.853
 31
0.0
  0
LINE
  5
BD3
330
17
100
AcDbEntity
  8
0
100
AcDbLine
 10
363.784
 20
-398.326
 30
0.0
 11
363.84
 21
-397.072
 31
0.0
  0
LINE
  5
BD4
330
17
100
AcDbEntity
  8
0
100
AcDbLine
 10
363.973
 20
-399.566
 30
0.0
 11
363.784
 21
-398.326
 31
0.0
  0
LINE
  5
BD5
330
17
100
AcDbEntity
  8
0
100
AcDbLine
 10
364.401
 20
-400.746
 30
0.0
 11
363.973
 21
-399.566
 31
0.0
  0
LINE
  5
BD6
330
17
100
AcDbEntity
  8
0
100
AcDbLine
 10
365.05
 20
-401.82
 30
0.0
 11
364.401
 21
-400.746
 31
0.0
  0
LINE
  5
BD7
330
17
100
AcDbEntity
  8
0
100
AcDbLine
 10
365.897
 20
-402.746
 30
0.0
 11
365.05
 21
-401.82
 31
0.0
  0
LINE
  5
BD8
330
17
100
AcDbEntity
  8
0
100
AcDbLine
 10
366.908
 20
-403.49
 30
0.0
 11
365.897
 21
-402.746
 31
0.0
  0
LINE
  5
BD9
330
17
100
AcDbEntity
  8
0
100
AcDbLine
 10
368.044
 20
-404.022
 30
0.0
 11
366.908
 21
-403.49
 31
0.0
  0
LINE
  5
BDA
330
17
100
AcDbEntity
  8
0
100
AcDbLine
 10
369.263
 20
-404.322
 30
0.0
 11
368.044
 21
-404.022
 31
0.0
  0
LINE
  5
BDB
330
17
100
AcDbEntity
  8
0
100
AcDbLine
 10
370.517
 20
-404.378
 30
0.0
 11
369.263
 21
-404.322
 31
0.0
  0
LINE
  5
BDC
330
17
100
AcDbEntity
  8
0
100
AcDbLine
 10
371.757
 20
-404.189
 30
0.0
 11
370.517
 21
-404.378
 31
0.0
  0
LINE
  5
BDD
330
17
100
AcDbEntity
  8
0
100
AcDbLine
 10
372.937
 20
-403.762
 30
0.0
 11
371.757
 21
-404.189
 31
0.0
  0
LINE
  5
BDE
330
17
100
AcDbEntity
  8
0
100
AcDbLine
 10
374.011
 20
-403.112
 30
0.0
 11
372.937
 21
-403.762
 31
0.0
  0
LINE
  5
BDF
330
17
100
AcDbEntity
  8
0
100
AcDbLine
 10
374.937
 20
-402.266
 30
0.0
 11
374.011
 21
-403.112
 31
0.0
  0
LINE
  5
BE0
330
17
100
AcDbEntity
  8
0
100
AcDbLine
 10
375.681
 20
-401.255
 30
0.0
 11
374.937
 21
-402.266
 31
0.0
  0
LINE
  5
BE1
330
17
100
AcDbEntity
  8
0
100
AcDbLine
 10
376.213
 20
-400.118
 30
0.0
 11
375.681
 21
-401.255
 31
0.0
  0
LINE
  5
BE2
330
17
100
AcDbEntity
  8
0
100
AcDbLine
 10
376.513
 20
-398.9
 30
0.0
 11
376.213
 21
-400.118
 31
0.0
  0
LINE
  5
BE3
330
17
100
AcDbEntity
  8
0
100
AcDbLine
 10
376.57
 20
-397.646
 30
0.0
 11
376.513
 21
-398.9
 31
0.0
  0
LINE
  5
BE4
330
17
100
AcDbEntity
  8
0
100
AcDbLine
 10
376.38
 20
-396.405
 30
0.0
 11
376.57
 21
-397.646
 31
0.0
  0
LINE
  5
BE5
330
17
100
AcDbEntity
  8
0
100
AcDbLine
 10
375.953
 20
-395.225
 30
0.0
 11
376.38
 21
-396.405
 31
0.0
  0
LINE
  5
BE6
330
17
100
AcDbEntity
  8
0
100
AcDbLine
 10
375.303
 20
-394.151
 30
0.0
 11
375.953
 21
-395.225
 31
0.0
  0
LINE
  5
BE7
330
17
100
AcDbEntity
  8
0
100
AcDbLine
 10
374.457
 20
-393.225
 30
0.0
 11
375.303
 21
-394.151
 31
0.0
  0
LINE
  5
BE8
330
17
100
AcDbEntity
  8
0
100
AcDbLine
 10
373.446
 20
-392.481
 30
0.0
 11
374.457
 21
-393.225
 31
0.0
  0
LINE
  5
BE9
330
17
100
AcDbEntity
  8
0
100
AcDbLine
 10
372.309
 20
-391.949
 30
0.0
 11
373.446
 21
-392.481
 31
0.0
  0
LINE
  5
BEA
330
17
100
AcDbEntity
  8
0
100
AcDbLine
 10
371.091
 20
-391.649
 30
0.0
 11
372.309
 21
-391.949
 31
0.0
  0
LINE
  5
BEB
330
17
100
AcDbEntity
  8
0
100
AcDbLine
 10
369.837
 20
-391.593
 30
0.0
 11
371.091
 21
-391.649
 31
0.0
  0
LINE
  5
BEC
330
17
100
AcDbEntity
  8
0
100
AcDbLine
 10
368.596
 20
-391.782
 30
0.0
 11
369.837
 21
-391.593
 31
0.0
  0
LINE
  5
BED
330
17
100
AcDbEntity
  8
0
100
AcDbLine
 10
368.596
 20
-391.782
 30
0.0
 11
367.416
 21
-392.21
 31
0.0
  0
LINE
  5
BEE
330
17
100
AcDbEntity
  8
0
100
AcDbLine
 10
367.416
 20
-392.21
 30
0.0
 11
366.342
 21
-392.859
 31
0.0
  0
LINE
  5
BEF
330
17
100
AcDbEntity
  8
0
100
AcDbLine
 10
368.643
 20
-391.966
 30
0.0
 11
367.498
 21
-392.38
 31
0.0
  0
LINE
  5
BF0
330
17
100
AcDbEntity
  8
0
100
AcDbLine
 10
368.643
 20
-391.966
 30
0.0
 11
369.847
 21
-391.782
 31
0.0
  0
LINE
  5
BF1
330
17
100
AcDbEntity
  8
0
100
AcDbLine
 10
369.847
 20
-391.782
 30
0.0
 11
371.064
 21
-391.837
 31
0.0
  0
LINE
  5
BF2
330
17
100
AcDbEntity
  8
0
100
AcDbLine
 10
371.064
 20
-391.837
 30
0.0
 11
372.246
 21
-392.128
 31
0.0
  0
LINE
  5
BF3
330
17
100
AcDbEntity
  8
0
100
AcDbLine
 10
372.246
 20
-392.128
 30
0.0
 11
373.349
 21
-392.644
 31
0.0
  0
LINE
  5
BF4
330
17
100
AcDbEntity
  8
0
100
AcDbLine
 10
373.349
 20
-392.644
 30
0.0
 11
374.33
 21
-393.366
 31
0.0
  0
LINE
  5
BF5
330
17
100
AcDbEntity
  8
0
100
AcDbLine
 10
374.33
 20
-393.366
 30
0.0
 11
375.152
 21
-394.265
 31
0.0
  0
LINE
  5
BF6
330
17
100
AcDbEntity
  8
0
100
AcDbLine
 10
375.152
 20
-394.265
 30
0.0
 11
375.782
 21
-395.307
 31
0.0
  0
LINE
  5
BF7
330
17
100
AcDbEntity
  8
0
100
AcDbLine
 10
375.782
 20
-395.307
 30
0.0
 11
376.197
 21
-396.452
 31
0.0
  0
LINE
  5
BF8
330
17
100
AcDbEntity
  8
0
100
AcDbLine
 10
376.197
 20
-396.452
 30
0.0
 11
376.38
 21
-397.656
 31
0.0
  0
LINE
  5
BF9
330
17
100
AcDbEntity
  8
0
100
AcDbLine
 10
376.38
 20
-397.656
 30
0.0
 11
376.326
 21
-398.872
 31
0.0
  0
LINE
  5
BFA
330
17
100
AcDbEntity
  8
0
100
AcDbLine
 10
376.326
 20
-398.872
 30
0.0
 11
376.034
 21
-400.055
 31
0.0
  0
LINE
  5
BFB
330
17
100
AcDbEntity
  8
0
100
AcDbLine
 10
376.034
 20
-400.055
 30
0.0
 11
375.518
 21
-401.158
 31
0.0
  0
LINE
  5
BFC
330
17
100
AcDbEntity
  8
0
100
AcDbLine
 10
375.518
 20
-401.158
 30
0.0
 11
374.797
 21
-402.139
 31
0.0
  0
LINE
  5
BFD
330
17
100
AcDbEntity
  8
0
100
AcDbLine
 10
374.797
 20
-402.139
 30
0.0
 11
373.898
 21
-402.961
 31
0.0
  0
LINE
  5
BFE
330
17
100
AcDbEntity
  8
0
100
AcDbLine
 10
373.898
 20
-402.961
 30
0.0
 11
372.855
 21
-403.591
 31
0.0
  0
LINE
  5
BFF
330
17
100
AcDbEntity
  8
0
100
AcDbLine
 10
372.855
 20
-403.591
 30
0.0
 11
371.71
 21
-404.006
 31
0.0
  0
LINE
  5
C00
330
17
100
AcDbEntity
  8
0
100
AcDbLine
 10
371.71
 20
-404.006
 30
0.0
 11
370.507
 21
-404.189
 31
0.0
  0
LINE
  5
C01
330
17
100
AcDbEntity
  8
0
100
AcDbLine
 10
370.507
 20
-404.189
 30
0.0
 11
369.29
 21
-404.135
 31
0.0
  0
LINE
  5
C02
330
17
100
AcDbEntity
  8
0
100
AcDbLine
 10
369.29
 20
-404.135
 30
0.0
 11
368.107
 21
-403.843
 31
0.0
  0
LINE
  5
C03
330
17
100
AcDbEntity
  8
0
100
AcDbLine
 10
368.107
 20
-403.843
 30
0.0
 11
367.004
 21
-403.327
 31
0.0
  0
LINE
  5
C04
330
17
100
AcDbEntity
  8
0
100
AcDbLine
 10
367.004
 20
-403.327
 30
0.0
 11
366.023
 21
-402.606
 31
0.0
  0
LINE
  5
C05
330
17
100
AcDbEntity
  8
0
100
AcDbLine
 10
366.023
 20
-402.606
 30
0.0
 11
365.202
 21
-401.706
 31
0.0
  0
LINE
  5
C06
330
17
100
AcDbEntity
  8
0
100
AcDbLine
 10
365.202
 20
-401.706
 30
0.0
 11
364.571
 21
-400.664
 31
0.0
  0
LINE
  5
C07
330
17
100
AcDbEntity
  8
0
100
AcDbLine
 10
364.571
 20
-400.664
 30
0.0
 11
364.157
 21
-399.519
 31
0.0
  0
LINE
  5
C08
330
17
100
AcDbEntity
  8
0
100
AcDbLine
 10
364.157
 20
-399.519
 30
0.0
 11
363.973
 21
-398.315
 31
0.0
  0
LINE
  5
C09
330
17
100
AcDbEntity
  8
0
100
AcDbLine
 10
363.973
 20
-398.315
 30
0.0
 11
364.028
 21
-397.099
 31
0.0
  0
LINE
  5
C0A
330
17
100
AcDbEntity
  8
0
100
AcDbLine
 10
364.028
 20
-397.099
 30
0.0
 11
364.319
 21
-395.916
 31
0.0
  0
LINE
  5
C0B
330
17
100
AcDbEntity
  8
0
100
AcDbLine
 10
364.319
 20
-395.916
 30
0.0
 11
364.835
 21
-394.813
 31
0.0
  0
LINE
  5
C0C
330
17
100
AcDbEntity
  8
0
100
AcDbLine
 10
364.835
 20
-394.813
 30
0.0
 11
365.557
 21
-393.832
 31
0.0
  0
LINE
  5
C0D
330
17
100
AcDbEntity
  8
0
100
AcDbLine
 10
365.557
 20
-393.832
 30
0.0
 11
366.456
 21
-393.011
 31
0.0
  0
LINE
  5
C0E
330
17
100
AcDbEntity
  8
0
100
AcDbLine
 10
366.456
 20
-393.011
 30
0.0
 11
367.498
 21
-392.38
 31
0.0
  0
LINE
  5
C0F
330
17
100
AcDbEntity
  8
0
100
AcDbLine
 10
372.552
 20
-402.956
 30
0.0
 11
372.563
 21
-402.979
 31
0.0
  0
LINE
  5
C10
330
17
100
AcDbEntity
  8
0
100
AcDbLine
 10
372.438
 20
-402.717
 30
0.0
 11
372.552
 21
-402.956
 31
0.0
  0
LINE
  5
C11
330
17
100
AcDbEntity
  8
0
100
AcDbLine
 10
372.438
 20
-402.717
 30
0.0
 11
372.438
 21
-402.717
 31
0.0
  0
LINE
  5
C12
330
17
100
AcDbEntity
  8
0
100
AcDbLine
 10
372.061
 20
-401.928
 30
0.0
 11
372.438
 21
-402.717
 31
0.0
  0
LINE
  5
C13
330
17
100
AcDbEntity
  8
0
100
AcDbLine
 10
372.061
 20
-401.928
 30
0.0
 11
371.941
 21
-401.677
 31
0.0
  0
LINE
  5
C14
330
17
100
AcDbEntity
  8
0
100
AcDbLine
 10
371.832
 20
-401.45
 30
0.0
 11
371.941
 21
-401.677
 31
0.0
  0
LINE
  5
C15
330
17
100
AcDbEntity
  8
0
100
AcDbLine
 10
371.827
 20
-401.438
 30
0.0
 11
371.832
 21
-401.45
 31
0.0
  0
LINE
  5
C16
330
17
100
AcDbEntity
  8
0
100
AcDbLine
 10
371.775
 20
-401.33
 30
0.0
 11
371.827
 21
-401.438
 31
0.0
  0
LINE
  5
C17
330
17
100
AcDbEntity
  8
0
100
AcDbLine
 10
371.57
 20
-400.9
 30
0.0
 11
371.775
 21
-401.33
 31
0.0
  0
LINE
  5
C18
330
17
100
AcDbEntity
  8
0
100
AcDbLine
 10
371.461
 20
-400.673
 30
0.0
 11
371.57
 21
-400.9
 31
0.0
  0
LINE
  5
C19
330
17
100
AcDbEntity
  8
0
100
AcDbLine
 10
371.461
 20
-400.673
 30
0.0
 11
371.387
 21
-400.518
 31
0.0
  0
LINE
  5
C1A
330
17
100
AcDbEntity
  8
0
100
AcDbLine
 10
371.244
 20
-400.219
 30
0.0
 11
371.387
 21
-400.518
 31
0.0
  0
LINE
  5
C1B
330
17
100
AcDbEntity
  8
0
100
AcDbLine
 10
371.124
 20
-399.968
 30
0.0
 11
371.244
 21
-400.219
 31
0.0
  0
LINE
  5
C1C
330
17
100
AcDbEntity
  8
0
100
AcDbLine
 10
371.124
 20
-399.968
 30
0.0
 11
370.987
 21
-399.681
 31
0.0
  0
LINE
  5
C1D
330
17
100
AcDbEntity
  8
0
100
AcDbLine
 10
370.936
 20
-399.574
 30
0.0
 11
370.987
 21
-399.681
 31
0.0
  0
LINE
  5
C1E
330
17
100
AcDbEntity
  8
0
100
AcDbLine
 10
370.65
 20
-398.976
 30
0.0
 11
370.936
 21
-399.574
 31
0.0
  0
LINE
  5
C1F
330
17
100
AcDbEntity
  8
0
100
AcDbLine
 10
370.65
 20
-398.976
 30
0.0
 11
370.536
 21
-398.737
 31
0.0
  0
LINE
  5
C20
330
17
100
AcDbEntity
  8
0
100
AcDbLine
 10
370.536
 20
-398.737
 30
0.0
 11
370.347
 21
-398.343
 31
0.0
  0
LINE
  5
C21
330
17
100
AcDbEntity
  8
0
100
AcDbLine
 10
370.347
 20
-398.343
 30
0.0
 11
370.325
 21
-398.295
 31
0.0
  0
LINE
  5
C22
330
17
100
AcDbEntity
  8
0
100
AcDbLine
 10
370.325
 20
-398.295
 30
0.0
 11
370.325
 21
-398.295
 31
0.0
  0
LINE
  5
C23
330
17
100
AcDbEntity
  8
0
100
AcDbLine
 10
370.103
 20
-397.832
 30
0.0
 11
370.325
 21
-398.295
 31
0.0
  0
LINE
  5
C24
330
17
100
AcDbEntity
  8
0
100
AcDbLine
 10
370.103
 20
-397.832
 30
0.0
 11
370.103
 21
-397.832
 31
0.0
  0
LINE
  5
C25
330
17
100
AcDbEntity
  8
0
100
AcDbLine
 10
370.123
 20
-397.873
 30
0.0
 11
370.103
 21
-397.832
 31
0.0
  0
LINE
  5
C26
330
17
100
AcDbEntity
  8
0
100
AcDbLine
 10
370.15
 20
-397.931
 30
0.0
 11
370.123
 21
-397.873
 31
0.0
  0
LINE
  5
C27
330
17
100
AcDbEntity
  8
0
100
AcDbLine
 10
370.139
 20
-397.906
 30
0.0
 11
370.15
 21
-397.931
 31
0.0
  0
LINE
  5
C28
330
17
100
AcDbEntity
  8
0
100
AcDbLine
 10
370.024
 20
-397.665
 30
0.0
 11
370.139
 21
-397.906
 31
0.0
  0
LINE
  5
C29
330
17
100
AcDbEntity
  8
0
100
AcDbLine
 10
369.762
 20
-397.117
 30
0.0
 11
370.024
 21
-397.665
 31
0.0
  0
LINE
  5
C2A
330
17
100
AcDbEntity
  8
0
100
AcDbLine
 10
369.603
 20
-396.786
 30
0.0
 11
369.762
 21
-397.117
 31
0.0
  0
LINE
  5
C2B
330
17
100
AcDbEntity
  8
0
100
AcDbLine
 10
369.603
 20
-396.786
 30
0.0
 11
369.532
 21
-396.636
 31
0.0
  0
LINE
  5
C2C
330
17
100
AcDbEntity
  8
0
100
AcDbLine
 10
369.23
 20
-396.006
 30
0.0
 11
369.532
 21
-396.636
 31
0.0
  0
LINE
  5
C2D
330
17
100
AcDbEntity
  8
0
100
AcDbLine
 10
368.774
 20
-395.051
 30
0.0
 11
369.23
 21
-396.006
 31
0.0
  0
LINE
  5
C2E
330
17
100
AcDbEntity
  8
0
100
AcDbLine
 10
368.774
 20
-395.051
 30
0.0
 11
368.933
 21
-395.383
 31
0.0
  0
LINE
  5
C2F
330
17
100
AcDbEntity
  8
0
100
AcDbLine
 10
368.83
 20
-395.167
 30
0.0
 11
368.933
 21
-395.383
 31
0.0
  0
LINE
  5
C30
330
17
100
AcDbEntity
  8
0
100
AcDbLine
 10
368.663
 20
-394.819
 30
0.0
 11
368.83
 21
-395.167
 31
0.0
  0
LINE
  5
C31
330
17
100
AcDbEntity
  8
0
100
AcDbLine
 10
368.663
 20
-394.819
 30
0.0
 11
368.465
 21
-394.404
 31
0.0
  0
LINE
  5
C32
330
17
100
AcDbEntity
  8
0
100
AcDbLine
 10
368.326
 20
-394.114
 30
0.0
 11
368.465
 21
-394.404
 31
0.0
  0
LINE
  5
C33
330
17
100
AcDbEntity
  8
0
100
AcDbLine
 10
368.326
 20
-394.114
 30
0.0
 11
368.231
 21
-393.914
 31
0.0
  0
LINE
  5
C34
330
17
100
AcDbEntity
  8
0
100
AcDbLine
 10
367.993
 20
-393.416
 30
0.0
 11
368.231
 21
-393.914
 31
0.0
  0
LINE
  5
C35
330
17
100
AcDbEntity
  8
0
100
AcDbLine
 10
367.89
 20
-393.201
 30
0.0
 11
367.993
 21
-393.416
 31
0.0
  0
LINE
  5
C36
330
17
100
AcDbEntity
  8
0
100
AcDbLine
 10
367.89
 20
-393.201
 30
0.0
 11
367.764
 21
-392.938
 31
0.0
  0
LINE
  5
C37
330
17
100
AcDbEntity
  8
0
100
AcDbLine
 10
367.844
 20
-393.105
 30
0.0
 11
367.764
 21
-392.938
 31
0.0
  0
LINE
  5
C38
330
17
100
AcDbEntity
  8
0
100
AcDbLine
 10
367.547
 20
-392.484
 30
0.0
 11
367.844
 21
-393.105
 31
0.0
  0
LINE
  5
C39
330
17
100
AcDbEntity
  8
0
100
AcDbLine
 10
367.498
 20
-392.38
 30
0.0
 11
367.547
 21
-392.484
 31
0.0
  0
LINE
  5
C3A
330
17
100
AcDbEntity
  8
0
100
AcDbLine
 10
367.498
 20
-392.38
 30
0.0
 11
367.679
 21
-392.759
 31
0.0
  0
LINE
  5
C3B
330
17
100
AcDbEntity
  8
0
100
AcDbLine
 10
367.696
 20
-392.794
 30
0.0
 11
367.679
 21
-392.759
 31
0.0
  0
LINE
  5
C3C
330
17
100
AcDbEntity
  8
0
100
AcDbLine
 10
367.519
 20
-392.424
 30
0.0
 11
367.696
 21
-392.794
 31
0.0
  0
LINE
  5
C3D
330
17
100
AcDbEntity
  8
0
100
AcDbLine
 10
367.393
 20
-392.161
 30
0.0
 11
367.416
 21
-392.21
 31
0.0
  0
LINE
  5
C3E
330
17
100
AcDbEntity
  8
0
100
AcDbLine
 10
367.498
 20
-392.38
 30
0.0
 11
367.519
 21
-392.424
 31
0.0
  0
LINE
  5
C3F
330
17
100
AcDbEntity
  8
0
100
AcDbLine
 10
367.393
 20
-392.161
 30
0.0
 11
367.393
 21
-392.161
 31
0.0
  0
LINE
  5
C40
330
17
100
AcDbEntity
  8
0
100
AcDbLine
 10
367.393
 20
-392.161
 30
0.0
 11
367.416
 21
-392.21
 31
0.0
  0
LINE
  5
C41
330
17
100
AcDbEntity
  8
0
100
AcDbLine
 10
367.498
 20
-392.38
 30
0.0
 11
367.564
 21
-392.52
 31
0.0
  0
LINE
  5
C42
330
17
100
AcDbEntity
  8
0
100
AcDbLine
 10
367.359
 20
-392.089
 30
0.0
 11
367.416
 21
-392.21
 31
0.0
  0
LINE
  5
C43
330
17
100
AcDbEntity
  8
0
100
AcDbLine
 10
367.498
 20
-392.38
 30
0.0
 11
367.564
 21
-392.52
 31
0.0
  0
LINE
  5
C44
330
17
100
AcDbEntity
  8
0
100
AcDbLine
 10
367.376
 20
-392.125
 30
0.0
 11
367.359
 21
-392.089
 31
0.0
  0
LINE
  5
C45
330
17
100
AcDbEntity
  8
0
100
AcDbLine
 10
367.376
 20
-392.125
 30
0.0
 11
367.416
 21
-392.21
 31
0.0
  0
LINE
  5
C46
330
17
100
AcDbEntity
  8
0
100
AcDbLine
 10
367.498
 20
-392.38
 30
0.0
 11
367.644
 21
-392.687
 31
0.0
  0
LINE
  5
C47
330
17
100
AcDbEntity
  8
0
100
AcDbLine
 10
367.644
 20
-392.687
 30
0.0
 11
367.97
 21
-393.368
 31
0.0
  0
LINE
  5
C48
330
17
100
AcDbEntity
  8
0
100
AcDbLine
 10
368.004
 20
-393.44
 30
0.0
 11
367.97
 21
-393.368
 31
0.0
  0
LINE
  5
C49
330
17
100
AcDbEntity
  8
0
100
AcDbLine
 10
367.781
 20
-392.974
 30
0.0
 11
368.004
 21
-393.44
 31
0.0
  0
LINE
  5
C4A
330
17
100
AcDbEntity
  8
0
100
AcDbLine
 10
367.781
 20
-392.974
 30
0.0
 11
367.679
 21
-392.759
 31
0.0
  0
LINE
  5
C4B
330
17
100
AcDbEntity
  8
0
100
AcDbLine
 10
367.679
 20
-392.759
 30
0.0
 11
367.907
 21
-393.237
 31
0.0
  0
LINE
  5
C4C
330
17
100
AcDbEntity
  8
0
100
AcDbLine
 10
367.896
 20
-393.213
 30
0.0
 11
367.907
 21
-393.237
 31
0.0
  0
LINE
  5
C4D
330
17
100
AcDbEntity
  8
0
100
AcDbLine
 10
367.896
 20
-393.213
 30
0.0
 11
368.175
 21
-393.798
 31
0.0
  0
LINE
  5
C4E
330
17
100
AcDbEntity
  8
0
100
AcDbLine
 10
368.175
 20
-393.798
 30
0.0
 11
368.535
 21
-394.551
 31
0.0
  0
LINE
  5
C4F
330
17
100
AcDbEntity
  8
0
100
AcDbLine
 10
368.535
 20
-394.551
 30
0.0
 11
368.769
 21
-395.041
 31
0.0
  0
LINE
  5
C50
330
17
100
AcDbEntity
  8
0
100
AcDbLine
 10
368.821
 20
-395.148
 30
0.0
 11
368.769
 21
-395.041
 31
0.0
  0
LINE
  5
C51
330
17
100
AcDbEntity
  8
0
100
AcDbLine
 10
369.049
 20
-395.626
 30
0.0
 11
368.821
 21
-395.148
 31
0.0
  0
LINE
  5
C52
330
17
100
AcDbEntity
  8
0
100
AcDbLine
 10
369.049
 20
-395.626
 30
0.0
 11
369.129
 21
-395.794
 31
0.0
  0
LINE
  5
C53
330
17
100
AcDbEntity
  8
0
100
AcDbLine
 10
369.129
 20
-395.794
 30
0.0
 11
369.409
 21
-396.379
 31
0.0
  0
LINE
  5
C54
330
17
100
AcDbEntity
  8
0
100
AcDbLine
 10
369.363
 20
-396.284
 30
0.0
 11
369.409
 21
-396.379
 31
0.0
  0
LINE
  5
C55
330
17
100
AcDbEntity
  8
0
100
AcDbLine
 10
369.78
 20
-397.156
 30
0.0
 11
369.363
 21
-396.284
 31
0.0
  0
LINE
  5
C56
330
17
100
AcDbEntity
  8
0
100
AcDbLine
 10
369.78
 20
-397.156
 30
0.0
 11
369.9
 21
-397.407
 31
0.0
  0
LINE
  5
C57
330
17
100
AcDbEntity
  8
0
100
AcDbLine
 10
369.9
 20
-397.407
 30
0.0
 11
370.083
 21
-397.789
 31
0.0
  0
LINE
  5
C58
330
17
100
AcDbEntity
  8
0
100
AcDbLine
 10
370.408
 20
-398.47
 30
0.0
 11
370.083
 21
-397.789
 31
0.0
  0
LINE
  5
C59
330
17
100
AcDbEntity
  8
0
100
AcDbLine
 10
370.408
 20
-398.47
 30
0.0
 11
370.42
 21
-398.494
 31
0.0
  0
LINE
  5
C5A
330
17
100
AcDbEntity
  8
0
100
AcDbLine
 10
370.62
 20
-398.913
 30
0.0
 11
370.42
 21
-398.494
 31
0.0
  0
LINE
  5
C5B
330
17
100
AcDbEntity
  8
0
100
AcDbLine
 10
370.62
 20
-398.913
 30
0.0
 11
370.894
 21
-399.486
 31
0.0
  0
LINE
  5
C5C
330
17
100
AcDbEntity
  8
0
100
AcDbLine
 10
370.894
 20
-399.486
 30
0.0
 11
371.17
 21
-400.064
 31
0.0
  0
LINE
  5
C5D
330
17
100
AcDbEntity
  8
0
100
AcDbLine
 10
371.17
 20
-400.064
 30
0.0
 11
371.26
 21
-400.253
 31
0.0
  0
LINE
  5
C5E
330
17
100
AcDbEntity
  8
0
100
AcDbLine
 10
371.26
 20
-400.253
 30
0.0
 11
371.508
 21
-400.771
 31
0.0
  0
LINE
  5
C5F
330
17
100
AcDbEntity
  8
0
100
AcDbLine
 10
371.508
 20
-400.771
 30
0.0
 11
371.551
 21
-400.86
 31
0.0
  0
LINE
  5
C60
330
17
100
AcDbEntity
  8
0
100
AcDbLine
 10
371.493
 20
-400.741
 30
0.0
 11
371.551
 21
-400.86
 31
0.0
  0
LINE
  5
C61
330
17
100
AcDbEntity
  8
0
100
AcDbLine
 10
371.436
 20
-400.621
 30
0.0
 11
371.493
 21
-400.741
 31
0.0
  0
LINE
  5
C62
330
17
100
AcDbEntity
  8
0
100
AcDbLine
 10
371.436
 20
-400.621
 30
0.0
 11
371.517
 21
-400.791
 31
0.0
  0
LINE
  5
C63
330
17
100
AcDbEntity
  8
0
100
AcDbLine
 10
371.517
 20
-400.791
 30
0.0
 11
371.636
 21
-401.04
 31
0.0
  0
LINE
  5
C64
330
17
100
AcDbEntity
  8
0
100
AcDbLine
 10
371.636
 20
-401.04
 30
0.0
 11
371.75
 21
-401.279
 31
0.0
  0
LINE
  5
C65
330
17
100
AcDbEntity
  8
0
100
AcDbLine
 10
371.75
 20
-401.279
 30
0.0
 11
371.917
 21
-401.627
 31
0.0
  0
LINE
  5
C66
330
17
100
AcDbEntity
  8
0
100
AcDbLine
 10
372.079
 20
-401.966
 30
0.0
 11
371.917
 21
-401.627
 31
0.0
  0
LINE
  5
C67
330
17
100
AcDbEntity
  8
0
100
AcDbLine
 10
372.079
 20
-401.966
 30
0.0
 11
371.984
 21
-401.767
 31
0.0
  0
LINE
  5
C68
330
17
100
AcDbEntity
  8
0
100
AcDbLine
 10
372.136
 20
-402.085
 30
0.0
 11
371.984
 21
-401.767
 31
0.0
  0
LINE
  5
C69
330
17
100
AcDbEntity
  8
0
100
AcDbLine
 10
372.136
 20
-402.085
 30
0.0
 11
372.312
 21
-402.454
 31
0.0
  0
LINE
  5
C6A
330
17
100
AcDbEntity
  8
0
100
AcDbLine
 10
372.312
 20
-402.454
 30
0.0
 11
372.469
 21
-402.782
 31
0.0
  0
LINE
  5
C6B
330
17
100
AcDbEntity
  8
0
100
AcDbLine
 10
372.469
 20
-402.782
 30
0.0
 11
372.593
 21
-403.041
 31
0.0
  0
LINE
  5
C6C
330
17
100
AcDbEntity
  8
0
100
AcDbLine
 10
372.569
 20
-402.991
 30
0.0
 11
372.593
 21
-403.041
 31
0.0
  0
LINE
  5
C6D
330
17
100
AcDbEntity
  8
0
100
AcDbLine
 10
372.569
 20
-402.991
 30
0.0
 11
372.464
 21
-402.772
 31
0.0
  0
LINE
  5
C6E
330
17
100
AcDbEntity
  8
0
100
AcDbLine
 10
372.597
 20
-403.051
 30
0.0
 11
372.464
 21
-402.772
 31
0.0
  0
LINE
  5
C6F
330
17
100
AcDbEntity
  8
0
100
AcDbLine
 10
372.597
 20
-403.051
 30
0.0
 11
372.574
 21
-403.001
 31
0.0
  0
LINE
  5
C70
330
17
100
AcDbEntity
  8
0
100
AcDbLine
 10
372.631
 20
-403.121
 30
0.0
 11
372.574
 21
-403.001
 31
0.0
  0
LINE
  5
C71
330
17
100
AcDbEntity
  8
0
100
AcDbLine
 10
372.631
 20
-403.121
 30
0.0
 11
372.664
 21
-403.191
 31
0.0
  0
LINE
  5
C72
330
17
100
AcDbEntity
  8
0
100
AcDbLine
 10
372.774
 20
-403.42
 30
0.0
 11
372.664
 21
-403.191
 31
0.0
  0
LINE
  5
C73
330
17
100
AcDbEntity
  8
0
100
AcDbLine
 10
372.774
 20
-403.42
 30
0.0
 11
372.854
 21
-403.589
 31
0.0
  0
LINE
  5
C74
330
17
100
AcDbEntity
  8
0
100
AcDbLine
 10
372.854
 20
-403.589
 30
0.0
 11
372.969
 21
-403.828
 31
0.0
  0
LINE
  5
C75
330
17
100
AcDbEntity
  8
0
100
AcDbLine
 10
373.169
 20
-404.246
 30
0.0
 11
372.969
 21
-403.828
 31
0.0
  0
LINE
  5
C76
330
17
100
AcDbEntity
  8
0
100
AcDbLine
 10
373.169
 20
-404.246
 30
0.0
 11
373.191
 21
-404.294
 31
0.0
  0
LINE
  5
C77
330
17
100
AcDbEntity
  8
0
100
AcDbLine
 10
373.226
 20
-404.366
 30
0.0
 11
373.191
 21
-404.294
 31
0.0
  0
LINE
  5
C78
330
17
100
AcDbEntity
  8
0
100
AcDbLine
 10
373.226
 20
-404.366
 30
0.0
 11
373.174
 21
-404.258
 31
0.0
  0
LINE
  5
C79
330
17
100
AcDbEntity
  8
0
100
AcDbLine
 10
373.163
 20
-404.234
 30
0.0
 11
373.174
 21
-404.258
 31
0.0
  0
LINE
  5
C7A
330
17
100
AcDbEntity
  8
0
100
AcDbLine
 10
373.054
 20
-404.007
 30
0.0
 11
373.163
 21
-404.234
 31
0.0
  0
LINE
  5
C7B
330
17
100
AcDbEntity
  8
0
100
AcDbLine
 10
372.969
 20
-403.828
 30
0.0
 11
373.054
 21
-404.007
 31
0.0
  0
LINE
  5
C7C
330
17
100
AcDbEntity
  8
0
100
AcDbLine
 10
372.937
 20
-403.762
 30
0.0
 11
372.969
 21
-403.828
 31
0.0
  0
LINE
  5
C7D
330
17
100
AcDbEntity
  8
0
100
AcDbLine
 10
372.672
 20
-403.206
 30
0.0
 11
372.855
 21
-403.591
 31
0.0
  0
LINE
  5
C7E
330
17
100
AcDbEntity
  8
0
100
AcDbLine
 10
372.672
 20
-403.206
 30
0.0
 11
372.529
 21
-402.908
 31
0.0
  0
LINE
  5
C7F
330
17
100
AcDbEntity
  8
0
100
AcDbLine
 10
372.306
 20
-402.442
 30
0.0
 11
372.529
 21
-402.908
 31
0.0
  0
LINE
  5
C80
330
17
100
AcDbEntity
  8
0
100
AcDbLine
 10
372.306
 20
-402.442
 30
0.0
 11
372.455
 21
-402.752
 31
0.0
  0
LINE
  5
C81
330
17
100
AcDbEntity
  8
0
100
AcDbLine
 10
372.563
 20
-402.979
 30
0.0
 11
372.455
 21
-402.752
 31
0.0
  0
LINE
  5
C82
330
17
100
AcDbEntity
  8
0
100
AcDbLine
 10
366.193
 20
-399.986
 30
0.0
 11
366.511
 21
-399.833
 31
0.0
  0
LINE
  5
C83
330
17
100
AcDbEntity
  8
0
100
AcDbLine
 10
365.824
 20
-400.162
 30
0.0
 11
366.193
 21
-399.986
 31
0.0
  0
LINE
  5
C84
330
17
100
AcDbEntity
  8
0
100
AcDbLine
 10
365.496
 20
-400.319
 30
0.0
 11
365.824
 21
-400.162
 31
0.0
  0
LINE
  5
C85
330
17
100
AcDbEntity
  8
0
100
AcDbLine
 10
365.237
 20
-400.442
 30
0.0
 11
365.496
 21
-400.319
 31
0.0
  0
LINE
  5
C86
330
17
100
AcDbEntity
  8
0
100
AcDbLine
 10
365.286
 20
-400.419
 30
0.0
 11
365.237
 21
-400.442
 31
0.0
  0
LINE
  5
C87
330
17
100
AcDbEntity
  8
0
100
AcDbLine
 10
365.286
 20
-400.419
 30
0.0
 11
365.506
 21
-400.314
 31
0.0
  0
LINE
  5
C88
330
17
100
AcDbEntity
  8
0
100
AcDbLine
 10
365.227
 20
-400.447
 30
0.0
 11
365.506
 21
-400.314
 31
0.0
  0
LINE
  5
C89
330
17
100
AcDbEntity
  8
0
100
AcDbLine
 10
365.227
 20
-400.447
 30
0.0
 11
365.277
 21
-400.423
 31
0.0
  0
LINE
  5
C8A
330
17
100
AcDbEntity
  8
0
100
AcDbLine
 10
365.157
 20
-400.481
 30
0.0
 11
365.277
 21
-400.423
 31
0.0
  0
LINE
  5
C8B
330
17
100
AcDbEntity
  8
0
100
AcDbLine
 10
365.157
 20
-400.481
 30
0.0
 11
365.087
 21
-400.514
 31
0.0
  0
LINE
  5
C8C
330
17
100
AcDbEntity
  8
0
100
AcDbLine
 10
364.858
 20
-400.623
 30
0.0
 11
365.087
 21
-400.514
 31
0.0
  0
LINE
  5
C8D
330
17
100
AcDbEntity
  8
0
100
AcDbLine
 10
364.858
 20
-400.623
 30
0.0
 11
364.689
 21
-400.704
 31
0.0
  0
LINE
  5
C8E
330
17
100
AcDbEntity
  8
0
100
AcDbLine
 10
364.689
 20
-400.704
 30
0.0
 11
364.45
 21
-400.818
 31
0.0
  0
LINE
  5
C8F
330
17
100
AcDbEntity
  8
0
100
AcDbLine
 10
364.032
 20
-401.018
 30
0.0
 11
364.45
 21
-400.818
 31
0.0
  0
LINE
  5
C90
330
17
100
AcDbEntity
  8
0
100
AcDbLine
 10
363.984
 20
-401.041
 30
0.0
 11
364.032
 21
-401.018
 31
0.0
  0
LINE
  5
C91
330
17
100
AcDbEntity
  8
0
100
AcDbLine
 10
363.912
 20
-401.075
 30
0.0
 11
363.984
 21
-401.041
 31
0.0
  0
LINE
  5
C92
330
17
100
AcDbEntity
  8
0
100
AcDbLine
 10
363.912
 20
-401.075
 30
0.0
 11
364.02
 21
-401.024
 31
0.0
  0
LINE
  5
C93
330
17
100
AcDbEntity
  8
0
100
AcDbLine
 10
364.044
 20
-401.013
 30
0.0
 11
364.02
 21
-401.024
 31
0.0
  0
LINE
  5
C94
330
17
100
AcDbEntity
  8
0
100
AcDbLine
 10
364.044
 20
-401.013
 30
0.0
 11
364.271
 21
-400.904
 31
0.0
  0
LINE
  5
C95
330
17
100
AcDbEntity
  8
0
100
AcDbLine
 10
364.446
 20
-400.821
 30
0.0
 11
364.271
 21
-400.904
 31
0.0
  0
LINE
  5
C96
330
17
100
AcDbEntity
  8
0
100
AcDbLine
 10
364.665
 20
-400.716
 30
0.0
 11
364.616
 21
-400.739
 31
0.0
  0
LINE
  5
C97
330
17
100
AcDbEntity
  8
0
100
AcDbLine
 10
365.071
 20
-400.521
 30
0.0
 11
364.665
 21
-400.716
 31
0.0
  0
LINE
  5
C98
330
17
100
AcDbEntity
  8
0
100
AcDbLine
 10
365.071
 20
-400.521
 30
0.0
 11
365.37
 21
-400.379
 31
0.0
  0
LINE
  5
C99
330
17
100
AcDbEntity
  8
0
100
AcDbLine
 10
365.836
 20
-400.156
 30
0.0
 11
365.37
 21
-400.379
 31
0.0
  0
LINE
  5
C9A
330
17
100
AcDbEntity
  8
0
100
AcDbLine
 10
365.525
 20
-400.304
 30
0.0
 11
365.836
 21
-400.156
 31
0.0
  0
LINE
  5
C9B
330
17
100
AcDbEntity
  8
0
100
AcDbLine
 10
365.298
 20
-400.413
 30
0.0
 11
365.525
 21
-400.304
 31
0.0
  0
LINE
  5
C9C
330
17
100
AcDbEntity
  8
0
100
AcDbLine
 10
365.298
 20
-400.413
 30
0.0
 11
365.322
 21
-400.402
 31
0.0
  0
LINE
  5
C9D
330
17
100
AcDbEntity
  8
0
100
AcDbLine
 10
365.561
 20
-400.287
 30
0.0
 11
365.322
 21
-400.402
 31
0.0
  0
LINE
  5
C9E
330
17
100
AcDbEntity
  8
0
100
AcDbLine
 10
365.561
 20
-400.287
 30
0.0
 11
365.561
 21
-400.287
 31
0.0
  0
LINE
  5
C9F
330
17
100
AcDbEntity
  8
0
100
AcDbLine
 10
366.35
 20
-399.91
 30
0.0
 11
365.561
 21
-400.287
 31
0.0
  0
LINE
  5
CA0
330
17
100
AcDbEntity
  8
0
100
AcDbLine
 10
366.35
 20
-399.91
 30
0.0
 11
366.601
 21
-399.791
 31
0.0
  0
LINE
  5
CA1
330
17
100
AcDbEntity
  8
0
100
AcDbLine
 10
366.828
 20
-399.682
 30
0.0
 11
366.601
 21
-399.791
 31
0.0
  0
LINE
  5
CA2
330
17
100
AcDbEntity
  8
0
100
AcDbLine
 10
366.84
 20
-399.676
 30
0.0
 11
366.828
 21
-399.682
 31
0.0
  0
LINE
  5
CA3
330
17
100
AcDbEntity
  8
0
100
AcDbLine
 10
366.84
 20
-399.676
 30
0.0
 11
366.947
 21
-399.625
 31
0.0
  0
LINE
  5
CA4
330
17
100
AcDbEntity
  8
0
100
AcDbLine
 10
367.378
 20
-399.419
 30
0.0
 11
366.947
 21
-399.625
 31
0.0
  0
LINE
  5
CA5
330
17
100
AcDbEntity
  8
0
100
AcDbLine
 10
367.605
 20
-399.311
 30
0.0
 11
367.378
 21
-399.419
 31
0.0
  0
LINE
  5
CA6
330
17
100
AcDbEntity
  8
0
100
AcDbLine
 10
367.605
 20
-399.311
 30
0.0
 11
367.76
 21
-399.237
 31
0.0
  0
LINE
  5
CA7
330
17
100
AcDbEntity
  8
0
100
AcDbLine
 10
368.059
 20
-399.094
 30
0.0
 11
367.76
 21
-399.237
 31
0.0
  0
LINE
  5
CA8
330
17
100
AcDbEntity
  8
0
100
AcDbLine
 10
368.31
 20
-398.974
 30
0.0
 11
368.059
 21
-399.094
 31
0.0
  0
LINE
  5
CA9
330
17
100
AcDbEntity
  8
0
100
AcDbLine
 10
368.31
 20
-398.974
 30
0.0
 11
368.597
 21
-398.837
 31
0.0
  0
LINE
  5
CAA
330
17
100
AcDbEntity
  8
0
100
AcDbLine
 10
368.597
 20
-398.837
 30
0.0
 11
368.704
 21
-398.785
 31
0.0
  0
LINE
  5
CAB
330
17
100
AcDbEntity
  8
0
100
AcDbLine
 10
369.302
 20
-398.5
 30
0.0
 11
368.704
 21
-398.785
 31
0.0
  0
LINE
  5
CAC
330
17
100
AcDbEntity
  8
0
100
AcDbLine
 10
369.302
 20
-398.5
 30
0.0
 11
369.541
 21
-398.386
 31
0.0
  0
LINE
  5
CAD
330
17
100
AcDbEntity
  8
0
100
AcDbLine
 10
369.935
 20
-398.197
 30
0.0
 11
369.541
 21
-398.386
 31
0.0
  0
LINE
  5
CAE
330
17
100
AcDbEntity
  8
0
100
AcDbLine
 10
369.983
 20
-398.174
 30
0.0
 11
369.935
 21
-398.197
 31
0.0
  0
LINE
  5
CAF
330
17
100
AcDbEntity
  8
0
100
AcDbLine
 10
369.983
 20
-398.174
 30
0.0
 11
369.983
 21
-398.174
 31
0.0
  0
LINE
  5
CB0
330
17
100
AcDbEntity
  8
0
100
AcDbLine
 10
369.983
 20
-398.174
 30
0.0
 11
370.445
 21
-397.953
 31
0.0
  0
LINE
  5
CB1
330
17
100
AcDbEntity
  8
0
100
AcDbLine
 10
370.445
 20
-397.953
 30
0.0
 11
370.445
 21
-397.953
 31
0.0
  0
LINE
  5
CB2
330
17
100
AcDbEntity
  8
0
100
AcDbLine
 10
370.445
 20
-397.953
 30
0.0
 11
370.405
 21
-397.972
 31
0.0
  0
LINE
  5
CB3
330
17
100
AcDbEntity
  8
0
100
AcDbLine
 10
370.405
 20
-397.972
 30
0.0
 11
370.347
 21
-398.0
 31
0.0
  0
LINE
  5
CB4
330
17
100
AcDbEntity
  8
0
100
AcDbLine
 10
370.347
 20
-398.0
 30
0.0
 11
370.372
 21
-397.988
 31
0.0
  0
LINE
  5
CB5
330
17
100
AcDbEntity
  8
0
100
AcDbLine
 10
370.372
 20
-397.988
 30
0.0
 11
370.613
 21
-397.873
 31
0.0
  0
LINE
  5
CB6
330
17
100
AcDbEntity
  8
0
100
AcDbLine
 10
371.16
 20
-397.612
 30
0.0
 11
370.613
 21
-397.873
 31
0.0
  0
LINE
  5
CB7
330
17
100
AcDbEntity
  8
0
100
AcDbLine
 10
371.16
 20
-397.612
 30
0.0
 11
371.492
 21
-397.453
 31
0.0
  0
LINE
  5
CB8
330
17
100
AcDbEntity
  8
0
100
AcDbLine
 10
371.642
 20
-397.382
 30
0.0
 11
371.492
 21
-397.453
 31
0.0
  0
LINE
  5
CB9
330
17
100
AcDbEntity
  8
0
100
AcDbLine
 10
372.272
 20
-397.08
 30
0.0
 11
371.642
 21
-397.382
 31
0.0
  0
LINE
  5
CBA
330
17
100
AcDbEntity
  8
0
100
AcDbLine
 10
373.227
 20
-396.624
 30
0.0
 11
372.272
 21
-397.08
 31
0.0
  0
LINE
  5
CBB
330
17
100
AcDbEntity
  8
0
100
AcDbLine
 10
373.227
 20
-396.624
 30
0.0
 11
372.895
 21
-396.783
 31
0.0
  0
LINE
  5
CBC
330
17
100
AcDbEntity
  8
0
100
AcDbLine
 10
372.895
 20
-396.783
 30
0.0
 11
373.11
 21
-396.68
 31
0.0
  0
LINE
  5
CBD
330
17
100
AcDbEntity
  8
0
100
AcDbLine
 10
373.459
 20
-396.513
 30
0.0
 11
373.11
 21
-396.68
 31
0.0
  0
LINE
  5
CBE
330
17
100
AcDbEntity
  8
0
100
AcDbLine
 10
373.459
 20
-396.513
 30
0.0
 11
373.874
 21
-396.315
 31
0.0
  0
LINE
  5
CBF
330
17
100
AcDbEntity
  8
0
100
AcDbLine
 10
374.164
 20
-396.176
 30
0.0
 11
373.874
 21
-396.315
 31
0.0
  0
LINE
  5
CC0
330
17
100
AcDbEntity
  8
0
100
AcDbLine
 10
374.164
 20
-396.176
 30
0.0
 11
374.363
 21
-396.081
 31
0.0
  0
LINE
  5
CC1
330
17
100
AcDbEntity
  8
0
100
AcDbLine
 10
374.861
 20
-395.843
 30
0.0
 11
374.363
 21
-396.081
 31
0.0
  0
LINE
  5
CC2
330
17
100
AcDbEntity
  8
0
100
AcDbLine
 10
375.014
 20
-395.77
 30
0.0
 11
374.861
 21
-395.843
 31
0.0
  0
LINE
  5
CC3
330
17
100
AcDbEntity
  8
0
100
AcDbLine
 10
375.245
 20
-395.66
 30
0.0
 11
375.34
 21
-395.614
 31
0.0
  0
LINE
  5
CC4
330
17
100
AcDbEntity
  8
0
100
AcDbLine
 10
375.34
 20
-395.614
 30
0.0
 11
375.245
 21
-395.66
 31
0.0
  0
LINE
  5
CC5
330
17
100
AcDbEntity
  8
0
100
AcDbLine
 10
375.794
 20
-395.397
 30
0.0
 11
375.245
 21
-395.66
 31
0.0
  0
LINE
  5
CC6
330
17
100
AcDbEntity
  8
0
100
AcDbLine
 10
375.812
 20
-395.389
 30
0.0
 11
375.794
 21
-395.397
 31
0.0
  0
LINE
  5
CC7
330
17
100
AcDbEntity
  8
0
100
AcDbLine
 10
375.812
 20
-395.389
 30
0.0
 11
375.519
 21
-395.528
 31
0.0
  0
LINE
  5
CC8
330
17
100
AcDbEntity
  8
0
100
AcDbLine
 10
375.519
 20
-395.528
 30
0.0
 11
375.483
 21
-395.546
 31
0.0
  0
LINE
  5
CC9
330
17
100
AcDbEntity
  8
0
100
AcDbLine
 10
375.812
 20
-395.389
 30
0.0
 11
375.483
 21
-395.546
 31
0.0
  0
LINE
  5
CCA
330
17
100
AcDbEntity
  8
0
100
AcDbLine
 10
375.982
 20
-395.307
 30
0.0
 11
376.117
 21
-395.243
 31
0.0
  0
LINE
  5
CCB
330
17
100
AcDbEntity
  8
0
100
AcDbLine
 10
376.117
 20
-395.243
 30
0.0
 11
376.117
 21
-395.243
 31
0.0
  0
LINE
  5
CCC
330
17
100
AcDbEntity
  8
0
100
AcDbLine
 10
376.117
 20
-395.243
 30
0.0
 11
375.982
 21
-395.307
 31
0.0
  0
LINE
  5
CCD
330
17
100
AcDbEntity
  8
0
100
AcDbLine
 10
375.812
 20
-395.389
 30
0.0
 11
375.758
 21
-395.414
 31
0.0
  0
LINE
  5
CCE
330
17
100
AcDbEntity
  8
0
100
AcDbLine
 10
375.758
 20
-395.414
 30
0.0
 11
375.812
 21
-395.389
 31
0.0
  0
LINE
  5
CCF
330
17
100
AcDbEntity
  8
0
100
AcDbLine
 10
375.982
 20
-395.307
 30
0.0
 11
376.188
 21
-395.209
 31
0.0
  0
LINE
  5
CD0
330
17
100
AcDbEntity
  8
0
100
AcDbLine
 10
376.153
 20
-395.226
 30
0.0
 11
376.188
 21
-395.209
 31
0.0
  0
LINE
  5
CD1
330
17
100
AcDbEntity
  8
0
100
AcDbLine
 10
375.591
 20
-395.494
 30
0.0
 11
375.812
 21
-395.389
 31
0.0
  0
LINE
  5
CD2
330
17
100
AcDbEntity
  8
0
100
AcDbLine
 10
375.982
 20
-395.307
 30
0.0
 11
376.153
 21
-395.226
 31
0.0
  0
LINE
  5
CD3
330
17
100
AcDbEntity
  8
0
100
AcDbLine
 10
375.591
 20
-395.494
 30
0.0
 11
374.91
 21
-395.82
 31
0.0
  0
LINE
  5
CD4
330
17
100
AcDbEntity
  8
0
100
AcDbLine
 10
374.91
 20
-395.82
 30
0.0
 11
374.838
 21
-395.854
 31
0.0
  0
LINE
  5
CD5
330
17
100
AcDbEntity
  8
0
100
AcDbLine
 10
375.304
 20
-395.631
 30
0.0
 11
374.838
 21
-395.854
 31
0.0
  0
LINE
  5
CD6
330
17
100
AcDbEntity
  8
0
100
AcDbLine
 10
375.304
 20
-395.631
 30
0.0
 11
375.519
 21
-395.528
 31
0.0
  0
LINE
  5
CD7
330
17
100
AcDbEntity
  8
0
100
AcDbLine
 10
375.519
 20
-395.528
 30
0.0
 11
375.041
 21
-395.757
 31
0.0
  0
LINE
  5
CD8
330
17
100
AcDbEntity
  8
0
100
AcDbLine
 10
375.065
 20
-395.745
 30
0.0
 11
375.041
 21
-395.757
 31
0.0
  0
LINE
  5
CD9
330
17
100
AcDbEntity
  8
0
100
AcDbLine
 10
374.48
 20
-396.025
 30
0.0
 11
375.065
 21
-395.745
 31
0.0
  0
LINE
  5
CDA
330
17
100
AcDbEntity
  8
0
100
AcDbLine
 10
373.727
 20
-396.385
 30
0.0
 11
374.48
 21
-396.025
 31
0.0
  0
LINE
  5
CDB
330
17
100
AcDbEntity
  8
0
100
AcDbLine
 10
373.727
 20
-396.385
 30
0.0
 11
373.237
 21
-396.619
 31
0.0
  0
LINE
  5
CDC
330
17
100
AcDbEntity
  8
0
100
AcDbLine
 10
373.237
 20
-396.619
 30
0.0
 11
373.129
 21
-396.671
 31
0.0
  0
LINE
  5
CDD
330
17
100
AcDbEntity
  8
0
100
AcDbLine
 10
372.651
 20
-396.899
 30
0.0
 11
373.129
 21
-396.671
 31
0.0
  0
LINE
  5
CDE
330
17
100
AcDbEntity
  8
0
100
AcDbLine
 10
372.484
 20
-396.979
 30
0.0
 11
372.651
 21
-396.899
 31
0.0
  0
LINE
  5
CDF
330
17
100
AcDbEntity
  8
0
100
AcDbLine
 10
372.484
 20
-396.979
 30
0.0
 11
371.899
 21
-397.259
 31
0.0
  0
LINE
  5
CE0
330
17
100
AcDbEntity
  8
0
100
AcDbLine
 10
371.899
 20
-397.259
 30
0.0
 11
371.994
 21
-397.213
 31
0.0
  0
LINE
  5
CE1
330
17
100
AcDbEntity
  8
0
100
AcDbLine
 10
371.122
 20
-397.63
 30
0.0
 11
371.994
 21
-397.213
 31
0.0
  0
LINE
  5
CE2
330
17
100
AcDbEntity
  8
0
100
AcDbLine
 10
371.122
 20
-397.63
 30
0.0
 11
370.871
 21
-397.75
 31
0.0
  0
LINE
  5
CE3
330
17
100
AcDbEntity
  8
0
100
AcDbLine
 10
370.871
 20
-397.75
 30
0.0
 11
370.489
 21
-397.933
 31
0.0
  0
LINE
  5
CE4
330
17
100
AcDbEntity
  8
0
100
AcDbLine
 10
369.807
 20
-398.258
 30
0.0
 11
370.489
 21
-397.933
 31
0.0
  0
LINE
  5
CE5
330
17
100
AcDbEntity
  8
0
100
AcDbLine
 10
369.807
 20
-398.258
 30
0.0
 11
369.783
 21
-398.27
 31
0.0
  0
LINE
  5
CE6
330
17
100
AcDbEntity
  8
0
100
AcDbLine
 10
369.365
 20
-398.469
 30
0.0
 11
369.783
 21
-398.27
 31
0.0
  0
LINE
  5
CE7
330
17
100
AcDbEntity
  8
0
100
AcDbLine
 10
369.365
 20
-398.469
 30
0.0
 11
368.792
 21
-398.744
 31
0.0
  0
LINE
  5
CE8
330
17
100
AcDbEntity
  8
0
100
AcDbLine
 10
368.792
 20
-398.744
 30
0.0
 11
368.214
 21
-399.02
 31
0.0
  0
LINE
  5
CE9
330
17
100
AcDbEntity
  8
0
100
AcDbLine
 10
368.025
 20
-399.11
 30
0.0
 11
368.214
 21
-399.02
 31
0.0
  0
LINE
  5
CEA
330
17
100
AcDbEntity
  8
0
100
AcDbLine
 10
367.507
 20
-399.357
 30
0.0
 11
368.025
 21
-399.11
 31
0.0
  0
LINE
  5
CEB
330
17
100
AcDbEntity
  8
0
100
AcDbLine
 10
367.417
 20
-399.4
 30
0.0
 11
367.507
 21
-399.357
 31
0.0
  0
LINE
  5
CEC
330
17
100
AcDbEntity
  8
0
100
AcDbLine
 10
367.537
 20
-399.343
 30
0.0
 11
367.417
 21
-399.4
 31
0.0
  0
LINE
  5
CED
330
17
100
AcDbEntity
  8
0
100
AcDbLine
 10
367.537
 20
-399.343
 30
0.0
 11
367.656
 21
-399.286
 31
0.0
  0
LINE
  5
CEE
330
17
100
AcDbEntity
  8
0
100
AcDbLine
 10
367.487
 20
-399.367
 30
0.0
 11
367.656
 21
-399.286
 31
0.0
  0
LINE
  5
CEF
330
17
100
AcDbEntity
  8
0
100
AcDbLine
 10
367.487
 20
-399.367
 30
0.0
 11
367.238
 21
-399.486
 31
0.0
  0
LINE
  5
CF0
330
17
100
AcDbEntity
  8
0
100
AcDbLine
 10
367.238
 20
-399.486
 30
0.0
 11
366.999
 21
-399.6
 31
0.0
  0
LINE
  5
CF1
330
17
100
AcDbEntity
  8
0
100
AcDbLine
 10
366.999
 20
-399.6
 30
0.0
 11
366.651
 21
-399.767
 31
0.0
  0
LINE
  5
CF2
330
17
100
AcDbEntity
  8
0
100
AcDbLine
 10
366.312
 20
-399.929
 30
0.0
 11
366.651
 21
-399.767
 31
0.0
  0
LINE
  5
CF3
330
17
100
AcDbEntity
  8
0
100
AcDbLine
 10
366.312
 20
-399.929
 30
0.0
 11
366.511
 21
-399.833
 31
0.0
  0
LINE
  5
CF4
330
17
100
AcDbEntity
  8
0
100
AcDbLine
 10
378.553
 20
-392.063
 30
0.0
 11
379.754
 21
-391.698
 31
0.0
  0
LINE
  5
CF5
330
17
100
AcDbEntity
  8
0
100
AcDbLine
 10
377.446
 20
-392.654
 30
0.0
 11
378.553
 21
-392.063
 31
0.0
  0
LINE
  5
CF6
330
17
100
AcDbEntity
  8
0
100
AcDbLine
 10
376.476
 20
-393.45
 30
0.0
 11
377.446
 21
-392.654
 31
0.0
  0
LINE
  5
CF7
330
17
100
AcDbEntity
  8
0
100
AcDbLine
 10
375.68
 20
-394.421
 30
0.0
 11
376.476
 21
-393.45
 31
0.0
  0
LINE
  5
CF8
330
17
100
AcDbEntity
  8
0
100
AcDbLine
 10
375.088
 20
-395.527
 30
0.0
 11
375.68
 21
-394.421
 31
0.0
  0
LINE
  5
CF9
330
17
100
AcDbEntity
  8
0
100
AcDbLine
 10
374.724
 20
-396.728
 30
0.0
 11
375.088
 21
-395.527
 31
0.0
  0
LINE
  5
CFA
330
17
100
AcDbEntity
  8
0
100
AcDbLine
 10
374.601
 20
-397.977
 30
0.0
 11
374.724
 21
-396.728
 31
0.0
  0
LINE
  5
CFB
330
17
100
AcDbEntity
  8
0
100
AcDbLine
 10
374.724
 20
-399.226
 30
0.0
 11
374.601
 21
-397.977
 31
0.0
  0
LINE
  5
CFC
330
17
100
AcDbEntity
  8
0
100
AcDbLine
 10
375.088
 20
-400.427
 30
0.0
 11
374.724
 21
-399.226
 31
0.0
  0
LINE
  5
CFD
330
17
100
AcDbEntity
  8
0
100
AcDbLine
 10
375.68
 20
-401.534
 30
0.0
 11
375.088
 21
-400.427
 31
0.0
  0
LINE
  5
CFE
330
17
100
AcDbEntity
  8
0
100
AcDbLine
 10
376.476
 20
-402.504
 30
0.0
 11
375.68
 21
-401.534
 31
0.0
  0
LINE
  5
CFF
330
17
100
AcDbEntity
  8
0
100
AcDbLine
 10
377.446
 20
-403.3
 30
0.0
 11
376.476
 21
-402.504
 31
0.0
  0
LINE
  5
D00
330
17
100
AcDbEntity
  8
0
100
AcDbLine
 10
378.553
 20
-403.892
 30
0.0
 11
377.446
 21
-403.3
 31
0.0
  0
LINE
  5
D01
330
17
100
AcDbEntity
  8
0
100
AcDbLine
 10
379.754
 20
-404.256
 30
0.0
 11
378.553
 21
-403.892
 31
0.0
  0
LINE
  5
D02
330
17
100
AcDbEntity
  8
0
100
AcDbLine
 10
381.003
 20
-404.379
 30
0.0
 11
379.754
 21
-404.256
 31
0.0
  0
LINE
  5
D03
330
17
100
AcDbEntity
  8
0
100
AcDbLine
 10
382.251
 20
-404.256
 30
0.0
 11
381.003
 21
-404.379
 31
0.0
  0
LINE
  5
D04
330
17
100
AcDbEntity
  8
0
100
AcDbLine
 10
383.452
 20
-403.892
 30
0.0
 11
382.251
 21
-404.256
 31
0.0
  0
LINE
  5
D05
330
17
100
AcDbEntity
  8
0
100
AcDbLine
 10
384.559
 20
-403.3
 30
0.0
 11
383.452
 21
-403.892
 31
0.0
  0
LINE
  5
D06
330
17
100
AcDbEntity
  8
0
100
AcDbLine
 10
385.529
 20
-402.504
 30
0.0
 11
384.559
 21
-403.3
 31
0.0
  0
LINE
  5
D07
330
17
100
AcDbEntity
  8
0
100
AcDbLine
 10
386.325
 20
-401.534
 30
0.0
 11
385.529
 21
-402.504
 31
0.0
  0
LINE
  5
D08
330
17
100
AcDbEntity
  8
0
100
AcDbLine
 10
386.917
 20
-400.427
 30
0.0
 11
386.325
 21
-401.534
 31
0.0
  0
LINE
  5
D09
330
17
100
AcDbEntity
  8
0
100
AcDbLine
 10
387.281
 20
-399.226
 30
0.0
 11
386.917
 21
-400.427
 31
0.0
  0
LINE
  5
D0A
330
17
100
AcDbEntity
  8
0
100
AcDbLine
 10
387.404
 20
-397.977
 30
0.0
 11
387.281
 21
-399.226
 31
0.0
  0
LINE
  5
D0B
330
17
100
AcDbEntity
  8
0
100
AcDbLine
 10
387.281
 20
-396.728
 30
0.0
 11
387.404
 21
-397.977
 31
0.0
  0
LINE
  5
D0C
330
17
100
AcDbEntity
  8
0
100
AcDbLine
 10
386.917
 20
-395.527
 30
0.0
 11
387.281
 21
-396.728
 31
0.0
  0
LINE
  5
D0D
330
17
100
AcDbEntity
  8
0
100
AcDbLine
 10
386.325
 20
-394.421
 30
0.0
 11
386.917
 21
-395.527
 31
0.0
  0
LINE
  5
D0E
330
17
100
AcDbEntity
  8
0
100
AcDbLine
 10
385.529
 20
-393.45
 30
0.0
 11
386.325
 21
-394.421
 31
0.0
  0
LINE
  5
D0F
330
17
100
AcDbEntity
  8
0
100
AcDbLine
 10
384.559
 20
-392.654
 30
0.0
 11
385.529
 21
-393.45
 31
0.0
  0
LINE
  5
D10
330
17
100
AcDbEntity
  8
0
100
AcDbLine
 10
383.452
 20
-392.063
 30
0.0
 11
384.559
 21
-392.654
 31
0.0
  0
LINE
  5
D11
330
17
100
AcDbEntity
  8
0
100
AcDbLine
 10
382.251
 20
-391.698
 30
0.0
 11
383.452
 21
-392.063
 31
0.0
  0
LINE
  5
D12
330
17
100
AcDbEntity
  8
0
100
AcDbLine
 10
382.251
 20
-391.698
 30
0.0
 11
381.003
 21
-391.575
 31
0.0
  0
LINE
  5
D13
330
17
100
AcDbEntity
  8
0
100
AcDbLine
 10
381.003
 20
-391.575
 30
0.0
 11
379.754
 21
-391.698
 31
0.0
  0
LINE
  5
D14
330
17
100
AcDbEntity
  8
0
100
AcDbLine
 10
382.214
 20
-391.884
 30
0.0
 11
381.003
 21
-391.765
 31
0.0
  0
LINE
  5
D15
330
17
100
AcDbEntity
  8
0
100
AcDbLine
 10
382.214
 20
-391.884
 30
0.0
 11
383.38
 21
-392.238
 31
0.0
  0
LINE
  5
D16
330
17
100
AcDbEntity
  8
0
100
AcDbLine
 10
383.38
 20
-392.238
 30
0.0
 11
384.454
 21
-392.812
 31
0.0
  0
LINE
  5
D17
330
17
100
AcDbEntity
  8
0
100
AcDbLine
 10
384.454
 20
-392.812
 30
0.0
 11
385.395
 21
-393.584
 31
0.0
  0
LINE
  5
D18
330
17
100
AcDbEntity
  8
0
100
AcDbLine
 10
385.395
 20
-393.584
 30
0.0
 11
386.168
 21
-394.526
 31
0.0
  0
LINE
  5
D19
330
17
100
AcDbEntity
  8
0
100
AcDbLine
 10
386.168
 20
-394.526
 30
0.0
 11
386.742
 21
-395.6
 31
0.0
  0
LINE
  5
D1A
330
17
100
AcDbEntity
  8
0
100
AcDbLine
 10
386.742
 20
-395.6
 30
0.0
 11
387.096
 21
-396.765
 31
0.0
  0
LINE
  5
D1B
330
17
100
AcDbEntity
  8
0
100
AcDbLine
 10
387.096
 20
-396.765
 30
0.0
 11
387.215
 21
-397.977
 31
0.0
  0
LINE
  5
D1C
330
17
100
AcDbEntity
  8
0
100
AcDbLine
 10
387.215
 20
-397.977
 30
0.0
 11
387.096
 21
-399.189
 31
0.0
  0
LINE
  5
D1D
330
17
100
AcDbEntity
  8
0
100
AcDbLine
 10
387.096
 20
-399.189
 30
0.0
 11
386.742
 21
-400.355
 31
0.0
  0
LINE
  5
D1E
330
17
100
AcDbEntity
  8
0
100
AcDbLine
 10
386.742
 20
-400.355
 30
0.0
 11
386.168
 21
-401.429
 31
0.0
  0
LINE
  5
D1F
330
17
100
AcDbEntity
  8
0
100
AcDbLine
 10
386.168
 20
-401.429
 30
0.0
 11
385.395
 21
-402.37
 31
0.0
  0
LINE
  5
D20
330
17
100
AcDbEntity
  8
0
100
AcDbLine
 10
385.395
 20
-402.37
 30
0.0
 11
384.454
 21
-403.143
 31
0.0
  0
LINE
  5
D21
330
17
100
AcDbEntity
  8
0
100
AcDbLine
 10
384.454
 20
-403.143
 30
0.0
 11
383.38
 21
-403.717
 31
0.0
  0
LINE
  5
D22
330
17
100
AcDbEntity
  8
0
100
AcDbLine
 10
383.38
 20
-403.717
 30
0.0
 11
382.214
 21
-404.07
 31
0.0
  0
LINE
  5
D23
330
17
100
AcDbEntity
  8
0
100
AcDbLine
 10
382.214
 20
-404.07
 30
0.0
 11
381.003
 21
-404.19
 31
0.0
  0
LINE
  5
D24
330
17
100
AcDbEntity
  8
0
100
AcDbLine
 10
381.003
 20
-404.19
 30
0.0
 11
379.791
 21
-404.07
 31
0.0
  0
LINE
  5
D25
330
17
100
AcDbEntity
  8
0
100
AcDbLine
 10
379.791
 20
-404.07
 30
0.0
 11
378.625
 21
-403.717
 31
0.0
  0
LINE
  5
D26
330
17
100
AcDbEntity
  8
0
100
AcDbLine
 10
378.625
 20
-403.717
 30
0.0
 11
377.551
 21
-403.143
 31
0.0
  0
LINE
  5
D27
330
17
100
AcDbEntity
  8
0
100
AcDbLine
 10
377.551
 20
-403.143
 30
0.0
 11
376.61
 21
-402.37
 31
0.0
  0
LINE
  5
D28
330
17
100
AcDbEntity
  8
0
100
AcDbLine
 10
376.61
 20
-402.37
 30
0.0
 11
375.837
 21
-401.429
 31
0.0
  0
LINE
  5
D29
330
17
100
AcDbEntity
  8
0
100
AcDbLine
 10
375.837
 20
-401.429
 30
0.0
 11
375.263
 21
-400.355
 31
0.0
  0
LINE
  5
D2A
330
17
100
AcDbEntity
  8
0
100
AcDbLine
 10
375.263
 20
-400.355
 30
0.0
 11
374.909
 21
-399.189
 31
0.0
  0
LINE
  5
D2B
330
17
100
AcDbEntity
  8
0
100
AcDbLine
 10
374.909
 20
-399.189
 30
0.0
 11
374.79
 21
-397.977
 31
0.0
  0
LINE
  5
D2C
330
17
100
AcDbEntity
  8
0
100
AcDbLine
 10
374.79
 20
-397.977
 30
0.0
 11
374.909
 21
-396.765
 31
0.0
  0
LINE
  5
D2D
330
17
100
AcDbEntity
  8
0
100
AcDbLine
 10
374.909
 20
-396.765
 30
0.0
 11
375.263
 21
-395.6
 31
0.0
  0
LINE
  5
D2E
330
17
100
AcDbEntity
  8
0
100
AcDbLine
 10
375.263
 20
-395.6
 30
0.0
 11
375.837
 21
-394.526
 31
0.0
  0
LINE
  5
D2F
330
17
100
AcDbEntity
  8
0
100
AcDbLine
 10
375.837
 20
-394.526
 30
0.0
 11
376.61
 21
-393.584
 31
0.0
  0
LINE
  5
D30
330
17
100
AcDbEntity
  8
0
100
AcDbLine
 10
376.61
 20
-393.584
 30
0.0
 11
377.551
 21
-392.812
 31
0.0
  0
LINE
  5
D31
330
17
100
AcDbEntity
  8
0
100
AcDbLine
 10
377.551
 20
-392.812
 30
0.0
 11
378.625
 21
-392.238
 31
0.0
  0
LINE
  5
D32
330
17
100
AcDbEntity
  8
0
100
AcDbLine
 10
378.625
 20
-392.238
 30
0.0
 11
379.791
 21
-391.884
 31
0.0
  0
LINE
  5
D33
330
17
100
AcDbEntity
  8
0
100
AcDbLine
 10
379.791
 20
-391.884
 30
0.0
 11
381.003
 21
-391.765
 31
0.0
  0
LINE
  5
D34
330
17
100
AcDbEntity
  8
0
100
AcDbLine
 10
381.002
 20
-403.485
 30
0.0
 11
381.002
 21
-403.512
 31
0.0
  0
LINE
  5
D35
330
17
100
AcDbEntity
  8
0
100
AcDbLine
 10
381.002
 20
-403.221
 30
0.0
 11
381.002
 21
-403.485
 31
0.0
  0
LINE
  5
D36
330
17
100
AcDbEntity
  8
0
100
AcDbLine
 10
381.002
 20
-403.221
 30
0.0
 11
381.002
 21
-403.221
 31
0.0
  0
LINE
  5
D37
330
17
100
AcDbEntity
  8
0
100
AcDbLine
 10
381.002
 20
-402.346
 30
0.0
 11
381.002
 21
-403.221
 31
0.0
  0
LINE
  5
D38
330
17
100
AcDbEntity
  8
0
100
AcDbLine
 10
381.002
 20
-402.346
 30
0.0
 11
381.002
 21
-402.068
 31
0.0
  0
LINE
  5
D39
330
17
100
AcDbEntity
  8
0
100
AcDbLine
 10
381.002
 20
-401.817
 30
0.0
 11
381.002
 21
-402.068
 31
0.0
  0
LINE
  5
D3A
330
17
100
AcDbEntity
  8
0
100
AcDbLine
 10
381.002
 20
-401.803
 30
0.0
 11
381.002
 21
-401.817
 31
0.0
  0
LINE
  5
D3B
330
17
100
AcDbEntity
  8
0
100
AcDbLine
 10
381.002
 20
-401.684
 30
0.0
 11
381.002
 21
-401.803
 31
0.0
  0
LINE
  5
D3C
330
17
100
AcDbEntity
  8
0
100
AcDbLine
 10
381.002
 20
-401.207
 30
0.0
 11
381.002
 21
-401.684
 31
0.0
  0
LINE
  5
D3D
330
17
100
AcDbEntity
  8
0
100
AcDbLine
 10
381.002
 20
-400.956
 30
0.0
 11
381.002
 21
-401.207
 31
0.0
  0
LINE
  5
D3E
330
17
100
AcDbEntity
  8
0
100
AcDbLine
 10
381.002
 20
-400.956
 30
0.0
 11
381.002
 21
-400.784
 31
0.0
  0
LINE
  5
D3F
330
17
100
AcDbEntity
  8
0
100
AcDbLine
 10
381.002
 20
-400.453
 30
0.0
 11
381.002
 21
-400.784
 31
0.0
  0
LINE
  5
D40
330
17
100
AcDbEntity
  8
0
100
AcDbLine
 10
381.002
 20
-400.174
 30
0.0
 11
381.002
 21
-400.453
 31
0.0
  0
LINE
  5
D41
330
17
100
AcDbEntity
  8
0
100
AcDbLine
 10
381.002
 20
-400.174
 30
0.0
 11
381.002
 21
-399.857
 31
0.0
  0
LINE
  5
D42
330
17
100
AcDbEntity
  8
0
100
AcDbLine
 10
381.002
 20
-399.737
 30
0.0
 11
381.002
 21
-399.857
 31
0.0
  0
LINE
  5
D43
330
17
100
AcDbEntity
  8
0
100
AcDbLine
 10
381.002
 20
-399.075
 30
0.0
 11
381.002
 21
-399.737
 31
0.0
  0
LINE
  5
D44
330
17
100
AcDbEntity
  8
0
100
AcDbLine
 10
381.002
 20
-399.075
 30
0.0
 11
381.002
 21
-398.81
 31
0.0
  0
LINE
  5
D45
330
17
100
AcDbEntity
  8
0
100
AcDbLine
 10
381.002
 20
-398.81
 30
0.0
 11
381.002
 21
-398.373
 31
0.0
  0
LINE
  5
D46
330
17
100
AcDbEntity
  8
0
100
AcDbLine
 10
381.002
 20
-398.373
 30
0.0
 11
381.002
 21
-398.32
 31
0.0
  0
LINE
  5
D47
330
17
100
AcDbEntity
  8
0
100
AcDbLine
 10
381.002
 20
-398.32
 30
0.0
 11
381.002
 21
-398.32
 31
0.0
  0
LINE
  5
D48
330
17
100
AcDbEntity
  8
0
100
AcDbLine
 10
381.002
 20
-397.807
 30
0.0
 11
381.002
 21
-398.32
 31
0.0
  0
LINE
  5
D49
330
17
100
AcDbEntity
  8
0
100
AcDbLine
 10
381.002
 20
-397.807
 30
0.0
 11
381.002
 21
-397.807
 31
0.0
  0
LINE
  5
D4A
330
17
100
AcDbEntity
  8
0
100
AcDbLine
 10
381.002
 20
-397.852
 30
0.0
 11
381.002
 21
-397.807
 31
0.0
  0
LINE
  5
D4B
330
17
100
AcDbEntity
  8
0
100
AcDbLine
 10
381.002
 20
-397.916
 30
0.0
 11
381.002
 21
-397.852
 31
0.0
  0
LINE
  5
D4C
330
17
100
AcDbEntity
  8
0
100
AcDbLine
 10
381.002
 20
-397.889
 30
0.0
 11
381.002
 21
-397.916
 31
0.0
  0
LINE
  5
D4D
330
17
100
AcDbEntity
  8
0
100
AcDbLine
 10
381.002
 20
-397.622
 30
0.0
 11
381.002
 21
-397.889
 31
0.0
  0
LINE
  5
D4E
330
17
100
AcDbEntity
  8
0
100
AcDbLine
 10
381.002
 20
-397.015
 30
0.0
 11
381.002
 21
-397.622
 31
0.0
  0
LINE
  5
D4F
330
17
100
AcDbEntity
  8
0
100
AcDbLine
 10
381.002
 20
-396.647
 30
0.0
 11
381.002
 21
-397.015
 31
0.0
  0
LINE
  5
D50
330
17
100
AcDbEntity
  8
0
100
AcDbLine
 10
381.002
 20
-396.647
 30
0.0
 11
381.002
 21
-396.482
 31
0.0
  0
LINE
  5
D51
330
17
100
AcDbEntity
  8
0
100
AcDbLine
 10
381.002
 20
-395.783
 30
0.0
 11
381.002
 21
-396.482
 31
0.0
  0
LINE
  5
D52
330
17
100
AcDbEntity
  8
0
100
AcDbLine
 10
381.002
 20
-394.725
 30
0.0
 11
381.002
 21
-395.783
 31
0.0
  0
LINE
  5
D53
330
17
100
AcDbEntity
  8
0
100
AcDbLine
 10
381.002
 20
-394.725
 30
0.0
 11
381.002
 21
-395.093
 31
0.0
  0
LINE
  5
D54
330
17
100
AcDbEntity
  8
0
100
AcDbLine
 10
381.002
 20
-394.854
 30
0.0
 11
381.002
 21
-395.093
 31
0.0
  0
LINE
  5
D55
330
17
100
AcDbEntity
  8
0
100
AcDbLine
 10
381.002
 20
-394.467
 30
0.0
 11
381.002
 21
-394.854
 31
0.0
  0
LINE
  5
D56
330
17
100
AcDbEntity
  8
0
100
AcDbLine
 10
381.002
 20
-394.467
 30
0.0
 11
381.002
 21
-394.007
 31
0.0
  0
LINE
  5
D57
330
17
100
AcDbEntity
  8
0
100
AcDbLine
 10
381.002
 20
-393.686
 30
0.0
 11
381.002
 21
-394.007
 31
0.0
  0
LINE
  5
D58
330
17
100
AcDbEntity
  8
0
100
AcDbLine
 10
381.002
 20
-393.686
 30
0.0
 11
381.002
 21
-393.465
 31
0.0
  0
LINE
  5
D59
330
17
100
AcDbEntity
  8
0
100
AcDbLine
 10
381.002
 20
-392.913
 30
0.0
 11
381.002
 21
-393.465
 31
0.0
  0
LINE
  5
D5A
330
17
100
AcDbEntity
  8
0
100
AcDbLine
 10
381.002
 20
-392.674
 30
0.0
 11
381.002
 21
-392.913
 31
0.0
  0
LINE
  5
D5B
330
17
100
AcDbEntity
  8
0
100
AcDbLine
 10
381.002
 20
-392.674
 30
0.0
 11
381.002
 21
-392.383
 31
0.0
  0
LINE
  5
D5C
330
17
100
AcDbEntity
  8
0
100
AcDbLine
 10
381.002
 20
-392.568
 30
0.0
 11
381.002
 21
-392.383
 31
0.0
  0
LINE
  5
D5D
330
17
100
AcDbEntity
  8
0
100
AcDbLine
 10
381.002
 20
-391.879
 30
0.0
 11
381.002
 21
-392.568
 31
0.0
  0
LINE
  5
D5E
330
17
100
AcDbEntity
  8
0
100
AcDbLine
 10
381.002
 20
-391.765
 30
0.0
 11
381.002
 21
-391.879
 31
0.0
  0
LINE
  5
D5F
330
17
100
AcDbEntity
  8
0
100
AcDbLine
 10
381.002
 20
-391.765
 30
0.0
 11
381.002
 21
-392.184
 31
0.0
  0
LINE
  5
D60
330
17
100
AcDbEntity
  8
0
100
AcDbLine
 10
381.002
 20
-392.224
 30
0.0
 11
381.002
 21
-392.184
 31
0.0
  0
LINE
  5
D61
330
17
100
AcDbEntity
  8
0
100
AcDbLine
 10
381.002
 20
-391.813
 30
0.0
 11
381.002
 21
-392.224
 31
0.0
  0
LINE
  5
D62
330
17
100
AcDbEntity
  8
0
100
AcDbLine
 10
381.002
 20
-391.522
 30
0.0
 11
381.002
 21
-391.575
 31
0.0
  0
LINE
  5
D63
330
17
100
AcDbEntity
  8
0
100
AcDbLine
 10
381.002
 20
-391.765
 30
0.0
 11
381.002
 21
-391.813
 31
0.0
  0
LINE
  5
D64
330
17
100
AcDbEntity
  8
0
100
AcDbLine
 10
381.002
 20
-391.522
 30
0.0
 11
381.002
 21
-391.522
 31
0.0
  0
LINE
  5
D65
330
17
100
AcDbEntity
  8
0
100
AcDbLine
 10
381.002
 20
-391.522
 30
0.0
 11
381.002
 21
-391.575
 31
0.0
  0
LINE
  5
D66
330
17
100
AcDbEntity
  8
0
100
AcDbLine
 10
381.002
 20
-391.765
 30
0.0
 11
381.002
 21
-391.919
 31
0.0
  0
LINE
  5
D67
330
17
100
AcDbEntity
  8
0
100
AcDbLine
 10
381.002
 20
-391.442
 30
0.0
 11
381.002
 21
-391.575
 31
0.0
  0
LINE
  5
D68
330
17
100
AcDbEntity
  8
0
100
AcDbLine
 10
381.002
 20
-391.765
 30
0.0
 11
381.002
 21
-391.919
 31
0.0
  0
LINE
  5
D69
330
17
100
AcDbEntity
  8
0
100
AcDbLine
 10
381.002
 20
-391.482
 30
0.0
 11
381.002
 21
-391.442
 31
0.0
  0
LINE
  5
D6A
330
17
100
AcDbEntity
  8
0
100
AcDbLine
 10
381.002
 20
-391.482
 30
0.0
 11
381.002
 21
-391.575
 31
0.0
  0
LINE
  5
D6B
330
17
100
AcDbEntity
  8
0
100
AcDbLine
 10
381.002
 20
-391.765
 30
0.0
 11
381.002
 21
-392.104
 31
0.0
  0
LINE
  5
D6C
330
17
100
AcDbEntity
  8
0
100
AcDbLine
 10
381.002
 20
-392.104
 30
0.0
 11
381.002
 21
-392.859
 31
0.0
  0
LINE
  5
D6D
330
17
100
AcDbEntity
  8
0
100
AcDbLine
 10
381.002
 20
-392.939
 30
0.0
 11
381.002
 21
-392.859
 31
0.0
  0
LINE
  5
D6E
330
17
100
AcDbEntity
  8
0
100
AcDbLine
 10
381.002
 20
-392.422
 30
0.0
 11
381.002
 21
-392.939
 31
0.0
  0
LINE
  5
D6F
330
17
100
AcDbEntity
  8
0
100
AcDbLine
 10
381.002
 20
-392.422
 30
0.0
 11
381.002
 21
-392.184
 31
0.0
  0
LINE
  5
D70
330
17
100
AcDbEntity
  8
0
100
AcDbLine
 10
381.002
 20
-392.184
 30
0.0
 11
381.002
 21
-392.714
 31
0.0
  0
LINE
  5
D71
330
17
100
AcDbEntity
  8
0
100
AcDbLine
 10
381.002
 20
-392.687
 30
0.0
 11
381.002
 21
-392.714
 31
0.0
  0
LINE
  5
D72
330
17
100
AcDbEntity
  8
0
100
AcDbLine
 10
381.002
 20
-392.687
 30
0.0
 11
381.002
 21
-393.336
 31
0.0
  0
LINE
  5
D73
330
17
100
AcDbEntity
  8
0
100
AcDbLine
 10
381.002
 20
-393.336
 30
0.0
 11
381.002
 21
-394.17
 31
0.0
  0
LINE
  5
D74
330
17
100
AcDbEntity
  8
0
100
AcDbLine
 10
381.002
 20
-394.17
 30
0.0
 11
381.002
 21
-394.713
 31
0.0
  0
LINE
  5
D75
330
17
100
AcDbEntity
  8
0
100
AcDbLine
 10
381.002
 20
-394.833
 30
0.0
 11
381.002
 21
-394.713
 31
0.0
  0
LINE
  5
D76
330
17
100
AcDbEntity
  8
0
100
AcDbLine
 10
381.002
 20
-395.362
 30
0.0
 11
381.002
 21
-394.833
 31
0.0
  0
LINE
  5
D77
330
17
100
AcDbEntity
  8
0
100
AcDbLine
 10
381.002
 20
-395.362
 30
0.0
 11
381.002
 21
-395.548
 31
0.0
  0
LINE
  5
D78
330
17
100
AcDbEntity
  8
0
100
AcDbLine
 10
381.002
 20
-395.548
 30
0.0
 11
381.002
 21
-396.197
 31
0.0
  0
LINE
  5
D79
330
17
100
AcDbEntity
  8
0
100
AcDbLine
 10
381.002
 20
-396.091
 30
0.0
 11
381.002
 21
-396.197
 31
0.0
  0
LINE
  5
D7A
330
17
100
AcDbEntity
  8
0
100
AcDbLine
 10
381.002
 20
-397.058
 30
0.0
 11
381.002
 21
-396.091
 31
0.0
  0
LINE
  5
D7B
330
17
100
AcDbEntity
  8
0
100
AcDbLine
 10
381.002
 20
-397.058
 30
0.0
 11
381.002
 21
-397.336
 31
0.0
  0
LINE
  5
D7C
330
17
100
AcDbEntity
  8
0
100
AcDbLine
 10
381.002
 20
-397.336
 30
0.0
 11
381.002
 21
-397.76
 31
0.0
  0
LINE
  5
D7D
330
17
100
AcDbEntity
  8
0
100
AcDbLine
 10
381.002
 20
-398.515
 30
0.0
 11
381.002
 21
-397.76
 31
0.0
  0
LINE
  5
D7E
330
17
100
AcDbEntity
  8
0
100
AcDbLine
 10
381.002
 20
-398.515
 30
0.0
 11
381.002
 21
-398.541
 31
0.0
  0
LINE
  5
D7F
330
17
100
AcDbEntity
  8
0
100
AcDbLine
 10
381.002
 20
-399.005
 30
0.0
 11
381.002
 21
-398.541
 31
0.0
  0
LINE
  5
D80
330
17
100
AcDbEntity
  8
0
100
AcDbLine
 10
381.002
 20
-399.005
 30
0.0
 11
381.002
 21
-399.64
 31
0.0
  0
LINE
  5
D81
330
17
100
AcDbEntity
  8
0
100
AcDbLine
 10
381.002
 20
-399.64
 30
0.0
 11
381.002
 21
-400.28
 31
0.0
  0
LINE
  5
D82
330
17
100
AcDbEntity
  8
0
100
AcDbLine
 10
381.002
 20
-400.28
 30
0.0
 11
381.002
 21
-400.49
 31
0.0
  0
LINE
  5
D83
330
17
100
AcDbEntity
  8
0
100
AcDbLine
 10
381.002
 20
-400.49
 30
0.0
 11
381.002
 21
-401.064
 31
0.0
  0
LINE
  5
D84
330
17
100
AcDbEntity
  8
0
100
AcDbLine
 10
381.002
 20
-401.064
 30
0.0
 11
381.002
 21
-401.163
 31
0.0
  0
LINE
  5
D85
330
17
100
AcDbEntity
  8
0
100
AcDbLine
 10
381.002
 20
-401.031
 30
0.0
 11
381.002
 21
-401.163
 31
0.0
  0
LINE
  5
D86
330
17
100
AcDbEntity
  8
0
100
AcDbLine
 10
381.002
 20
-400.898
 30
0.0
 11
381.002
 21
-401.031
 31
0.0
  0
LINE
  5
D87
330
17
100
AcDbEntity
  8
0
100
AcDbLine
 10
381.002
 20
-400.898
 30
0.0
 11
381.002
 21
-401.086
 31
0.0
  0
LINE
  5
D88
330
17
100
AcDbEntity
  8
0
100
AcDbLine
 10
381.002
 20
-401.086
 30
0.0
 11
381.002
 21
-401.362
 31
0.0
  0
LINE
  5
D89
330
17
100
AcDbEntity
  8
0
100
AcDbLine
 10
381.002
 20
-401.362
 30
0.0
 11
381.002
 21
-401.627
 31
0.0
  0
LINE
  5
D8A
330
17
100
AcDbEntity
  8
0
100
AcDbLine
 10
381.002
 20
-401.627
 30
0.0
 11
381.002
 21
-402.013
 31
0.0
  0
LINE
  5
D8B
330
17
100
AcDbEntity
  8
0
100
AcDbLine
 10
381.002
 20
-402.388
 30
0.0
 11
381.002
 21
-402.013
 31
0.0
  0
LINE
  5
D8C
330
17
100
AcDbEntity
  8
0
100
AcDbLine
 10
381.002
 20
-402.388
 30
0.0
 11
381.002
 21
-402.168
 31
0.0
  0
LINE
  5
D8D
330
17
100
AcDbEntity
  8
0
100
AcDbLine
 10
381.002
 20
-402.521
 30
0.0
 11
381.002
 21
-402.168
 31
0.0
  0
LINE
  5
D8E
330
17
100
AcDbEntity
  8
0
100
AcDbLine
 10
381.002
 20
-402.521
 30
0.0
 11
381.002
 21
-402.929
 31
0.0
  0
LINE
  5
D8F
330
17
100
AcDbEntity
  8
0
100
AcDbLine
 10
381.002
 20
-402.929
 30
0.0
 11
381.002
 21
-403.293
 31
0.0
  0
LINE
  5
D90
330
17
100
AcDbEntity
  8
0
100
AcDbLine
 10
381.002
 20
-403.293
 30
0.0
 11
381.002
 21
-403.58
 31
0.0
  0
LINE
  5
D91
330
17
100
AcDbEntity
  8
0
100
AcDbLine
 10
381.002
 20
-403.525
 30
0.0
 11
381.002
 21
-403.58
 31
0.0
  0
LINE
  5
D92
330
17
100
AcDbEntity
  8
0
100
AcDbLine
 10
381.002
 20
-403.525
 30
0.0
 11
381.002
 21
-403.282
 31
0.0
  0
LINE
  5
D93
330
17
100
AcDbEntity
  8
0
100
AcDbLine
 10
381.002
 20
-403.591
 30
0.0
 11
381.002
 21
-403.282
 31
0.0
  0
LINE
  5
D94
330
17
100
AcDbEntity
  8
0
100
AcDbLine
 10
381.002
 20
-403.591
 30
0.0
 11
381.002
 21
-403.536
 31
0.0
  0
LINE
  5
D95
330
17
100
AcDbEntity
  8
0
100
AcDbLine
 10
381.002
 20
-403.669
 30
0.0
 11
381.002
 21
-403.536
 31
0.0
  0
LINE
  5
D96
330
17
100
AcDbEntity
  8
0
100
AcDbLine
 10
381.002
 20
-403.669
 30
0.0
 11
381.002
 21
-403.746
 31
0.0
  0
LINE
  5
D97
330
17
100
AcDbEntity
  8
0
100
AcDbLine
 10
381.002
 20
-404.0
 30
0.0
 11
381.002
 21
-403.746
 31
0.0
  0
LINE
  5
D98
330
17
100
AcDbEntity
  8
0
100
AcDbLine
 10
381.002
 20
-404.0
 30
0.0
 11
381.002
 21
-404.187
 31
0.0
  0
LINE
  5
D99
330
17
100
AcDbEntity
  8
0
100
AcDbLine
 10
381.002
 20
-404.187
 30
0.0
 11
381.002
 21
-404.452
 31
0.0
  0
LINE
  5
D9A
330
17
100
AcDbEntity
  8
0
100
AcDbLine
 10
381.002
 20
-404.916
 30
0.0
 11
381.002
 21
-404.452
 31
0.0
  0
LINE
  5
D9B
330
17
100
AcDbEntity
  8
0
100
AcDbLine
 10
381.002
 20
-404.916
 30
0.0
 11
381.002
 21
-404.969
 31
0.0
  0
LINE
  5
D9C
330
17
100
AcDbEntity
  8
0
100
AcDbLine
 10
381.002
 20
-405.048
 30
0.0
 11
381.002
 21
-404.969
 31
0.0
  0
LINE
  5
D9D
330
17
100
AcDbEntity
  8
0
100
AcDbLine
 10
381.002
 20
-405.048
 30
0.0
 11
381.002
 21
-404.929
 31
0.0
  0
LINE
  5
D9E
330
17
100
AcDbEntity
  8
0
100
AcDbLine
 10
381.002
 20
-404.903
 30
0.0
 11
381.002
 21
-404.929
 31
0.0
  0
LINE
  5
D9F
330
17
100
AcDbEntity
  8
0
100
AcDbLine
 10
381.002
 20
-404.651
 30
0.0
 11
381.002
 21
-404.903
 31
0.0
  0
LINE
  5
DA0
330
17
100
AcDbEntity
  8
0
100
AcDbLine
 10
381.002
 20
-404.452
 30
0.0
 11
381.002
 21
-404.651
 31
0.0
  0
LINE
  5
DA1
330
17
100
AcDbEntity
  8
0
100
AcDbLine
 10
381.002
 20
-404.379
 30
0.0
 11
381.002
 21
-404.452
 31
0.0
  0
LINE
  5
DA2
330
17
100
AcDbEntity
  8
0
100
AcDbLine
 10
381.002
 20
-403.764
 30
0.0
 11
381.002
 21
-404.19
 31
0.0
  0
LINE
  5
DA3
330
17
100
AcDbEntity
  8
0
100
AcDbLine
 10
381.002
 20
-403.764
 30
0.0
 11
381.002
 21
-403.432
 31
0.0
  0
LINE
  5
DA4
330
17
100
AcDbEntity
  8
0
100
AcDbLine
 10
381.002
 20
-402.916
 30
0.0
 11
381.002
 21
-403.432
 31
0.0
  0
LINE
  5
DA5
330
17
100
AcDbEntity
  8
0
100
AcDbLine
 10
381.002
 20
-402.916
 30
0.0
 11
381.002
 21
-403.26
 31
0.0
  0
LINE
  5
DA6
330
17
100
AcDbEntity
  8
0
100
AcDbLine
 10
381.002
 20
-403.512
 30
0.0
 11
381.002
 21
-403.26
 31
0.0
  0
LINE
  5
DA7
330
17
100
AcDbEntity
  8
0
100
AcDbLine
 10
376.545
 20
-398.064
 30
0.0
 11
376.899
 21
-398.064
 31
0.0
  0
LINE
  5
DA8
330
17
100
AcDbEntity
  8
0
100
AcDbLine
 10
376.137
 20
-398.064
 30
0.0
 11
376.545
 21
-398.064
 31
0.0
  0
LINE
  5
DA9
330
17
100
AcDbEntity
  8
0
100
AcDbLine
 10
375.773
 20
-398.064
 30
0.0
 11
376.137
 21
-398.064
 31
0.0
  0
LINE
  5
DAA
330
17
100
AcDbEntity
  8
0
100
AcDbLine
 10
375.486
 20
-398.064
 30
0.0
 11
375.773
 21
-398.064
 31
0.0
  0
LINE
  5
DAB
330
17
100
AcDbEntity
  8
0
100
AcDbLine
 10
375.541
 20
-398.064
 30
0.0
 11
375.486
 21
-398.064
 31
0.0
  0
LINE
  5
DAC
330
17
100
AcDbEntity
  8
0
100
AcDbLine
 10
375.541
 20
-398.064
 30
0.0
 11
375.784
 21
-398.064
 31
0.0
  0
LINE
  5
DAD
330
17
100
AcDbEntity
  8
0
100
AcDbLine
 10
375.475
 20
-398.064
 30
0.0
 11
375.784
 21
-398.064
 31
0.0
  0
LINE
  5
DAE
330
17
100
AcDbEntity
  8
0
100
AcDbLine
 10
375.475
 20
-398.064
 30
0.0
 11
375.53
 21
-398.064
 31
0.0
  0
LINE
  5
DAF
330
17
100
AcDbEntity
  8
0
100
AcDbLine
 10
375.398
 20
-398.064
 30
0.0
 11
375.53
 21
-398.064
 31
0.0
  0
LINE
  5
DB0
330
17
100
AcDbEntity
  8
0
100
AcDbLine
 10
375.398
 20
-398.064
 30
0.0
 11
375.32
 21
-398.064
 31
0.0
  0
LINE
  5
DB1
330
17
100
AcDbEntity
  8
0
100
AcDbLine
 10
375.067
 20
-398.064
 30
0.0
 11
375.32
 21
-398.064
 31
0.0
  0
LINE
  5
DB2
330
17
100
AcDbEntity
  8
0
100
AcDbLine
 10
375.067
 20
-398.064
 30
0.0
 11
374.879
 21
-398.064
 31
0.0
  0
LINE
  5
DB3
330
17
100
AcDbEntity
  8
0
100
AcDbLine
 10
374.879
 20
-398.064
 30
0.0
 11
374.614
 21
-398.064
 31
0.0
  0
LINE
  5
DB4
330
17
100
AcDbEntity
  8
0
100
AcDbLine
 10
374.151
 20
-398.064
 30
0.0
 11
374.614
 21
-398.064
 31
0.0
  0
LINE
  5
DB5
330
17
100
AcDbEntity
  8
0
100
AcDbLine
 10
374.098
 20
-398.064
 30
0.0
 11
374.151
 21
-398.064
 31
0.0
  0
LINE
  5
DB6
330
17
100
AcDbEntity
  8
0
100
AcDbLine
 10
374.018
 20
-398.064
 30
0.0
 11
374.098
 21
-398.064
 31
0.0
  0
LINE
  5
DB7
330
17
100
AcDbEntity
  8
0
100
AcDbLine
 10
374.018
 20
-398.064
 30
0.0
 11
374.137
 21
-398.064
 31
0.0
  0
LINE
  5
DB8
330
17
100
AcDbEntity
  8
0
100
AcDbLine
 10
374.164
 20
-398.064
 30
0.0
 11
374.137
 21
-398.064
 31
0.0
  0
LINE
  5
DB9
330
17
100
AcDbEntity
  8
0
100
AcDbLine
 10
374.164
 20
-398.064
 30
0.0
 11
374.415
 21
-398.064
 31
0.0
  0
LINE
  5
DBA
330
17
100
AcDbEntity
  8
0
100
AcDbLine
 10
374.609
 20
-398.064
 30
0.0
 11
374.415
 21
-398.064
 31
0.0
  0
LINE
  5
DBB
330
17
100
AcDbEntity
  8
0
100
AcDbLine
 10
374.852
 20
-398.064
 30
0.0
 11
374.799
 21
-398.064
 31
0.0
  0
LINE
  5
DBC
330
17
100
AcDbEntity
  8
0
100
AcDbLine
 10
375.303
 20
-398.064
 30
0.0
 11
374.852
 21
-398.064
 31
0.0
  0
LINE
  5
DBD
330
17
100
AcDbEntity
  8
0
100
AcDbLine
 10
375.303
 20
-398.064
 30
0.0
 11
375.634
 21
-398.064
 31
0.0
  0
LINE
  5
DBE
330
17
100
AcDbEntity
  8
0
100
AcDbLine
 10
376.15
 20
-398.064
 30
0.0
 11
375.634
 21
-398.064
 31
0.0
  0
LINE
  5
DBF
330
17
100
AcDbEntity
  8
0
100
AcDbLine
 10
375.806
 20
-398.064
 30
0.0
 11
376.15
 21
-398.064
 31
0.0
  0
LINE
  5
DC0
330
17
100
AcDbEntity
  8
0
100
AcDbLine
 10
375.554
 20
-398.064
 30
0.0
 11
375.806
 21
-398.064
 31
0.0
  0
LINE
  5
DC1
330
17
100
AcDbEntity
  8
0
100
AcDbLine
 10
375.554
 20
-398.064
 30
0.0
 11
375.581
 21
-398.064
 31
0.0
  0
LINE
  5
DC2
330
17
100
AcDbEntity
  8
0
100
AcDbLine
 10
375.846
 20
-398.064
 30
0.0
 11
375.581
 21
-398.064
 31
0.0
  0
LINE
  5
DC3
330
17
100
AcDbEntity
  8
0
100
AcDbLine
 10
375.846
 20
-398.064
 30
0.0
 11
375.846
 21
-398.064
 31
0.0
  0
LINE
  5
DC4
330
17
100
AcDbEntity
  8
0
100
AcDbLine
 10
376.72
 20
-398.064
 30
0.0
 11
376.551
 21
-398.064
 31
0.0
  0
LINE
  5
DC5
330
17
100
AcDbEntity
  8
0
100
AcDbLine
 10
376.362
 20
-398.064
 30
0.0
 11
375.846
 21
-398.064
 31
0.0
  0
LINE
  5
DC6
330
17
100
AcDbEntity
  8
0
100
AcDbLine
 10
376.72
 20
-398.064
 30
0.0
 11
376.998
 21
-398.064
 31
0.0
  0
LINE
  5
DC7
330
17
100
AcDbEntity
  8
0
100
AcDbLine
 10
377.25
 20
-398.064
 30
0.0
 11
376.998
 21
-398.064
 31
0.0
  0
LINE
  5
DC8
330
17
100
AcDbEntity
  8
0
100
AcDbLine
 10
377.263
 20
-398.064
 30
0.0
 11
377.25
 21
-398.064
 31
0.0
  0
LINE
  5
DC9
330
17
100
AcDbEntity
  8
0
100
AcDbLine
 10
377.263
 20
-398.064
 30
0.0
 11
377.382
 21
-398.064
 31
0.0
  0
LINE
  5
DCA
330
17
100
AcDbEntity
  8
0
100
AcDbLine
 10
377.859
 20
-398.064
 30
0.0
 11
377.382
 21
-398.064
 31
0.0
  0
LINE
  5
DCB
330
17
100
AcDbEntity
  8
0
100
AcDbLine
 10
378.11
 20
-398.064
 30
0.0
 11
377.859
 21
-398.064
 31
0.0
  0
LINE
  5
DCC
330
17
100
AcDbEntity
  8
0
100
AcDbLine
 10
378.11
 20
-398.064
 30
0.0
 11
378.283
 21
-398.064
 31
0.0
  0
LINE
  5
DCD
330
17
100
AcDbEntity
  8
0
100
AcDbLine
 10
378.614
 20
-398.064
 30
0.0
 11
378.283
 21
-398.064
 31
0.0
  0
LINE
  5
DCE
330
17
100
AcDbEntity
  8
0
100
AcDbLine
 10
378.892
 20
-398.064
 30
0.0
 11
378.614
 21
-398.064
 31
0.0
  0
LINE
  5
DCF
330
17
100
AcDbEntity
  8
0
100
AcDbLine
 10
378.892
 20
-398.064
 30
0.0
 11
379.21
 21
-398.064
 31
0.0
  0
LINE
  5
DD0
330
17
100
AcDbEntity
  8
0
100
AcDbLine
 10
379.21
 20
-398.064
 30
0.0
 11
379.329
 21
-398.064
 31
0.0
  0
LINE
  5
DD1
330
17
100
AcDbEntity
  8
0
100
AcDbLine
 10
379.991
 20
-398.064
 30
0.0
 11
379.329
 21
-398.064
 31
0.0
  0
LINE
  5
DD2
330
17
100
AcDbEntity
  8
0
100
AcDbLine
 10
379.991
 20
-398.064
 30
0.0
 11
380.256
 21
-398.064
 31
0.0
  0
LINE
  5
DD3
330
17
100
AcDbEntity
  8
0
100
AcDbLine
 10
380.693
 20
-398.064
 30
0.0
 11
380.256
 21
-398.064
 31
0.0
  0
LINE
  5
DD4
330
17
100
AcDbEntity
  8
0
100
AcDbLine
 10
380.746
 20
-398.064
 30
0.0
 11
380.693
 21
-398.064
 31
0.0
  0
LINE
  5
DD5
330
17
100
AcDbEntity
  8
0
100
AcDbLine
 10
380.746
 20
-398.064
 30
0.0
 11
380.746
 21
-398.064
 31
0.0
  0
LINE
  5
DD6
330
17
100
AcDbEntity
  8
0
100
AcDbLine
 10
380.746
 20
-398.064
 30
0.0
 11
381.259
 21
-398.064
 31
0.0
  0
LINE
  5
DD7
330
17
100
AcDbEntity
  8
0
100
AcDbLine
 10
381.259
 20
-398.064
 30
0.0
 11
381.259
 21
-398.064
 31
0.0
  0
LINE
  5
DD8
330
17
100
AcDbEntity
  8
0
100
AcDbLine
 10
381.259
 20
-398.064
 30
0.0
 11
381.214
 21
-398.064
 31
0.0
  0
LINE
  5
DD9
330
17
100
AcDbEntity
  8
0
100
AcDbLine
 10
381.214
 20
-398.064
 30
0.0
 11
381.15
 21
-398.064
 31
0.0
  0
LINE
  5
DDA
330
17
100
AcDbEntity
  8
0
100
AcDbLine
 10
381.15
 20
-398.064
 30
0.0
 11
381.178
 21
-398.064
 31
0.0
  0
LINE
  5
DDB
330
17
100
AcDbEntity
  8
0
100
AcDbLine
 10
381.178
 20
-398.064
 30
0.0
 11
381.444
 21
-398.064
 31
0.0
  0
LINE
  5
DDC
330
17
100
AcDbEntity
  8
0
100
AcDbLine
 10
382.051
 20
-398.064
 30
0.0
 11
381.444
 21
-398.064
 31
0.0
  0
LINE
  5
DDD
330
17
100
AcDbEntity
  8
0
100
AcDbLine
 10
382.051
 20
-398.064
 30
0.0
 11
382.419
 21
-398.064
 31
0.0
  0
LINE
  5
DDE
330
17
100
AcDbEntity
  8
0
100
AcDbLine
 10
382.585
 20
-398.064
 30
0.0
 11
382.419
 21
-398.064
 31
0.0
  0
LINE
  5
DDF
330
17
100
AcDbEntity
  8
0
100
AcDbLine
 10
383.284
 20
-398.064
 30
0.0
 11
382.585
 21
-398.064
 31
0.0
  0
LINE
  5
DE0
330
17
100
AcDbEntity
  8
0
100
AcDbLine
 10
384.341
 20
-398.064
 30
0.0
 11
383.284
 21
-398.064
 31
0.0
  0
LINE
  5
DE1
330
17
100
AcDbEntity
  8
0
100
AcDbLine
 10
384.341
 20
-398.064
 30
0.0
 11
383.974
 21
-398.064
 31
0.0
  0
LINE
  5
DE2
330
17
100
AcDbEntity
  8
0
100
AcDbLine
 10
383.974
 20
-398.064
 30
0.0
 11
384.213
 21
-398.064
 31
0.0
  0
LINE
  5
DE3
330
17
100
AcDbEntity
  8
0
100
AcDbLine
 10
384.599
 20
-398.064
 30
0.0
 11
384.213
 21
-398.064
 31
0.0
  0
LINE
  5
DE4
330
17
100
AcDbEntity
  8
0
100
AcDbLine
 10
384.599
 20
-398.064
 30
0.0
 11
384.874
 21
-398.064
 31
0.0
  0
LINE
  5
DE5
330
17
100
AcDbEntity
  8
0
100
AcDbLine
 10
385.381
 20
-398.064
 30
0.0
 11
385.063
 21
-398.064
 31
0.0
  0
LINE
  5
DE6
330
17
100
AcDbEntity
  8
0
100
AcDbLine
 10
385.381
 20
-398.064
 30
0.0
 11
385.601
 21
-398.064
 31
0.0
  0
LINE
  5
DE7
330
17
100
AcDbEntity
  8
0
100
AcDbLine
 10
386.153
 20
-398.064
 30
0.0
 11
385.601
 21
-398.064
 31
0.0
  0
LINE
  5
DE8
330
17
100
AcDbEntity
  8
0
100
AcDbLine
 10
386.392
 20
-398.064
 30
0.0
 11
386.153
 21
-398.064
 31
0.0
  0
LINE
  5
DE9
330
17
100
AcDbEntity
  8
0
100
AcDbLine
 10
386.392
 20
-398.064
 30
0.0
 11
386.684
 21
-398.064
 31
0.0
  0
LINE
  5
DEA
330
17
100
AcDbEntity
  8
0
100
AcDbLine
 10
386.684
 20
-398.064
 30
0.0
 11
386.498
 21
-398.064
 31
0.0
  0
LINE
  5
DEB
330
17
100
AcDbEntity
  8
0
100
AcDbLine
 10
387.187
 20
-398.064
 30
0.0
 11
386.498
 21
-398.064
 31
0.0
  0
LINE
  5
DEC
330
17
100
AcDbEntity
  8
0
100
AcDbLine
 10
387.206
 20
-398.064
 30
0.0
 11
387.187
 21
-398.064
 31
0.0
  0
LINE
  5
DED
330
17
100
AcDbEntity
  8
0
100
AcDbLine
 10
387.206
 20
-398.064
 30
0.0
 11
386.882
 21
-398.064
 31
0.0
  0
LINE
  5
DEE
330
17
100
AcDbEntity
  8
0
100
AcDbLine
 10
386.882
 20
-398.064
 30
0.0
 11
386.843
 21
-398.064
 31
0.0
  0
LINE
  5
DEF
330
17
100
AcDbEntity
  8
0
100
AcDbLine
 10
387.206
 20
-398.064
 30
0.0
 11
386.843
 21
-398.064
 31
0.0
  0
LINE
  5
DF0
330
17
100
AcDbEntity
  8
0
100
AcDbLine
 10
387.396
 20
-398.064
 30
0.0
 11
387.545
 21
-398.064
 31
0.0
  0
LINE
  5
DF1
330
17
100
AcDbEntity
  8
0
100
AcDbLine
 10
387.545
 20
-398.064
 30
0.0
 11
387.545
 21
-398.064
 31
0.0
  0
LINE
  5
DF2
330
17
100
AcDbEntity
  8
0
100
AcDbLine
 10
387.545
 20
-398.064
 30
0.0
 11
387.396
 21
-398.064
 31
0.0
  0
LINE
  5
DF3
330
17
100
AcDbEntity
  8
0
100
AcDbLine
 10
387.206
 20
-398.064
 30
0.0
 11
387.147
 21
-398.064
 31
0.0
  0
LINE
  5
DF4
330
17
100
AcDbEntity
  8
0
100
AcDbLine
 10
387.147
 20
-398.064
 30
0.0
 11
387.206
 21
-398.064
 31
0.0
  0
LINE
  5
DF5
330
17
100
AcDbEntity
  8
0
100
AcDbLine
 10
387.396
 20
-398.064
 30
0.0
 11
387.624
 21
-398.064
 31
0.0
  0
LINE
  5
DF6
330
17
100
AcDbEntity
  8
0
100
AcDbLine
 10
387.584
 20
-398.064
 30
0.0
 11
387.624
 21
-398.064
 31
0.0
  0
LINE
  5
DF7
330
17
100
AcDbEntity
  8
0
100
AcDbLine
 10
386.962
 20
-398.064
 30
0.0
 11
387.206
 21
-398.064
 31
0.0
  0
LINE
  5
DF8
330
17
100
AcDbEntity
  8
0
100
AcDbLine
 10
387.396
 20
-398.064
 30
0.0
 11
387.584
 21
-398.064
 31
0.0
  0
LINE
  5
DF9
330
17
100
AcDbEntity
  8
0
100
AcDbLine
 10
386.962
 20
-398.064
 30
0.0
 11
386.207
 21
-398.064
 31
0.0
  0
LINE
  5
DFA
330
17
100
AcDbEntity
  8
0
100
AcDbLine
 10
386.207
 20
-398.064
 30
0.0
 11
386.128
 21
-398.064
 31
0.0
  0
LINE
  5
DFB
330
17
100
AcDbEntity
  8
0
100
AcDbLine
 10
386.644
 20
-398.064
 30
0.0
 11
386.128
 21
-398.064
 31
0.0
  0
LINE
  5
DFC
330
17
100
AcDbEntity
  8
0
100
AcDbLine
 10
386.644
 20
-398.064
 30
0.0
 11
386.882
 21
-398.064
 31
0.0
  0
LINE
  5
DFD
330
17
100
AcDbEntity
  8
0
100
AcDbLine
 10
386.882
 20
-398.064
 30
0.0
 11
386.353
 21
-398.064
 31
0.0
  0
LINE
  5
DFE
330
17
100
AcDbEntity
  8
0
100
AcDbLine
 10
386.379
 20
-398.064
 30
0.0
 11
386.353
 21
-398.064
 31
0.0
  0
LINE
  5
DFF
330
17
100
AcDbEntity
  8
0
100
AcDbLine
 10
385.73
 20
-398.064
 30
0.0
 11
386.379
 21
-398.064
 31
0.0
  0
LINE
  5
E00
330
17
100
AcDbEntity
  8
0
100
AcDbLine
 10
384.896
 20
-398.064
 30
0.0
 11
385.73
 21
-398.064
 31
0.0
  0
LINE
  5
E01
330
17
100
AcDbEntity
  8
0
100
AcDbLine
 10
384.896
 20
-398.064
 30
0.0
 11
384.353
 21
-398.064
 31
0.0
  0
LINE
  5
E02
330
17
100
AcDbEntity
  8
0
100
AcDbLine
 10
384.353
 20
-398.064
 30
0.0
 11
384.234
 21
-398.064
 31
0.0
  0
LINE
  5
E03
330
17
100
AcDbEntity
  8
0
100
AcDbLine
 10
383.704
 20
-398.064
 30
0.0
 11
384.234
 21
-398.064
 31
0.0
  0
LINE
  5
E04
330
17
100
AcDbEntity
  8
0
100
AcDbLine
 10
383.518
 20
-398.064
 30
0.0
 11
383.704
 21
-398.064
 31
0.0
  0
LINE
  5
E05
330
17
100
AcDbEntity
  8
0
100
AcDbLine
 10
383.518
 20
-398.064
 30
0.0
 11
382.87
 21
-398.064
 31
0.0
  0
LINE
  5
E06
330
17
100
AcDbEntity
  8
0
100
AcDbLine
 10
382.87
 20
-398.064
 30
0.0
 11
382.975
 21
-398.064
 31
0.0
  0
LINE
  5
E07
330
17
100
AcDbEntity
  8
0
100
AcDbLine
 10
382.009
 20
-398.064
 30
0.0
 11
382.975
 21
-398.064
 31
0.0
  0
LINE
  5
E08
330
17
100
AcDbEntity
  8
0
100
AcDbLine
 10
382.009
 20
-398.064
 30
0.0
 11
381.731
 21
-398.064
 31
0.0
  0
LINE
  5
E09
330
17
100
AcDbEntity
  8
0
100
AcDbLine
 10
381.731
 20
-398.064
 30
0.0
 11
381.307
 21
-398.064
 31
0.0
  0
LINE
  5
E0A
330
17
100
AcDbEntity
  8
0
100
AcDbLine
 10
380.552
 20
-398.064
 30
0.0
 11
381.307
 21
-398.064
 31
0.0
  0
LINE
  5
E0B
330
17
100
AcDbEntity
  8
0
100
AcDbLine
 10
380.552
 20
-398.064
 30
0.0
 11
380.525
 21
-398.064
 31
0.0
  0
LINE
  5
E0C
330
17
100
AcDbEntity
  8
0
100
AcDbLine
 10
380.062
 20
-398.064
 30
0.0
 11
380.525
 21
-398.064
 31
0.0
  0
LINE
  5
E0D
330
17
100
AcDbEntity
  8
0
100
AcDbLine
 10
380.062
 20
-398.064
 30
0.0
 11
379.426
 21
-398.064
 31
0.0
  0
LINE
  5
E0E
330
17
100
AcDbEntity
  8
0
100
AcDbLine
 10
379.426
 20
-398.064
 30
0.0
 11
378.786
 21
-398.064
 31
0.0
  0
LINE
  5
E0F
330
17
100
AcDbEntity
  8
0
100
AcDbLine
 10
378.576
 20
-398.064
 30
0.0
 11
378.786
 21
-398.064
 31
0.0
  0
LINE
  5
E10
330
17
100
AcDbEntity
  8
0
100
AcDbLine
 10
378.002
 20
-398.064
 30
0.0
 11
378.576
 21
-398.064
 31
0.0
  0
LINE
  5
E11
330
17
100
AcDbEntity
  8
0
100
AcDbLine
 10
377.903
 20
-398.064
 30
0.0
 11
378.002
 21
-398.064
 31
0.0
  0
LINE
  5
E12
330
17
100
AcDbEntity
  8
0
100
AcDbLine
 10
378.035
 20
-398.064
 30
0.0
 11
377.903
 21
-398.064
 31
0.0
  0
LINE
  5
E13
330
17
100
AcDbEntity
  8
0
100
AcDbLine
 10
378.035
 20
-398.064
 30
0.0
 11
378.168
 21
-398.064
 31
0.0
  0
LINE
  5
E14
330
17
100
AcDbEntity
  8
0
100
AcDbLine
 10
377.98
 20
-398.064
 30
0.0
 11
378.168
 21
-398.064
 31
0.0
  0
LINE
  5
E15
330
17
100
AcDbEntity
  8
0
100
AcDbLine
 10
377.98
 20
-398.064
 30
0.0
 11
377.704
 21
-398.064
 31
0.0
  0
LINE
  5
E16
330
17
100
AcDbEntity
  8
0
100
AcDbLine
 10
377.704
 20
-398.064
 30
0.0
 11
377.439
 21
-398.064
 31
0.0
  0
LINE
  5
E17
330
17
100
AcDbEntity
  8
0
100
AcDbLine
 10
377.439
 20
-398.064
 30
0.0
 11
377.053
 21
-398.064
 31
0.0
  0
LINE
  5
E18
330
17
100
AcDbEntity
  8
0
100
AcDbLine
 10
376.678
 20
-398.064
 30
0.0
 11
377.053
 21
-398.064
 31
0.0
  0
LINE
  5
E19
330
17
100
AcDbEntity
  8
0
100
AcDbLine
 10
376.678
 20
-398.064
 30
0.0
 11
376.899
 21
-398.064
 31
0.0
  0
LINE
  5
E1A
330
17
100
AcDbEntity
  8
0
100
AcDbLine
 10
385.786
 20
-394.672
 30
0.0
 11
386.539
 21
-393.668
 31
0.0
  0
LINE
  5
E1B
330
17
100
AcDbEntity
  8
0
100
AcDbLine
 10
385.243
 20
-395.804
 30
0.0
 11
385.786
 21
-394.672
 31
0.0
  0
LINE
  5
E1C
330
17
100
AcDbEntity
  8
0
100
AcDbLine
 10
384.932
 20
-397.019
 30
0.0
 11
385.243
 21
-395.804
 31
0.0
  0
LINE
  5
E1D
330
17
100
AcDbEntity
  8
0
100
AcDbLine
 10
384.863
 20
-398.273
 30
0.0
 11
384.932
 21
-397.019
 31
0.0
  0
LINE
  5
E1E
330
17
100
AcDbEntity
  8
0
100
AcDbLine
 10
385.04
 20
-399.515
 30
0.0
 11
384.863
 21
-398.273
 31
0.0
  0
LINE
  5
E1F
330
17
100
AcDbEntity
  8
0
100
AcDbLine
 10
385.457
 20
-400.699
 30
0.0
 11
385.04
 21
-399.515
 31
0.0
  0
LINE
  5
E20
330
17
100
AcDbEntity
  8
0
100
AcDbLine
 10
386.096
 20
-401.779
 30
0.0
 11
385.457
 21
-400.699
 31
0.0
  0
LINE
  5
E21
330
17
100
AcDbEntity
  8
0
100
AcDbLine
 10
386.933
 20
-402.713
 30
0.0
 11
386.096
 21
-401.779
 31
0.0
  0
LINE
  5
E22
330
17
100
AcDbEntity
  8
0
100
AcDbLine
 10
387.937
 20
-403.467
 30
0.0
 11
386.933
 21
-402.713
 31
0.0
  0
LINE
  5
E23
330
17
100
AcDbEntity
  8
0
100
AcDbLine
 10
389.069
 20
-404.01
 30
0.0
 11
387.937
 21
-403.467
 31
0.0
  0
LINE
  5
E24
330
17
100
AcDbEntity
  8
0
100
AcDbLine
 10
390.284
 20
-404.321
 30
0.0
 11
389.069
 21
-404.01
 31
0.0
  0
LINE
  5
E25
330
17
100
AcDbEntity
  8
0
100
AcDbLine
 10
391.537
 20
-404.39
 30
0.0
 11
390.284
 21
-404.321
 31
0.0
  0
LINE
  5
E26
330
17
100
AcDbEntity
  8
0
100
AcDbLine
 10
392.78
 20
-404.212
 30
0.0
 11
391.537
 21
-404.39
 31
0.0
  0
LINE
  5
E27
330
17
100
AcDbEntity
  8
0
100
AcDbLine
 10
393.964
 20
-403.796
 30
0.0
 11
392.78
 21
-404.212
 31
0.0
  0
LINE
  5
E28
330
17
100
AcDbEntity
  8
0
100
AcDbLine
 10
395.044
 20
-403.157
 30
0.0
 11
393.964
 21
-403.796
 31
0.0
  0
LINE
  5
E29
330
17
100
AcDbEntity
  8
0
100
AcDbLine
 10
395.978
 20
-402.319
 30
0.0
 11
395.044
 21
-403.157
 31
0.0
  0
LINE
  5
E2A
330
17
100
AcDbEntity
  8
0
100
AcDbLine
 10
396.732
 20
-401.316
 30
0.0
 11
395.978
 21
-402.319
 31
0.0
  0
LINE
  5
E2B
330
17
100
AcDbEntity
  8
0
100
AcDbLine
 10
397.274
 20
-400.184
 30
0.0
 11
396.732
 21
-401.316
 31
0.0
  0
LINE
  5
E2C
330
17
100
AcDbEntity
  8
0
100
AcDbLine
 10
397.281
 20
-400.158
 30
0.0
 11
397.274
 21
-400.184
 31
0.0
  0
LINE
  5
E2D
330
17
100
AcDbEntity
  8
0
100
AcDbLine
 10
397.061
 20
-395.289
 30
0.0
 11
397.281
 21
-395.914
 31
0.0
  0
LINE
  5
E2E
330
17
100
AcDbEntity
  8
0
100
AcDbLine
 10
396.422
 20
-394.209
 30
0.0
 11
397.061
 21
-395.289
 31
0.0
  0
LINE
  5
E2F
330
17
100
AcDbEntity
  8
0
100
AcDbLine
 10
395.584
 20
-393.274
 30
0.0
 11
396.422
 21
-394.209
 31
0.0
  0
LINE
  5
E30
330
17
100
AcDbEntity
  8
0
100
AcDbLine
 10
394.58
 20
-392.521
 30
0.0
 11
395.584
 21
-393.274
 31
0.0
  0
LINE
  5
E31
330
17
100
AcDbEntity
  8
0
100
AcDbLine
 10
393.449
 20
-391.978
 30
0.0
 11
394.58
 21
-392.521
 31
0.0
  0
LINE
  5
E32
330
17
100
AcDbEntity
  8
0
100
AcDbLine
 10
392.233
 20
-391.667
 30
0.0
 11
393.449
 21
-391.978
 31
0.0
  0
LINE
  5
E33
330
17
100
AcDbEntity
  8
0
100
AcDbLine
 10
390.98
 20
-391.598
 30
0.0
 11
392.233
 21
-391.667
 31
0.0
  0
LINE
  5
E34
330
17
100
AcDbEntity
  8
0
100
AcDbLine
 10
389.738
 20
-391.775
 30
0.0
 11
390.98
 21
-391.598
 31
0.0
  0
LINE
  5
E35
330
17
100
AcDbEntity
  8
0
100
AcDbLine
 10
388.554
 20
-392.192
 30
0.0
 11
389.738
 21
-391.775
 31
0.0
  0
LINE
  5
E36
330
17
100
AcDbEntity
  8
0
100
AcDbLine
 10
388.554
 20
-392.192
 30
0.0
 11
387.474
 21
-392.831
 31
0.0
  0
LINE
  5
E37
330
17
100
AcDbEntity
  8
0
100
AcDbLine
 10
387.474
 20
-392.831
 30
0.0
 11
386.539
 21
-393.668
 31
0.0
  0
LINE
  5
E38
330
17
100
AcDbEntity
  8
0
100
AcDbLine
 10
388.634
 20
-392.363
 30
0.0
 11
387.586
 21
-392.984
 31
0.0
  0
LINE
  5
E39
330
17
100
AcDbEntity
  8
0
100
AcDbLine
 10
388.634
 20
-392.363
 30
0.0
 11
389.783
 21
-391.959
 31
0.0
  0
LINE
  5
E3A
330
17
100
AcDbEntity
  8
0
100
AcDbLine
 10
389.783
 20
-391.959
 30
0.0
 11
390.988
 21
-391.787
 31
0.0
  0
LINE
  5
E3B
330
17
100
AcDbEntity
  8
0
100
AcDbLine
 10
390.988
 20
-391.787
 30
0.0
 11
392.205
 21
-391.854
 31
0.0
  0
LINE
  5
E3C
330
17
100
AcDbEntity
  8
0
100
AcDbLine
 10
392.205
 20
-391.854
 30
0.0
 11
393.384
 21
-392.156
 31
0.0
  0
LINE
  5
E3D
330
17
100
AcDbEntity
  8
0
100
AcDbLine
 10
393.384
 20
-392.156
 30
0.0
 11
394.482
 21
-392.683
 31
0.0
  0
LINE
  5
E3E
330
17
100
AcDbEntity
  8
0
100
AcDbLine
 10
394.482
 20
-392.683
 30
0.0
 11
395.456
 21
-393.414
 31
0.0
  0
LINE
  5
E3F
330
17
100
AcDbEntity
  8
0
100
AcDbLine
 10
395.456
 20
-393.414
 30
0.0
 11
396.269
 21
-394.321
 31
0.0
  0
LINE
  5
E40
330
17
100
AcDbEntity
  8
0
100
AcDbLine
 10
396.269
 20
-394.321
 30
0.0
 11
396.89
 21
-395.369
 31
0.0
  0
LINE
  5
E41
330
17
100
AcDbEntity
  8
0
100
AcDbLine
 10
396.89
 20
-395.369
 30
0.0
 11
397.281
 21
-396.483
 31
0.0
  0
LINE
  5
E42
330
17
100
AcDbEntity
  8
0
100
AcDbLine
 10
397.281
 20
-399.399
 30
0.0
 11
397.096
 21
-400.119
 31
0.0
  0
LINE
  5
E43
330
17
100
AcDbEntity
  8
0
100
AcDbLine
 10
397.096
 20
-400.119
 30
0.0
 11
396.57
 21
-401.217
 31
0.0
  0
LINE
  5
E44
330
17
100
AcDbEntity
  8
0
100
AcDbLine
 10
396.57
 20
-401.217
 30
0.0
 11
395.839
 21
-402.191
 31
0.0
  0
LINE
  5
E45
330
17
100
AcDbEntity
  8
0
100
AcDbLine
 10
395.839
 20
-402.191
 30
0.0
 11
394.932
 21
-403.004
 31
0.0
  0
LINE
  5
E46
330
17
100
AcDbEntity
  8
0
100
AcDbLine
 10
394.932
 20
-403.004
 30
0.0
 11
393.884
 21
-403.625
 31
0.0
  0
LINE
  5
E47
330
17
100
AcDbEntity
  8
0
100
AcDbLine
 10
393.884
 20
-403.625
 30
0.0
 11
392.735
 21
-404.029
 31
0.0
  0
LINE
  5
E48
330
17
100
AcDbEntity
  8
0
100
AcDbLine
 10
392.735
 20
-404.029
 30
0.0
 11
391.529
 21
-404.201
 31
0.0
  0
LINE
  5
E49
330
17
100
AcDbEntity
  8
0
100
AcDbLine
 10
391.529
 20
-404.201
 30
0.0
 11
390.313
 21
-404.134
 31
0.0
  0
LINE
  5
E4A
330
17
100
AcDbEntity
  8
0
100
AcDbLine
 10
390.313
 20
-404.134
 30
0.0
 11
389.133
 21
-403.832
 31
0.0
  0
LINE
  5
E4B
330
17
100
AcDbEntity
  8
0
100
AcDbLine
 10
389.133
 20
-403.832
 30
0.0
 11
388.035
 21
-403.305
 31
0.0
  0
LINE
  5
E4C
330
17
100
AcDbEntity
  8
0
100
AcDbLine
 10
388.035
 20
-403.305
 30
0.0
 11
387.061
 21
-402.574
 31
0.0
  0
LINE
  5
E4D
330
17
100
AcDbEntity
  8
0
100
AcDbLine
 10
387.061
 20
-402.574
 30
0.0
 11
386.248
 21
-401.667
 31
0.0
  0
LINE
  5
E4E
330
17
100
AcDbEntity
  8
0
100
AcDbLine
 10
386.248
 20
-401.667
 30
0.0
 11
385.628
 21
-400.619
 31
0.0
  0
LINE
  5
E4F
330
17
100
AcDbEntity
  8
0
100
AcDbLine
 10
385.628
 20
-400.619
 30
0.0
 11
385.224
 21
-399.47
 31
0.0
  0
LINE
  5
E50
330
17
100
AcDbEntity
  8
0
100
AcDbLine
 10
385.224
 20
-399.47
 30
0.0
 11
385.052
 21
-398.264
 31
0.0
  0
LINE
  5
E51
330
17
100
AcDbEntity
  8
0
100
AcDbLine
 10
385.052
 20
-398.264
 30
0.0
 11
385.119
 21
-397.048
 31
0.0
  0
LINE
  5
E52
330
17
100
AcDbEntity
  8
0
100
AcDbLine
 10
385.119
 20
-397.048
 30
0.0
 11
385.421
 21
-395.869
 31
0.0
  0
LINE
  5
E53
330
17
100
AcDbEntity
  8
0
100
AcDbLine
 10
385.421
 20
-395.869
 30
0.0
 11
385.948
 21
-394.771
 31
0.0
  0
LINE
  5
E54
330
17
100
AcDbEntity
  8
0
100
AcDbLine
 10
385.948
 20
-394.771
 30
0.0
 11
386.679
 21
-393.796
 31
0.0
  0
LINE
  5
E55
330
17
100
AcDbEntity
  8
0
100
AcDbLine
 10
386.679
 20
-393.796
 30
0.0
 11
387.586
 21
-392.984
 31
0.0
  0
LINE
  5
E56
330
17
100
AcDbEntity
  8
0
100
AcDbLine
 10
394.515
 20
-402.436
 30
0.0
 11
394.531
 21
-402.458
 31
0.0
  0
LINE
  5
E57
330
17
100
AcDbEntity
  8
0
100
AcDbLine
 10
394.359
 20
-402.223
 30
0.0
 11
394.515
 21
-402.436
 31
0.0
  0
LINE
  5
E58
330
17
100
AcDbEntity
  8
0
100
AcDbLine
 10
394.359
 20
-402.223
 30
0.0
 11
394.359
 21
-402.223
 31
0.0
  0
LINE
  5
E59
330
17
100
AcDbEntity
  8
0
100
AcDbLine
 10
393.842
 20
-401.518
 30
0.0
 11
394.359
 21
-402.223
 31
0.0
  0
LINE
  5
E5A
330
17
100
AcDbEntity
  8
0
100
AcDbLine
 10
393.842
 20
-401.518
 30
0.0
 11
393.678
 21
-401.293
 31
0.0
  0
LINE
  5
E5B
330
17
100
AcDbEntity
  8
0
100
AcDbLine
 10
393.529
 20
-401.091
 30
0.0
 11
393.678
 21
-401.293
 31
0.0
  0
LINE
  5
E5C
330
17
100
AcDbEntity
  8
0
100
AcDbLine
 10
393.521
 20
-401.08
 30
0.0
 11
393.529
 21
-401.091
 31
0.0
  0
LINE
  5
E5D
330
17
100
AcDbEntity
  8
0
100
AcDbLine
 10
393.451
 20
-400.984
 30
0.0
 11
393.521
 21
-401.08
 31
0.0
  0
LINE
  5
E5E
330
17
100
AcDbEntity
  8
0
100
AcDbLine
 10
393.169
 20
-400.599
 30
0.0
 11
393.451
 21
-400.984
 31
0.0
  0
LINE
  5
E5F
330
17
100
AcDbEntity
  8
0
100
AcDbLine
 10
393.02
 20
-400.396
 30
0.0
 11
393.169
 21
-400.599
 31
0.0
  0
LINE
  5
E60
330
17
100
AcDbEntity
  8
0
100
AcDbLine
 10
393.02
 20
-400.396
 30
0.0
 11
392.918
 21
-400.257
 31
0.0
  0
LINE
  5
E61
330
17
100
AcDbEntity
  8
0
100
AcDbLine
 10
392.722
 20
-399.99
 30
0.0
 11
392.918
 21
-400.257
 31
0.0
  0
LINE
  5
E62
330
17
100
AcDbEntity
  8
0
100
AcDbLine
 10
392.558
 20
-399.766
 30
0.0
 11
392.722
 21
-399.99
 31
0.0
  0
LINE
  5
E63
330
17
100
AcDbEntity
  8
0
100
AcDbLine
 10
392.558
 20
-399.766
 30
0.0
 11
392.37
 21
-399.51
 31
0.0
  0
LINE
  5
E64
330
17
100
AcDbEntity
  8
0
100
AcDbLine
 10
392.299
 20
-399.414
 30
0.0
 11
392.37
 21
-399.51
 31
0.0
  0
LINE
  5
E65
330
17
100
AcDbEntity
  8
0
100
AcDbLine
 10
391.908
 20
-398.879
 30
0.0
 11
392.299
 21
-399.414
 31
0.0
  0
LINE
  5
E66
330
17
100
AcDbEntity
  8
0
100
AcDbLine
 10
391.908
 20
-398.879
 30
0.0
 11
391.751
 21
-398.666
 31
0.0
  0
LINE
  5
E67
330
17
100
AcDbEntity
  8
0
100
AcDbLine
 10
391.751
 20
-398.666
 30
0.0
 11
391.493
 21
-398.313
 31
0.0
  0
LINE
  5
E68
330
17
100
AcDbEntity
  8
0
100
AcDbLine
 10
391.493
 20
-398.313
 30
0.0
 11
391.462
 21
-398.271
 31
0.0
  0
LINE
  5
E69
330
17
100
AcDbEntity
  8
0
100
AcDbLine
 10
391.462
 20
-398.271
 30
0.0
 11
391.462
 21
-398.271
 31
0.0
  0
LINE
  5
E6A
330
17
100
AcDbEntity
  8
0
100
AcDbLine
 10
391.158
 20
-397.857
 30
0.0
 11
391.462
 21
-398.271
 31
0.0
  0
LINE
  5
E6B
330
17
100
AcDbEntity
  8
0
100
AcDbLine
 10
391.158
 20
-397.857
 30
0.0
 11
391.158
 21
-397.857
 31
0.0
  0
LINE
  5
E6C
330
17
100
AcDbEntity
  8
0
100
AcDbLine
 10
391.185
 20
-397.893
 30
0.0
 11
391.158
 21
-397.857
 31
0.0
  0
LINE
  5
E6D
330
17
100
AcDbEntity
  8
0
100
AcDbLine
 10
391.223
 20
-397.945
 30
0.0
 11
391.185
 21
-397.893
 31
0.0
  0
LINE
  5
E6E
330
17
100
AcDbEntity
  8
0
100
AcDbLine
 10
391.207
 20
-397.923
 30
0.0
 11
391.223
 21
-397.945
 31
0.0
  0
LINE
  5
E6F
330
17
100
AcDbEntity
  8
0
100
AcDbLine
 10
391.049
 20
-397.707
 30
0.0
 11
391.207
 21
-397.923
 31
0.0
  0
LINE
  5
E70
330
17
100
AcDbEntity
  8
0
100
AcDbLine
 10
390.69
 20
-397.218
 30
0.0
 11
391.049
 21
-397.707
 31
0.0
  0
LINE
  5
E71
330
17
100
AcDbEntity
  8
0
100
AcDbLine
 10
390.472
 20
-396.921
 30
0.0
 11
390.69
 21
-397.218
 31
0.0
  0
LINE
  5
E72
330
17
100
AcDbEntity
  8
0
100
AcDbLine
 10
390.472
 20
-396.921
 30
0.0
 11
390.375
 21
-396.788
 31
0.0
  0
LINE
  5
E73
330
17
100
AcDbEntity
  8
0
100
AcDbLine
 10
389.961
 20
-396.224
 30
0.0
 11
390.375
 21
-396.788
 31
0.0
  0
LINE
  5
E74
330
17
100
AcDbEntity
  8
0
100
AcDbLine
 10
389.336
 20
-395.371
 30
0.0
 11
389.961
 21
-396.224
 31
0.0
  0
LINE
  5
E75
330
17
100
AcDbEntity
  8
0
100
AcDbLine
 10
389.336
 20
-395.371
 30
0.0
 11
389.553
 21
-395.668
 31
0.0
  0
LINE
  5
E76
330
17
100
AcDbEntity
  8
0
100
AcDbLine
 10
389.412
 20
-395.475
 30
0.0
 11
389.553
 21
-395.668
 31
0.0
  0
LINE
  5
E77
330
17
100
AcDbEntity
  8
0
100
AcDbLine
 10
389.184
 20
-395.163
 30
0.0
 11
389.412
 21
-395.475
 31
0.0
  0
LINE
  5
E78
330
17
100
AcDbEntity
  8
0
100
AcDbLine
 10
389.184
 20
-395.163
 30
0.0
 11
388.912
 21
-394.792
 31
0.0
  0
LINE
  5
E79
330
17
100
AcDbEntity
  8
0
100
AcDbLine
 10
388.722
 20
-394.533
 30
0.0
 11
388.912
 21
-394.792
 31
0.0
  0
LINE
  5
E7A
330
17
100
AcDbEntity
  8
0
100
AcDbLine
 10
388.722
 20
-394.533
 30
0.0
 11
388.591
 21
-394.355
 31
0.0
  0
LINE
  5
E7B
330
17
100
AcDbEntity
  8
0
100
AcDbLine
 10
388.265
 20
-393.91
 30
0.0
 11
388.591
 21
-394.355
 31
0.0
  0
LINE
  5
E7C
330
17
100
AcDbEntity
  8
0
100
AcDbLine
 10
388.123
 20
-393.717
 30
0.0
 11
388.265
 21
-393.91
 31
0.0
  0
LINE
  5
E7D
330
17
100
AcDbEntity
  8
0
100
AcDbLine
 10
388.123
 20
-393.717
 30
0.0
 11
387.951
 21
-393.482
 31
0.0
  0
LINE
  5
E7E
330
17
100
AcDbEntity
  8
0
100
AcDbLine
 10
388.061
 20
-393.631
 30
0.0
 11
387.951
 21
-393.482
 31
0.0
  0
LINE
  5
E7F
330
17
100
AcDbEntity
  8
0
100
AcDbLine
 10
387.654
 20
-393.076
 30
0.0
 11
388.061
 21
-393.631
 31
0.0
  0
LINE
  5
E80
330
17
100
AcDbEntity
  8
0
100
AcDbLine
 10
387.586
 20
-392.984
 30
0.0
 11
387.654
 21
-393.076
 31
0.0
  0
LINE
  5
E81
330
17
100
AcDbEntity
  8
0
100
AcDbLine
 10
387.586
 20
-392.984
 30
0.0
 11
387.834
 21
-393.322
 31
0.0
  0
LINE
  5
E82
330
17
100
AcDbEntity
  8
0
100
AcDbLine
 10
387.857
 20
-393.354
 30
0.0
 11
387.834
 21
-393.322
 31
0.0
  0
LINE
  5
E83
330
17
100
AcDbEntity
  8
0
100
AcDbLine
 10
387.614
 20
-393.023
 30
0.0
 11
387.857
 21
-393.354
 31
0.0
  0
LINE
  5
E84
330
17
100
AcDbEntity
  8
0
100
AcDbLine
 10
387.442
 20
-392.788
 30
0.0
 11
387.474
 21
-392.831
 31
0.0
  0
LINE
  5
E85
330
17
100
AcDbEntity
  8
0
100
AcDbLine
 10
387.586
 20
-392.984
 30
0.0
 11
387.614
 21
-393.023
 31
0.0
  0
LINE
  5
E86
330
17
100
AcDbEntity
  8
0
100
AcDbLine
 10
387.442
 20
-392.788
 30
0.0
 11
387.442
 21
-392.788
 31
0.0
  0
LINE
  5
E87
330
17
100
AcDbEntity
  8
0
100
AcDbLine
 10
387.442
 20
-392.788
 30
0.0
 11
387.474
 21
-392.831
 31
0.0
  0
LINE
  5
E88
330
17
100
AcDbEntity
  8
0
100
AcDbLine
 10
387.586
 20
-392.984
 30
0.0
 11
387.677
 21
-393.108
 31
0.0
  0
LINE
  5
E89
330
17
100
AcDbEntity
  8
0
100
AcDbLine
 10
387.395
 20
-392.723
 30
0.0
 11
387.474
 21
-392.831
 31
0.0
  0
LINE
  5
E8A
330
17
100
AcDbEntity
  8
0
100
AcDbLine
 10
387.586
 20
-392.984
 30
0.0
 11
387.677
 21
-393.108
 31
0.0
  0
LINE
  5
E8B
330
17
100
AcDbEntity
  8
0
100
AcDbLine
 10
387.419
 20
-392.756
 30
0.0
 11
387.395
 21
-392.723
 31
0.0
  0
LINE
  5
E8C
330
17
100
AcDbEntity
  8
0
100
AcDbLine
 10
387.419
 20
-392.756
 30
0.0
 11
387.474
 21
-392.831
 31
0.0
  0
LINE
  5
E8D
330
17
100
AcDbEntity
  8
0
100
AcDbLine
 10
387.586
 20
-392.984
 30
0.0
 11
387.787
 21
-393.258
 31
0.0
  0
LINE
  5
E8E
330
17
100
AcDbEntity
  8
0
100
AcDbLine
 10
387.787
 20
-393.258
 30
0.0
 11
388.233
 21
-393.866
 31
0.0
  0
LINE
  5
E8F
330
17
100
AcDbEntity
  8
0
100
AcDbLine
 10
388.28
 20
-393.93
 30
0.0
 11
388.233
 21
-393.866
 31
0.0
  0
LINE
  5
E90
330
17
100
AcDbEntity
  8
0
100
AcDbLine
 10
387.975
 20
-393.514
 30
0.0
 11
388.28
 21
-393.93
 31
0.0
  0
LINE
  5
E91
330
17
100
AcDbEntity
  8
0
100
AcDbLine
 10
387.975
 20
-393.514
 30
0.0
 11
387.834
 21
-393.322
 31
0.0
  0
LINE
  5
E92
330
17
100
AcDbEntity
  8
0
100
AcDbLine
 10
387.834
 20
-393.322
 30
0.0
 11
388.147
 21
-393.749
 31
0.0
  0
LINE
  5
E93
330
17
100
AcDbEntity
  8
0
100
AcDbLine
 10
388.131
 20
-393.728
 30
0.0
 11
388.147
 21
-393.749
 31
0.0
  0
LINE
  5
E94
330
17
100
AcDbEntity
  8
0
100
AcDbLine
 10
388.131
 20
-393.728
 30
0.0
 11
388.515
 21
-394.251
 31
0.0
  0
LINE
  5
E95
330
17
100
AcDbEntity
  8
0
100
AcDbLine
 10
388.515
 20
-394.251
 30
0.0
 11
389.008
 21
-394.924
 31
0.0
  0
LINE
  5
E96
330
17
100
AcDbEntity
  8
0
100
AcDbLine
 10
389.008
 20
-394.924
 30
0.0
 11
389.329
 21
-395.362
 31
0.0
  0
LINE
  5
E97
330
17
100
AcDbEntity
  8
0
100
AcDbLine
 10
389.4
 20
-395.458
 30
0.0
 11
389.329
 21
-395.362
 31
0.0
  0
LINE
  5
E98
330
17
100
AcDbEntity
  8
0
100
AcDbLine
 10
389.713
 20
-395.885
 30
0.0
 11
389.4
 21
-395.458
 31
0.0
  0
LINE
  5
E99
330
17
100
AcDbEntity
  8
0
100
AcDbLine
 10
389.713
 20
-395.885
 30
0.0
 11
389.823
 21
-396.035
 31
0.0
  0
LINE
  5
E9A
330
17
100
AcDbEntity
  8
0
100
AcDbLine
 10
389.823
 20
-396.035
 30
0.0
 11
390.206
 21
-396.558
 31
0.0
  0
LINE
  5
E9B
330
17
100
AcDbEntity
  8
0
100
AcDbLine
 10
390.144
 20
-396.473
 30
0.0
 11
390.206
 21
-396.558
 31
0.0
  0
LINE
  5
E9C
330
17
100
AcDbEntity
  8
0
100
AcDbLine
 10
390.715
 20
-397.252
 30
0.0
 11
390.144
 21
-396.473
 31
0.0
  0
LINE
  5
E9D
330
17
100
AcDbEntity
  8
0
100
AcDbLine
 10
390.715
 20
-397.252
 30
0.0
 11
390.88
 21
-397.477
 31
0.0
  0
LINE
  5
E9E
330
17
100
AcDbEntity
  8
0
100
AcDbLine
 10
390.88
 20
-397.477
 30
0.0
 11
391.13
 21
-397.818
 31
0.0
  0
LINE
  5
E9F
330
17
100
AcDbEntity
  8
0
100
AcDbLine
 10
391.577
 20
-398.427
 30
0.0
 11
391.13
 21
-397.818
 31
0.0
  0
LINE
  5
EA0
330
17
100
AcDbEntity
  8
0
100
AcDbLine
 10
391.577
 20
-398.427
 30
0.0
 11
391.592
 21
-398.449
 31
0.0
  0
LINE
  5
EA1
330
17
100
AcDbEntity
  8
0
100
AcDbLine
 10
391.866
 20
-398.823
 30
0.0
 11
391.592
 21
-398.449
 31
0.0
  0
LINE
  5
EA2
330
17
100
AcDbEntity
  8
0
100
AcDbLine
 10
391.866
 20
-398.823
 30
0.0
 11
392.242
 21
-399.335
 31
0.0
  0
LINE
  5
EA3
330
17
100
AcDbEntity
  8
0
100
AcDbLine
 10
392.242
 20
-399.335
 30
0.0
 11
392.621
 21
-399.851
 31
0.0
  0
LINE
  5
EA4
330
17
100
AcDbEntity
  8
0
100
AcDbLine
 10
392.621
 20
-399.851
 30
0.0
 11
392.745
 21
-400.021
 31
0.0
  0
LINE
  5
EA5
330
17
100
AcDbEntity
  8
0
100
AcDbLine
 10
392.745
 20
-400.021
 30
0.0
 11
393.084
 21
-400.483
 31
0.0
  0
LINE
  5
EA6
330
17
100
AcDbEntity
  8
0
100
AcDbLine
 10
393.084
 20
-400.483
 30
0.0
 11
393.143
 21
-400.564
 31
0.0
  0
LINE
  5
EA7
330
17
100
AcDbEntity
  8
0
100
AcDbLine
 10
393.064
 20
-400.457
 30
0.0
 11
393.143
 21
-400.564
 31
0.0
  0
LINE
  5
EA8
330
17
100
AcDbEntity
  8
0
100
AcDbLine
 10
392.986
 20
-400.35
 30
0.0
 11
393.064
 21
-400.457
 31
0.0
  0
LINE
  5
EA9
330
17
100
AcDbEntity
  8
0
100
AcDbLine
 10
392.986
 20
-400.35
 30
0.0
 11
393.097
 21
-400.501
 31
0.0
  0
LINE
  5
EAA
330
17
100
AcDbEntity
  8
0
100
AcDbLine
 10
393.097
 20
-400.501
 30
0.0
 11
393.26
 21
-400.724
 31
0.0
  0
LINE
  5
EAB
330
17
100
AcDbEntity
  8
0
100
AcDbLine
 10
393.26
 20
-400.724
 30
0.0
 11
393.417
 21
-400.937
 31
0.0
  0
LINE
  5
EAC
330
17
100
AcDbEntity
  8
0
100
AcDbLine
 10
393.417
 20
-400.937
 30
0.0
 11
393.645
 21
-401.249
 31
0.0
  0
LINE
  5
EAD
330
17
100
AcDbEntity
  8
0
100
AcDbLine
 10
393.867
 20
-401.552
 30
0.0
 11
393.645
 21
-401.249
 31
0.0
  0
LINE
  5
EAE
330
17
100
AcDbEntity
  8
0
100
AcDbLine
 10
393.867
 20
-401.552
 30
0.0
 11
393.736
 21
-401.374
 31
0.0
  0
LINE
  5
EAF
330
17
100
AcDbEntity
  8
0
100
AcDbLine
 10
393.945
 20
-401.658
 30
0.0
 11
393.736
 21
-401.374
 31
0.0
  0
LINE
  5
EB0
330
17
100
AcDbEntity
  8
0
100
AcDbLine
 10
393.945
 20
-401.658
 30
0.0
 11
394.187
 21
-401.988
 31
0.0
  0
LINE
  5
EB1
330
17
100
AcDbEntity
  8
0
100
AcDbLine
 10
394.187
 20
-401.988
 30
0.0
 11
394.402
 21
-402.281
 31
0.0
  0
LINE
  5
EB2
330
17
100
AcDbEntity
  8
0
100
AcDbLine
 10
394.402
 20
-402.281
 30
0.0
 11
394.572
 21
-402.513
 31
0.0
  0
LINE
  5
EB3
330
17
100
AcDbEntity
  8
0
100
AcDbLine
 10
394.539
 20
-402.468
 30
0.0
 11
394.572
 21
-402.513
 31
0.0
  0
LINE
  5
EB4
330
17
100
AcDbEntity
  8
0
100
AcDbLine
 10
394.539
 20
-402.468
 30
0.0
 11
394.395
 21
-402.273
 31
0.0
  0
LINE
  5
EB5
330
17
100
AcDbEntity
  8
0
100
AcDbLine
 10
394.578
 20
-402.522
 30
0.0
 11
394.395
 21
-402.273
 31
0.0
  0
LINE
  5
EB6
330
17
100
AcDbEntity
  8
0
100
AcDbLine
 10
394.578
 20
-402.522
 30
0.0
 11
394.545
 21
-402.477
 31
0.0
  0
LINE
  5
EB7
330
17
100
AcDbEntity
  8
0
100
AcDbLine
 10
394.624
 20
-402.584
 30
0.0
 11
394.545
 21
-402.477
 31
0.0
  0
LINE
  5
EB8
330
17
100
AcDbEntity
  8
0
100
AcDbLine
 10
394.624
 20
-402.584
 30
0.0
 11
394.669
 21
-402.646
 31
0.0
  0
LINE
  5
EB9
330
17
100
AcDbEntity
  8
0
100
AcDbLine
 10
394.82
 20
-402.851
 30
0.0
 11
394.669
 21
-402.646
 31
0.0
  0
LINE
  5
EBA
330
17
100
AcDbEntity
  8
0
100
AcDbLine
 10
394.82
 20
-402.851
 30
0.0
 11
394.93
 21
-403.002
 31
0.0
  0
LINE
  5
EBB
330
17
100
AcDbEntity
  8
0
100
AcDbLine
 10
394.93
 20
-403.002
 30
0.0
 11
395.087
 21
-403.216
 31
0.0
  0
LINE
  5
EBC
330
17
100
AcDbEntity
  8
0
100
AcDbLine
 10
395.361
 20
-403.59
 30
0.0
 11
395.087
 21
-403.216
 31
0.0
  0
LINE
  5
EBD
330
17
100
AcDbEntity
  8
0
100
AcDbLine
 10
395.361
 20
-403.59
 30
0.0
 11
395.392
 21
-403.633
 31
0.0
  0
LINE
  5
EBE
330
17
100
AcDbEntity
  8
0
100
AcDbLine
 10
395.439
 20
-403.697
 30
0.0
 11
395.392
 21
-403.633
 31
0.0
  0
LINE
  5
EBF
330
17
100
AcDbEntity
  8
0
100
AcDbLine
 10
395.439
 20
-403.697
 30
0.0
 11
395.369
 21
-403.601
 31
0.0
  0
LINE
  5
EC0
330
17
100
AcDbEntity
  8
0
100
AcDbLine
 10
395.353
 20
-403.579
 30
0.0
 11
395.369
 21
-403.601
 31
0.0
  0
LINE
  5
EC1
330
17
100
AcDbEntity
  8
0
100
AcDbLine
 10
395.205
 20
-403.376
 30
0.0
 11
395.353
 21
-403.579
 31
0.0
  0
LINE
  5
EC2
330
17
100
AcDbEntity
  8
0
100
AcDbLine
 10
395.087
 20
-403.216
 30
0.0
 11
395.205
 21
-403.376
 31
0.0
  0
LINE
  5
EC3
330
17
100
AcDbEntity
  8
0
100
AcDbLine
 10
395.044
 20
-403.157
 30
0.0
 11
395.087
 21
-403.216
 31
0.0
  0
LINE
  5
EC4
330
17
100
AcDbEntity
  8
0
100
AcDbLine
 10
394.68
 20
-402.661
 30
0.0
 11
394.932
 21
-403.004
 31
0.0
  0
LINE
  5
EC5
330
17
100
AcDbEntity
  8
0
100
AcDbLine
 10
394.68
 20
-402.661
 30
0.0
 11
394.484
 21
-402.394
 31
0.0
  0
LINE
  5
EC6
330
17
100
AcDbEntity
  8
0
100
AcDbLine
 10
394.179
 20
-401.977
 30
0.0
 11
394.484
 21
-402.394
 31
0.0
  0
LINE
  5
EC7
330
17
100
AcDbEntity
  8
0
100
AcDbLine
 10
394.179
 20
-401.977
 30
0.0
 11
394.382
 21
-402.255
 31
0.0
  0
LINE
  5
EC8
330
17
100
AcDbEntity
  8
0
100
AcDbLine
 10
394.531
 20
-402.458
 30
0.0
 11
394.382
 21
-402.255
 31
0.0
  0
LINE
  5
EC9
330
17
100
AcDbEntity
  8
0
100
AcDbLine
 10
387.715
 20
-400.699
 30
0.0
 11
388.0
 21
-400.49
 31
0.0
  0
LINE
  5
ECA
330
17
100
AcDbEntity
  8
0
100
AcDbLine
 10
387.386
 20
-400.94
 30
0.0
 11
387.715
 21
-400.699
 31
0.0
  0
LINE
  5
ECB
330
17
100
AcDbEntity
  8
0
100
AcDbLine
 10
387.092
 20
-401.156
 30
0.0
 11
387.386
 21
-400.94
 31
0.0
  0
LINE
  5
ECC
330
17
100
AcDbEntity
  8
0
100
AcDbLine
 10
386.861
 20
-401.325
 30
0.0
 11
387.092
 21
-401.156
 31
0.0
  0
LINE
  5
ECD
330
17
100
AcDbEntity
  8
0
100
AcDbLine
 10
386.905
 20
-401.293
 30
0.0
 11
386.861
 21
-401.325
 31
0.0
  0
LINE
  5
ECE
330
17
100
AcDbEntity
  8
0
100
AcDbLine
 10
386.905
 20
-401.293
 30
0.0
 11
387.101
 21
-401.149
 31
0.0
  0
LINE
  5
ECF
330
17
100
AcDbEntity
  8
0
100
AcDbLine
 10
386.852
 20
-401.332
 30
0.0
 11
387.101
 21
-401.149
 31
0.0
  0
LINE
  5
ED0
330
17
100
AcDbEntity
  8
0
100
AcDbLine
 10
386.852
 20
-401.332
 30
0.0
 11
386.897
 21
-401.299
 31
0.0
  0
LINE
  5
ED1
330
17
100
AcDbEntity
  8
0
100
AcDbLine
 10
386.79
 20
-401.378
 30
0.0
 11
386.897
 21
-401.299
 31
0.0
  0
LINE
  5
ED2
330
17
100
AcDbEntity
  8
0
100
AcDbLine
 10
386.79
 20
-401.378
 30
0.0
 11
386.727
 21
-401.423
 31
0.0
  0
LINE
  5
ED3
330
17
100
AcDbEntity
  8
0
100
AcDbLine
 10
386.523
 20
-401.573
 30
0.0
 11
386.727
 21
-401.423
 31
0.0
  0
LINE
  5
ED4
330
17
100
AcDbEntity
  8
0
100
AcDbLine
 10
386.523
 20
-401.573
 30
0.0
 11
386.371
 21
-401.684
 31
0.0
  0
LINE
  5
ED5
330
17
100
AcDbEntity
  8
0
100
AcDbLine
 10
386.371
 20
-401.684
 30
0.0
 11
386.158
 21
-401.841
 31
0.0
  0
LINE
  5
ED6
330
17
100
AcDbEntity
  8
0
100
AcDbLine
 10
385.784
 20
-402.115
 30
0.0
 11
386.158
 21
-401.841
 31
0.0
  0
LINE
  5
ED7
330
17
100
AcDbEntity
  8
0
100
AcDbLine
 10
385.741
 20
-402.146
 30
0.0
 11
385.784
 21
-402.115
 31
0.0
  0
LINE
  5
ED8
330
17
100
AcDbEntity
  8
0
100
AcDbLine
 10
385.677
 20
-402.193
 30
0.0
 11
385.741
 21
-402.146
 31
0.0
  0
LINE
  5
ED9
330
17
100
AcDbEntity
  8
0
100
AcDbLine
 10
385.677
 20
-402.193
 30
0.0
 11
385.686
 21
-402.186
 31
0.0
  0
LINE
  5
EDA
330
17
100
AcDbEntity
  8
0
100
AcDbLine
 10
385.946
 20
-401.996
 30
0.0
 11
385.998
 21
-401.958
 31
0.0
  0
LINE
  5
EDB
330
17
100
AcDbEntity
  8
0
100
AcDbLine
 10
386.154
 20
-401.844
 30
0.0
 11
385.998
 21
-401.958
 31
0.0
  0
LINE
  5
EDC
330
17
100
AcDbEntity
  8
0
100
AcDbLine
 10
386.35
 20
-401.7
 30
0.0
 11
386.307
 21
-401.732
 31
0.0
  0
LINE
  5
EDD
330
17
100
AcDbEntity
  8
0
100
AcDbLine
 10
386.713
 20
-401.434
 30
0.0
 11
386.35
 21
-401.7
 31
0.0
  0
LINE
  5
EDE
330
17
100
AcDbEntity
  8
0
100
AcDbLine
 10
386.713
 20
-401.434
 30
0.0
 11
386.98
 21
-401.238
 31
0.0
  0
LINE
  5
EDF
330
17
100
AcDbEntity
  8
0
100
AcDbLine
 10
387.397
 20
-400.933
 30
0.0
 11
386.98
 21
-401.238
 31
0.0
  0
LINE
  5
EE0
330
17
100
AcDbEntity
  8
0
100
AcDbLine
 10
387.119
 20
-401.136
 30
0.0
 11
387.397
 21
-400.933
 31
0.0
  0
LINE
  5
EE1
330
17
100
AcDbEntity
  8
0
100
AcDbLine
 10
386.916
 20
-401.285
 30
0.0
 11
387.119
 21
-401.136
 31
0.0
  0
LINE
  5
EE2
330
17
100
AcDbEntity
  8
0
100
AcDbLine
 10
386.916
 20
-401.285
 30
0.0
 11
386.937
 21
-401.269
 31
0.0
  0
LINE
  5
EE3
330
17
100
AcDbEntity
  8
0
100
AcDbLine
 10
387.151
 20
-401.113
 30
0.0
 11
386.937
 21
-401.269
 31
0.0
  0
LINE
  5
EE4
330
17
100
AcDbEntity
  8
0
100
AcDbLine
 10
387.151
 20
-401.113
 30
0.0
 11
387.151
 21
-401.113
 31
0.0
  0
LINE
  5
EE5
330
17
100
AcDbEntity
  8
0
100
AcDbLine
 10
387.856
 20
-400.596
 30
0.0
 11
387.151
 21
-401.113
 31
0.0
  0
LINE
  5
EE6
330
17
100
AcDbEntity
  8
0
100
AcDbLine
 10
387.856
 20
-400.596
 30
0.0
 11
388.08
 21
-400.431
 31
0.0
  0
LINE
  5
EE7
330
17
100
AcDbEntity
  8
0
100
AcDbLine
 10
388.283
 20
-400.283
 30
0.0
 11
388.08
 21
-400.431
 31
0.0
  0
LINE
  5
EE8
330
17
100
AcDbEntity
  8
0
100
AcDbLine
 10
388.294
 20
-400.275
 30
0.0
 11
388.283
 21
-400.283
 31
0.0
  0
LINE
  5
EE9
330
17
100
AcDbEntity
  8
0
100
AcDbLine
 10
388.294
 20
-400.275
 30
0.0
 11
388.39
 21
-400.204
 31
0.0
  0
LINE
  5
EEA
330
17
100
AcDbEntity
  8
0
100
AcDbLine
 10
388.775
 20
-399.922
 30
0.0
 11
388.39
 21
-400.204
 31
0.0
  0
LINE
  5
EEB
330
17
100
AcDbEntity
  8
0
100
AcDbLine
 10
388.978
 20
-399.774
 30
0.0
 11
388.775
 21
-399.922
 31
0.0
  0
LINE
  5
EEC
330
17
100
AcDbEntity
  8
0
100
AcDbLine
 10
388.978
 20
-399.774
 30
0.0
 11
389.116
 21
-399.672
 31
0.0
  0
LINE
  5
EED
330
17
100
AcDbEntity
  8
0
100
AcDbLine
 10
389.384
 20
-399.476
 30
0.0
 11
389.116
 21
-399.672
 31
0.0
  0
LINE
  5
EEE
330
17
100
AcDbEntity
  8
0
100
AcDbLine
 10
389.608
 20
-399.312
 30
0.0
 11
389.384
 21
-399.476
 31
0.0
  0
LINE
  5
EEF
330
17
100
AcDbEntity
  8
0
100
AcDbLine
 10
389.608
 20
-399.312
 30
0.0
 11
389.864
 21
-399.124
 31
0.0
  0
LINE
  5
EF0
330
17
100
AcDbEntity
  8
0
100
AcDbLine
 10
389.864
 20
-399.124
 30
0.0
 11
389.96
 21
-399.053
 31
0.0
  0
LINE
  5
EF1
330
17
100
AcDbEntity
  8
0
100
AcDbLine
 10
390.494
 20
-398.662
 30
0.0
 11
389.96
 21
-399.053
 31
0.0
  0
LINE
  5
EF2
330
17
100
AcDbEntity
  8
0
100
AcDbLine
 10
390.494
 20
-398.662
 30
0.0
 11
390.708
 21
-398.505
 31
0.0
  0
LINE
  5
EF3
330
17
100
AcDbEntity
  8
0
100
AcDbLine
 10
391.06
 20
-398.247
 30
0.0
 11
390.708
 21
-398.505
 31
0.0
  0
LINE
  5
EF4
330
17
100
AcDbEntity
  8
0
100
AcDbLine
 10
391.103
 20
-398.215
 30
0.0
 11
391.06
 21
-398.247
 31
0.0
  0
LINE
  5
EF5
330
17
100
AcDbEntity
  8
0
100
AcDbLine
 10
391.103
 20
-398.215
 30
0.0
 11
391.103
 21
-398.215
 31
0.0
  0
LINE
  5
EF6
330
17
100
AcDbEntity
  8
0
100
AcDbLine
 10
391.103
 20
-398.215
 30
0.0
 11
391.517
 21
-397.912
 31
0.0
  0
LINE
  5
EF7
330
17
100
AcDbEntity
  8
0
100
AcDbLine
 10
391.517
 20
-397.912
 30
0.0
 11
391.517
 21
-397.912
 31
0.0
  0
LINE
  5
EF8
330
17
100
AcDbEntity
  8
0
100
AcDbLine
 10
391.517
 20
-397.912
 30
0.0
 11
391.481
 21
-397.939
 31
0.0
  0
LINE
  5
EF9
330
17
100
AcDbEntity
  8
0
100
AcDbLine
 10
391.481
 20
-397.939
 30
0.0
 11
391.429
 21
-397.977
 31
0.0
  0
LINE
  5
EFA
330
17
100
AcDbEntity
  8
0
100
AcDbLine
 10
391.429
 20
-397.977
 30
0.0
 11
391.451
 21
-397.96
 31
0.0
  0
LINE
  5
EFB
330
17
100
AcDbEntity
  8
0
100
AcDbLine
 10
391.451
 20
-397.96
 30
0.0
 11
391.666
 21
-397.803
 31
0.0
  0
LINE
  5
EFC
330
17
100
AcDbEntity
  8
0
100
AcDbLine
 10
392.156
 20
-397.444
 30
0.0
 11
391.666
 21
-397.803
 31
0.0
  0
LINE
  5
EFD
330
17
100
AcDbEntity
  8
0
100
AcDbLine
 10
392.156
 20
-397.444
 30
0.0
 11
392.453
 21
-397.226
 31
0.0
  0
LINE
  5
EFE
330
17
100
AcDbEntity
  8
0
100
AcDbLine
 10
392.586
 20
-397.128
 30
0.0
 11
392.453
 21
-397.226
 31
0.0
  0
LINE
  5
EFF
330
17
100
AcDbEntity
  8
0
100
AcDbLine
 10
393.15
 20
-396.715
 30
0.0
 11
392.586
 21
-397.128
 31
0.0
  0
LINE
  5
F00
330
17
100
AcDbEntity
  8
0
100
AcDbLine
 10
394.003
 20
-396.09
 30
0.0
 11
393.15
 21
-396.715
 31
0.0
  0
LINE
  5
F01
330
17
100
AcDbEntity
  8
0
100
AcDbLine
 10
394.003
 20
-396.09
 30
0.0
 11
393.706
 21
-396.307
 31
0.0
  0
LINE
  5
F02
330
17
100
AcDbEntity
  8
0
100
AcDbLine
 10
393.706
 20
-396.307
 30
0.0
 11
393.899
 21
-396.166
 31
0.0
  0
LINE
  5
F03
330
17
100
AcDbEntity
  8
0
100
AcDbLine
 10
394.211
 20
-395.937
 30
0.0
 11
393.899
 21
-396.166
 31
0.0
  0
LINE
  5
F04
330
17
100
AcDbEntity
  8
0
100
AcDbLine
 10
394.211
 20
-395.937
 30
0.0
 11
394.581
 21
-395.666
 31
0.0
  0
LINE
  5
F05
330
17
100
AcDbEntity
  8
0
100
AcDbLine
 10
394.841
 20
-395.475
 30
0.0
 11
394.581
 21
-395.666
 31
0.0
  0
LINE
  5
F06
330
17
100
AcDbEntity
  8
0
100
AcDbLine
 10
394.841
 20
-395.475
 30
0.0
 11
395.019
 21
-395.345
 31
0.0
  0
LINE
  5
F07
330
17
100
AcDbEntity
  8
0
100
AcDbLine
 10
395.464
 20
-395.019
 30
0.0
 11
395.019
 21
-395.345
 31
0.0
  0
LINE
  5
F08
330
17
100
AcDbEntity
  8
0
100
AcDbLine
 10
395.657
 20
-394.877
 30
0.0
 11
395.464
 21
-395.019
 31
0.0
  0
LINE
  5
F09
330
17
100
AcDbEntity
  8
0
100
AcDbLine
 10
395.657
 20
-394.877
 30
0.0
 11
395.892
 21
-394.705
 31
0.0
  0
LINE
  5
F0A
330
17
100
AcDbEntity
  8
0
100
AcDbLine
 10
395.892
 20
-394.705
 30
0.0
 11
395.742
 21
-394.814
 31
0.0
  0
LINE
  5
F0B
330
17
100
AcDbEntity
  8
0
100
AcDbLine
 10
396.298
 20
-394.407
 30
0.0
 11
395.742
 21
-394.814
 31
0.0
  0
LINE
  5
F0C
330
17
100
AcDbEntity
  8
0
100
AcDbLine
 10
396.314
 20
-394.396
 30
0.0
 11
396.298
 21
-394.407
 31
0.0
  0
LINE
  5
F0D
330
17
100
AcDbEntity
  8
0
100
AcDbLine
 10
396.314
 20
-394.396
 30
0.0
 11
396.052
 21
-394.587
 31
0.0
  0
LINE
  5
F0E
330
17
100
AcDbEntity
  8
0
100
AcDbLine
 10
396.052
 20
-394.587
 30
0.0
 11
396.02
 21
-394.611
 31
0.0
  0
LINE
  5
F0F
330
17
100
AcDbEntity
  8
0
100
AcDbLine
 10
396.314
 20
-394.396
 30
0.0
 11
396.02
 21
-394.611
 31
0.0
  0
LINE
  5
F10
330
17
100
AcDbEntity
  8
0
100
AcDbLine
 10
396.466
 20
-394.284
 30
0.0
 11
396.586
 21
-394.196
 31
0.0
  0
LINE
  5
F11
330
17
100
AcDbEntity
  8
0
100
AcDbLine
 10
396.586
 20
-394.196
 30
0.0
 11
396.586
 21
-394.196
 31
0.0
  0
LINE
  5
F12
330
17
100
AcDbEntity
  8
0
100
AcDbLine
 10
396.586
 20
-394.196
 30
0.0
 11
396.466
 21
-394.284
 31
0.0
  0
LINE
  5
F13
330
17
100
AcDbEntity
  8
0
100
AcDbLine
 10
396.314
 20
-394.396
 30
0.0
 11
396.266
 21
-394.431
 31
0.0
  0
LINE
  5
F14
330
17
100
AcDbEntity
  8
0
100
AcDbLine
 10
396.266
 20
-394.431
 30
0.0
 11
396.314
 21
-394.396
 31
0.0
  0
LINE
  5
F15
330
17
100
AcDbEntity
  8
0
100
AcDbLine
 10
396.466
 20
-394.284
 30
0.0
 11
396.65
 21
-394.149
 31
0.0
  0
LINE
  5
F16
330
17
100
AcDbEntity
  8
0
100
AcDbLine
 10
396.618
 20
-394.172
 30
0.0
 11
396.65
 21
-394.149
 31
0.0
  0
LINE
  5
F17
330
17
100
AcDbEntity
  8
0
100
AcDbLine
 10
396.116
 20
-394.54
 30
0.0
 11
396.314
 21
-394.396
 31
0.0
  0
LINE
  5
F18
330
17
100
AcDbEntity
  8
0
100
AcDbLine
 10
396.466
 20
-394.284
 30
0.0
 11
396.618
 21
-394.172
 31
0.0
  0
LINE
  5
F19
330
17
100
AcDbEntity
  8
0
100
AcDbLine
 10
396.116
 20
-394.54
 30
0.0
 11
395.507
 21
-394.987
 31
0.0
  0
LINE
  5
F1A
330
17
100
AcDbEntity
  8
0
100
AcDbLine
 10
395.507
 20
-394.987
 30
0.0
 11
395.443
 21
-395.034
 31
0.0
  0
LINE
  5
F1B
330
17
100
AcDbEntity
  8
0
100
AcDbLine
 10
395.86
 20
-394.728
 30
0.0
 11
395.443
 21
-395.034
 31
0.0
  0
LINE
  5
F1C
330
17
100
AcDbEntity
  8
0
100
AcDbLine
 10
395.86
 20
-394.728
 30
0.0
 11
396.052
 21
-394.587
 31
0.0
  0
LINE
  5
F1D
330
17
100
AcDbEntity
  8
0
100
AcDbLine
 10
396.052
 20
-394.587
 30
0.0
 11
395.625
 21
-394.901
 31
0.0
  0
LINE
  5
F1E
330
17
100
AcDbEntity
  8
0
100
AcDbLine
 10
395.646
 20
-394.885
 30
0.0
 11
395.625
 21
-394.901
 31
0.0
  0
LINE
  5
F1F
330
17
100
AcDbEntity
  8
0
100
AcDbLine
 10
395.123
 20
-395.269
 30
0.0
 11
395.646
 21
-394.885
 31
0.0
  0
LINE
  5
F20
330
17
100
AcDbEntity
  8
0
100
AcDbLine
 10
394.45
 20
-395.762
 30
0.0
 11
395.123
 21
-395.269
 31
0.0
  0
LINE
  5
F21
330
17
100
AcDbEntity
  8
0
100
AcDbLine
 10
394.45
 20
-395.762
 30
0.0
 11
394.012
 21
-396.083
 31
0.0
  0
LINE
  5
F22
330
17
100
AcDbEntity
  8
0
100
AcDbLine
 10
394.012
 20
-396.083
 30
0.0
 11
393.916
 21
-396.153
 31
0.0
  0
LINE
  5
F23
330
17
100
AcDbEntity
  8
0
100
AcDbLine
 10
393.489
 20
-396.467
 30
0.0
 11
393.916
 21
-396.153
 31
0.0
  0
LINE
  5
F24
330
17
100
AcDbEntity
  8
0
100
AcDbLine
 10
393.339
 20
-396.576
 30
0.0
 11
393.489
 21
-396.467
 31
0.0
  0
LINE
  5
F25
330
17
100
AcDbEntity
  8
0
100
AcDbLine
 10
393.339
 20
-396.576
 30
0.0
 11
392.816
 21
-396.96
 31
0.0
  0
LINE
  5
F26
330
17
100
AcDbEntity
  8
0
100
AcDbLine
 10
392.816
 20
-396.96
 30
0.0
 11
392.901
 21
-396.897
 31
0.0
  0
LINE
  5
F27
330
17
100
AcDbEntity
  8
0
100
AcDbLine
 10
392.121
 20
-397.469
 30
0.0
 11
392.901
 21
-396.897
 31
0.0
  0
LINE
  5
F28
330
17
100
AcDbEntity
  8
0
100
AcDbLine
 10
392.121
 20
-397.469
 30
0.0
 11
391.897
 21
-397.633
 31
0.0
  0
LINE
  5
F29
330
17
100
AcDbEntity
  8
0
100
AcDbLine
 10
391.897
 20
-397.633
 30
0.0
 11
391.555
 21
-397.884
 31
0.0
  0
LINE
  5
F2A
330
17
100
AcDbEntity
  8
0
100
AcDbLine
 10
390.947
 20
-398.33
 30
0.0
 11
391.555
 21
-397.884
 31
0.0
  0
LINE
  5
F2B
330
17
100
AcDbEntity
  8
0
100
AcDbLine
 10
390.947
 20
-398.33
 30
0.0
 11
390.925
 21
-398.346
 31
0.0
  0
LINE
  5
F2C
330
17
100
AcDbEntity
  8
0
100
AcDbLine
 10
390.551
 20
-398.62
 30
0.0
 11
390.925
 21
-398.346
 31
0.0
  0
LINE
  5
F2D
330
17
100
AcDbEntity
  8
0
100
AcDbLine
 10
390.551
 20
-398.62
 30
0.0
 11
390.039
 21
-398.996
 31
0.0
  0
LINE
  5
F2E
330
17
100
AcDbEntity
  8
0
100
AcDbLine
 10
390.039
 20
-398.996
 30
0.0
 11
389.522
 21
-399.374
 31
0.0
  0
LINE
  5
F2F
330
17
100
AcDbEntity
  8
0
100
AcDbLine
 10
389.353
 20
-399.498
 30
0.0
 11
389.522
 21
-399.374
 31
0.0
  0
LINE
  5
F30
330
17
100
AcDbEntity
  8
0
100
AcDbLine
 10
388.89
 20
-399.838
 30
0.0
 11
389.353
 21
-399.498
 31
0.0
  0
LINE
  5
F31
330
17
100
AcDbEntity
  8
0
100
AcDbLine
 10
388.81
 20
-399.896
 30
0.0
 11
388.89
 21
-399.838
 31
0.0
  0
LINE
  5
F32
330
17
100
AcDbEntity
  8
0
100
AcDbLine
 10
388.917
 20
-399.818
 30
0.0
 11
388.81
 21
-399.896
 31
0.0
  0
LINE
  5
F33
330
17
100
AcDbEntity
  8
0
100
AcDbLine
 10
388.917
 20
-399.818
 30
0.0
 11
389.024
 21
-399.74
 31
0.0
  0
LINE
  5
F34
330
17
100
AcDbEntity
  8
0
100
AcDbLine
 10
388.873
 20
-399.851
 30
0.0
 11
389.024
 21
-399.74
 31
0.0
  0
LINE
  5
F35
330
17
100
AcDbEntity
  8
0
100
AcDbLine
 10
388.873
 20
-399.851
 30
0.0
 11
388.65
 21
-400.014
 31
0.0
  0
LINE
  5
F36
330
17
100
AcDbEntity
  8
0
100
AcDbLine
 10
388.65
 20
-400.014
 30
0.0
 11
388.436
 21
-400.17
 31
0.0
  0
LINE
  5
F37
330
17
100
AcDbEntity
  8
0
100
AcDbLine
 10
388.436
 20
-400.17
 30
0.0
 11
388.125
 21
-400.399
 31
0.0
  0
LINE
  5
F38
330
17
100
AcDbEntity
  8
0
100
AcDbLine
 10
387.822
 20
-400.621
 30
0.0
 11
388.125
 21
-400.399
 31
0.0
  0
LINE
  5
F39
330
17
100
AcDbEntity
  8
0
100
AcDbLine
 10
387.822
 20
-400.621
 30
0.0
 11
388.0
 21
-400.49
 31
0.0
  0
LINE
  5
F3A
330
17
100
AcDbEntity
  8
0
100
AcDbLine
 10
396.605
 20
-394.473
 30
0.0
 11
397.281
 21
-393.633
 31
0.0
  0
LINE
  5
F3B
330
17
100
AcDbEntity
  8
0
100
AcDbLine
 10
396.024
 20
-395.586
 30
0.0
 11
396.605
 21
-394.473
 31
0.0
  0
LINE
  5
F3C
330
17
100
AcDbEntity
  8
0
100
AcDbLine
 10
395.671
 20
-396.79
 30
0.0
 11
396.024
 21
-395.586
 31
0.0
  0
LINE
  5
F3D
330
17
100
AcDbEntity
  8
0
100
AcDbLine
 10
395.56
 20
-398.04
 30
0.0
 11
395.671
 21
-396.79
 31
0.0
  0
LINE
  5
F3E
330
17
100
AcDbEntity
  8
0
100
AcDbLine
 10
395.695
 20
-399.288
 30
0.0
 11
395.56
 21
-398.04
 31
0.0
  0
LINE
  5
F3F
330
17
100
AcDbEntity
  8
0
100
AcDbLine
 10
396.07
 20
-400.485
 30
0.0
 11
395.695
 21
-399.288
 31
0.0
  0
LINE
  5
F40
330
17
100
AcDbEntity
  8
0
100
AcDbLine
 10
396.673
 20
-401.586
 30
0.0
 11
396.07
 21
-400.485
 31
0.0
  0
LINE
  5
F41
330
17
100
AcDbEntity
  8
0
100
AcDbLine
 10
397.281
 20
-402.313
 30
0.0
 11
396.673
 21
-401.586
 31
0.0
  0
LINE
  5
F42
330
17
100
AcDbEntity
  8
0
100
AcDbLine
 10
397.281
 20
-402.02
 30
0.0
 11
396.829
 21
-401.479
 31
0.0
  0
LINE
  5
F43
330
17
100
AcDbEntity
  8
0
100
AcDbLine
 10
396.829
 20
-401.479
 30
0.0
 11
396.245
 21
-400.411
 31
0.0
  0
LINE
  5
F44
330
17
100
AcDbEntity
  8
0
100
AcDbLine
 10
396.245
 20
-400.411
 30
0.0
 11
395.88
 21
-399.249
 31
0.0
  0
LINE
  5
F45
330
17
100
AcDbEntity
  8
0
100
AcDbLine
 10
395.88
 20
-399.249
 30
0.0
 11
395.749
 21
-398.038
 31
0.0
  0
LINE
  5
F46
330
17
100
AcDbEntity
  8
0
100
AcDbLine
 10
395.749
 20
-398.038
 30
0.0
 11
395.857
 21
-396.825
 31
0.0
  0
LINE
  5
F47
330
17
100
AcDbEntity
  8
0
100
AcDbLine
 10
395.857
 20
-396.825
 30
0.0
 11
396.199
 21
-395.656
 31
0.0
  0
LINE
  5
F48
330
17
100
AcDbEntity
  8
0
100
AcDbLine
 10
396.199
 20
-395.656
 30
0.0
 11
396.763
 21
-394.577
 31
0.0
  0
LINE
  5
F49
330
17
100
AcDbEntity
  8
0
100
AcDbLine
 10
396.763
 20
-394.577
 30
0.0
 11
397.281
 21
-393.933
 31
0.0
  0
LINE
  5
F4A
330
17
100
AcDbEntity
  8
0
100
AcDbLine
 10
397.164
 20
-397.16
 30
0.0
 11
397.281
 21
-397.182
 31
0.0
  0
LINE
  5
F4B
330
17
100
AcDbEntity
  8
0
100
AcDbLine
 10
396.807
 20
-397.093
 30
0.0
 11
397.164
 21
-397.16
 31
0.0
  0
LINE
  5
F4C
330
17
100
AcDbEntity
  8
0
100
AcDbLine
 10
396.525
 20
-397.039
 30
0.0
 11
396.807
 21
-397.093
 31
0.0
  0
LINE
  5
F4D
330
17
100
AcDbEntity
  8
0
100
AcDbLine
 10
396.579
 20
-397.05
 30
0.0
 11
396.525
 21
-397.039
 31
0.0
  0
LINE
  5
F4E
330
17
100
AcDbEntity
  8
0
100
AcDbLine
 10
396.579
 20
-397.05
 30
0.0
 11
396.817
 21
-397.095
 31
0.0
  0
LINE
  5
F4F
330
17
100
AcDbEntity
  8
0
100
AcDbLine
 10
396.514
 20
-397.037
 30
0.0
 11
396.817
 21
-397.095
 31
0.0
  0
LINE
  5
F50
330
17
100
AcDbEntity
  8
0
100
AcDbLine
 10
396.514
 20
-397.037
 30
0.0
 11
396.568
 21
-397.048
 31
0.0
  0
LINE
  5
F51
330
17
100
AcDbEntity
  8
0
100
AcDbLine
 10
396.438
 20
-397.023
 30
0.0
 11
396.568
 21
-397.048
 31
0.0
  0
LINE
  5
F52
330
17
100
AcDbEntity
  8
0
100
AcDbLine
 10
396.438
 20
-397.023
 30
0.0
 11
396.362
 21
-397.009
 31
0.0
  0
LINE
  5
F53
330
17
100
AcDbEntity
  8
0
100
AcDbLine
 10
396.112
 20
-396.962
 30
0.0
 11
396.362
 21
-397.009
 31
0.0
  0
LINE
  5
F54
330
17
100
AcDbEntity
  8
0
100
AcDbLine
 10
396.112
 20
-396.962
 30
0.0
 11
395.928
 21
-396.927
 31
0.0
  0
LINE
  5
F55
330
17
100
AcDbEntity
  8
0
100
AcDbLine
 10
395.928
 20
-396.927
 30
0.0
 11
395.668
 21
-396.878
 31
0.0
  0
LINE
  5
F56
330
17
100
AcDbEntity
  8
0
100
AcDbLine
 10
395.212
 20
-396.791
 30
0.0
 11
395.668
 21
-396.878
 31
0.0
  0
LINE
  5
F57
330
17
100
AcDbEntity
  8
0
100
AcDbLine
 10
395.16
 20
-396.782
 30
0.0
 11
395.212
 21
-396.791
 31
0.0
  0
LINE
  5
F58
330
17
100
AcDbEntity
  8
0
100
AcDbLine
 10
395.082
 20
-396.767
 30
0.0
 11
395.16
 21
-396.782
 31
0.0
  0
LINE
  5
F59
330
17
100
AcDbEntity
  8
0
100
AcDbLine
 10
395.082
 20
-396.767
 30
0.0
 11
395.199
 21
-396.789
 31
0.0
  0
LINE
  5
F5A
330
17
100
AcDbEntity
  8
0
100
AcDbLine
 10
395.225
 20
-396.794
 30
0.0
 11
395.199
 21
-396.789
 31
0.0
  0
LINE
  5
F5B
330
17
100
AcDbEntity
  8
0
100
AcDbLine
 10
395.225
 20
-396.794
 30
0.0
 11
395.473
 21
-396.841
 31
0.0
  0
LINE
  5
F5C
330
17
100
AcDbEntity
  8
0
100
AcDbLine
 10
395.663
 20
-396.877
 30
0.0
 11
395.473
 21
-396.841
 31
0.0
  0
LINE
  5
F5D
330
17
100
AcDbEntity
  8
0
100
AcDbLine
 10
395.902
 20
-396.922
 30
0.0
 11
395.849
 21
-396.912
 31
0.0
  0
LINE
  5
F5E
330
17
100
AcDbEntity
  8
0
100
AcDbLine
 10
396.345
 20
-397.005
 30
0.0
 11
395.902
 21
-396.922
 31
0.0
  0
LINE
  5
F5F
330
17
100
AcDbEntity
  8
0
100
AcDbLine
 10
396.345
 20
-397.005
 30
0.0
 11
396.67
 21
-397.067
 31
0.0
  0
LINE
  5
F60
330
17
100
AcDbEntity
  8
0
100
AcDbLine
 10
397.177
 20
-397.163
 30
0.0
 11
396.67
 21
-397.067
 31
0.0
  0
LINE
  5
F61
330
17
100
AcDbEntity
  8
0
100
AcDbLine
 10
396.839
 20
-397.099
 30
0.0
 11
397.177
 21
-397.163
 31
0.0
  0
LINE
  5
F62
330
17
100
AcDbEntity
  8
0
100
AcDbLine
 10
396.592
 20
-397.052
 30
0.0
 11
396.839
 21
-397.099
 31
0.0
  0
LINE
  5
F63
330
17
100
AcDbEntity
  8
0
100
AcDbLine
 10
396.592
 20
-397.052
 30
0.0
 11
396.618
 21
-397.057
 31
0.0
  0
LINE
  5
F64
330
17
100
AcDbEntity
  8
0
100
AcDbLine
 10
396.878
 20
-397.106
 30
0.0
 11
396.618
 21
-397.057
 31
0.0
  0
LINE
  5
F65
330
17
100
AcDbEntity
  8
0
100
AcDbLine
 10
396.878
 20
-397.106
 30
0.0
 11
396.878
 21
-397.106
 31
0.0
  0
LINE
  5
F66
330
17
100
AcDbEntity
  8
0
100
AcDbLine
 10
397.281
 20
-397.182
 30
0.0
 11
396.878
 21
-397.106
 31
0.0
  0
LINE
  5
F67
330
17
100
AcDbEntity
  8
0
100
AcDbLine
 10
169.255
 20
-228.114
 30
0.0
 11
170.255
 21
-228.114
 31
0.0
  0
LINE
  5
F68
330
17
100
AcDbEntity
  8
0
100
AcDbLine
 10
169.255
 20
-284.946
 30
0.0
 11
170.255
 21
-284.946
 31
0.0
  0
LINE
  5
F69
330
17
100
AcDbEntity
  8
0
100
AcDbLine
 10
170.255
 20
-284.946
 30
0.0
 11
170.255
 21
-228.114
 31
0.0
  0
LINE
  5
F6A
330
17
100
AcDbEntity
  8
0
100
AcDbLine
 10
169.255
 20
-284.946
 30
0.0
 11
169.255
 21
-228.114
 31
0.0
  0
LINE
  5
F6B
330
17
100
AcDbEntity
  8
0
100
AcDbLine
 10
208.521
 20
-228.114
 30
0.0
 11
209.521
 21
-228.114
 31
0.0
  0
LINE
  5
F6C
330
17
100
AcDbEntity
  8
0
100
AcDbLine
 10
208.521
 20
-284.946
 30
0.0
 11
209.521
 21
-284.946
 31
0.0
  0
LINE
  5
F6D
330
17
100
AcDbEntity
  8
0
100
AcDbLine
 10
209.521
 20
-284.946
 30
0.0
 11
209.521
 21
-228.114
 31
0.0
  0
LINE
  5
F6E
330
17
100
AcDbEntity
  8
0
100
AcDbLine
 10
208.521
 20
-284.946
 30
0.0
 11
208.521
 21
-232.083
 31
0.0
  0
LINE
  5
F6F
330
17
100
AcDbEntity
  8
0
100
AcDbLine
 10
208.521
 20
-231.083
 30
0.0
 11
208.521
 21
-229.146
 31
0.0
  0
LINE
  5
F70
330
17
100
AcDbEntity
  8
0
100
AcDbLine
 10
208.521
 20
-228.146
 30
0.0
 11
208.521
 21
-228.114
 31
0.0
  0
LINE
  5
F71
330
17
100
AcDbEntity
  8
0
100
AcDbLine
 10
208.521
 20
-283.946
 30
0.0
 11
208.521
 21
-284.946
 31
0.0
  0
LINE
  5
F72
330
17
100
AcDbEntity
  8
0
100
AcDbLine
 10
170.255
 20
-283.946
 30
0.0
 11
170.255
 21
-284.946
 31
0.0
  0
LINE
  5
F73
330
17
100
AcDbEntity
  8
0
100
AcDbLine
 10
170.255
 20
-284.946
 30
0.0
 11
208.521
 21
-284.946
 31
0.0
  0
LINE
  5
F74
330
17
100
AcDbEntity
  8
0
100
AcDbLine
 10
170.255
 20
-283.946
 30
0.0
 11
208.521
 21
-283.946
 31
0.0
  0
LINE
  5
F75
330
17
100
AcDbEntity
  8
0
100
AcDbLine
 10
208.521
 20
-281.009
 30
0.0
 11
208.521
 21
-282.009
 31
0.0
  0
LINE
  5
F76
330
17
100
AcDbEntity
  8
0
100
AcDbLine
 10
170.255
 20
-281.009
 30
0.0
 11
170.255
 21
-282.009
 31
0.0
  0
LINE
  5
F77
330
17
100
AcDbEntity
  8
0
100
AcDbLine
 10
170.255
 20
-282.009
 30
0.0
 11
208.521
 21
-282.009
 31
0.0
  0
LINE
  5
F78
330
17
100
AcDbEntity
  8
0
100
AcDbLine
 10
170.255
 20
-281.009
 30
0.0
 11
208.521
 21
-281.009
 31
0.0
  0
LINE
  5
F79
330
17
100
AcDbEntity
  8
0
100
AcDbLine
 10
208.521
 20
-278.072
 30
0.0
 11
208.521
 21
-279.072
 31
0.0
  0
LINE
  5
F7A
330
17
100
AcDbEntity
  8
0
100
AcDbLine
 10
170.255
 20
-278.072
 30
0.0
 11
170.255
 21
-279.072
 31
0.0
  0
LINE
  5
F7B
330
17
100
AcDbEntity
  8
0
100
AcDbLine
 10
170.255
 20
-279.072
 30
0.0
 11
208.521
 21
-279.072
 31
0.0
  0
LINE
  5
F7C
330
17
100
AcDbEntity
  8
0
100
AcDbLine
 10
170.255
 20
-278.072
 30
0.0
 11
208.521
 21
-278.072
 31
0.0
  0
LINE
  5
F7D
330
17
100
AcDbEntity
  8
0
100
AcDbLine
 10
208.521
 20
-275.135
 30
0.0
 11
208.521
 21
-276.135
 31
0.0
  0
LINE
  5
F7E
330
17
100
AcDbEntity
  8
0
100
AcDbLine
 10
170.255
 20
-275.135
 30
0.0
 11
170.255
 21
-276.135
 31
0.0
  0
LINE
  5
F7F
330
17
100
AcDbEntity
  8
0
100
AcDbLine
 10
170.255
 20
-276.135
 30
0.0
 11
208.521
 21
-276.135
 31
0.0
  0
LINE
  5
F80
330
17
100
AcDbEntity
  8
0
100
AcDbLine
 10
170.255
 20
-275.135
 30
0.0
 11
208.521
 21
-275.135
 31
0.0
  0
LINE
  5
F81
330
17
100
AcDbEntity
  8
0
100
AcDbLine
 10
208.521
 20
-272.199
 30
0.0
 11
208.521
 21
-273.199
 31
0.0
  0
LINE
  5
F82
330
17
100
AcDbEntity
  8
0
100
AcDbLine
 10
170.255
 20
-272.199
 30
0.0
 11
170.255
 21
-273.199
 31
0.0
  0
LINE
  5
F83
330
17
100
AcDbEntity
  8
0
100
AcDbLine
 10
170.255
 20
-273.199
 30
0.0
 11
208.521
 21
-273.199
 31
0.0
  0
LINE
  5
F84
330
17
100
AcDbEntity
  8
0
100
AcDbLine
 10
170.255
 20
-272.199
 30
0.0
 11
208.521
 21
-272.199
 31
0.0
  0
LINE
  5
F85
330
17
100
AcDbEntity
  8
0
100
AcDbLine
 10
208.521
 20
-269.262
 30
0.0
 11
208.521
 21
-270.262
 31
0.0
  0
LINE
  5
F86
330
17
100
AcDbEntity
  8
0
100
AcDbLine
 10
170.255
 20
-269.262
 30
0.0
 11
170.255
 21
-270.262
 31
0.0
  0
LINE
  5
F87
330
17
100
AcDbEntity
  8
0
100
AcDbLine
 10
170.255
 20
-270.262
 30
0.0
 11
208.521
 21
-270.262
 31
0.0
  0
LINE
  5
F88
330
17
100
AcDbEntity
  8
0
100
AcDbLine
 10
170.255
 20
-269.262
 30
0.0
 11
208.521
 21
-269.262
 31
0.0
  0
LINE
  5
F89
330
17
100
AcDbEntity
  8
0
100
AcDbLine
 10
208.521
 20
-266.325
 30
0.0
 11
208.521
 21
-267.325
 31
0.0
  0
LINE
  5
F8A
330
17
100
AcDbEntity
  8
0
100
AcDbLine
 10
170.255
 20
-266.325
 30
0.0
 11
170.255
 21
-267.325
 31
0.0
  0
LINE
  5
F8B
330
17
100
AcDbEntity
  8
0
100
AcDbLine
 10
170.255
 20
-267.325
 30
0.0
 11
208.521
 21
-267.325
 31
0.0
  0
LINE
  5
F8C
330
17
100
AcDbEntity
  8
0
100
AcDbLine
 10
170.255
 20
-266.325
 30
0.0
 11
208.521
 21
-266.325
 31
0.0
  0
LINE
  5
F8D
330
17
100
AcDbEntity
  8
0
100
AcDbLine
 10
208.521
 20
-263.388
 30
0.0
 11
208.521
 21
-264.388
 31
0.0
  0
LINE
  5
F8E
330
17
100
AcDbEntity
  8
0
100
AcDbLine
 10
170.255
 20
-263.388
 30
0.0
 11
170.255
 21
-264.388
 31
0.0
  0
LINE
  5
F8F
330
17
100
AcDbEntity
  8
0
100
AcDbLine
 10
170.255
 20
-264.388
 30
0.0
 11
208.521
 21
-264.388
 31
0.0
  0
LINE
  5
F90
330
17
100
AcDbEntity
  8
0
100
AcDbLine
 10
170.255
 20
-263.388
 30
0.0
 11
208.521
 21
-263.388
 31
0.0
  0
LINE
  5
F91
330
17
100
AcDbEntity
  8
0
100
AcDbLine
 10
208.521
 20
-260.451
 30
0.0
 11
208.521
 21
-261.451
 31
0.0
  0
LINE
  5
F92
330
17
100
AcDbEntity
  8
0
100
AcDbLine
 10
170.255
 20
-260.451
 30
0.0
 11
170.255
 21
-261.451
 31
0.0
  0
LINE
  5
F93
330
17
100
AcDbEntity
  8
0
100
AcDbLine
 10
170.255
 20
-261.451
 30
0.0
 11
208.521
 21
-261.451
 31
0.0
  0
LINE
  5
F94
330
17
100
AcDbEntity
  8
0
100
AcDbLine
 10
170.255
 20
-260.451
 30
0.0
 11
208.521
 21
-260.451
 31
0.0
  0
LINE
  5
F95
330
17
100
AcDbEntity
  8
0
100
AcDbLine
 10
208.521
 20
-257.514
 30
0.0
 11
208.521
 21
-258.514
 31
0.0
  0
LINE
  5
F96
330
17
100
AcDbEntity
  8
0
100
AcDbLine
 10
170.255
 20
-257.514
 30
0.0
 11
170.255
 21
-258.514
 31
0.0
  0
LINE
  5
F97
330
17
100
AcDbEntity
  8
0
100
AcDbLine
 10
170.255
 20
-258.514
 30
0.0
 11
208.521
 21
-258.514
 31
0.0
  0
LINE
  5
F98
330
17
100
AcDbEntity
  8
0
100
AcDbLine
 10
170.255
 20
-257.514
 30
0.0
 11
208.521
 21
-257.514
 31
0.0
  0
LINE
  5
F99
330
17
100
AcDbEntity
  8
0
100
AcDbLine
 10
208.521
 20
-254.578
 30
0.0
 11
208.521
 21
-255.578
 31
0.0
  0
LINE
  5
F9A
330
17
100
AcDbEntity
  8
0
100
AcDbLine
 10
170.255
 20
-254.578
 30
0.0
 11
170.255
 21
-255.578
 31
0.0
  0
LINE
  5
F9B
330
17
100
AcDbEntity
  8
0
100
AcDbLine
 10
170.255
 20
-255.578
 30
0.0
 11
208.521
 21
-255.578
 31
0.0
  0
LINE
  5
F9C
330
17
100
AcDbEntity
  8
0
100
AcDbLine
 10
170.255
 20
-254.578
 30
0.0
 11
208.521
 21
-254.578
 31
0.0
  0
LINE
  5
F9D
330
17
100
AcDbEntity
  8
0
100
AcDbLine
 10
208.521
 20
-251.641
 30
0.0
 11
208.521
 21
-252.641
 31
0.0
  0
LINE
  5
F9E
330
17
100
AcDbEntity
  8
0
100
AcDbLine
 10
170.255
 20
-251.641
 30
0.0
 11
170.255
 21
-252.641
 31
0.0
  0
LINE
  5
F9F
330
17
100
AcDbEntity
  8
0
100
AcDbLine
 10
170.255
 20
-252.641
 30
0.0
 11
208.521
 21
-252.641
 31
0.0
  0
LINE
  5
FA0
330
17
100
AcDbEntity
  8
0
100
AcDbLine
 10
170.255
 20
-251.641
 30
0.0
 11
208.521
 21
-251.641
 31
0.0
  0
LINE
  5
FA1
330
17
100
AcDbEntity
  8
0
100
AcDbLine
 10
208.521
 20
-248.704
 30
0.0
 11
208.521
 21
-249.704
 31
0.0
  0
LINE
  5
FA2
330
17
100
AcDbEntity
  8
0
100
AcDbLine
 10
170.255
 20
-248.704
 30
0.0
 11
170.255
 21
-249.704
 31
0.0
  0
LINE
  5
FA3
330
17
100
AcDbEntity
  8
0
100
AcDbLine
 10
170.255
 20
-249.704
 30
0.0
 11
208.521
 21
-249.704
 31
0.0
  0
LINE
  5
FA4
330
17
100
AcDbEntity
  8
0
100
AcDbLine
 10
170.255
 20
-248.704
 30
0.0
 11
208.521
 21
-248.704
 31
0.0
  0
LINE
  5
FA5
330
17
100
AcDbEntity
  8
0
100
AcDbLine
 10
208.521
 20
-245.767
 30
0.0
 11
208.521
 21
-246.767
 31
0.0
  0
LINE
  5
FA6
330
17
100
AcDbEntity
  8
0
100
AcDbLine
 10
170.255
 20
-245.767
 30
0.0
 11
170.255
 21
-246.767
 31
0.0
  0
LINE
  5
FA7
330
17
100
AcDbEntity
  8
0
100
AcDbLine
 10
170.255
 20
-246.767
 30
0.0
 11
208.521
 21
-246.767
 31
0.0
  0
LINE
  5
FA8
330
17
100
AcDbEntity
  8
0
100
AcDbLine
 10
170.255
 20
-245.767
 30
0.0
 11
208.521
 21
-245.767
 31
0.0
  0
LINE
  5
FA9
330
17
100
AcDbEntity
  8
0
100
AcDbLine
 10
208.521
 20
-239.893
 30
0.0
 11
208.521
 21
-240.893
 31
0.0
  0
LINE
  5
FAA
330
17
100
AcDbEntity
  8
0
100
AcDbLine
 10
170.255
 20
-239.893
 30
0.0
 11
170.255
 21
-240.893
 31
0.0
  0
LINE
  5
FAB
330
17
100
AcDbEntity
  8
0
100
AcDbLine
 10
170.255
 20
-240.893
 30
0.0
 11
208.521
 21
-240.893
 31
0.0
  0
LINE
  5
FAC
330
17
100
AcDbEntity
  8
0
100
AcDbLine
 10
170.255
 20
-239.893
 30
0.0
 11
208.521
 21
-239.893
 31
0.0
  0
LINE
  5
FAD
330
17
100
AcDbEntity
  8
0
100
AcDbLine
 10
208.521
 20
-242.83
 30
0.0
 11
208.521
 21
-243.83
 31
0.0
  0
LINE
  5
FAE
330
17
100
AcDbEntity
  8
0
100
AcDbLine
 10
170.255
 20
-242.83
 30
0.0
 11
170.255
 21
-243.83
 31
0.0
  0
LINE
  5
FAF
330
17
100
AcDbEntity
  8
0
100
AcDbLine
 10
170.255
 20
-243.83
 30
0.0
 11
208.521
 21
-243.83
 31
0.0
  0
LINE
  5
FB0
330
17
100
AcDbEntity
  8
0
100
AcDbLine
 10
170.255
 20
-242.83
 30
0.0
 11
208.521
 21
-242.83
 31
0.0
  0
LINE
  5
FB1
330
17
100
AcDbEntity
  8
0
100
AcDbLine
 10
208.521
 20
-236.957
 30
0.0
 11
208.521
 21
-237.957
 31
0.0
  0
LINE
  5
FB2
330
17
100
AcDbEntity
  8
0
100
AcDbLine
 10
170.255
 20
-236.957
 30
0.0
 11
170.255
 21
-237.957
 31
0.0
  0
LINE
  5
FB3
330
17
100
AcDbEntity
  8
0
100
AcDbLine
 10
170.255
 20
-237.957
 30
0.0
 11
208.521
 21
-237.957
 31
0.0
  0
LINE
  5
FB4
330
17
100
AcDbEntity
  8
0
100
AcDbLine
 10
170.255
 20
-236.957
 30
0.0
 11
208.521
 21
-236.957
 31
0.0
  0
LINE
  5
FB5
330
17
100
AcDbEntity
  8
0
100
AcDbLine
 10
208.521
 20
-234.02
 30
0.0
 11
208.521
 21
-235.02
 31
0.0
  0
LINE
  5
FB6
330
17
100
AcDbEntity
  8
0
100
AcDbLine
 10
170.255
 20
-234.02
 30
0.0
 11
170.255
 21
-235.02
 31
0.0
  0
LINE
  5
FB7
330
17
100
AcDbEntity
  8
0
100
AcDbLine
 10
170.255
 20
-235.02
 30
0.0
 11
208.521
 21
-235.02
 31
0.0
  0
LINE
  5
FB8
330
17
100
AcDbEntity
  8
0
100
AcDbLine
 10
170.255
 20
-234.02
 30
0.0
 11
208.521
 21
-234.02
 31
0.0
  0
LINE
  5
FB9
330
17
100
AcDbEntity
  8
0
100
AcDbLine
 10
208.521
 20
-231.083
 30
0.0
 11
208.521
 21
-232.083
 31
0.0
  0
LINE
  5
FBA
330
17
100
AcDbEntity
  8
0
100
AcDbLine
 10
170.255
 20
-231.083
 30
0.0
 11
170.255
 21
-232.083
 31
0.0
  0
LINE
  5
FBB
330
17
100
AcDbEntity
  8
0
100
AcDbLine
 10
170.255
 20
-232.083
 30
0.0
 11
208.521
 21
-232.083
 31
0.0
  0
LINE
  5
FBC
330
17
100
AcDbEntity
  8
0
100
AcDbLine
 10
170.255
 20
-231.083
 30
0.0
 11
208.521
 21
-231.083
 31
0.0
  0
LINE
  5
FBD
330
17
100
AcDbEntity
  8
0
100
AcDbLine
 10
208.521
 20
-228.146
 30
0.0
 11
208.521
 21
-229.146
 31
0.0
  0
LINE
  5
FBE
330
17
100
AcDbEntity
  8
0
100
AcDbLine
 10
170.255
 20
-228.146
 30
0.0
 11
170.255
 21
-229.146
 31
0.0
  0
LINE
  5
FBF
330
17
100
AcDbEntity
  8
0
100
AcDbLine
 10
170.255
 20
-229.146
 30
0.0
 11
208.521
 21
-229.146
 31
0.0
  0
LINE
  5
FC0
330
17
100
AcDbEntity
  8
0
100
AcDbLine
 10
170.255
 20
-228.146
 30
0.0
 11
208.521
 21
-228.146
 31
0.0
  0
LINE
  5
FC1
330
17
100
AcDbEntity
  8
0
100
AcDbLine
 10
21.7312
 20
-32.8503
 30
0.0
 11
21.7312
 21
-32.8503
 31
0.0
  0
LINE
  5
FC2
330
17
100
AcDbEntity
  8
0
100
AcDbLine
 10
59.7005
 20
-32.8503
 30
0.0
 11
21.7312
 21
-32.8503
 31
0.0
  0
LINE
  5
FC3
330
17
100
AcDbEntity
  8
0
100
AcDbLine
 10
30.8001
 20
-309.233
 30
0.0
 11
30.8
 21
-548.822
 31
0.0
  0
LINE
  5
FC4
330
17
100
AcDbEntity
  8
0
100
AcDbLine
 10
30.8
 20
-548.822
 30
0.0
 11
31.9356
 21
-547.686
 31
0.0
  0
LINE
  5
FC5
330
17
100
AcDbEntity
  8
0
100
AcDbLine
 10
31.9357
 20
-309.233
 30
0.0
 11
31.9356
 21
-547.686
 31
0.0
  0
LINE
  5
FC6
330
17
100
AcDbEntity
  8
0
100
AcDbLine
 10
30.8001
 20
-309.233
 30
0.0
 11
31.9357
 21
-309.233
 31
0.0
  0
LINE
  5
FC7
330
17
100
AcDbEntity
  8
0
100
AcDbLine
 10
32.7926
 20
-546.829
 30
0.0
 11
34.4225
 21
-545.2
 31
0.0
  0
LINE
  5
FC8
330
17
100
AcDbEntity
  8
0
100
AcDbLine
 10
32.7926
 20
-309.233
 30
0.0
 11
34.4225
 21
-309.233
 31
0.0
  0
LINE
  5
FC9
330
17
100
AcDbEntity
  8
0
100
AcDbLine
 10
31.9356
 20
-547.686
 30
0.0
 11
32.7926
 21
-546.829
 31
0.0
  0
LINE
  5
FCA
330
17
100
AcDbEntity
  8
0
100
AcDbLine
 10
32.7926
 20
-309.233
 30
0.0
 11
32.7926
 21
-546.829
 31
0.0
  0
LINE
  5
FCB
330
17
100
AcDbEntity
  8
0
100
AcDbLine
 10
31.9357
 20
-309.233
 30
0.0
 11
32.7926
 21
-309.233
 31
0.0
  0
LINE
  5
FCC
330
17
100
AcDbEntity
  8
0
100
AcDbLine
 10
262.234
 20
-402.057
 30
0.0
 11
270.824
 21
-402.057
 31
0.0
  0
LINE
  5
FCD
330
17
100
AcDbEntity
  8
0
100
AcDbLine
 10
270.824
 20
-402.057
 30
0.0
 11
272.27
 21
-403.503
 31
0.0
  0
LINE
  5
FCE
330
17
100
AcDbEntity
  8
0
100
AcDbLine
 10
273.27
 20
-404.503
 30
0.0
 11
274.424
 21
-405.657
 31
0.0
  0
LINE
  5
FCF
330
17
100
AcDbEntity
  8
0
100
AcDbLine
 10
274.424
 20
-405.657
 30
0.0
 11
262.234
 21
-405.657
 31
0.0
  0
LINE
  5
FD0
330
17
100
AcDbEntity
  8
0
100
AcDbLine
 10
262.234
 20
-440.942
 30
0.0
 11
262.234
 21
-352.416
 31
0.0
  0
LINE
  5
FD1
330
17
100
AcDbEntity
  8
0
100
AcDbLine
 10
262.234
 20
-352.416
 30
0.0
 11
261.098
 21
-352.416
 31
0.0
  0
LINE
  5
FD2
330
17
100
AcDbEntity
  8
0
100
AcDbLine
 10
261.098
 20
-439.807
 30
0.0
 11
261.098
 21
-352.416
 31
0.0
  0
LINE
  5
FD3
330
17
100
AcDbEntity
  8
0
100
AcDbLine
 10
261.098
 20
-439.807
 30
0.0
 11
262.234
 21
-440.942
 31
0.0
  0
LINE
  5
FD4
330
17
100
AcDbEntity
  8
0
100
AcDbLine
 10
260.241
 20
-438.95
 30
0.0
 11
260.241
 21
-352.416
 31
0.0
  0
LINE
  5
FD5
330
17
100
AcDbEntity
  8
0
100
AcDbLine
 10
257.54
 20
-436.248
 30
0.0
 11
260.241
 21
-438.95
 31
0.0
  0
LINE
  5
FD6
330
17
100
AcDbEntity
  8
0
100
AcDbLine
 10
257.54
 20
-436.248
 30
0.0
 11
257.54
 21
-352.416
 31
0.0
  0
LINE
  5
FD7
330
17
100
AcDbEntity
  8
0
100
AcDbLine
 10
257.54
 20
-352.416
 30
0.0
 11
257.537
 21
-352.416
 31
0.0
  0
LINE
  5
FD8
330
17
100
AcDbEntity
  8
0
100
AcDbLine
 10
257.099
 20
-435.808
 30
0.0
 11
257.099
 21
-434.503
 31
0.0
  0
LINE
  5
FD9
330
17
100
AcDbEntity
  8
0
100
AcDbLine
 10
257.099
 20
-435.808
 30
0.0
 11
257.54
 21
-436.248
 31
0.0
  0
LINE
  5
FDA
330
17
100
AcDbEntity
  8
0
100
AcDbLine
 10
274.424
 20
-405.657
 30
0.0
 11
273.27
 21
-404.503
 31
0.0
  0
LINE
  5
FDB
330
17
100
AcDbEntity
  8
0
100
AcDbLine
 10
272.27
 20
-403.503
 30
0.0
 11
270.824
 21
-402.057
 31
0.0
  0
LINE
  5
FDC
330
17
100
AcDbEntity
  8
0
100
AcDbLine
 10
270.824
 20
-402.057
 30
0.0
 11
270.824
 21
-382.915
 31
0.0
  0
LINE
  5
FDD
330
17
100
AcDbEntity
  8
0
100
AcDbLine
 10
270.824
 20
-382.915
 30
0.0
 11
274.424
 21
-382.915
 31
0.0
  0
LINE
  5
FDE
330
17
100
AcDbEntity
  8
0
100
AcDbLine
 10
274.424
 20
-382.915
 30
0.0
 11
274.424
 21
-384.392
 31
0.0
  0
LINE
  5
FDF
330
17
100
AcDbEntity
  8
0
100
AcDbLine
 10
274.424
 20
-385.392
 30
0.0
 11
274.424
 21
-405.657
 31
0.0
  0
LINE
  5
FE0
330
17
100
AcDbEntity
  8
0
100
AcDbLine
 10
184.172
 20
-440.942
 30
0.0
 11
262.234
 21
-440.942
 31
0.0
  0
LINE
  5
FE1
330
17
100
AcDbEntity
  8
0
100
AcDbLine
 10
262.234
 20
-440.942
 30
0.0
 11
261.098
 21
-439.807
 31
0.0
  0
LINE
  5
FE2
330
17
100
AcDbEntity
  8
0
100
AcDbLine
 10
183.037
 20
-439.807
 30
0.0
 11
261.098
 21
-439.807
 31
0.0
  0
LINE
  5
FE3
330
17
100
AcDbEntity
  8
0
100
AcDbLine
 10
183.037
 20
-439.807
 30
0.0
 11
184.172
 21
-440.942
 31
0.0
  0
LINE
  5
FE4
330
17
100
AcDbEntity
  8
0
100
AcDbLine
 10
261.098
 20
-439.807
 30
0.0
 11
260.241
 21
-438.95
 31
0.0
  0
LINE
  5
FE5
330
17
100
AcDbEntity
  8
0
100
AcDbLine
 10
182.18
 20
-438.95
 30
0.0
 11
183.037
 21
-439.807
 31
0.0
  0
LINE
  5
FE6
330
17
100
AcDbEntity
  8
0
100
AcDbLine
 10
182.18
 20
-438.95
 30
0.0
 11
260.241
 21
-438.95
 31
0.0
  0
LINE
  5
FE7
330
17
100
AcDbEntity
  8
0
100
AcDbLine
 10
260.241
 20
-438.95
 30
0.0
 11
257.54
 21
-436.248
 31
0.0
  0
LINE
  5
FE8
330
17
100
AcDbEntity
  8
0
100
AcDbLine
 10
179.478
 20
-436.248
 30
0.0
 11
182.18
 21
-438.95
 31
0.0
  0
LINE
  5
FE9
330
17
100
AcDbEntity
  8
0
100
AcDbLine
 10
179.478
 20
-436.248
 30
0.0
 11
257.54
 21
-436.248
 31
0.0
  0
LINE
  5
FEA
330
17
100
AcDbEntity
  8
0
100
AcDbLine
 10
257.54
 20
-436.248
 30
0.0
 11
257.099
 21
-435.808
 31
0.0
  0
LINE
  5
FEB
330
17
100
AcDbEntity
  8
0
100
AcDbLine
 10
179.038
 20
-435.808
 30
0.0
 11
257.099
 21
-435.808
 31
0.0
  0
LINE
  5
FEC
330
17
100
AcDbEntity
  8
0
100
AcDbLine
 10
179.038
 20
-435.808
 30
0.0
 11
179.478
 21
-436.248
 31
0.0
  0
LINE
  5
FED
330
17
100
AcDbEntity
  8
0
100
AcDbLine
 10
273.294
 20
-404.503
 30
0.0
 11
262.234
 21
-404.503
 31
0.0
  0
LINE
  5
FEE
330
17
100
AcDbEntity
  8
0
100
AcDbLine
 10
272.294
 20
-403.503
 30
0.0
 11
262.234
 21
-403.503
 31
0.0
  0
LINE
  5
FEF
330
17
100
AcDbEntity
  8
0
100
AcDbLine
 10
272.294
 20
-403.503
 30
0.0
 11
273.294
 21
-404.503
 31
0.0
  0
LINE
  5
FF0
330
17
100
AcDbEntity
  8
0
100
AcDbLine
 10
184.172
 20
-548.822
 30
0.0
 11
184.172
 21
-440.942
 31
0.0
  0
LINE
  5
FF1
330
17
100
AcDbEntity
  8
0
100
AcDbLine
 10
184.172
 20
-440.942
 30
0.0
 11
183.037
 21
-439.807
 31
0.0
  0
LINE
  5
FF2
330
17
100
AcDbEntity
  8
0
100
AcDbLine
 10
183.037
 20
-547.686
 30
0.0
 11
183.037
 21
-439.807
 31
0.0
  0
LINE
  5
FF3
330
17
100
AcDbEntity
  8
0
100
AcDbLine
 10
183.037
 20
-439.807
 30
0.0
 11
182.18
 21
-438.95
 31
0.0
  0
LINE
  5
FF4
330
17
100
AcDbEntity
  8
0
100
AcDbLine
 10
182.18
 20
-546.829
 30
0.0
 11
182.18
 21
-438.95
 31
0.0
  0
LINE
  5
FF5
330
17
100
AcDbEntity
  8
0
100
AcDbLine
 10
182.18
 20
-438.95
 30
0.0
 11
179.478
 21
-436.248
 31
0.0
  0
LINE
  5
FF6
330
17
100
AcDbEntity
  8
0
100
AcDbLine
 10
179.478
 20
-544.128
 30
0.0
 11
179.478
 21
-436.248
 31
0.0
  0
LINE
  5
FF7
330
17
100
AcDbEntity
  8
0
100
AcDbLine
 10
179.478
 20
-436.248
 30
0.0
 11
179.038
 21
-435.808
 31
0.0
  0
LINE
  5
FF8
330
17
100
AcDbEntity
  8
0
100
AcDbLine
 10
179.038
 20
-543.687
 30
0.0
 11
179.038
 21
-435.808
 31
0.0
  0
LINE
  5
FF9
330
17
100
AcDbEntity
  8
0
100
AcDbLine
 10
179.478
 20
-544.128
 30
0.0
 11
179.478
 21
-544.128
 31
0.0
  0
LINE
  5
FFA
330
17
100
AcDbEntity
  8
0
100
AcDbLine
 10
270.824
 20
-402.057
 30
0.0
 11
270.824
 21
-402.057
 31
0.0
  0
LINE
  5
FFB
330
17
100
AcDbEntity
  8
0
100
AcDbLine
 10
397.281
 20
-387.393
 30
0.0
 11
274.424
 21
-387.393
 31
0.0
  0
LINE
  5
FFC
330
17
100
AcDbEntity
  8
0
100
AcDbLine
 10
4.39368
 20
-309.549
 30
0.0
 11
30.8001
 21
-309.549
 31
0.0
  0
LINE
  5
FFD
330
17
100
AcDbEntity
  8
0
100
AcDbLine
 10
30.8001
 20
-328.28
 30
0.0
 11
3.05033
 21
-327.743
 31
0.0
  0
LINE
  5
FFE
330
17
100
AcDbEntity
  8
0
100
AcDbLine
 10
8.60154
 20
-309.233
 30
0.0
 11
34.4225
 21
-309.233
 31
0.0
  0
LINE
  5
FFF
330
17
100
AcDbEntity
  8
0
100
AcDbLine
 10
272.394
 20
-384.492
 30
0.0
 11
272.394
 21
-384.492
 31
0.0
  0
LINE
  5
1000
330
17
100
AcDbEntity
  8
0
100
AcDbLine
 10
272.294
 20
-384.392
 30
0.0
 11
397.281
 21
-384.392
 31
0.0
  0
LINE
  5
1001
330
17
100
AcDbEntity
  8
0
100
AcDbLine
 10
273.294
 20
-385.392
 30
0.0
 11
397.281
 21
-385.392
 31
0.0
  0
LINE
  5
1002
330
17
100
AcDbEntity
  8
0
100
AcDbLine
 10
273.294
 20
-385.392
 30
0.0
 11
272.294
 21
-384.392
 31
0.0
  0
LINE
  5
1003
330
17
100
AcDbEntity
  8
0
100
AcDbLine
 10
30.8001
 20
-548.822
 30
0.0
 11
184.172
 21
-548.822
 31
0.0
  0
LINE
  5
1004
330
17
100
AcDbEntity
  8
0
100
AcDbLine
 10
184.172
 20
-548.822
 30
0.0
 11
183.037
 21
-547.686
 31
0.0
  0
LINE
  5
1005
330
17
100
AcDbEntity
  8
0
100
AcDbLine
 10
31.9356
 20
-547.686
 30
0.0
 11
183.037
 21
-547.686
 31
0.0
  0
LINE
  5
1006
330
17
100
AcDbEntity
  8
0
100
AcDbLine
 10
31.9356
 20
-547.686
 30
0.0
 11
31.9356
 21
-547.686
 31
0.0
  0
LINE
  5
1007
330
17
100
AcDbEntity
  8
0
100
AcDbLine
 10
183.037
 20
-547.686
 30
0.0
 11
182.18
 21
-546.829
 31
0.0
  0
LINE
  5
1008
330
17
100
AcDbEntity
  8
0
100
AcDbLine
 10
32.7926
 20
-546.829
 30
0.0
 11
31.9356
 21
-547.686
 31
0.0
  0
LINE
  5
1009
330
17
100
AcDbEntity
  8
0
100
AcDbLine
 10
32.7926
 20
-546.829
 30
0.0
 11
34.4225
 21
-546.829
 31
0.0
  0
LINE
  5
100A
330
17
100
AcDbEntity
  8
0
100
AcDbLine
 10
178.675
 20
-546.829
 30
0.0
 11
182.18
 21
-546.829
 31
0.0
  0
LINE
  5
100B
330
17
100
AcDbEntity
  8
0
100
AcDbLine
 10
182.18
 20
-546.829
 30
0.0
 11
179.478
 21
-544.128
 31
0.0
  0
LINE
  5
100C
330
17
100
AcDbEntity
  8
0
100
AcDbLine
 10
178.675
 20
-544.128
 30
0.0
 11
179.478
 21
-544.128
 31
0.0
  0
LINE
  5
100D
330
17
100
AcDbEntity
  8
0
100
AcDbLine
 10
179.478
 20
-544.128
 30
0.0
 11
179.038
 21
-543.687
 31
0.0
  0
LINE
  5
100E
330
17
100
AcDbEntity
  8
0
100
AcDbLine
 10
178.675
 20
-543.687
 30
0.0
 11
179.038
 21
-543.687
 31
0.0
  0
LINE
  5
100F
330
17
100
AcDbEntity
  8
0
100
AcDbLine
 10
273.194
 20
-404.403
 30
0.0
 11
273.194
 21
-404.403
 31
0.0
  0
LINE
  5
1010
330
17
100
AcDbEntity
  8
0
100
AcDbLine
 10
272.294
 20
-403.503
 30
0.0
 11
272.294
 21
-384.392
 31
0.0
  0
LINE
  5
1011
330
17
100
AcDbEntity
  8
0
100
AcDbLine
 10
272.294
 20
-384.392
 30
0.0
 11
273.294
 21
-385.392
 31
0.0
  0
LINE
  5
1012
330
17
100
AcDbEntity
  8
0
100
AcDbLine
 10
273.294
 20
-404.503
 30
0.0
 11
273.294
 21
-385.392
 31
0.0
  0
LINE
  5
1013
330
17
100
AcDbEntity
  8
0
100
AcDbLine
 10
273.294
 20
-404.503
 30
0.0
 11
272.294
 21
-403.503
 31
0.0
  0
LINE
  5
1014
330
17
100
AcDbEntity
  8
0
100
AcDbLine
 10
538.278
 20
-32.0281
 30
0.0
 11
535.031
 21
-35.3886
 31
0.0
  0
LINE
  5
1015
330
17
100
AcDbEntity
  8
0
100
AcDbLine
 10
535.031
 20
-35.3886
 30
0.0
 11
181.923
 21
-8.19011
 31
0.0
  0
LINE
  5
1016
330
17
100
AcDbEntity
  8
0
100
AcDbLine
 10
181.923
 20
-8.19011
 30
0.0
 11
185.435
 21
-4.84997
 31
0.0
  0
LINE
  5
1017
330
17
100
AcDbEntity
  8
0
100
AcDbLine
 10
185.435
 20
-4.84997
 30
0.0
 11
538.278
 21
-32.0281
 31
0.0
  0
LINE
  5
1018
330
17
100
AcDbEntity
  8
0
100
AcDbLine
 10
185.435
 20
-4.84997
 30
0.0
 11
181.923
 21
-8.19011
 31
0.0
  0
LINE
  5
1019
330
17
100
AcDbEntity
  8
0
100
AcDbLine
 10
181.923
 20
-8.19011
 30
0.0
 11
177.408
 21
161.047
 31
0.0
  0
LINE
  5
101A
330
17
100
AcDbEntity
  8
0
100
AcDbLine
 10
177.408
 20
161.047
 30
0.0
 11
180.897
 21
165.254
 31
0.0
  0
LINE
  5
101B
330
17
100
AcDbEntity
  8
0
100
AcDbLine
 10
180.897
 20
165.254
 30
0.0
 11
185.435
 21
-4.84997
 31
0.0
  0
LINE
  5
101C
330
17
100
AcDbEntity
  8
0
100
AcDbLine
 10
55.902
 20
-127.848
 30
0.0
 11
55.902
 21
-119.936
 31
0.0
  0
LINE
  5
101D
330
17
100
AcDbEntity
  8
0
100
AcDbLine
 10
55.902
 20
-119.936
 30
0.0
 11
55.902
 21
-119.914
 31
0.0
  0
LINE
  5
101E
330
17
100
AcDbEntity
  8
0
100
AcDbLine
 10
55.902
 20
-119.936
 30
0.0
 11
55.902
 21
-127.848
 31
0.0
  0
LINE
  5
101F
330
17
100
AcDbEntity
  8
0
100
AcDbLine
 10
55.902
 20
-156.748
 30
0.0
 11
55.902
 21
-156.726
 31
0.0
  0
LINE
  5
1020
330
17
100
AcDbEntity
  8
0
100
AcDbLine
 10
55.902
 20
-156.726
 30
0.0
 11
55.902
 21
-148.814
 31
0.0
  0
LINE
  5
1021
330
17
100
AcDbEntity
  8
0
100
AcDbLine
 10
55.902
 20
-156.726
 30
0.0
 11
55.902
 21
-148.814
 31
0.0
  0
LINE
  5
1022
330
17
100
AcDbEntity
  8
0
100
AcDbLine
 10
55.902
 20
-138.83
 30
0.0
 11
55.902
 21
-147.816
 31
0.0
  0
LINE
  5
1023
330
17
100
AcDbEntity
  8
0
100
AcDbLine
 10
55.902
 20
-147.816
 30
0.0
 11
55.902
 21
-138.83
 31
0.0
  0
LINE
  5
1024
330
17
100
AcDbEntity
  8
0
100
AcDbLine
 10
55.902
 20
-128.846
 30
0.0
 11
55.902
 21
-137.832
 31
0.0
  0
LINE
  5
1025
330
17
100
AcDbEntity
  8
0
100
AcDbLine
 10
55.902
 20
-137.832
 30
0.0
 11
55.902
 21
-128.846
 31
0.0
  0
LINE
  5
1026
330
17
100
AcDbEntity
  8
0
100
AcDbLine
 10
55.902
 20
-119.361
 30
0.0
 11
55.902
 21
-119.914
 31
0.0
  0
LINE
  5
1027
330
17
100
AcDbEntity
  8
0
100
AcDbLine
 10
55.902
 20
-157.301
 30
0.0
 11
55.902
 21
-156.748
 31
0.0
  0
LINE
  5
1028
330
17
100
AcDbEntity
  8
0
100
AcDbLine
 10
55.4101
 20
-128.846
 30
0.0
 11
56.394
 21
-128.846
 31
0.0
  0
LINE
  5
1029
330
17
100
AcDbEntity
  8
0
100
AcDbLine
 10
55.4101
 20
-128.846
 30
0.0
 11
56.394
 21
-128.846
 31
0.0
  0
LINE
  5
102A
330
17
100
AcDbEntity
  8
0
100
AcDbLine
 10
56.394
 20
-137.832
 30
0.0
 11
55.4101
 21
-137.832
 31
0.0
  0
LINE
  5
102B
330
17
100
AcDbEntity
  8
0
100
AcDbLine
 10
55.4101
 20
-137.832
 30
0.0
 11
56.394
 21
-137.832
 31
0.0
  0
LINE
  5
102C
330
17
100
AcDbEntity
  8
0
100
AcDbLine
 10
55.4101
 20
-147.816
 30
0.0
 11
55.902
 21
-147.816
 31
0.0
  0
LINE
  5
102D
330
17
100
AcDbEntity
  8
0
100
AcDbLine
 10
55.4101
 20
-147.816
 30
0.0
 11
55.4101
 21
-138.83
 31
0.0
  0
LINE
  5
102E
330
17
100
AcDbEntity
  8
0
100
AcDbLine
 10
56.394
 20
-127.848
 30
0.0
 11
55.4101
 21
-127.848
 31
0.0
  0
LINE
  5
102F
330
17
100
AcDbEntity
  8
0
100
AcDbLine
 10
56.394
 20
-127.848
 30
0.0
 11
55.4101
 21
-127.848
 31
0.0
  0
LINE
  5
1030
330
17
100
AcDbEntity
  8
0
100
AcDbLine
 10
55.4101
 20
-138.83
 30
0.0
 11
55.902
 21
-138.83
 31
0.0
  0
LINE
  5
1031
330
17
100
AcDbEntity
  8
0
100
AcDbLine
 10
56.394
 20
-119.936
 30
0.0
 11
55.4101
 21
-119.936
 31
0.0
  0
LINE
  5
1032
330
17
100
AcDbEntity
  8
0
100
AcDbLine
 10
56.394
 20
-119.914
 30
0.0
 11
55.4101
 21
-119.914
 31
0.0
  0
LINE
  5
1033
330
17
100
AcDbEntity
  8
0
100
AcDbLine
 10
56.394
 20
-156.726
 30
0.0
 11
55.4101
 21
-156.726
 31
0.0
  0
LINE
  5
1034
330
17
100
AcDbEntity
  8
0
100
AcDbLine
 10
55.4101
 20
-148.814
 30
0.0
 11
56.394
 21
-148.814
 31
0.0
  0
LINE
  5
1035
330
17
100
AcDbEntity
  8
0
100
AcDbLine
 10
55.4101
 20
-118.385
 30
0.0
 11
56.394
 21
-118.385
 31
0.0
  0
LINE
  5
1036
330
17
100
AcDbEntity
  8
0
100
AcDbLine
 10
55.4101
 20
-157.301
 30
0.0
 11
56.394
 21
-157.301
 31
0.0
  0
LINE
  5
1037
330
17
100
AcDbEntity
  8
0
100
AcDbLine
 10
55.4101
 20
-148.814
 30
0.0
 11
56.394
 21
-148.814
 31
0.0
  0
LINE
  5
1038
330
17
100
AcDbEntity
  8
0
100
AcDbLine
 10
56.394
 20
-156.748
 30
0.0
 11
55.4101
 21
-156.748
 31
0.0
  0
LINE
  5
1039
330
17
100
AcDbEntity
  8
0
100
AcDbLine
 10
56.394
 20
-158.277
 30
0.0
 11
55.4101
 21
-158.277
 31
0.0
  0
LINE
  5
103A
330
17
100
AcDbEntity
  8
0
100
AcDbLine
 10
56.394
 20
-147.816
 30
0.0
 11
55.4101
 21
-147.816
 31
0.0
  0
LINE
  5
103B
330
17
100
AcDbEntity
  8
0
100
AcDbLine
 10
55.902
 20
-147.816
 30
0.0
 11
55.4101
 21
-147.816
 31
0.0
  0
LINE
  5
103C
330
17
100
AcDbEntity
  8
0
100
AcDbLine
 10
56.394
 20
-127.848
 30
0.0
 11
56.394
 21
-127.848
 31
0.0
  0
LINE
  5
103D
330
17
100
AcDbEntity
  8
0
100
AcDbLine
 10
56.394
 20
-148.814
 30
0.0
 11
56.394
 21
-148.814
 31
0.0
  0
LINE
  5
103E
330
17
100
AcDbEntity
  8
0
100
AcDbLine
 10
56.394
 20
-157.301
 30
0.0
 11
56.394
 21
-157.301
 31
0.0
  0
LINE
  5
103F
330
17
100
AcDbEntity
  8
0
100
AcDbLine
 10
55.902
 20
-147.816
 30
0.0
 11
55.902
 21
-138.83
 31
0.0
  0
LINE
  5
1040
330
17
100
AcDbEntity
  8
0
100
AcDbLine
 10
55.902
 20
-147.816
 30
0.0
 11
56.394
 21
-147.816
 31
0.0
  0
LINE
  5
1041
330
17
100
AcDbEntity
  8
0
100
AcDbLine
 10
56.394
 20
-119.361
 30
0.0
 11
56.394
 21
-119.361
 31
0.0
  0
LINE
  5
1042
330
17
100
AcDbEntity
  8
0
100
AcDbLine
 10
56.394
 20
-119.361
 30
0.0
 11
55.4101
 21
-119.361
 31
0.0
  0
LINE
  5
1043
330
17
100
AcDbEntity
  8
0
100
AcDbLine
 10
56.394
 20
-128.846
 30
0.0
 11
56.394
 21
-128.846
 31
0.0
  0
LINE
  5
1044
330
17
100
AcDbEntity
  8
0
100
AcDbLine
 10
56.394
 20
-137.832
 30
0.0
 11
56.394
 21
-137.832
 31
0.0
  0
LINE
  5
1045
330
17
100
AcDbEntity
  8
0
100
AcDbLine
 10
55.902
 20
-138.83
 30
0.0
 11
56.394
 21
-138.83
 31
0.0
  0
LINE
  5
1046
330
17
100
AcDbEntity
  8
0
100
AcDbLine
 10
55.902
 20
-138.83
 30
0.0
 11
55.4101
 21
-138.83
 31
0.0
  0
LINE
  5
1047
330
17
100
AcDbEntity
  8
0
100
AcDbLine
 10
55.4101
 20
-138.83
 30
0.0
 11
56.394
 21
-138.83
 31
0.0
  0
LINE
  5
1048
330
17
100
AcDbEntity
  8
0
100
AcDbLine
 10
56.394
 20
-156.748
 30
0.0
 11
56.394
 21
-157.301
 31
0.0
  0
LINE
  5
1049
330
17
100
AcDbEntity
  8
0
100
AcDbLine
 10
56.394
 20
-138.83
 30
0.0
 11
56.394
 21
-138.83
 31
0.0
  0
LINE
  5
104A
330
17
100
AcDbEntity
  8
0
100
AcDbLine
 10
56.394
 20
-137.832
 30
0.0
 11
56.394
 21
-137.832
 31
0.0
  0
LINE
  5
104B
330
17
100
AcDbEntity
  8
0
100
AcDbLine
 10
56.394
 20
-119.361
 30
0.0
 11
56.394
 21
-119.361
 31
0.0
  0
LINE
  5
104C
330
17
100
AcDbEntity
  8
0
100
AcDbLine
 10
56.394
 20
-119.361
 30
0.0
 11
56.394
 21
-119.914
 31
0.0
  0
LINE
  5
104D
330
17
100
AcDbEntity
  8
0
100
AcDbLine
 10
56.394
 20
-137.832
 30
0.0
 11
56.394
 21
-128.846
 31
0.0
  0
LINE
  5
104E
330
17
100
AcDbEntity
  8
0
100
AcDbLine
 10
56.394
 20
-137.832
 30
0.0
 11
56.394
 21
-138.83
 31
0.0
  0
LINE
  5
104F
330
17
100
AcDbEntity
  8
0
100
AcDbLine
 10
56.394
 20
-147.816
 30
0.0
 11
56.394
 21
-138.83
 31
0.0
  0
LINE
  5
1050
330
17
100
AcDbEntity
  8
0
100
AcDbLine
 10
56.394
 20
-147.816
 30
0.0
 11
56.394
 21
-148.814
 31
0.0
  0
LINE
  5
1051
330
17
100
AcDbEntity
  8
0
100
AcDbLine
 10
56.394
 20
-156.726
 30
0.0
 11
56.394
 21
-148.814
 31
0.0
  0
LINE
  5
1052
330
17
100
AcDbEntity
  8
0
100
AcDbLine
 10
56.394
 20
-156.748
 30
0.0
 11
56.394
 21
-156.726
 31
0.0
  0
LINE
  5
1053
330
17
100
AcDbEntity
  8
0
100
AcDbLine
 10
56.394
 20
-156.726
 30
0.0
 11
56.394
 21
-158.277
 31
0.0
  0
LINE
  5
1054
330
17
100
AcDbEntity
  8
0
100
AcDbLine
 10
56.394
 20
-158.277
 30
0.0
 11
56.394
 21
-158.277
 31
0.0
  0
LINE
  5
1055
330
17
100
AcDbEntity
  8
0
100
AcDbLine
 10
56.394
 20
-158.277
 30
0.0
 11
56.394
 21
-118.385
 31
0.0
  0
LINE
  5
1056
330
17
100
AcDbEntity
  8
0
100
AcDbLine
 10
56.394
 20
-118.385
 30
0.0
 11
56.394
 21
-119.936
 31
0.0
  0
LINE
  5
1057
330
17
100
AcDbEntity
  8
0
100
AcDbLine
 10
56.394
 20
-119.914
 30
0.0
 11
56.394
 21
-119.936
 31
0.0
  0
LINE
  5
1058
330
17
100
AcDbEntity
  8
0
100
AcDbLine
 10
56.394
 20
-119.936
 30
0.0
 11
56.394
 21
-127.848
 31
0.0
  0
LINE
  5
1059
330
17
100
AcDbEntity
  8
0
100
AcDbLine
 10
56.394
 20
-127.848
 30
0.0
 11
56.394
 21
-128.846
 31
0.0
  0
LINE
  5
105A
330
17
100
AcDbEntity
  8
0
100
AcDbLine
 10
55.4101
 20
-156.748
 30
0.0
 11
55.4101
 21
-157.301
 31
0.0
  0
LINE
  5
105B
330
17
100
AcDbEntity
  8
0
100
AcDbLine
 10
55.4101
 20
-119.914
 30
0.0
 11
55.4101
 21
-119.361
 31
0.0
  0
LINE
  5
105C
330
17
100
AcDbEntity
  8
0
100
AcDbLine
 10
55.4101
 20
-148.814
 30
0.0
 11
55.4101
 21
-147.816
 31
0.0
  0
LINE
  5
105D
330
17
100
AcDbEntity
  8
0
100
AcDbLine
 10
55.4101
 20
-147.816
 30
0.0
 11
55.4101
 21
-147.816
 31
0.0
  0
LINE
  5
105E
330
17
100
AcDbEntity
  8
0
100
AcDbLine
 10
55.4101
 20
-138.83
 30
0.0
 11
55.4101
 21
-138.83
 31
0.0
  0
LINE
  5
105F
330
17
100
AcDbEntity
  8
0
100
AcDbLine
 10
55.4101
 20
-138.83
 30
0.0
 11
55.4101
 21
-137.832
 31
0.0
  0
LINE
  5
1060
330
17
100
AcDbEntity
  8
0
100
AcDbLine
 10
55.4101
 20
-137.832
 30
0.0
 11
55.4101
 21
-128.846
 31
0.0
  0
LINE
  5
1061
330
17
100
AcDbEntity
  8
0
100
AcDbLine
 10
55.4101
 20
-128.846
 30
0.0
 11
55.4101
 21
-127.848
 31
0.0
  0
LINE
  5
1062
330
17
100
AcDbEntity
  8
0
100
AcDbLine
 10
55.4101
 20
-119.936
 30
0.0
 11
55.4101
 21
-127.848
 31
0.0
  0
LINE
  5
1063
330
17
100
AcDbEntity
  8
0
100
AcDbLine
 10
55.4101
 20
-119.936
 30
0.0
 11
55.4101
 21
-119.914
 31
0.0
  0
LINE
  5
1064
330
17
100
AcDbEntity
  8
0
100
AcDbLine
 10
55.4101
 20
-119.936
 30
0.0
 11
55.4101
 21
-118.385
 31
0.0
  0
LINE
  5
1065
330
17
100
AcDbEntity
  8
0
100
AcDbLine
 10
55.4101
 20
-158.277
 30
0.0
 11
55.4101
 21
-157.301
 31
0.0
  0
LINE
  5
1066
330
17
100
AcDbEntity
  8
0
100
AcDbLine
 10
55.4101
 20
-148.814
 30
0.0
 11
55.4101
 21
-147.816
 31
0.0
  0
LINE
  5
1067
330
17
100
AcDbEntity
  8
0
100
AcDbLine
 10
55.4101
 20
-138.83
 30
0.0
 11
55.4101
 21
-137.832
 31
0.0
  0
LINE
  5
1068
330
17
100
AcDbEntity
  8
0
100
AcDbLine
 10
55.4101
 20
-128.846
 30
0.0
 11
55.4101
 21
-127.848
 31
0.0
  0
LINE
  5
1069
330
17
100
AcDbEntity
  8
0
100
AcDbLine
 10
55.4101
 20
-119.361
 30
0.0
 11
55.4101
 21
-118.385
 31
0.0
  0
LINE
  5
106A
330
17
100
AcDbEntity
  8
0
100
AcDbLine
 10
55.4101
 20
-158.277
 30
0.0
 11
55.4101
 21
-158.277
 31
0.0
  0
LINE
  5
106B
330
17
100
AcDbEntity
  8
0
100
AcDbLine
 10
55.4101
 20
-158.277
 30
0.0
 11
55.4101
 21
-156.726
 31
0.0
  0
LINE
  5
106C
330
17
100
AcDbEntity
  8
0
100
AcDbLine
 10
55.4101
 20
-156.726
 30
0.0
 11
55.4101
 21
-156.748
 31
0.0
  0
LINE
  5
106D
330
17
100
AcDbEntity
  8
0
100
AcDbLine
 10
55.4101
 20
-148.814
 30
0.0
 11
55.4101
 21
-156.726
 31
0.0
  0
LINE
  5
106E
330
17
100
AcDbEntity
  8
0
100
AcDbLine
 10
55.902
 20
-361.412
 30
0.0
 11
55.902
 21
-353.501
 31
0.0
  0
LINE
  5
106F
330
17
100
AcDbEntity
  8
0
100
AcDbLine
 10
55.902
 20
-353.501
 30
0.0
 11
55.902
 21
-353.478
 31
0.0
  0
LINE
  5
1070
330
17
100
AcDbEntity
  8
0
100
AcDbLine
 10
55.902
 20
-353.501
 30
0.0
 11
55.902
 21
-361.412
 31
0.0
  0
LINE
  5
1071
330
17
100
AcDbEntity
  8
0
100
AcDbLine
 10
55.902
 20
-390.313
 30
0.0
 11
55.902
 21
-390.29
 31
0.0
  0
LINE
  5
1072
330
17
100
AcDbEntity
  8
0
100
AcDbLine
 10
55.902
 20
-390.29
 30
0.0
 11
55.902
 21
-382.379
 31
0.0
  0
LINE
  5
1073
330
17
100
AcDbEntity
  8
0
100
AcDbLine
 10
55.902
 20
-390.29
 30
0.0
 11
55.902
 21
-382.379
 31
0.0
  0
LINE
  5
1074
330
17
100
AcDbEntity
  8
0
100
AcDbLine
 10
55.902
 20
-372.394
 30
0.0
 11
55.902
 21
-381.38
 31
0.0
  0
LINE
  5
1075
330
17
100
AcDbEntity
  8
0
100
AcDbLine
 10
55.902
 20
-381.38
 30
0.0
 11
55.902
 21
-372.394
 31
0.0
  0
LINE
  5
1076
330
17
100
AcDbEntity
  8
0
100
AcDbLine
 10
55.902
 20
-362.41
 30
0.0
 11
55.902
 21
-371.396
 31
0.0
  0
LINE
  5
1077
330
17
100
AcDbEntity
  8
0
100
AcDbLine
 10
55.902
 20
-371.396
 30
0.0
 11
55.902
 21
-362.41
 31
0.0
  0
LINE
  5
1078
330
17
100
AcDbEntity
  8
0
100
AcDbLine
 10
55.902
 20
-352.925
 30
0.0
 11
55.902
 21
-353.478
 31
0.0
  0
LINE
  5
1079
330
17
100
AcDbEntity
  8
0
100
AcDbLine
 10
55.902
 20
-390.865
 30
0.0
 11
55.902
 21
-390.313
 31
0.0
  0
LINE
  5
107A
330
17
100
AcDbEntity
  8
0
100
AcDbLine
 10
55.4101
 20
-362.41
 30
0.0
 11
56.394
 21
-362.41
 31
0.0
  0
LINE
  5
107B
330
17
100
AcDbEntity
  8
0
100
AcDbLine
 10
55.4101
 20
-362.41
 30
0.0
 11
56.394
 21
-362.41
 31
0.0
  0
LINE
  5
107C
330
17
100
AcDbEntity
  8
0
100
AcDbLine
 10
56.394
 20
-371.396
 30
0.0
 11
55.4101
 21
-371.396
 31
0.0
  0
LINE
  5
107D
330
17
100
AcDbEntity
  8
0
100
AcDbLine
 10
55.4101
 20
-371.396
 30
0.0
 11
56.394
 21
-371.396
 31
0.0
  0
LINE
  5
107E
330
17
100
AcDbEntity
  8
0
100
AcDbLine
 10
55.4101
 20
-381.38
 30
0.0
 11
55.902
 21
-381.38
 31
0.0
  0
LINE
  5
107F
330
17
100
AcDbEntity
  8
0
100
AcDbLine
 10
55.4101
 20
-381.38
 30
0.0
 11
55.4101
 21
-372.394
 31
0.0
  0
LINE
  5
1080
330
17
100
AcDbEntity
  8
0
100
AcDbLine
 10
56.394
 20
-361.412
 30
0.0
 11
55.4101
 21
-361.412
 31
0.0
  0
LINE
  5
1081
330
17
100
AcDbEntity
  8
0
100
AcDbLine
 10
56.394
 20
-361.412
 30
0.0
 11
55.4101
 21
-361.412
 31
0.0
  0
LINE
  5
1082
330
17
100
AcDbEntity
  8
0
100
AcDbLine
 10
55.4101
 20
-372.394
 30
0.0
 11
55.902
 21
-372.394
 31
0.0
  0
LINE
  5
1083
330
17
100
AcDbEntity
  8
0
100
AcDbLine
 10
56.394
 20
-353.501
 30
0.0
 11
55.4101
 21
-353.501
 31
0.0
  0
LINE
  5
1084
330
17
100
AcDbEntity
  8
0
100
AcDbLine
 10
56.394
 20
-353.478
 30
0.0
 11
55.4101
 21
-353.478
 31
0.0
  0
LINE
  5
1085
330
17
100
AcDbEntity
  8
0
100
AcDbLine
 10
56.394
 20
-390.29
 30
0.0
 11
55.4101
 21
-390.29
 31
0.0
  0
LINE
  5
1086
330
17
100
AcDbEntity
  8
0
100
AcDbLine
 10
55.4101
 20
-382.379
 30
0.0
 11
56.394
 21
-382.379
 31
0.0
  0
LINE
  5
1087
330
17
100
AcDbEntity
  8
0
100
AcDbLine
 10
55.4101
 20
-351.95
 30
0.0
 11
56.394
 21
-351.95
 31
0.0
  0
LINE
  5
1088
330
17
100
AcDbEntity
  8
0
100
AcDbLine
 10
55.4101
 20
-390.865
 30
0.0
 11
56.394
 21
-390.865
 31
0.0
  0
LINE
  5
1089
330
17
100
AcDbEntity
  8
0
100
AcDbLine
 10
55.4101
 20
-382.379
 30
0.0
 11
56.394
 21
-382.379
 31
0.0
  0
LINE
  5
108A
330
17
100
AcDbEntity
  8
0
100
AcDbLine
 10
56.394
 20
-390.313
 30
0.0
 11
55.4101
 21
-390.313
 31
0.0
  0
LINE
  5
108B
330
17
100
AcDbEntity
  8
0
100
AcDbLine
 10
56.394
 20
-391.841
 30
0.0
 11
55.4101
 21
-391.841
 31
0.0
  0
LINE
  5
108C
330
17
100
AcDbEntity
  8
0
100
AcDbLine
 10
56.394
 20
-381.38
 30
0.0
 11
55.4101
 21
-381.38
 31
0.0
  0
LINE
  5
108D
330
17
100
AcDbEntity
  8
0
100
AcDbLine
 10
55.902
 20
-381.38
 30
0.0
 11
55.4101
 21
-381.38
 31
0.0
  0
LINE
  5
108E
330
17
100
AcDbEntity
  8
0
100
AcDbLine
 10
56.394
 20
-361.412
 30
0.0
 11
56.394
 21
-361.412
 31
0.0
  0
LINE
  5
108F
330
17
100
AcDbEntity
  8
0
100
AcDbLine
 10
56.394
 20
-382.379
 30
0.0
 11
56.394
 21
-382.379
 31
0.0
  0
LINE
  5
1090
330
17
100
AcDbEntity
  8
0
100
AcDbLine
 10
56.394
 20
-390.865
 30
0.0
 11
56.394
 21
-390.865
 31
0.0
  0
LINE
  5
1091
330
17
100
AcDbEntity
  8
0
100
AcDbLine
 10
55.902
 20
-381.38
 30
0.0
 11
55.902
 21
-372.394
 31
0.0
  0
LINE
  5
1092
330
17
100
AcDbEntity
  8
0
100
AcDbLine
 10
55.902
 20
-381.38
 30
0.0
 11
56.394
 21
-381.38
 31
0.0
  0
LINE
  5
1093
330
17
100
AcDbEntity
  8
0
100
AcDbLine
 10
56.394
 20
-352.925
 30
0.0
 11
56.394
 21
-352.925
 31
0.0
  0
LINE
  5
1094
330
17
100
AcDbEntity
  8
0
100
AcDbLine
 10
56.394
 20
-352.925
 30
0.0
 11
55.4101
 21
-352.925
 31
0.0
  0
LINE
  5
1095
330
17
100
AcDbEntity
  8
0
100
AcDbLine
 10
56.394
 20
-362.41
 30
0.0
 11
56.394
 21
-362.41
 31
0.0
  0
LINE
  5
1096
330
17
100
AcDbEntity
  8
0
100
AcDbLine
 10
56.394
 20
-371.396
 30
0.0
 11
56.394
 21
-371.396
 31
0.0
  0
LINE
  5
1097
330
17
100
AcDbEntity
  8
0
100
AcDbLine
 10
55.902
 20
-372.394
 30
0.0
 11
56.394
 21
-372.394
 31
0.0
  0
LINE
  5
1098
330
17
100
AcDbEntity
  8
0
100
AcDbLine
 10
55.902
 20
-372.394
 30
0.0
 11
55.4101
 21
-372.394
 31
0.0
  0
LINE
  5
1099
330
17
100
AcDbEntity
  8
0
100
AcDbLine
 10
55.4101
 20
-372.394
 30
0.0
 11
56.394
 21
-372.394
 31
0.0
  0
LINE
  5
109A
330
17
100
AcDbEntity
  8
0
100
AcDbLine
 10
56.394
 20
-382.379
 30
0.0
 11
56.394
 21
-382.379
 31
0.0
  0
LINE
  5
109B
330
17
100
AcDbEntity
  8
0
100
AcDbLine
 10
56.394
 20
-390.313
 30
0.0
 11
56.394
 21
-390.865
 31
0.0
  0
LINE
  5
109C
330
17
100
AcDbEntity
  8
0
100
AcDbLine
 10
56.394
 20
-362.41
 30
0.0
 11
56.394
 21
-362.41
 31
0.0
  0
LINE
  5
109D
330
17
100
AcDbEntity
  8
0
100
AcDbLine
 10
56.394
 20
-352.925
 30
0.0
 11
56.394
 21
-352.925
 31
0.0
  0
LINE
  5
109E
330
17
100
AcDbEntity
  8
0
100
AcDbLine
 10
56.394
 20
-352.925
 30
0.0
 11
56.394
 21
-353.478
 31
0.0
  0
LINE
  5
109F
330
17
100
AcDbEntity
  8
0
100
AcDbLine
 10
56.394
 20
-371.396
 30
0.0
 11
56.394
 21
-362.41
 31
0.0
  0
LINE
  5
10A0
330
17
100
AcDbEntity
  8
0
100
AcDbLine
 10
56.394
 20
-371.396
 30
0.0
 11
56.394
 21
-372.394
 31
0.0
  0
LINE
  5
10A1
330
17
100
AcDbEntity
  8
0
100
AcDbLine
 10
56.394
 20
-381.38
 30
0.0
 11
56.394
 21
-372.394
 31
0.0
  0
LINE
  5
10A2
330
17
100
AcDbEntity
  8
0
100
AcDbLine
 10
56.394
 20
-381.38
 30
0.0
 11
56.394
 21
-382.379
 31
0.0
  0
LINE
  5
10A3
330
17
100
AcDbEntity
  8
0
100
AcDbLine
 10
56.394
 20
-390.29
 30
0.0
 11
56.394
 21
-382.379
 31
0.0
  0
LINE
  5
10A4
330
17
100
AcDbEntity
  8
0
100
AcDbLine
 10
56.394
 20
-390.313
 30
0.0
 11
56.394
 21
-390.29
 31
0.0
  0
LINE
  5
10A5
330
17
100
AcDbEntity
  8
0
100
AcDbLine
 10
56.394
 20
-390.29
 30
0.0
 11
56.394
 21
-391.841
 31
0.0
  0
LINE
  5
10A6
330
17
100
AcDbEntity
  8
0
100
AcDbLine
 10
56.394
 20
-391.841
 30
0.0
 11
56.394
 21
-391.841
 31
0.0
  0
LINE
  5
10A7
330
17
100
AcDbEntity
  8
0
100
AcDbLine
 10
56.394
 20
-391.841
 30
0.0
 11
56.394
 21
-351.95
 31
0.0
  0
LINE
  5
10A8
330
17
100
AcDbEntity
  8
0
100
AcDbLine
 10
56.394
 20
-351.95
 30
0.0
 11
56.394
 21
-353.501
 31
0.0
  0
LINE
  5
10A9
330
17
100
AcDbEntity
  8
0
100
AcDbLine
 10
56.394
 20
-353.478
 30
0.0
 11
56.394
 21
-353.501
 31
0.0
  0
LINE
  5
10AA
330
17
100
AcDbEntity
  8
0
100
AcDbLine
 10
56.394
 20
-353.501
 30
0.0
 11
56.394
 21
-361.412
 31
0.0
  0
LINE
  5
10AB
330
17
100
AcDbEntity
  8
0
100
AcDbLine
 10
56.394
 20
-361.412
 30
0.0
 11
56.394
 21
-362.41
 31
0.0
  0
LINE
  5
10AC
330
17
100
AcDbEntity
  8
0
100
AcDbLine
 10
55.4101
 20
-390.313
 30
0.0
 11
55.4101
 21
-390.865
 31
0.0
  0
LINE
  5
10AD
330
17
100
AcDbEntity
  8
0
100
AcDbLine
 10
55.4101
 20
-353.478
 30
0.0
 11
55.4101
 21
-352.925
 31
0.0
  0
LINE
  5
10AE
330
17
100
AcDbEntity
  8
0
100
AcDbLine
 10
55.4101
 20
-382.379
 30
0.0
 11
55.4101
 21
-381.38
 31
0.0
  0
LINE
  5
10AF
330
17
100
AcDbEntity
  8
0
100
AcDbLine
 10
55.4101
 20
-381.38
 30
0.0
 11
55.4101
 21
-381.38
 31
0.0
  0
LINE
  5
10B0
330
17
100
AcDbEntity
  8
0
100
AcDbLine
 10
55.4101
 20
-372.394
 30
0.0
 11
55.4101
 21
-372.394
 31
0.0
  0
LINE
  5
10B1
330
17
100
AcDbEntity
  8
0
100
AcDbLine
 10
55.4101
 20
-372.394
 30
0.0
 11
55.4101
 21
-371.396
 31
0.0
  0
LINE
  5
10B2
330
17
100
AcDbEntity
  8
0
100
AcDbLine
 10
55.4101
 20
-371.396
 30
0.0
 11
55.4101
 21
-362.41
 31
0.0
  0
LINE
  5
10B3
330
17
100
AcDbEntity
  8
0
100
AcDbLine
 10
55.4101
 20
-362.41
 30
0.0
 11
55.4101
 21
-361.412
 31
0.0
  0
LINE
  5
10B4
330
17
100
AcDbEntity
  8
0
100
AcDbLine
 10
55.4101
 20
-353.501
 30
0.0
 11
55.4101
 21
-361.412
 31
0.0
  0
LINE
  5
10B5
330
17
100
AcDbEntity
  8
0
100
AcDbLine
 10
55.4101
 20
-353.501
 30
0.0
 11
55.4101
 21
-353.478
 31
0.0
  0
LINE
  5
10B6
330
17
100
AcDbEntity
  8
0
100
AcDbLine
 10
55.4101
 20
-353.501
 30
0.0
 11
55.4101
 21
-351.95
 31
0.0
  0
LINE
  5
10B7
330
17
100
AcDbEntity
  8
0
100
AcDbLine
 10
55.4101
 20
-391.841
 30
0.0
 11
55.4101
 21
-390.865
 31
0.0
  0
LINE
  5
10B8
330
17
100
AcDbEntity
  8
0
100
AcDbLine
 10
55.4101
 20
-382.379
 30
0.0
 11
55.4101
 21
-381.38
 31
0.0
  0
LINE
  5
10B9
330
17
100
AcDbEntity
  8
0
100
AcDbLine
 10
55.4101
 20
-372.394
 30
0.0
 11
55.4101
 21
-371.396
 31
0.0
  0
LINE
  5
10BA
330
17
100
AcDbEntity
  8
0
100
AcDbLine
 10
55.4101
 20
-362.41
 30
0.0
 11
55.4101
 21
-361.412
 31
0.0
  0
LINE
  5
10BB
330
17
100
AcDbEntity
  8
0
100
AcDbLine
 10
55.4101
 20
-352.925
 30
0.0
 11
55.4101
 21
-351.95
 31
0.0
  0
LINE
  5
10BC
330
17
100
AcDbEntity
  8
0
100
AcDbLine
 10
55.4101
 20
-391.841
 30
0.0
 11
55.4101
 21
-391.841
 31
0.0
  0
LINE
  5
10BD
330
17
100
AcDbEntity
  8
0
100
AcDbLine
 10
55.4101
 20
-391.841
 30
0.0
 11
55.4101
 21
-390.29
 31
0.0
  0
LINE
  5
10BE
330
17
100
AcDbEntity
  8
0
100
AcDbLine
 10
55.4101
 20
-390.29
 30
0.0
 11
55.4101
 21
-390.313
 31
0.0
  0
LINE
  5
10BF
330
17
100
AcDbEntity
  8
0
100
AcDbLine
 10
55.4101
 20
-382.379
 30
0.0
 11
55.4101
 21
-390.29
 31
0.0
  0
LINE
  5
10C0
330
17
100
AcDbEntity
  8
0
100
AcDbLine
 10
507.704
 20
-172.356
 30
0.0
 11
507.704
 21
-180.267
 31
0.0
  0
LINE
  5
10C1
330
17
100
AcDbEntity
  8
0
100
AcDbLine
 10
507.704
 20
-180.267
 30
0.0
 11
507.704
 21
-180.29
 31
0.0
  0
LINE
  5
10C2
330
17
100
AcDbEntity
  8
0
100
AcDbLine
 10
507.704
 20
-180.267
 30
0.0
 11
507.704
 21
-172.356
 31
0.0
  0
LINE
  5
10C3
330
17
100
AcDbEntity
  8
0
100
AcDbLine
 10
507.704
 20
-143.455
 30
0.0
 11
507.704
 21
-143.478
 31
0.0
  0
LINE
  5
10C4
330
17
100
AcDbEntity
  8
0
100
AcDbLine
 10
507.704
 20
-143.478
 30
0.0
 11
507.704
 21
-151.389
 31
0.0
  0
LINE
  5
10C5
330
17
100
AcDbEntity
  8
0
100
AcDbLine
 10
507.704
 20
-143.478
 30
0.0
 11
507.704
 21
-151.389
 31
0.0
  0
LINE
  5
10C6
330
17
100
AcDbEntity
  8
0
100
AcDbLine
 10
507.704
 20
-161.373
 30
0.0
 11
507.704
 21
-152.387
 31
0.0
  0
LINE
  5
10C7
330
17
100
AcDbEntity
  8
0
100
AcDbLine
 10
507.704
 20
-152.387
 30
0.0
 11
507.704
 21
-161.373
 31
0.0
  0
LINE
  5
10C8
330
17
100
AcDbEntity
  8
0
100
AcDbLine
 10
507.704
 20
-171.357
 30
0.0
 11
507.704
 21
-162.371
 31
0.0
  0
LINE
  5
10C9
330
17
100
AcDbEntity
  8
0
100
AcDbLine
 10
507.704
 20
-162.371
 30
0.0
 11
507.704
 21
-171.357
 31
0.0
  0
LINE
  5
10CA
330
17
100
AcDbEntity
  8
0
100
AcDbLine
 10
507.704
 20
-180.842
 30
0.0
 11
507.704
 21
-180.29
 31
0.0
  0
LINE
  5
10CB
330
17
100
AcDbEntity
  8
0
100
AcDbLine
 10
507.704
 20
-142.902
 30
0.0
 11
507.704
 21
-143.455
 31
0.0
  0
LINE
  5
10CC
330
17
100
AcDbEntity
  8
0
100
AcDbLine
 10
508.196
 20
-171.357
 30
0.0
 11
507.212
 21
-171.357
 31
0.0
  0
LINE
  5
10CD
330
17
100
AcDbEntity
  8
0
100
AcDbLine
 10
508.196
 20
-171.357
 30
0.0
 11
507.212
 21
-171.357
 31
0.0
  0
LINE
  5
10CE
330
17
100
AcDbEntity
  8
0
100
AcDbLine
 10
507.212
 20
-162.371
 30
0.0
 11
508.196
 21
-162.371
 31
0.0
  0
LINE
  5
10CF
330
17
100
AcDbEntity
  8
0
100
AcDbLine
 10
508.196
 20
-162.371
 30
0.0
 11
507.212
 21
-162.371
 31
0.0
  0
LINE
  5
10D0
330
17
100
AcDbEntity
  8
0
100
AcDbLine
 10
508.196
 20
-152.387
 30
0.0
 11
507.704
 21
-152.387
 31
0.0
  0
LINE
  5
10D1
330
17
100
AcDbEntity
  8
0
100
AcDbLine
 10
508.196
 20
-152.387
 30
0.0
 11
508.196
 21
-161.373
 31
0.0
  0
LINE
  5
10D2
330
17
100
AcDbEntity
  8
0
100
AcDbLine
 10
507.212
 20
-172.356
 30
0.0
 11
508.196
 21
-172.356
 31
0.0
  0
LINE
  5
10D3
330
17
100
AcDbEntity
  8
0
100
AcDbLine
 10
507.212
 20
-172.356
 30
0.0
 11
508.196
 21
-172.356
 31
0.0
  0
LINE
  5
10D4
330
17
100
AcDbEntity
  8
0
100
AcDbLine
 10
508.196
 20
-161.373
 30
0.0
 11
507.704
 21
-161.373
 31
0.0
  0
LINE
  5
10D5
330
17
100
AcDbEntity
  8
0
100
AcDbLine
 10
507.212
 20
-180.267
 30
0.0
 11
508.196
 21
-180.267
 31
0.0
  0
LINE
  5
10D6
330
17
100
AcDbEntity
  8
0
100
AcDbLine
 10
507.212
 20
-180.29
 30
0.0
 11
508.196
 21
-180.29
 31
0.0
  0
LINE
  5
10D7
330
17
100
AcDbEntity
  8
0
100
AcDbLine
 10
507.212
 20
-143.478
 30
0.0
 11
508.196
 21
-143.478
 31
0.0
  0
LINE
  5
10D8
330
17
100
AcDbEntity
  8
0
100
AcDbLine
 10
508.196
 20
-151.389
 30
0.0
 11
507.212
 21
-151.389
 31
0.0
  0
LINE
  5
10D9
330
17
100
AcDbEntity
  8
0
100
AcDbLine
 10
508.196
 20
-181.818
 30
0.0
 11
507.212
 21
-181.818
 31
0.0
  0
LINE
  5
10DA
330
17
100
AcDbEntity
  8
0
100
AcDbLine
 10
508.196
 20
-142.902
 30
0.0
 11
507.212
 21
-142.902
 31
0.0
  0
LINE
  5
10DB
330
17
100
AcDbEntity
  8
0
100
AcDbLine
 10
508.196
 20
-151.389
 30
0.0
 11
507.212
 21
-151.389
 31
0.0
  0
LINE
  5
10DC
330
17
100
AcDbEntity
  8
0
100
AcDbLine
 10
507.212
 20
-143.455
 30
0.0
 11
508.196
 21
-143.455
 31
0.0
  0
LINE
  5
10DD
330
17
100
AcDbEntity
  8
0
100
AcDbLine
 10
507.212
 20
-141.927
 30
0.0
 11
508.196
 21
-141.927
 31
0.0
  0
LINE
  5
10DE
330
17
100
AcDbEntity
  8
0
100
AcDbLine
 10
507.212
 20
-152.387
 30
0.0
 11
508.196
 21
-152.387
 31
0.0
  0
LINE
  5
10DF
330
17
100
AcDbEntity
  8
0
100
AcDbLine
 10
507.704
 20
-152.387
 30
0.0
 11
508.196
 21
-152.387
 31
0.0
  0
LINE
  5
10E0
330
17
100
AcDbEntity
  8
0
100
AcDbLine
 10
507.704
 20
-152.387
 30
0.0
 11
507.704
 21
-161.373
 31
0.0
  0
LINE
  5
10E1
330
17
100
AcDbEntity
  8
0
100
AcDbLine
 10
507.704
 20
-152.387
 30
0.0
 11
507.212
 21
-152.387
 31
0.0
  0
LINE
  5
10E2
330
17
100
AcDbEntity
  8
0
100
AcDbLine
 10
507.212
 20
-180.842
 30
0.0
 11
508.196
 21
-180.842
 31
0.0
  0
LINE
  5
10E3
330
17
100
AcDbEntity
  8
0
100
AcDbLine
 10
507.704
 20
-161.373
 30
0.0
 11
507.212
 21
-161.373
 31
0.0
  0
LINE
  5
10E4
330
17
100
AcDbEntity
  8
0
100
AcDbLine
 10
507.704
 20
-161.373
 30
0.0
 11
508.196
 21
-161.373
 31
0.0
  0
LINE
  5
10E5
330
17
100
AcDbEntity
  8
0
100
AcDbLine
 10
508.196
 20
-161.373
 30
0.0
 11
507.212
 21
-161.373
 31
0.0
  0
LINE
  5
10E6
330
17
100
AcDbEntity
  8
0
100
AcDbLine
 10
507.212
 20
-142.902
 30
0.0
 11
507.212
 21
-142.902
 31
0.0
  0
LINE
  5
10E7
330
17
100
AcDbEntity
  8
0
100
AcDbLine
 10
507.212
 20
-143.455
 30
0.0
 11
507.212
 21
-142.902
 31
0.0
  0
LINE
  5
10E8
330
17
100
AcDbEntity
  8
0
100
AcDbLine
 10
507.212
 20
-152.387
 30
0.0
 11
507.212
 21
-152.387
 31
0.0
  0
LINE
  5
10E9
330
17
100
AcDbEntity
  8
0
100
AcDbLine
 10
507.212
 20
-171.357
 30
0.0
 11
507.212
 21
-171.357
 31
0.0
  0
LINE
  5
10EA
330
17
100
AcDbEntity
  8
0
100
AcDbLine
 10
507.212
 20
-180.842
 30
0.0
 11
507.212
 21
-180.842
 31
0.0
  0
LINE
  5
10EB
330
17
100
AcDbEntity
  8
0
100
AcDbLine
 10
507.212
 20
-180.842
 30
0.0
 11
507.212
 21
-180.29
 31
0.0
  0
LINE
  5
10EC
330
17
100
AcDbEntity
  8
0
100
AcDbLine
 10
507.212
 20
-162.371
 30
0.0
 11
507.212
 21
-171.357
 31
0.0
  0
LINE
  5
10ED
330
17
100
AcDbEntity
  8
0
100
AcDbLine
 10
507.212
 20
-162.371
 30
0.0
 11
507.212
 21
-161.373
 31
0.0
  0
LINE
  5
10EE
330
17
100
AcDbEntity
  8
0
100
AcDbLine
 10
507.212
 20
-152.387
 30
0.0
 11
507.212
 21
-161.373
 31
0.0
  0
LINE
  5
10EF
330
17
100
AcDbEntity
  8
0
100
AcDbLine
 10
507.212
 20
-152.387
 30
0.0
 11
507.212
 21
-151.389
 31
0.0
  0
LINE
  5
10F0
330
17
100
AcDbEntity
  8
0
100
AcDbLine
 10
507.212
 20
-143.478
 30
0.0
 11
507.212
 21
-151.389
 31
0.0
  0
LINE
  5
10F1
330
17
100
AcDbEntity
  8
0
100
AcDbLine
 10
507.212
 20
-143.455
 30
0.0
 11
507.212
 21
-143.478
 31
0.0
  0
LINE
  5
10F2
330
17
100
AcDbEntity
  8
0
100
AcDbLine
 10
507.212
 20
-143.478
 30
0.0
 11
507.212
 21
-141.927
 31
0.0
  0
LINE
  5
10F3
330
17
100
AcDbEntity
  8
0
100
AcDbLine
 10
507.212
 20
-141.927
 30
0.0
 11
507.212
 21
-141.927
 31
0.0
  0
LINE
  5
10F4
330
17
100
AcDbEntity
  8
0
100
AcDbLine
 10
507.212
 20
-181.818
 30
0.0
 11
507.212
 21
-180.267
 31
0.0
  0
LINE
  5
10F5
330
17
100
AcDbEntity
  8
0
100
AcDbLine
 10
507.212
 20
-180.29
 30
0.0
 11
507.212
 21
-180.267
 31
0.0
  0
LINE
  5
10F6
330
17
100
AcDbEntity
  8
0
100
AcDbLine
 10
507.212
 20
-180.267
 30
0.0
 11
507.212
 21
-172.356
 31
0.0
  0
LINE
  5
10F7
330
17
100
AcDbEntity
  8
0
100
AcDbLine
 10
507.212
 20
-172.356
 30
0.0
 11
507.212
 21
-171.357
 31
0.0
  0
LINE
  5
10F8
330
17
100
AcDbEntity
  8
0
100
AcDbLine
 10
508.196
 20
-143.455
 30
0.0
 11
508.196
 21
-142.902
 31
0.0
  0
LINE
  5
10F9
330
17
100
AcDbEntity
  8
0
100
AcDbLine
 10
508.196
 20
-180.29
 30
0.0
 11
508.196
 21
-180.842
 31
0.0
  0
LINE
  5
10FA
330
17
100
AcDbEntity
  8
0
100
AcDbLine
 10
508.196
 20
-151.389
 30
0.0
 11
508.196
 21
-152.387
 31
0.0
  0
LINE
  5
10FB
330
17
100
AcDbEntity
  8
0
100
AcDbLine
 10
508.196
 20
-152.387
 30
0.0
 11
508.196
 21
-152.387
 31
0.0
  0
LINE
  5
10FC
330
17
100
AcDbEntity
  8
0
100
AcDbLine
 10
508.196
 20
-161.373
 30
0.0
 11
508.196
 21
-161.373
 31
0.0
  0
LINE
  5
10FD
330
17
100
AcDbEntity
  8
0
100
AcDbLine
 10
508.196
 20
-161.373
 30
0.0
 11
508.196
 21
-162.371
 31
0.0
  0
LINE
  5
10FE
330
17
100
AcDbEntity
  8
0
100
AcDbLine
 10
508.196
 20
-162.371
 30
0.0
 11
508.196
 21
-171.357
 31
0.0
  0
LINE
  5
10FF
330
17
100
AcDbEntity
  8
0
100
AcDbLine
 10
508.196
 20
-171.357
 30
0.0
 11
508.196
 21
-172.356
 31
0.0
  0
LINE
  5
1100
330
17
100
AcDbEntity
  8
0
100
AcDbLine
 10
508.196
 20
-180.267
 30
0.0
 11
508.196
 21
-172.356
 31
0.0
  0
LINE
  5
1101
330
17
100
AcDbEntity
  8
0
100
AcDbLine
 10
508.196
 20
-180.267
 30
0.0
 11
508.196
 21
-180.29
 31
0.0
  0
LINE
  5
1102
330
17
100
AcDbEntity
  8
0
100
AcDbLine
 10
508.196
 20
-180.267
 30
0.0
 11
508.196
 21
-181.818
 31
0.0
  0
LINE
  5
1103
330
17
100
AcDbEntity
  8
0
100
AcDbLine
 10
508.196
 20
-141.927
 30
0.0
 11
508.196
 21
-141.927
 31
0.0
  0
LINE
  5
1104
330
17
100
AcDbEntity
  8
0
100
AcDbLine
 10
508.196
 20
-141.927
 30
0.0
 11
508.196
 21
-143.478
 31
0.0
  0
LINE
  5
1105
330
17
100
AcDbEntity
  8
0
100
AcDbLine
 10
508.196
 20
-143.478
 30
0.0
 11
508.196
 21
-143.455
 31
0.0
  0
LINE
  5
1106
330
17
100
AcDbEntity
  8
0
100
AcDbLine
 10
508.196
 20
-151.389
 30
0.0
 11
508.196
 21
-143.478
 31
0.0
  0
LINE
  5
1107
330
17
100
AcDbEntity
  8
0
100
AcDbLine
 10
595.724
 20
-546.468
 30
0.0
 11
591.759
 21
-543.403
 31
0.0
  0
LINE
  5
1108
330
17
100
AcDbEntity
  8
0
100
AcDbLine
 10
591.759
 20
-543.403
 30
0.0
 11
535.03
 21
-35.3886
 31
0.0
  0
LINE
  5
1109
330
17
100
AcDbEntity
  8
0
100
AcDbLine
 10
535.03
 20
-35.3886
 30
0.0
 11
538.278
 21
-32.028
 31
0.0
  0
LINE
  5
110A
330
17
100
AcDbEntity
  8
0
100
AcDbLine
 10
538.278
 20
-32.028
 30
0.0
 11
595.724
 21
-546.468
 31
0.0
  0
LINE
  5
110B
330
17
100
AcDbEntity
  8
0
100
AcDbLine
 10
259.536
 20
-213.118
 30
0.0
 11
221.592
 21
-213.118
 31
0.0
  0
LINE
  5
110C
330
17
100
AcDbEntity
  8
0
100
AcDbLine
 10
259.536
 20
-208.518
 30
0.0
 11
259.536
 21
-213.118
 31
0.0
  0
LINE
  5
110D
330
17
100
AcDbEntity
  8
0
100
AcDbLine
 10
221.592
 20
-208.518
 30
0.0
 11
259.536
 21
-208.518
 31
0.0
  0
LINE
  5
110E
330
17
100
AcDbEntity
  8
0
100
AcDbLine
 10
221.592
 20
-213.118
 30
0.0
 11
221.592
 21
-208.518
 31
0.0
  0
LINE
  5
110F
330
17
100
AcDbEntity
  8
0
100
AcDbLine
 10
259.536
 20
-239.108
 30
0.0
 11
221.592
 21
-239.108
 31
0.0
  0
LINE
  5
1110
330
17
100
AcDbEntity
  8
0
100
AcDbLine
 10
259.536
 20
-234.508
 30
0.0
 11
259.536
 21
-239.108
 31
0.0
  0
LINE
  5
1111
330
17
100
AcDbEntity
  8
0
100
AcDbLine
 10
221.592
 20
-234.508
 30
0.0
 11
259.536
 21
-234.508
 31
0.0
  0
LINE
  5
1112
330
17
100
AcDbEntity
  8
0
100
AcDbLine
 10
221.592
 20
-239.108
 30
0.0
 11
221.592
 21
-234.508
 31
0.0
  0
LINE
  5
1113
330
17
100
AcDbEntity
  8
0
100
AcDbLine
 10
12.2523
 20
-203.11
 30
0.0
 11
34.4225
 21
-203.11
 31
0.0
  0
LINE
  5
1114
330
17
100
AcDbEntity
  8
0
100
AcDbLine
 10
30.8001
 20
-309.503
 30
0.0
 11
4.41591
 21
-309.248
 31
0.0
  0
LINE
  5
1115
330
17
100
AcDbEntity
  8
0
100
AcDbLine
 10
226.192
 20
-213.118
 30
0.0
 11
221.592
 21
-213.118
 31
0.0
  0
LINE
  5
1116
330
17
100
AcDbEntity
  8
0
100
AcDbLine
 10
221.592
 20
-213.618
 30
0.0
 11
221.592
 21
-213.118
 31
0.0
  0
LINE
  5
1117
330
17
100
AcDbEntity
  8
0
100
AcDbLine
 10
221.592
 20
-213.618
 30
0.0
 11
226.192
 21
-213.618
 31
0.0
  0
LINE
  5
1118
330
17
100
AcDbEntity
  8
0
100
AcDbLine
 10
226.192
 20
-213.618
 30
0.0
 11
226.192
 21
-213.118
 31
0.0
  0
LINE
  5
1119
330
17
100
AcDbEntity
  8
0
100
AcDbLine
 10
226.192
 20
-233.618
 30
0.0
 11
221.592
 21
-233.618
 31
0.0
  0
LINE
  5
111A
330
17
100
AcDbEntity
  8
0
100
AcDbLine
 10
221.592
 20
-234.508
 30
0.0
 11
221.592
 21
-233.618
 31
0.0
  0
LINE
  5
111B
330
17
100
AcDbEntity
  8
0
100
AcDbLine
 10
226.192
 20
-234.508
 30
0.0
 11
221.592
 21
-234.508
 31
0.0
  0
LINE
  5
111C
330
17
100
AcDbEntity
  8
0
100
AcDbLine
 10
226.192
 20
-234.508
 30
0.0
 11
226.192
 21
-233.618
 31
0.0
  0
LINE
  5
111D
330
17
100
AcDbEntity
  8
0
100
AcDbLine
 10
55.4101
 20
-158.277
 30
0.0
 11
55.4101
 21
-157.301
 31
0.0
  0
LINE
  5
111E
330
17
100
AcDbEntity
  8
0
100
AcDbLine
 10
55.4101
 20
-148.814
 30
0.0
 11
55.4101
 21
-147.816
 31
0.0
  0
LINE
  5
111F
330
17
100
AcDbEntity
  8
0
100
AcDbLine
 10
55.4101
 20
-158.277
 30
0.0
 11
58.0101
 21
-158.277
 31
0.0
  0
LINE
  5
1120
330
17
100
AcDbEntity
  8
0
100
AcDbLine
 10
55.4101
 20
-160.17
 30
0.0
 11
55.4101
 21
-158.277
 31
0.0
  0
LINE
  5
1121
330
17
100
AcDbEntity
  8
0
100
AcDbLine
 10
58.0101
 20
-160.17
 30
0.0
 11
55.4101
 21
-160.17
 31
0.0
  0
LINE
  5
1122
330
17
100
AcDbEntity
  8
0
100
AcDbLine
 10
58.0101
 20
-158.277
 30
0.0
 11
58.0101
 21
-160.17
 31
0.0
  0
LINE
  5
1123
330
17
100
AcDbEntity
  8
0
100
AcDbLine
 10
55.4101
 20
-118.385
 30
0.0
 11
55.4101
 21
-116.571
 31
0.0
  0
LINE
  5
1124
330
17
100
AcDbEntity
  8
0
100
AcDbLine
 10
58.0101
 20
-118.385
 30
0.0
 11
55.4101
 21
-118.385
 31
0.0
  0
LINE
  5
1125
330
17
100
AcDbEntity
  8
0
100
AcDbLine
 10
58.0101
 20
-116.571
 30
0.0
 11
58.0101
 21
-118.385
 31
0.0
  0
LINE
  5
1126
330
17
100
AcDbEntity
  8
0
100
AcDbLine
 10
55.4101
 20
-116.571
 30
0.0
 11
58.0101
 21
-116.571
 31
0.0
  0
LINE
  5
1127
330
17
100
AcDbEntity
  8
0
100
AcDbLine
 10
397.564
 20
-406.993
 30
0.0
 11
397.564
 21
-407.956
 31
0.0
  0
LINE
  5
1128
330
17
100
AcDbEntity
  8
0
100
AcDbLine
 10
397.564
 20
-407.956
 30
0.0
 11
398.527
 21
-406.993
 31
0.0
  0
LINE
  5
1129
330
17
100
AcDbEntity
  8
0
100
AcDbLine
 10
55.4101
 20
-391.841
 30
0.0
 11
55.4101
 21
-390.865
 31
0.0
  0
LINE
  5
112A
330
17
100
AcDbEntity
  8
0
100
AcDbLine
 10
55.4101
 20
-382.379
 30
0.0
 11
55.4101
 21
-381.38
 31
0.0
  0
LINE
  5
112B
330
17
100
AcDbEntity
  8
0
100
AcDbLine
 10
55.4101
 20
-391.841
 30
0.0
 11
58.0101
 21
-391.841
 31
0.0
  0
LINE
  5
112C
330
17
100
AcDbEntity
  8
0
100
AcDbLine
 10
55.4101
 20
-393.734
 30
0.0
 11
55.4101
 21
-391.841
 31
0.0
  0
LINE
  5
112D
330
17
100
AcDbEntity
  8
0
100
AcDbLine
 10
58.0101
 20
-393.734
 30
0.0
 11
55.4101
 21
-393.734
 31
0.0
  0
LINE
  5
112E
330
17
100
AcDbEntity
  8
0
100
AcDbLine
 10
58.0101
 20
-391.841
 30
0.0
 11
58.0101
 21
-393.734
 31
0.0
  0
LINE
  5
112F
330
17
100
AcDbEntity
  8
0
100
AcDbLine
 10
55.4101
 20
-351.95
 30
0.0
 11
55.4101
 21
-350.136
 31
0.0
  0
LINE
  5
1130
330
17
100
AcDbEntity
  8
0
100
AcDbLine
 10
58.0101
 20
-351.95
 30
0.0
 11
55.4101
 21
-351.95
 31
0.0
  0
LINE
  5
1131
330
17
100
AcDbEntity
  8
0
100
AcDbLine
 10
58.0101
 20
-350.136
 30
0.0
 11
58.0101
 21
-351.95
 31
0.0
  0
LINE
  5
1132
330
17
100
AcDbEntity
  8
0
100
AcDbLine
 10
55.4101
 20
-350.136
 30
0.0
 11
58.0101
 21
-350.136
 31
0.0
  0
LINE
  5
1133
330
17
100
AcDbEntity
  8
0
100
AcDbLine
 10
508.196
 20
-141.927
 30
0.0
 11
505.596
 21
-141.927
 31
0.0
  0
LINE
  5
1134
330
17
100
AcDbEntity
  8
0
100
AcDbLine
 10
508.196
 20
-140.033
 30
0.0
 11
508.196
 21
-141.927
 31
0.0
  0
LINE
  5
1135
330
17
100
AcDbEntity
  8
0
100
AcDbLine
 10
505.596
 20
-140.033
 30
0.0
 11
508.196
 21
-140.033
 31
0.0
  0
LINE
  5
1136
330
17
100
AcDbEntity
  8
0
100
AcDbLine
 10
505.596
 20
-141.927
 30
0.0
 11
505.596
 21
-140.033
 31
0.0
  0
LINE
  5
1137
330
17
100
AcDbEntity
  8
0
100
AcDbLine
 10
508.196
 20
-181.818
 30
0.0
 11
508.196
 21
-183.632
 31
0.0
  0
LINE
  5
1138
330
17
100
AcDbEntity
  8
0
100
AcDbLine
 10
505.596
 20
-181.818
 30
0.0
 11
508.196
 21
-181.818
 31
0.0
  0
LINE
  5
1139
330
17
100
AcDbEntity
  8
0
100
AcDbLine
 10
505.596
 20
-183.632
 30
0.0
 11
505.596
 21
-181.818
 31
0.0
  0
LINE
  5
113A
330
17
100
AcDbEntity
  8
0
100
AcDbLine
 10
508.196
 20
-183.632
 30
0.0
 11
505.596
 21
-183.632
 31
0.0
  0
LINE
  5
113B
330
17
100
AcDbEntity
  8
0
100
AcDbLine
 10
-22.9694
 20
-631.269
 30
0.0
 11
7.37183
 21
-220.32
 31
0.0
  0
LINE
  5
113C
330
17
100
AcDbEntity
  8
0
100
AcDbLine
 10
8.45006
 20
-205.716
 30
0.0
 11
21.2159
 21
-32.8123
 31
0.0
  0
LINE
  5
113D
330
17
100
AcDbEntity
  8
0
100
AcDbLine
 10
-19.3791
 20
-631.534
 30
0.0
 11
-22.9694
 21
-631.269
 31
0.0
  0
LINE
  5
113E
330
17
100
AcDbEntity
  8
0
100
AcDbLine
 10
24.8061
 20
-33.0774
 30
0.0
 11
12.0599
 21
-205.716
 31
0.0
  0
LINE
  5
113F
330
17
100
AcDbEntity
  8
0
100
AcDbLine
 10
7.37183
 20
-269.212
 30
0.0
 11
-19.3791
 21
-631.534
 31
0.0
  0
LINE
  5
1140
330
17
100
AcDbEntity
  8
0
100
AcDbLine
 10
24.8061
 20
-33.0774
 30
0.0
 11
24.8061
 21
-33.0774
 31
0.0
  0
LINE
  5
1141
330
17
100
AcDbEntity
  8
0
100
AcDbLine
 10
397.564
 20
-407.956
 30
0.0
 11
397.564
 21
-407.956
 31
0.0
  0
LINE
  5
1142
330
17
100
AcDbEntity
  8
0
100
AcDbLine
 10
397.564
 20
-407.956
 30
0.0
 11
533.467
 21
-407.957
 31
0.0
  0
LINE
  5
1143
330
17
100
AcDbEntity
  8
0
100
AcDbLine
 10
533.467
 20
-407.957
 30
0.0
 11
532.332
 21
-406.821
 31
0.0
  0
LINE
  5
1144
330
17
100
AcDbEntity
  8
0
100
AcDbLine
 10
532.075
 20
-406.821
 30
0.0
 11
532.332
 21
-406.821
 31
0.0
  0
LINE
  5
1145
330
17
100
AcDbEntity
  8
0
100
AcDbLine
 10
398.527
 20
-406.993
 30
0.0
 11
397.564
 21
-407.956
 31
0.0
  0
LINE
  5
1146
330
17
100
AcDbEntity
  8
0
100
AcDbLine
 10
532.332
 20
-406.821
 30
0.0
 11
532.075
 21
-406.565
 31
0.0
  0
LINE
  5
1147
330
17
100
AcDbEntity
  8
0
100
AcDbLine
 10
74.0436
 20
-162.785
 30
0.0
 11
76.2303
 21
-160.402
 31
0.0
  0
LINE
  5
1148
330
17
100
AcDbEntity
  8
0
100
AcDbLine
 10
51.0969
 20
-160.402
 30
0.0
 11
76.2303
 21
-160.402
 31
0.0
  0
LINE
  5
1149
330
17
100
AcDbEntity
  8
0
100
AcDbLine
 10
51.0969
 20
-162.785
 30
0.0
 11
51.0969
 21
-160.402
 31
0.0
  0
LINE
  5
114A
330
17
100
AcDbEntity
  8
0
100
AcDbLine
 10
65.1409
 20
-168.417
 30
0.0
 11
51.0969
 21
-168.417
 31
0.0
  0
LINE
  5
114B
330
17
100
AcDbEntity
  8
0
100
AcDbLine
 10
74.0436
 20
-162.785
 30
0.0
 11
73.156
 21
-163.753
 31
0.0
  0
LINE
  5
114C
330
17
100
AcDbEntity
  8
0
100
AcDbLine
 10
74.0436
 20
-162.785
 30
0.0
 11
51.0969
 21
-162.785
 31
0.0
  0
LINE
  5
114D
330
17
100
AcDbEntity
  8
0
100
AcDbLine
 10
51.0969
 20
-168.417
 30
0.0
 11
51.0969
 21
-162.785
 31
0.0
  0
LINE
  5
114E
330
17
100
AcDbEntity
  8
0
100
AcDbLine
 10
51.0969
 20
-115.425
 30
0.0
 11
51.0969
 21
-113.041
 31
0.0
  0
LINE
  5
114F
330
17
100
AcDbEntity
  8
0
100
AcDbLine
 10
76.2303
 20
-115.425
 30
0.0
 11
51.0969
 21
-115.425
 31
0.0
  0
LINE
  5
1150
330
17
100
AcDbEntity
  8
0
100
AcDbLine
 10
76.2303
 20
-115.425
 30
0.0
 11
74.0436
 21
-113.041
 31
0.0
  0
LINE
  5
1151
330
17
100
AcDbEntity
  8
0
100
AcDbLine
 10
68.8772
 20
-107.41
 30
0.0
 11
74.0436
 21
-113.041
 31
0.0
  0
LINE
  5
1152
330
17
100
AcDbEntity
  8
0
100
AcDbLine
 10
51.0969
 20
-107.41
 30
0.0
 11
68.8772
 21
-107.41
 31
0.0
  0
LINE
  5
1153
330
17
100
AcDbEntity
  8
0
100
AcDbLine
 10
51.0969
 20
-113.041
 30
0.0
 11
51.0969
 21
-107.41
 31
0.0
  0
LINE
  5
1154
330
17
100
AcDbEntity
  8
0
100
AcDbLine
 10
51.0969
 20
-113.041
 30
0.0
 11
74.0436
 21
-113.041
 31
0.0
  0
LINE
  5
1155
330
17
100
AcDbEntity
  8
0
100
AcDbLine
 10
489.563
 20
-137.418
 30
0.0
 11
487.376
 21
-139.802
 31
0.0
  0
LINE
  5
1156
330
17
100
AcDbEntity
  8
0
100
AcDbLine
 10
512.509
 20
-139.802
 30
0.0
 11
487.376
 21
-139.802
 31
0.0
  0
LINE
  5
1157
330
17
100
AcDbEntity
  8
0
100
AcDbLine
 10
512.509
 20
-137.418
 30
0.0
 11
512.509
 21
-139.802
 31
0.0
  0
LINE
  5
1158
330
17
100
AcDbEntity
  8
0
100
AcDbLine
 10
501.357
 20
-131.786
 30
0.0
 11
512.509
 21
-131.786
 31
0.0
  0
LINE
  5
1159
330
17
100
AcDbEntity
  8
0
100
AcDbLine
 10
489.563
 20
-137.418
 30
0.0
 11
493.342
 21
-133.299
 31
0.0
  0
LINE
  5
115A
330
17
100
AcDbEntity
  8
0
100
AcDbLine
 10
489.563
 20
-137.418
 30
0.0
 11
512.509
 21
-137.418
 31
0.0
  0
LINE
  5
115B
330
17
100
AcDbEntity
  8
0
100
AcDbLine
 10
512.509
 20
-131.786
 30
0.0
 11
512.509
 21
-137.418
 31
0.0
  0
LINE
  5
115C
330
17
100
AcDbEntity
  8
0
100
AcDbLine
 10
512.509
 20
-184.778
 30
0.0
 11
512.509
 21
-187.162
 31
0.0
  0
LINE
  5
115D
330
17
100
AcDbEntity
  8
0
100
AcDbLine
 10
487.376
 20
-184.778
 30
0.0
 11
512.509
 21
-184.778
 31
0.0
  0
LINE
  5
115E
330
17
100
AcDbEntity
  8
0
100
AcDbLine
 10
487.376
 20
-184.778
 30
0.0
 11
489.563
 21
-187.162
 31
0.0
  0
LINE
  5
115F
330
17
100
AcDbEntity
  8
0
100
AcDbLine
 10
493.342
 20
-191.281
 30
0.0
 11
489.563
 21
-187.162
 31
0.0
  0
LINE
  5
1160
330
17
100
AcDbEntity
  8
0
100
AcDbLine
 10
512.509
 20
-192.794
 30
0.0
 11
501.357
 21
-192.794
 31
0.0
  0
LINE
  5
1161
330
17
100
AcDbEntity
  8
0
100
AcDbLine
 10
512.509
 20
-187.162
 30
0.0
 11
512.509
 21
-192.794
 31
0.0
  0
LINE
  5
1162
330
17
100
AcDbEntity
  8
0
100
AcDbLine
 10
512.509
 20
-187.162
 30
0.0
 11
489.563
 21
-187.162
 31
0.0
  0
LINE
  5
1163
330
17
100
AcDbEntity
  8
0
100
AcDbLine
 10
23.9597
 20
4.34968
 30
0.0
 11
24.2255
 21
4.06347
 31
0.0
  0
LINE
  5
1164
330
17
100
AcDbEntity
  8
0
100
AcDbLine
 10
24.8229
 20
-32.8503
 30
0.0
 11
24.8061
 21
-33.0774
 31
0.0
  0
LINE
  5
1165
330
17
100
AcDbEntity
  8
0
100
AcDbLine
 10
24.8061
 20
-33.0774
 30
0.0
 11
21.2159
 21
-32.8123
 31
0.0
  0
LINE
  5
1166
330
17
100
AcDbEntity
  8
0
100
AcDbLine
 10
21.2159
 20
-32.8123
 30
0.0
 11
23.9597
 21
4.34968
 31
0.0
  0
LINE
  5
1167
330
17
100
AcDbEntity
  8
0
100
AcDbLine
 10
74.0436
 20
-396.349
 30
0.0
 11
76.2303
 21
-393.966
 31
0.0
  0
LINE
  5
1168
330
17
100
AcDbEntity
  8
0
100
AcDbLine
 10
51.0969
 20
-393.966
 30
0.0
 11
76.2303
 21
-393.966
 31
0.0
  0
LINE
  5
1169
330
17
100
AcDbEntity
  8
0
100
AcDbLine
 10
51.0969
 20
-396.349
 30
0.0
 11
51.0969
 21
-393.966
 31
0.0
  0
LINE
  5
116A
330
17
100
AcDbEntity
  8
0
100
AcDbLine
 10
65.1409
 20
-401.981
 30
0.0
 11
51.0969
 21
-401.981
 31
0.0
  0
LINE
  5
116B
330
17
100
AcDbEntity
  8
0
100
AcDbLine
 10
74.0436
 20
-396.349
 30
0.0
 11
73.156
 21
-397.317
 31
0.0
  0
LINE
  5
116C
330
17
100
AcDbEntity
  8
0
100
AcDbLine
 10
74.0436
 20
-396.349
 30
0.0
 11
51.0969
 21
-396.349
 31
0.0
  0
LINE
  5
116D
330
17
100
AcDbEntity
  8
0
100
AcDbLine
 10
51.0969
 20
-401.981
 30
0.0
 11
51.0969
 21
-396.349
 31
0.0
  0
LINE
  5
116E
330
17
100
AcDbEntity
  8
0
100
AcDbLine
 10
51.0969
 20
-348.989
 30
0.0
 11
51.0969
 21
-346.606
 31
0.0
  0
LINE
  5
116F
330
17
100
AcDbEntity
  8
0
100
AcDbLine
 10
76.2303
 20
-348.989
 30
0.0
 11
51.0969
 21
-348.989
 31
0.0
  0
LINE
  5
1170
330
17
100
AcDbEntity
  8
0
100
AcDbLine
 10
76.2303
 20
-348.989
 30
0.0
 11
74.0436
 21
-346.606
 31
0.0
  0
LINE
  5
1171
330
17
100
AcDbEntity
  8
0
100
AcDbLine
 10
73.156
 20
-345.638
 30
0.0
 11
74.0436
 21
-346.606
 31
0.0
  0
LINE
  5
1172
330
17
100
AcDbEntity
  8
0
100
AcDbLine
 10
51.0969
 20
-340.974
 30
0.0
 11
65.1409
 21
-340.974
 31
0.0
  0
LINE
  5
1173
330
17
100
AcDbEntity
  8
0
100
AcDbLine
 10
51.0969
 20
-346.606
 30
0.0
 11
51.0969
 21
-340.974
 31
0.0
  0
LINE
  5
1174
330
17
100
AcDbEntity
  8
0
100
AcDbLine
 10
51.0969
 20
-346.606
 30
0.0
 11
74.0436
 21
-346.606
 31
0.0
  0
LINE
  5
1175
330
17
100
AcDbEntity
  8
0
100
AcDbLine
 10
595.724
 20
-546.468
 30
0.0
 11
425.357
 21
-571.077
 31
0.0
  0
LINE
  5
1176
330
17
100
AcDbEntity
  8
0
100
AcDbLine
 10
424.842
 20
-567.514
 30
0.0
 11
425.357
 21
-571.077
 31
0.0
  0
LINE
  5
1177
330
17
100
AcDbEntity
  8
0
100
AcDbLine
 10
424.842
 20
-567.514
 30
0.0
 11
595.209
 21
-542.905
 31
0.0
  0
LINE
  5
1178
330
17
100
AcDbEntity
  8
0
100
AcDbLine
 10
595.209
 20
-542.905
 30
0.0
 11
595.724
 21
-546.468
 31
0.0
  0
LINE
  5
1179
330
17
100
AcDbEntity
  8
0
100
AcDbLine
 10
424.842
 20
-567.514
 30
0.0
 11
424.347
 21
-567.586
 31
0.0
  0
LINE
  5
117A
330
17
100
AcDbEntity
  8
0
100
AcDbLine
 10
423.654
 20
-567.686
 30
0.0
 11
366.646
 21
-575.921
 31
0.0
  0
LINE
  5
117B
330
17
100
AcDbEntity
  8
0
100
AcDbLine
 10
365.953
 20
-576.021
 30
0.0
 11
365.458
 21
-576.092
 31
0.0
  0
LINE
  5
117C
330
17
100
AcDbEntity
  8
0
100
AcDbLine
 10
365.973
 20
-579.655
 30
0.0
 11
425.357
 21
-571.077
 31
0.0
  0
LINE
  5
117D
330
17
100
AcDbEntity
  8
0
100
AcDbLine
 10
365.973
 20
-579.655
 30
0.0
 11
218.863
 21
-600.905
 31
0.0
  0
LINE
  5
117E
330
17
100
AcDbEntity
  8
0
100
AcDbLine
 10
218.863
 20
-600.905
 30
0.0
 11
218.863
 21
-597.268
 31
0.0
  0
LINE
  5
117F
330
17
100
AcDbEntity
  8
0
100
AcDbLine
 10
218.863
 20
-597.268
 30
0.0
 11
365.458
 21
-576.092
 31
0.0
  0
LINE
  5
1180
330
17
100
AcDbEntity
  8
0
100
AcDbLine
 10
365.973
 20
-579.655
 30
0.0
 11
365.458
 21
-576.092
 31
0.0
  0
LINE
  5
1181
330
17
100
AcDbEntity
  8
0
100
AcDbLine
 10
84.4136
 20
-311.392
 30
0.0
 11
84.4136
 21
-311.393
 31
0.0
  0
LINE
  5
1182
330
17
100
AcDbEntity
  8
0
100
AcDbLine
 10
85.0011
 20
-381.659
 30
0.0
 11
84.4136
 21
-381.659
 31
0.0
  0
LINE
  5
1183
330
17
100
AcDbEntity
  8
0
100
AcDbLine
 10
533.467
 20
-407.957
 30
0.0
 11
533.467
 21
-77.9214
 31
0.0
  0
LINE
  5
1184
330
17
100
AcDbEntity
  8
0
100
AcDbLine
 10
533.467
 20
-77.9214
 30
0.0
 11
532.332
 21
-77.9214
 31
0.0
  0
LINE
  5
1185
330
17
100
AcDbEntity
  8
0
100
AcDbLine
 10
532.332
 20
-406.821
 30
0.0
 11
532.332
 21
-77.9214
 31
0.0
  0
LINE
  5
1186
330
17
100
AcDbEntity
  8
0
100
AcDbLine
 10
532.332
 20
-406.821
 30
0.0
 11
533.467
 21
-407.957
 31
0.0
  0
LINE
  5
1187
330
17
100
AcDbEntity
  8
0
100
AcDbLine
 10
532.332
 20
-77.9214
 30
0.0
 11
531.475
 21
-77.9214
 31
0.0
  0
LINE
  5
1188
330
17
100
AcDbEntity
  8
0
100
AcDbLine
 10
532.075
 20
-406.565
 30
0.0
 11
532.332
 21
-406.821
 31
0.0
  0
LINE
  5
1189
330
17
100
AcDbEntity
  8
0
100
AcDbLine
 10
531.475
 20
-77.9215
 30
0.0
 11
531.475
 21
-77.9214
 31
0.0
  0
LINE
  5
118A
330
17
100
AcDbEntity
  8
0
100
AcDbLine
 10
531.475
 20
-77.9214
 30
0.0
 11
528.773
 21
-77.9214
 31
0.0
  0
LINE
  5
118B
330
17
100
AcDbEntity
  8
0
100
AcDbLine
 10
528.773
 20
-77.9215
 30
0.0
 11
528.773
 21
-77.9214
 31
0.0
  0
LINE
  5
118C
330
17
100
AcDbEntity
  8
0
100
AcDbLine
 10
528.773
 20
-77.9214
 30
0.0
 11
528.332
 21
-77.9214
 31
0.0
  0
LINE
  5
118D
330
17
100
AcDbEntity
  8
0
100
AcDbLine
 10
528.332
 20
-77.9215
 30
0.0
 11
528.332
 21
-77.9214
 31
0.0
  0
LINE
  5
118E
330
17
100
AcDbEntity
  8
0
100
AcDbLine
 10
350.19
 20
-215.422
 30
0.0
 11
350.19
 21
-238.022
 31
0.0
  0
LINE
  5
118F
330
17
100
AcDbEntity
  8
0
100
AcDbLine
 10
345.59
 20
-215.422
 30
0.0
 11
350.19
 21
-215.422
 31
0.0
  0
LINE
  5
1190
330
17
100
AcDbEntity
  8
0
100
AcDbLine
 10
345.59
 20
-238.022
 30
0.0
 11
345.59
 21
-215.422
 31
0.0
  0
LINE
  5
1191
330
17
100
AcDbEntity
  8
0
100
AcDbLine
 10
350.19
 20
-238.022
 30
0.0
 11
345.59
 21
-238.022
 31
0.0
  0
LINE
  5
1192
330
17
100
AcDbEntity
  8
0
100
AcDbLine
 10
439.355
 20
-238.022
 30
0.0
 11
350.19
 21
-238.022
 31
0.0
  0
LINE
  5
1193
330
17
100
AcDbEntity
  8
0
100
AcDbLine
 10
439.355
 20
-233.422
 30
0.0
 11
439.355
 21
-238.022
 31
0.0
  0
LINE
  5
1194
330
17
100
AcDbEntity
  8
0
100
AcDbLine
 10
350.19
 20
-233.422
 30
0.0
 11
439.355
 21
-233.422
 31
0.0
  0
LINE
  5
1195
330
17
100
AcDbEntity
  8
0
100
AcDbLine
 10
350.19
 20
-238.022
 30
0.0
 11
350.19
 21
-233.422
 31
0.0
  0
LINE
  5
1196
330
17
100
AcDbEntity
  8
0
100
AcDbLine
 10
218.461
 20
-235.852
 30
0.0
 11
221.592
 21
-235.852
 31
0.0
  0
LINE
  5
1197
330
17
100
AcDbEntity
  8
0
100
AcDbLine
 10
257.537
 20
-322.838
 30
0.0
 11
397.281
 21
-322.838
 31
0.0
  0
LINE
  5
1198
330
17
100
AcDbEntity
  8
0
100
AcDbLine
 10
245.871
 20
-286.488
 30
0.0
 11
233.529
 21
-298.83
 31
0.0
  0
LINE
  5
1199
330
17
100
AcDbEntity
  8
0
100
AcDbLine
 10
532.075
 20
-406.993
 30
0.0
 11
397.281
 21
-406.993
 31
0.0
  0
LINE
  5
119A
330
17
100
AcDbEntity
  8
0
100
AcDbLine
 10
532.075
 20
-406.993
 30
0.0
 11
495.725
 21
-370.643
 31
0.0
  0
LINE
  5
119B
330
17
100
AcDbEntity
  8
0
100
AcDbLine
 10
532.075
 20
-406.993
 30
0.0
 11
532.075
 21
-77.9215
 31
0.0
  0
LINE
  5
119C
330
17
100
AcDbEntity
  8
0
100
AcDbLine
 10
495.725
 20
-114.272
 30
0.0
 11
532.075
 21
-77.9215
 31
0.0
  0
LINE
  5
119D
330
17
100
AcDbEntity
  8
0
100
AcDbLine
 10
34.4225
 20
-77.9215
 30
0.0
 11
532.075
 21
-77.9215
 31
0.0
  0
LINE
  5
119E
330
17
100
AcDbEntity
  8
0
100
AcDbLine
 10
323.627
 20
-114.196
 30
0.0
 11
532.075
 21
-77.9215
 31
0.0
  0
LINE
  5
119F
330
17
100
AcDbEntity
  8
0
100
AcDbLine
 10
203.661
 20
-114.196
 30
0.0
 11
34.4225
 21
-77.9215
 31
0.0
  0
LINE
  5
11A0
330
17
100
AcDbEntity
  8
0
100
AcDbLine
 10
34.4225
 20
-546.966
 30
0.0
 11
34.4225
 21
-77.9215
 31
0.0
  0
LINE
  5
11A1
330
17
100
AcDbEntity
  8
0
100
AcDbLine
 10
34.4225
 20
-77.9215
 30
0.0
 11
63.9107
 21
-107.41
 31
0.0
  0
LINE
  5
11A2
330
17
100
AcDbEntity
  8
0
100
AcDbLine
 10
178.675
 20
-546.966
 30
0.0
 11
34.4225
 21
-546.966
 31
0.0
  0
LINE
  5
11A3
330
17
100
AcDbEntity
  8
0
100
AcDbLine
 10
34.4225
 20
-546.966
 30
0.0
 11
70.7725
 21
-510.616
 31
0.0
  0
LINE
  5
11A4
330
17
100
AcDbEntity
  8
0
100
AcDbLine
 10
178.675
 20
-546.966
 30
0.0
 11
178.675
 21
-434.503
 31
0.0
  0
LINE
  5
11A5
330
17
100
AcDbEntity
  8
0
100
AcDbLine
 10
178.675
 20
-546.966
 30
0.0
 11
142.325
 21
-510.616
 31
0.0
  0
LINE
  5
11A6
330
17
100
AcDbEntity
  8
0
100
AcDbLine
 10
178.675
 20
-434.503
 30
0.0
 11
257.537
 21
-434.503
 31
0.0
  0
LINE
  5
11A7
330
17
100
AcDbEntity
  8
0
100
AcDbLine
 10
178.675
 20
-434.503
 30
0.0
 11
142.325
 21
-398.153
 31
0.0
  0
LINE
  5
11A8
330
17
100
AcDbEntity
  8
0
100
AcDbLine
 10
221.187
 20
-398.153
 30
0.0
 11
257.537
 21
-434.503
 31
0.0
  0
LINE
  5
11A9
330
17
100
AcDbEntity
  8
0
100
AcDbLine
 10
257.537
 20
-322.838
 30
0.0
 11
257.537
 21
-434.503
 31
0.0
  0
LINE
  5
11AA
330
17
100
AcDbEntity
  8
0
100
AcDbLine
 10
233.529
 20
-298.83
 30
0.0
 11
257.537
 21
-322.838
 31
0.0
  0
LINE
  5
11AB
330
17
100
AcDbEntity
  8
0
100
AcDbLine
 10
233.529
 20
-352.741
 30
0.0
 11
233.529
 21
-298.83
 31
0.0
  0
LINE
  5
11AC
330
17
100
AcDbEntity
  8
0
100
AcDbLine
 10
221.187
 20
-365.084
 30
0.0
 11
233.529
 21
-352.741
 31
0.0
  0
LINE
  5
11AD
330
17
100
AcDbEntity
  8
0
100
AcDbLine
 10
218.461
 20
-337.673
 30
0.0
 11
233.529
 21
-352.741
 31
0.0
  0
LINE
  5
11AE
330
17
100
AcDbEntity
  8
0
100
AcDbLine
 10
178.675
 20
-283.946
 30
0.0
 11
178.675
 21
-282.009
 31
0.0
  0
LINE
  5
11AF
330
17
100
AcDbEntity
  8
0
100
AcDbLine
 10
178.675
 20
-281.009
 30
0.0
 11
178.675
 21
-279.072
 31
0.0
  0
LINE
  5
11B0
330
17
100
AcDbEntity
  8
0
100
AcDbLine
 10
178.675
 20
-278.072
 30
0.0
 11
178.675
 21
-276.135
 31
0.0
  0
LINE
  5
11B1
330
17
100
AcDbEntity
  8
0
100
AcDbLine
 10
178.675
 20
-275.135
 30
0.0
 11
178.675
 21
-273.199
 31
0.0
  0
LINE
  5
11B2
330
17
100
AcDbEntity
  8
0
100
AcDbLine
 10
178.675
 20
-272.199
 30
0.0
 11
178.675
 21
-270.262
 31
0.0
  0
LINE
  5
11B3
330
17
100
AcDbEntity
  8
0
100
AcDbLine
 10
178.675
 20
-269.262
 30
0.0
 11
178.675
 21
-267.325
 31
0.0
  0
LINE
  5
11B4
330
17
100
AcDbEntity
  8
0
100
AcDbLine
 10
178.675
 20
-266.325
 30
0.0
 11
178.675
 21
-264.388
 31
0.0
  0
LINE
  5
11B5
330
17
100
AcDbEntity
  8
0
100
AcDbLine
 10
178.675
 20
-263.388
 30
0.0
 11
178.675
 21
-261.451
 31
0.0
  0
LINE
  5
11B6
330
17
100
AcDbEntity
  8
0
100
AcDbLine
 10
178.675
 20
-260.451
 30
0.0
 11
178.675
 21
-258.514
 31
0.0
  0
LINE
  5
11B7
330
17
100
AcDbEntity
  8
0
100
AcDbLine
 10
178.675
 20
-257.514
 30
0.0
 11
178.675
 21
-255.578
 31
0.0
  0
LINE
  5
11B8
330
17
100
AcDbEntity
  8
0
100
AcDbLine
 10
178.675
 20
-254.578
 30
0.0
 11
178.675
 21
-252.641
 31
0.0
  0
LINE
  5
11B9
330
17
100
AcDbEntity
  8
0
100
AcDbLine
 10
178.675
 20
-251.641
 30
0.0
 11
178.675
 21
-249.704
 31
0.0
  0
LINE
  5
11BA
330
17
100
AcDbEntity
  8
0
100
AcDbLine
 10
178.675
 20
-248.704
 30
0.0
 11
178.675
 21
-246.767
 31
0.0
  0
LINE
  5
11BB
330
17
100
AcDbEntity
  8
0
100
AcDbLine
 10
178.675
 20
-245.767
 30
0.0
 11
178.675
 21
-243.83
 31
0.0
  0
LINE
  5
11BC
330
17
100
AcDbEntity
  8
0
100
AcDbLine
 10
178.675
 20
-242.83
 30
0.0
 11
178.675
 21
-240.893
 31
0.0
  0
LINE
  5
11BD
330
17
100
AcDbEntity
  8
0
100
AcDbLine
 10
178.675
 20
-239.893
 30
0.0
 11
178.675
 21
-237.957
 31
0.0
  0
LINE
  5
11BE
330
17
100
AcDbEntity
  8
0
100
AcDbLine
 10
178.675
 20
-236.957
 30
0.0
 11
178.675
 21
-235.02
 31
0.0
  0
LINE
  5
11BF
330
17
100
AcDbEntity
  8
0
100
AcDbLine
 10
178.675
 20
-234.02
 30
0.0
 11
178.675
 21
-232.083
 31
0.0
  0
LINE
  5
11C0
330
17
100
AcDbEntity
  8
0
100
AcDbLine
 10
178.675
 20
-231.083
 30
0.0
 11
178.675
 21
-229.146
 31
0.0
  0
LINE
  5
11C1
330
17
100
AcDbEntity
  8
0
100
AcDbLine
 10
178.675
 20
-228.146
 30
0.0
 11
178.675
 21
-228.114
 31
0.0
  0
LINE
  5
11C2
330
17
100
AcDbEntity
  8
0
100
AcDbLine
 10
169.735
 20
-337.673
 30
0.0
 11
142.325
 21
-365.084
 31
0.0
  0
LINE
  5
11C3
330
17
100
AcDbEntity
  8
0
100
AcDbLine
 10
169.716
 20
-164.655
 30
0.0
 11
142.249
 21
-137.188
 31
0.0
  0
LINE
  5
11C4
330
17
100
AcDbEntity
  8
0
100
AcDbLine
 10
221.592
 20
-211.996
 30
0.0
 11
218.461
 21
-211.996
 31
0.0
  0
LINE
  5
11C5
330
17
100
AcDbEntity
  8
0
100
AcDbLine
 10
218.461
 20
-164.674
 30
0.0
 11
245.871
 21
-137.264
 31
0.0
  0
LINE
  5
11C6
330
17
100
AcDbEntity
  8
0
100
AcDbLine
 10
397.281
 20
-406.993
 30
0.0
 11
397.281
 21
-322.838
 31
0.0
  0
LINE
  5
11C7
330
17
100
AcDbEntity
  8
0
100
AcDbLine
 10
433.685
 20
-286.434
 30
0.0
 11
397.281
 21
-322.838
 31
0.0
  0
LINE
  5
11C8
330
17
100
AcDbEntity
  8
0
100
AcDbLine
 10
397.281
 20
-406.993
 30
0.0
 11
433.631
 21
-370.643
 31
0.0
  0
LINE
  5
11C9
330
17
100
AcDbEntity
  8
0
100
AcDbLine
 10
436.015
 20
-368.259
 30
0.0
 11
436.072
 21
-284.047
 31
0.0
  0
LINE
  5
11CA
330
17
100
AcDbEntity
  8
0
100
AcDbLine
 10
436.072
 20
-284.047
 30
0.0
 11
248.254
 21
-284.104
 31
0.0
  0
LINE
  5
11CB
330
17
100
AcDbEntity
  8
0
100
AcDbLine
 10
248.254
 20
-235.852
 30
0.0
 11
248.254
 21
-284.104
 31
0.0
  0
LINE
  5
11CC
330
17
100
AcDbEntity
  8
0
100
AcDbLine
 10
248.254
 20
-235.852
 30
0.0
 11
245.871
 21
-235.852
 31
0.0
  0
LINE
  5
11CD
330
17
100
AcDbEntity
  8
0
100
AcDbLine
 10
245.871
 20
-286.488
 30
0.0
 11
245.871
 21
-235.852
 31
0.0
  0
LINE
  5
11CE
330
17
100
AcDbEntity
  8
0
100
AcDbLine
 10
245.871
 20
-286.488
 30
0.0
 11
433.685
 21
-286.434
 31
0.0
  0
LINE
  5
11CF
330
17
100
AcDbEntity
  8
0
100
AcDbLine
 10
433.685
 20
-286.434
 30
0.0
 11
433.631
 21
-370.643
 31
0.0
  0
LINE
  5
11D0
330
17
100
AcDbEntity
  8
0
100
AcDbLine
 10
495.725
 20
-370.643
 30
0.0
 11
433.631
 21
-370.643
 31
0.0
  0
LINE
  5
11D1
330
17
100
AcDbEntity
  8
0
100
AcDbLine
 10
495.725
 20
-114.272
 30
0.0
 11
495.725
 21
-370.643
 31
0.0
  0
LINE
  5
11D2
330
17
100
AcDbEntity
  8
0
100
AcDbLine
 10
323.627
 20
-114.196
 30
0.0
 11
495.725
 21
-114.272
 31
0.0
  0
LINE
  5
11D3
330
17
100
AcDbEntity
  8
0
100
AcDbLine
 10
323.627
 20
-114.196
 30
0.0
 11
203.661
 21
-114.196
 31
0.0
  0
LINE
  5
11D4
330
17
100
AcDbEntity
  8
0
100
AcDbLine
 10
70.7725
 20
-114.272
 30
0.0
 11
203.661
 21
-114.196
 31
0.0
  0
LINE
  5
11D5
330
17
100
AcDbEntity
  8
0
100
AcDbLine
 10
70.7725
 20
-510.616
 30
0.0
 11
70.7725
 21
-114.272
 31
0.0
  0
LINE
  5
11D6
330
17
100
AcDbEntity
  8
0
100
AcDbLine
 10
142.325
 20
-510.616
 30
0.0
 11
70.7725
 21
-510.616
 31
0.0
  0
LINE
  5
11D7
330
17
100
AcDbEntity
  8
0
100
AcDbLine
 10
142.325
 20
-510.616
 30
0.0
 11
142.325
 21
-398.153
 31
0.0
  0
LINE
  5
11D8
330
17
100
AcDbEntity
  8
0
100
AcDbLine
 10
221.187
 20
-398.153
 30
0.0
 11
142.325
 21
-398.153
 31
0.0
  0
LINE
  5
11D9
330
17
100
AcDbEntity
  8
0
100
AcDbLine
 10
221.187
 20
-365.084
 30
0.0
 11
221.187
 21
-398.153
 31
0.0
  0
LINE
  5
11DA
330
17
100
AcDbEntity
  8
0
100
AcDbLine
 10
142.325
 20
-365.084
 30
0.0
 11
221.187
 21
-365.084
 31
0.0
  0
LINE
  5
11DB
330
17
100
AcDbEntity
  8
0
100
AcDbLine
 10
142.325
 20
-365.084
 30
0.0
 11
142.249
 21
-137.188
 31
0.0
  0
LINE
  5
11DC
330
17
100
AcDbEntity
  8
0
100
AcDbLine
 10
142.249
 20
-137.188
 30
0.0
 11
245.871
 21
-137.264
 31
0.0
  0
LINE
  5
11DD
330
17
100
AcDbEntity
  8
0
100
AcDbLine
 10
245.871
 20
-211.996
 30
0.0
 11
245.871
 21
-137.264
 31
0.0
  0
LINE
  5
11DE
330
17
100
AcDbEntity
  8
0
100
AcDbLine
 10
245.871
 20
-211.996
 30
0.0
 11
248.254
 21
-211.996
 31
0.0
  0
LINE
  5
11DF
330
17
100
AcDbEntity
  8
0
100
AcDbLine
 10
248.254
 20
-134.88
 30
0.0
 11
248.254
 21
-211.996
 31
0.0
  0
LINE
  5
11E0
330
17
100
AcDbEntity
  8
0
100
AcDbLine
 10
248.254
 20
-134.88
 30
0.0
 11
139.86
 21
-134.799
 31
0.0
  0
LINE
  5
11E1
330
17
100
AcDbEntity
  8
0
100
AcDbLine
 10
139.86
 20
-134.799
 30
0.0
 11
139.941
 21
-367.467
 31
0.0
  0
LINE
  5
11E2
330
17
100
AcDbEntity
  8
0
100
AcDbLine
 10
218.803
 20
-367.467
 30
0.0
 11
139.941
 21
-367.467
 31
0.0
  0
LINE
  5
11E3
330
17
100
AcDbEntity
  8
0
100
AcDbLine
 10
218.803
 20
-367.467
 30
0.0
 11
218.803
 21
-395.769
 31
0.0
  0
LINE
  5
11E4
330
17
100
AcDbEntity
  8
0
100
AcDbLine
 10
139.941
 20
-395.769
 30
0.0
 11
218.803
 21
-395.769
 31
0.0
  0
LINE
  5
11E5
330
17
100
AcDbEntity
  8
0
100
AcDbLine
 10
139.941
 20
-395.769
 30
0.0
 11
139.941
 21
-508.232
 31
0.0
  0
LINE
  5
11E6
330
17
100
AcDbEntity
  8
0
100
AcDbLine
 10
73.156
 20
-508.232
 30
0.0
 11
139.941
 21
-508.232
 31
0.0
  0
LINE
  5
11E7
330
17
100
AcDbEntity
  8
0
100
AcDbLine
 10
73.156
 20
-116.655
 30
0.0
 11
73.156
 21
-508.232
 31
0.0
  0
LINE
  5
11E8
330
17
100
AcDbEntity
  8
0
100
AcDbLine
 10
73.156
 20
-116.655
 30
0.0
 11
214.758
 21
-116.574
 31
0.0
  0
LINE
  5
11E9
330
17
100
AcDbEntity
  8
0
100
AcDbLine
 10
214.758
 20
-116.574
 30
0.0
 11
309.959
 21
-116.574
 31
0.0
  0
LINE
  5
11EA
330
17
100
AcDbEntity
  8
0
100
AcDbLine
 10
309.959
 20
-116.574
 30
0.0
 11
493.342
 21
-116.655
 31
0.0
  0
LINE
  5
11EB
330
17
100
AcDbEntity
  8
0
100
AcDbLine
 10
493.342
 20
-368.259
 30
0.0
 11
493.342
 21
-116.655
 31
0.0
  0
LINE
  5
11EC
330
17
100
AcDbEntity
  8
0
100
AcDbLine
 10
436.015
 20
-368.259
 30
0.0
 11
493.342
 21
-368.259
 31
0.0
  0
LINE
  5
11ED
330
17
100
AcDbEntity
  8
0
100
AcDbLine
 10
418.2
 20
-215.422
 30
0.0
 11
439.355
 21
-215.422
 31
0.0
  0
LINE
  5
11EE
330
17
100
AcDbEntity
  8
0
100
AcDbLine
 10
418.2
 20
-209.422
 30
0.0
 11
439.355
 21
-209.422
 31
0.0
  0
LINE
  5
11EF
330
17
100
AcDbEntity
  8
0
100
AcDbLine
 10
418.2
 20
-203.422
 30
0.0
 11
439.355
 21
-203.422
 31
0.0
  0
LINE
  5
11F0
330
17
100
AcDbEntity
  8
0
100
AcDbLine
 10
403.04
 20
-215.422
 30
0.0
 11
403.04
 21
-233.422
 31
0.0
  0
LINE
  5
11F1
330
17
100
AcDbEntity
  8
0
100
AcDbLine
 10
361.04
 20
-215.422
 30
0.0
 11
361.04
 21
-233.422
 31
0.0
  0
LINE
  5
11F2
330
17
100
AcDbEntity
  8
0
100
AcDbLine
 10
397.04
 20
-215.422
 30
0.0
 11
397.04
 21
-233.422
 31
0.0
  0
LINE
  5
11F3
330
17
100
AcDbEntity
  8
0
100
AcDbLine
 10
355.04
 20
-215.422
 30
0.0
 11
355.04
 21
-233.422
 31
0.0
  0
LINE
  5
11F4
330
17
100
AcDbEntity
  8
0
100
AcDbLine
 10
391.04
 20
-215.422
 30
0.0
 11
391.04
 21
-233.422
 31
0.0
  0
LINE
  5
11F5
330
17
100
AcDbEntity
  8
0
100
AcDbLine
 10
385.04
 20
-215.422
 30
0.0
 11
385.04
 21
-233.422
 31
0.0
  0
LINE
  5
11F6
330
17
100
AcDbEntity
  8
0
100
AcDbLine
 10
379.04
 20
-215.422
 30
0.0
 11
379.04
 21
-233.422
 31
0.0
  0
LINE
  5
11F7
330
17
100
AcDbEntity
  8
0
100
AcDbLine
 10
373.04
 20
-215.422
 30
0.0
 11
373.04
 21
-233.422
 31
0.0
  0
LINE
  5
11F8
330
17
100
AcDbEntity
  8
0
100
AcDbLine
 10
439.28
 20
-215.422
 30
0.0
 11
439.28
 21
-233.422
 31
0.0
  0
LINE
  5
11F9
330
17
100
AcDbEntity
  8
0
100
AcDbLine
 10
409.04
 20
-215.422
 30
0.0
 11
409.04
 21
-233.422
 31
0.0
  0
LINE
  5
11FA
330
17
100
AcDbEntity
  8
0
100
AcDbLine
 10
367.04
 20
-215.422
 30
0.0
 11
367.04
 21
-233.422
 31
0.0
  0
LINE
  5
11FB
330
17
100
AcDbEntity
  8
0
100
AcDbLine
 10
55.90202331542969
 20
-119.9428939819336
 30
0.0
 11
55.90202331542969
 21
-127.8476333618164
 31
0.0
  0
LINE
  5
11FC
330
17
100
AcDbEntity
  8
0
100
AcDbLine
 10
55.90202331542969
 20
-119.93629455566406
 30
0.0
 11
55.90202331542969
 21
-119.9428939819336
 31
0.0
  0
LINE
  5
11FD
330
17
100
AcDbEntity
  8
0
100
AcDbLine
 10
55.90202331542969
 20
-148.81427764892578
 30
0.0
 11
55.90202331542969
 21
-156.72561645507812
 31
0.0
  0
LINE
  5
11FE
330
17
100
AcDbEntity
  8
0
100
AcDbLine
 10
55.90202331542969
 20
-147.81585693359375
 30
0.0
 11
55.90202331542969
 21
-147.81475067138672
 31
0.0
  0
LINE
  5
11FF
330
17
100
AcDbEntity
  8
0
100
AcDbLine
 10
55.90202331542969
 20
-138.85074615478516
 30
0.0
 11
55.90202331542969
 21
-147.81475067138672
 31
0.0
  0
LINE
  5
1200
330
17
100
AcDbEntity
  8
0
100
AcDbLine
 10
55.90202331542969
 20
-138.83014678955078
 30
0.0
 11
55.90202331542969
 21
-138.85074615478516
 31
0.0
  0
LINE
  5
1201
330
17
100
AcDbEntity
  8
0
100
AcDbLine
 10
55.90202331542969
 20
-128.84601593017578
 30
0.0
 11
55.90202331542969
 21
-137.80223846435547
 31
0.0
  0
LINE
  5
1202
330
17
100
AcDbEntity
  8
0
100
AcDbLine
 10
55.90202331542969
 20
-137.83172607421875
 30
0.0
 11
55.90202331542969
 21
-137.80223846435547
 31
0.0
  0
LINE
  5
1203
330
17
100
AcDbEntity
  8
0
100
AcDbLine
 10
55.90202331542969
 20
-128.84601593017578
 30
0.0
 11
55.41170120239258
 21
-128.84601593017578
 31
0.0
  0
LINE
  5
1204
330
17
100
AcDbEntity
  8
0
100
AcDbLine
 10
55.90362548828125
 20
-128.84601593017578
 30
0.0
 11
55.90202331542969
 21
-128.84601593017578
 31
0.0
  0
LINE
  5
1205
330
17
100
AcDbEntity
  8
0
100
AcDbLine
 10
55.41128158569336
 20
-137.83172607421875
 30
0.0
 11
55.90202331542969
 21
-137.83172607421875
 31
0.0
  0
LINE
  5
1206
330
17
100
AcDbEntity
  8
0
100
AcDbLine
 10
55.90202331542969
 20
-137.83172607421875
 30
0.0
 11
55.90320587158203
 21
-137.83172607421875
 31
0.0
  0
LINE
  5
1207
330
17
100
AcDbEntity
  8
0
100
AcDbLine
 10
55.41191101074219
 20
-127.8476333618164
 30
0.0
 11
55.90202331542969
 21
-127.8476333618164
 31
0.0
  0
LINE
  5
1208
330
17
100
AcDbEntity
  8
0
100
AcDbLine
 10
55.90202331542969
 20
-127.8476333618164
 30
0.0
 11
55.90383529663086
 21
-127.8476333618164
 31
0.0
  0
LINE
  5
1209
330
17
100
AcDbEntity
  8
0
100
AcDbLine
 10
55.41149139404297
 20
-119.93629455566406
 30
0.0
 11
55.90202331542969
 21
-119.93629455566406
 31
0.0
  0
LINE
  5
120A
330
17
100
AcDbEntity
  8
0
100
AcDbLine
 10
55.90343475341797
 20
-119.9362564086914
 30
0.0
 11
55.90202331542969
 21
-119.93629455566406
 31
0.0
  0
LINE
  5
120B
330
17
100
AcDbEntity
  8
0
100
AcDbLine
 10
55.90343475341797
 20
-156.72561645507812
 30
0.0
 11
55.90202331542969
 21
-156.72561645507812
 31
0.0
  0
LINE
  5
120C
330
17
100
AcDbEntity
  8
0
100
AcDbLine
 10
55.90202331542969
 20
-156.72561645507812
 30
0.0
 11
55.41149139404297
 21
-156.72561645507812
 31
0.0
  0
LINE
  5
120D
330
17
100
AcDbEntity
  8
0
100
AcDbLine
 10
55.41149139404297
 20
-148.81427764892578
 30
0.0
 11
55.90202331542969
 21
-148.81427764892578
 31
0.0
  0
LINE
  5
120E
330
17
100
AcDbEntity
  8
0
100
AcDbLine
 10
55.90202331542969
 20
-148.81427764892578
 30
0.0
 11
55.90343475341797
 21
-148.81427764892578
 31
0.0
  0
LINE
  5
120F
330
17
100
AcDbEntity
  8
0
100
AcDbLine
 10
55.411338806152344
 20
-147.81585693359375
 30
0.0
 11
55.90202331542969
 21
-147.81585693359375
 31
0.0
  0
LINE
  5
1210
330
17
100
AcDbEntity
  8
0
100
AcDbLine
 10
55.90202331542969
 20
-147.81585693359375
 30
0.0
 11
55.903282165527344
 21
-147.81585693359375
 31
0.0
  0
LINE
  5
1211
330
17
100
AcDbEntity
  8
0
100
AcDbLine
 10
55.41128158569336
 20
-138.83014678955078
 30
0.0
 11
55.90202331542969
 21
-138.83014678955078
 31
0.0
  0
LINE
  5
1212
330
17
100
AcDbEntity
  8
0
100
AcDbLine
 10
55.90202331542969
 20
-138.83014678955078
 30
0.0
 11
55.90320587158203
 21
-138.83014678955078
 31
0.0
  0
LINE
  5
1213
330
17
100
AcDbEntity
  8
0
100
AcDbLine
 10
56.39396667480469
 20
-118.38912963867188
 30
0.0
 11
56.39396667480469
 21
-118.38932037353516
 31
0.0
  0
LINE
  5
1214
330
17
100
AcDbEntity
  8
0
100
AcDbLine
 10
56.39396667480469
 20
-118.38871002197266
 30
0.0
 11
56.39396667480469
 21
-118.38912963867188
 31
0.0
  0
LINE
  5
1215
330
17
100
AcDbEntity
  8
0
100
AcDbLine
 10
56.39396667480469
 20
-118.3853530883789
 30
0.0
 11
56.39396667480469
 21
-118.38871002197266
 31
0.0
  0
LINE
  5
1216
330
17
100
AcDbEntity
  8
0
100
AcDbLine
 10
56.39396667480469
 20
-118.3853530883789
 30
0.0
 11
55.41120529174805
 21
-118.3853530883789
 31
0.0
  0
LINE
  5
1217
330
17
100
AcDbEntity
  8
0
100
AcDbLine
 10
55.41120529174805
 20
-158.27651977539062
 30
0.0
 11
56.39396667480469
 21
-158.27651977539062
 31
0.0
  0
LINE
  5
1218
330
17
100
AcDbEntity
  8
0
100
AcDbLine
 10
56.39396667480469
 20
-158.27259063720703
 30
0.0
 11
56.39396667480469
 21
-158.27651977539062
 31
0.0
  0
LINE
  5
1219
330
17
100
AcDbEntity
  8
0
100
AcDbLine
 10
56.39396667480469
 20
-156.72561645507812
 30
0.0
 11
55.90343475341797
 21
-156.72561645507812
 31
0.0
  0
LINE
  5
121A
330
17
100
AcDbEntity
  8
0
100
AcDbLine
 10
56.39396667480469
 20
-156.72561645507812
 30
0.0
 11
56.39396667480469
 21
-158.2720947265625
 31
0.0
  0
LINE
  5
121B
330
17
100
AcDbEntity
  8
0
100
AcDbLine
 10
56.39396667480469
 20
-158.2720947265625
 30
0.0
 11
56.39396667480469
 21
-158.27259063720703
 31
0.0
  0
LINE
  5
121C
330
17
100
AcDbEntity
  8
0
100
AcDbLine
 10
55.90343475341797
 20
-148.81427764892578
 30
0.0
 11
56.39396667480469
 21
-148.81427764892578
 31
0.0
  0
LINE
  5
121D
330
17
100
AcDbEntity
  8
0
100
AcDbLine
 10
56.39396667480469
 20
-148.81427764892578
 30
0.0
 11
56.39396667480469
 21
-147.81871795654297
 31
0.0
  0
LINE
  5
121E
330
17
100
AcDbEntity
  8
0
100
AcDbLine
 10
56.39396667480469
 20
-147.81585693359375
 30
0.0
 11
56.39396667480469
 21
-147.81871795654297
 31
0.0
  0
LINE
  5
121F
330
17
100
AcDbEntity
  8
0
100
AcDbLine
 10
55.903282165527344
 20
-147.81585693359375
 30
0.0
 11
56.39396667480469
 21
-147.81585693359375
 31
0.0
  0
LINE
  5
1220
330
17
100
AcDbEntity
  8
0
100
AcDbLine
 10
56.39396667480469
 20
-118.38932037353516
 30
0.0
 11
56.39396667480469
 21
-118.38981628417969
 31
0.0
  0
LINE
  5
1221
330
17
100
AcDbEntity
  8
0
100
AcDbLine
 10
56.39396667480469
 20
-118.38981628417969
 30
0.0
 11
56.39396667480469
 21
-119.93629455566406
 31
0.0
  0
LINE
  5
1222
330
17
100
AcDbEntity
  8
0
100
AcDbLine
 10
55.90343475341797
 20
-119.9362564086914
 30
0.0
 11
56.39396667480469
 21
-119.93629455566406
 31
0.0
  0
LINE
  5
1223
330
17
100
AcDbEntity
  8
0
100
AcDbLine
 10
55.90320587158203
 20
-137.83172607421875
 30
0.0
 11
56.39396667480469
 21
-137.83172607421875
 31
0.0
  0
LINE
  5
1224
330
17
100
AcDbEntity
  8
0
100
AcDbLine
 10
55.90320587158203
 20
-138.83014678955078
 30
0.0
 11
56.39396667480469
 21
-138.83014678955078
 31
0.0
  0
LINE
  5
1225
330
17
100
AcDbEntity
  8
0
100
AcDbLine
 10
56.39396667480469
 20
-138.83014678955078
 30
0.0
 11
56.39396667480469
 21
-138.82774353027344
 31
0.0
  0
LINE
  5
1226
330
17
100
AcDbEntity
  8
0
100
AcDbLine
 10
56.39396667480469
 20
-138.82774353027344
 30
0.0
 11
56.39396667480469
 21
-137.83172607421875
 31
0.0
  0
LINE
  5
1227
330
17
100
AcDbEntity
  8
0
100
AcDbLine
 10
55.90383529663086
 20
-127.8476333618164
 30
0.0
 11
56.39396667480469
 21
-127.8476333618164
 31
0.0
  0
LINE
  5
1228
330
17
100
AcDbEntity
  8
0
100
AcDbLine
 10
56.39396667480469
 20
-128.84601593017578
 30
0.0
 11
55.90362548828125
 21
-128.84601593017578
 31
0.0
  0
LINE
  5
1229
330
17
100
AcDbEntity
  8
0
100
AcDbLine
 10
56.39396667480469
 20
-128.84235382080078
 30
0.0
 11
56.39396667480469
 21
-128.84601593017578
 31
0.0
  0
LINE
  5
122A
330
17
100
AcDbEntity
  8
0
100
AcDbLine
 10
56.39396667480469
 20
-128.84235382080078
 30
0.0
 11
56.39396667480469
 21
-127.8476333618164
 31
0.0
  0
LINE
  5
122B
330
17
100
AcDbEntity
  8
0
100
AcDbLine
 10
55.41007995605469
 20
-158.27651977539062
 30
0.0
 11
55.41007995605469
 21
-158.27259063720703
 31
0.0
  0
LINE
  5
122C
330
17
100
AcDbEntity
  8
0
100
AcDbLine
 10
55.41120529174805
 20
-158.27651977539062
 30
0.0
 11
55.41007995605469
 21
-158.27651977539062
 31
0.0
  0
LINE
  5
122D
330
17
100
AcDbEntity
  8
0
100
AcDbLine
 10
55.41007995605469
 20
-118.38932037353516
 30
0.0
 11
55.41007995605469
 21
-118.38912963867188
 31
0.0
  0
LINE
  5
122E
330
17
100
AcDbEntity
  8
0
100
AcDbLine
 10
55.41007995605469
 20
-118.3853530883789
 30
0.0
 11
55.41120529174805
 21
-118.3853530883789
 31
0.0
  0
LINE
  5
122F
330
17
100
AcDbEntity
  8
0
100
AcDbLine
 10
55.41007995605469
 20
-118.38871002197266
 30
0.0
 11
55.41007995605469
 21
-118.3853530883789
 31
0.0
  0
LINE
  5
1230
330
17
100
AcDbEntity
  8
0
100
AcDbLine
 10
55.41007995605469
 20
-118.38912963867188
 30
0.0
 11
55.41007995605469
 21
-118.38871002197266
 31
0.0
  0
LINE
  5
1231
330
17
100
AcDbEntity
  8
0
100
AcDbLine
 10
55.41007995605469
 20
-156.72561645507812
 30
0.0
 11
55.41149139404297
 21
-156.72561645507812
 31
0.0
  0
LINE
  5
1232
330
17
100
AcDbEntity
  8
0
100
AcDbLine
 10
55.41007995605469
 20
-156.72561645507812
 30
0.0
 11
55.41007995605469
 21
-158.2720947265625
 31
0.0
  0
LINE
  5
1233
330
17
100
AcDbEntity
  8
0
100
AcDbLine
 10
55.41007995605469
 20
-158.27259063720703
 30
0.0
 11
55.41007995605469
 21
-158.2720947265625
 31
0.0
  0
LINE
  5
1234
330
17
100
AcDbEntity
  8
0
100
AcDbLine
 10
55.41007995605469
 20
-148.81427764892578
 30
0.0
 11
55.41149139404297
 21
-148.81427764892578
 31
0.0
  0
LINE
  5
1235
330
17
100
AcDbEntity
  8
0
100
AcDbLine
 10
55.41007995605469
 20
-147.81585693359375
 30
0.0
 11
55.411338806152344
 21
-147.81585693359375
 31
0.0
  0
LINE
  5
1236
330
17
100
AcDbEntity
  8
0
100
AcDbLine
 10
55.41007995605469
 20
-147.81871795654297
 30
0.0
 11
55.41007995605469
 21
-147.81585693359375
 31
0.0
  0
LINE
  5
1237
330
17
100
AcDbEntity
  8
0
100
AcDbLine
 10
55.41007995605469
 20
-147.81871795654297
 30
0.0
 11
55.41007995605469
 21
-148.81427764892578
 31
0.0
  0
LINE
  5
1238
330
17
100
AcDbEntity
  8
0
100
AcDbLine
 10
55.41007995605469
 20
-118.38981628417969
 30
0.0
 11
55.41007995605469
 21
-118.38932037353516
 31
0.0
  0
LINE
  5
1239
330
17
100
AcDbEntity
  8
0
100
AcDbLine
 10
55.41007995605469
 20
-118.38981628417969
 30
0.0
 11
55.41007995605469
 21
-119.93629455566406
 31
0.0
  0
LINE
  5
123A
330
17
100
AcDbEntity
  8
0
100
AcDbLine
 10
55.41149139404297
 20
-119.93629455566406
 30
0.0
 11
55.41007995605469
 21
-119.93629455566406
 31
0.0
  0
LINE
  5
123B
330
17
100
AcDbEntity
  8
0
100
AcDbLine
 10
55.41007995605469
 20
-137.83172607421875
 30
0.0
 11
55.41128158569336
 21
-137.83172607421875
 31
0.0
  0
LINE
  5
123C
330
17
100
AcDbEntity
  8
0
100
AcDbLine
 10
55.41007995605469
 20
-138.83014678955078
 30
0.0
 11
55.41128158569336
 21
-138.83014678955078
 31
0.0
  0
LINE
  5
123D
330
17
100
AcDbEntity
  8
0
100
AcDbLine
 10
55.41007995605469
 20
-138.83014678955078
 30
0.0
 11
55.41007995605469
 21
-137.8341293334961
 31
0.0
  0
LINE
  5
123E
330
17
100
AcDbEntity
  8
0
100
AcDbLine
 10
55.41007995605469
 20
-137.8341293334961
 30
0.0
 11
55.41007995605469
 21
-137.83172607421875
 31
0.0
  0
LINE
  5
123F
330
17
100
AcDbEntity
  8
0
100
AcDbLine
 10
55.41170120239258
 20
-128.84601593017578
 30
0.0
 11
55.41007995605469
 21
-128.84601593017578
 31
0.0
  0
LINE
  5
1240
330
17
100
AcDbEntity
  8
0
100
AcDbLine
 10
55.41007995605469
 20
-128.84601593017578
 30
0.0
 11
55.41007995605469
 21
-128.84235382080078
 31
0.0
  0
LINE
  5
1241
330
17
100
AcDbEntity
  8
0
100
AcDbLine
 10
55.41007995605469
 20
-127.8476333618164
 30
0.0
 11
55.41007995605469
 21
-128.84235382080078
 31
0.0
  0
LINE
  5
1242
330
17
100
AcDbEntity
  8
0
100
AcDbLine
 10
55.41007995605469
 20
-127.8476333618164
 30
0.0
 11
55.41191101074219
 21
-127.8476333618164
 31
0.0
  0
LINE
  5
1243
330
17
100
AcDbEntity
  8
0
100
AcDbLine
 10
55.90202331542969
 20
-353.5071563720703
 30
0.0
 11
55.90202331542969
 21
-361.41185760498047
 31
0.0
  0
LINE
  5
1244
330
17
100
AcDbEntity
  8
0
100
AcDbLine
 10
55.90202331542969
 20
-353.5005187988281
 30
0.0
 11
55.90202331542969
 21
-353.5071563720703
 31
0.0
  0
LINE
  5
1245
330
17
100
AcDbEntity
  8
0
100
AcDbLine
 10
55.90202331542969
 20
-382.3785209655762
 30
0.0
 11
55.90202331542969
 21
-390.2898597717285
 31
0.0
  0
LINE
  5
1246
330
17
100
AcDbEntity
  8
0
100
AcDbLine
 10
55.90202331542969
 20
-381.38010025024414
 30
0.0
 11
55.90202331542969
 21
-381.3789939880371
 31
0.0
  0
LINE
  5
1247
330
17
100
AcDbEntity
  8
0
100
AcDbLine
 10
55.90202331542969
 20
-372.41498947143555
 30
0.0
 11
55.90202331542969
 21
-381.3789939880371
 31
0.0
  0
LINE
  5
1248
330
17
100
AcDbEntity
  8
0
100
AcDbLine
 10
55.90202331542969
 20
-372.3943901062012
 30
0.0
 11
55.90202331542969
 21
-372.41498947143555
 31
0.0
  0
LINE
  5
1249
330
17
100
AcDbEntity
  8
0
100
AcDbLine
 10
55.90202331542969
 20
-362.4102783203125
 30
0.0
 11
55.90202331542969
 21
-371.3665008544922
 31
0.0
  0
LINE
  5
124A
330
17
100
AcDbEntity
  8
0
100
AcDbLine
 10
55.90202331542969
 20
-371.39598846435547
 30
0.0
 11
55.90202331542969
 21
-371.3665008544922
 31
0.0
  0
LINE
  5
124B
330
17
100
AcDbEntity
  8
0
100
AcDbLine
 10
55.90202331542969
 20
-362.4102783203125
 30
0.0
 11
55.41170120239258
 21
-362.4102783203125
 31
0.0
  0
LINE
  5
124C
330
17
100
AcDbEntity
  8
0
100
AcDbLine
 10
55.90362548828125
 20
-362.4102783203125
 30
0.0
 11
55.90202331542969
 21
-362.4102783203125
 31
0.0
  0
LINE
  5
124D
330
17
100
AcDbEntity
  8
0
100
AcDbLine
 10
55.41128158569336
 20
-371.39598846435547
 30
0.0
 11
55.90202331542969
 21
-371.39598846435547
 31
0.0
  0
LINE
  5
124E
330
17
100
AcDbEntity
  8
0
100
AcDbLine
 10
55.90202331542969
 20
-371.39598846435547
 30
0.0
 11
55.90320587158203
 21
-371.39598846435547
 31
0.0
  0
LINE
  5
124F
330
17
100
AcDbEntity
  8
0
100
AcDbLine
 10
55.41191101074219
 20
-361.41185760498047
 30
0.0
 11
55.90202331542969
 21
-361.41185760498047
 31
0.0
  0
LINE
  5
1250
330
17
100
AcDbEntity
  8
0
100
AcDbLine
 10
55.90202331542969
 20
-361.41185760498047
 30
0.0
 11
55.90383529663086
 21
-361.41185760498047
 31
0.0
  0
LINE
  5
1251
330
17
100
AcDbEntity
  8
0
100
AcDbLine
 10
55.41149139404297
 20
-353.5005187988281
 30
0.0
 11
55.90202331542969
 21
-353.5005187988281
 31
0.0
  0
LINE
  5
1252
330
17
100
AcDbEntity
  8
0
100
AcDbLine
 10
55.90343475341797
 20
-353.5005187988281
 30
0.0
 11
55.90202331542969
 21
-353.5005187988281
 31
0.0
  0
LINE
  5
1253
330
17
100
AcDbEntity
  8
0
100
AcDbLine
 10
55.90343475341797
 20
-390.2898597717285
 30
0.0
 11
55.90202331542969
 21
-390.2898597717285
 31
0.0
  0
LINE
  5
1254
330
17
100
AcDbEntity
  8
0
100
AcDbLine
 10
55.90202331542969
 20
-390.2898597717285
 30
0.0
 11
55.41149139404297
 21
-390.2898597717285
 31
0.0
  0
LINE
  5
1255
330
17
100
AcDbEntity
  8
0
100
AcDbLine
 10
55.41149139404297
 20
-382.3785209655762
 30
0.0
 11
55.90202331542969
 21
-382.3785209655762
 31
0.0
  0
LINE
  5
1256
330
17
100
AcDbEntity
  8
0
100
AcDbLine
 10
55.90202331542969
 20
-382.3785209655762
 30
0.0
 11
55.90343475341797
 21
-382.3785209655762
 31
0.0
  0
LINE
  5
1257
330
17
100
AcDbEntity
  8
0
100
AcDbLine
 10
55.411338806152344
 20
-381.38010025024414
 30
0.0
 11
55.90202331542969
 21
-381.38010025024414
 31
0.0
  0
LINE
  5
1258
330
17
100
AcDbEntity
  8
0
100
AcDbLine
 10
55.90202331542969
 20
-381.38010025024414
 30
0.0
 11
55.903282165527344
 21
-381.38010025024414
 31
0.0
  0
LINE
  5
1259
330
17
100
AcDbEntity
  8
0
100
AcDbLine
 10
55.41128158569336
 20
-372.3943901062012
 30
0.0
 11
55.90202331542969
 21
-372.3943901062012
 31
0.0
  0
LINE
  5
125A
330
17
100
AcDbEntity
  8
0
100
AcDbLine
 10
55.90202331542969
 20
-372.3943901062012
 30
0.0
 11
55.90320587158203
 21
-372.3943901062012
 31
0.0
  0
LINE
  5
125B
330
17
100
AcDbEntity
  8
0
100
AcDbLine
 10
56.39396667480469
 20
-351.95335388183594
 30
0.0
 11
56.39396667480469
 21
-351.9535446166992
 31
0.0
  0
LINE
  5
125C
330
17
100
AcDbEntity
  8
0
100
AcDbLine
 10
56.39396667480469
 20
-351.9529342651367
 30
0.0
 11
56.39396667480469
 21
-351.95335388183594
 31
0.0
  0
LINE
  5
125D
330
17
100
AcDbEntity
  8
0
100
AcDbLine
 10
56.39396667480469
 20
-351.9496154785156
 30
0.0
 11
56.39396667480469
 21
-351.9529342651367
 31
0.0
  0
LINE
  5
125E
330
17
100
AcDbEntity
  8
0
100
AcDbLine
 10
56.39396667480469
 20
-351.9496154785156
 30
0.0
 11
55.41120529174805
 21
-351.9496154785156
 31
0.0
  0
LINE
  5
125F
330
17
100
AcDbEntity
  8
0
100
AcDbLine
 10
55.41120529174805
 20
-391.840763092041
 30
0.0
 11
56.39396667480469
 21
-391.840763092041
 31
0.0
  0
LINE
  5
1260
330
17
100
AcDbEntity
  8
0
100
AcDbLine
 10
56.39396667480469
 20
-391.8368148803711
 30
0.0
 11
56.39396667480469
 21
-391.840763092041
 31
0.0
  0
LINE
  5
1261
330
17
100
AcDbEntity
  8
0
100
AcDbLine
 10
56.39396667480469
 20
-390.2898597717285
 30
0.0
 11
55.90343475341797
 21
-390.2898597717285
 31
0.0
  0
LINE
  5
1262
330
17
100
AcDbEntity
  8
0
100
AcDbLine
 10
56.39396667480469
 20
-390.2898597717285
 30
0.0
 11
56.39396667480469
 21
-391.83631896972656
 31
0.0
  0
LINE
  5
1263
330
17
100
AcDbEntity
  8
0
100
AcDbLine
 10
56.39396667480469
 20
-391.83631896972656
 30
0.0
 11
56.39396667480469
 21
-391.8368148803711
 31
0.0
  0
LINE
  5
1264
330
17
100
AcDbEntity
  8
0
100
AcDbLine
 10
55.90343475341797
 20
-382.3785209655762
 30
0.0
 11
56.39396667480469
 21
-382.3785209655762
 31
0.0
  0
LINE
  5
1265
330
17
100
AcDbEntity
  8
0
100
AcDbLine
 10
56.39396667480469
 20
-382.3785209655762
 30
0.0
 11
56.39396667480469
 21
-381.38296127319336
 31
0.0
  0
LINE
  5
1266
330
17
100
AcDbEntity
  8
0
100
AcDbLine
 10
56.39396667480469
 20
-381.38010025024414
 30
0.0
 11
56.39396667480469
 21
-381.38296127319336
 31
0.0
  0
LINE
  5
1267
330
17
100
AcDbEntity
  8
0
100
AcDbLine
 10
55.903282165527344
 20
-381.38010025024414
 30
0.0
 11
56.39396667480469
 21
-381.38010025024414
 31
0.0
  0
LINE
  5
1268
330
17
100
AcDbEntity
  8
0
100
AcDbLine
 10
56.39396667480469
 20
-351.9535446166992
 30
0.0
 11
56.39396667480469
 21
-351.95404052734375
 31
0.0
  0
LINE
  5
1269
330
17
100
AcDbEntity
  8
0
100
AcDbLine
 10
56.39396667480469
 20
-351.95404052734375
 30
0.0
 11
56.39396667480469
 21
-353.5005187988281
 31
0.0
  0
LINE
  5
126A
330
17
100
AcDbEntity
  8
0
100
AcDbLine
 10
55.90343475341797
 20
-353.5005187988281
 30
0.0
 11
56.39396667480469
 21
-353.5005187988281
 31
0.0
  0
LINE
  5
126B
330
17
100
AcDbEntity
  8
0
100
AcDbLine
 10
55.90320587158203
 20
-371.39598846435547
 30
0.0
 11
56.39396667480469
 21
-371.39598846435547
 31
0.0
  0
LINE
  5
126C
330
17
100
AcDbEntity
  8
0
100
AcDbLine
 10
55.90320587158203
 20
-372.3943901062012
 30
0.0
 11
56.39396667480469
 21
-372.3943901062012
 31
0.0
  0
LINE
  5
126D
330
17
100
AcDbEntity
  8
0
100
AcDbLine
 10
56.39396667480469
 20
-372.3943901062012
 30
0.0
 11
56.39396667480469
 21
-372.3919868469238
 31
0.0
  0
LINE
  5
126E
330
17
100
AcDbEntity
  8
0
100
AcDbLine
 10
56.39396667480469
 20
-372.3919868469238
 30
0.0
 11
56.39396667480469
 21
-371.39598846435547
 31
0.0
  0
LINE
  5
126F
330
17
100
AcDbEntity
  8
0
100
AcDbLine
 10
55.90383529663086
 20
-361.41185760498047
 30
0.0
 11
56.39396667480469
 21
-361.41185760498047
 31
0.0
  0
LINE
  5
1270
330
17
100
AcDbEntity
  8
0
100
AcDbLine
 10
56.39396667480469
 20
-362.4102783203125
 30
0.0
 11
55.90362548828125
 21
-362.4102783203125
 31
0.0
  0
LINE
  5
1271
330
17
100
AcDbEntity
  8
0
100
AcDbLine
 10
56.39396667480469
 20
-362.40657806396484
 30
0.0
 11
56.39396667480469
 21
-362.4102783203125
 31
0.0
  0
LINE
  5
1272
330
17
100
AcDbEntity
  8
0
100
AcDbLine
 10
56.39396667480469
 20
-362.40657806396484
 30
0.0
 11
56.39396667480469
 21
-361.41185760498047
 31
0.0
  0
LINE
  5
1273
330
17
100
AcDbEntity
  8
0
100
AcDbLine
 10
55.41007995605469
 20
-391.840763092041
 30
0.0
 11
55.41007995605469
 21
-391.8368148803711
 31
0.0
  0
LINE
  5
1274
330
17
100
AcDbEntity
  8
0
100
AcDbLine
 10
55.41120529174805
 20
-391.840763092041
 30
0.0
 11
55.41007995605469
 21
-391.840763092041
 31
0.0
  0
LINE
  5
1275
330
17
100
AcDbEntity
  8
0
100
AcDbLine
 10
55.41007995605469
 20
-351.9535446166992
 30
0.0
 11
55.41007995605469
 21
-351.95335388183594
 31
0.0
  0
LINE
  5
1276
330
17
100
AcDbEntity
  8
0
100
AcDbLine
 10
55.41007995605469
 20
-351.9496154785156
 30
0.0
 11
55.41120529174805
 21
-351.9496154785156
 31
0.0
  0
LINE
  5
1277
330
17
100
AcDbEntity
  8
0
100
AcDbLine
 10
55.41007995605469
 20
-351.9529342651367
 30
0.0
 11
55.41007995605469
 21
-351.9496154785156
 31
0.0
  0
LINE
  5
1278
330
17
100
AcDbEntity
  8
0
100
AcDbLine
 10
55.41007995605469
 20
-351.95335388183594
 30
0.0
 11
55.41007995605469
 21
-351.9529342651367
 31
0.0
  0
LINE
  5
1279
330
17
100
AcDbEntity
  8
0
100
AcDbLine
 10
55.41007995605469
 20
-390.2898597717285
 30
0.0
 11
55.41149139404297
 21
-390.2898597717285
 31
0.0
  0
LINE
  5
127A
330
17
100
AcDbEntity
  8
0
100
AcDbLine
 10
55.41007995605469
 20
-390.2898597717285
 30
0.0
 11
55.41007995605469
 21
-391.83631896972656
 31
0.0
  0
LINE
  5
127B
330
17
100
AcDbEntity
  8
0
100
AcDbLine
 10
55.41007995605469
 20
-391.8368148803711
 30
0.0
 11
55.41007995605469
 21
-391.83631896972656
 31
0.0
  0
LINE
  5
127C
330
17
100
AcDbEntity
  8
0
100
AcDbLine
 10
55.41007995605469
 20
-382.3785209655762
 30
0.0
 11
55.41149139404297
 21
-382.3785209655762
 31
0.0
  0
LINE
  5
127D
330
17
100
AcDbEntity
  8
0
100
AcDbLine
 10
55.41007995605469
 20
-381.38010025024414
 30
0.0
 11
55.411338806152344
 21
-381.38010025024414
 31
0.0
  0
LINE
  5
127E
330
17
100
AcDbEntity
  8
0
100
AcDbLine
 10
55.41007995605469
 20
-381.38296127319336
 30
0.0
 11
55.41007995605469
 21
-381.38010025024414
 31
0.0
  0
LINE
  5
127F
330
17
100
AcDbEntity
  8
0
100
AcDbLine
 10
55.41007995605469
 20
-381.38296127319336
 30
0.0
 11
55.41007995605469
 21
-382.3785209655762
 31
0.0
  0
LINE
  5
1280
330
17
100
AcDbEntity
  8
0
100
AcDbLine
 10
55.41007995605469
 20
-351.95404052734375
 30
0.0
 11
55.41007995605469
 21
-351.9535446166992
 31
0.0
  0
LINE
  5
1281
330
17
100
AcDbEntity
  8
0
100
AcDbLine
 10
55.41007995605469
 20
-351.95404052734375
 30
0.0
 11
55.41007995605469
 21
-353.5005187988281
 31
0.0
  0
LINE
  5
1282
330
17
100
AcDbEntity
  8
0
100
AcDbLine
 10
55.41149139404297
 20
-353.5005187988281
 30
0.0
 11
55.41007995605469
 21
-353.5005187988281
 31
0.0
  0
LINE
  5
1283
330
17
100
AcDbEntity
  8
0
100
AcDbLine
 10
55.41007995605469
 20
-371.39598846435547
 30
0.0
 11
55.41128158569336
 21
-371.39598846435547
 31
0.0
  0
LINE
  5
1284
330
17
100
AcDbEntity
  8
0
100
AcDbLine
 10
55.41007995605469
 20
-372.3943901062012
 30
0.0
 11
55.41128158569336
 21
-372.3943901062012
 31
0.0
  0
LINE
  5
1285
330
17
100
AcDbEntity
  8
0
100
AcDbLine
 10
55.41007995605469
 20
-372.3943901062012
 30
0.0
 11
55.41007995605469
 21
-371.3983917236328
 31
0.0
  0
LINE
  5
1286
330
17
100
AcDbEntity
  8
0
100
AcDbLine
 10
55.41007995605469
 20
-371.3983917236328
 30
0.0
 11
55.41007995605469
 21
-371.39598846435547
 31
0.0
  0
LINE
  5
1287
330
17
100
AcDbEntity
  8
0
100
AcDbLine
 10
55.41170120239258
 20
-362.4102783203125
 30
0.0
 11
55.41007995605469
 21
-362.4102783203125
 31
0.0
  0
LINE
  5
1288
330
17
100
AcDbEntity
  8
0
100
AcDbLine
 10
55.41007995605469
 20
-362.4102783203125
 30
0.0
 11
55.41007995605469
 21
-362.40657806396484
 31
0.0
  0
LINE
  5
1289
330
17
100
AcDbEntity
  8
0
100
AcDbLine
 10
55.41007995605469
 20
-361.41185760498047
 30
0.0
 11
55.41007995605469
 21
-362.40657806396484
 31
0.0
  0
LINE
  5
128A
330
17
100
AcDbEntity
  8
0
100
AcDbLine
 10
55.41007995605469
 20
-361.41185760498047
 30
0.0
 11
55.41191101074219
 21
-361.41185760498047
 31
0.0
  0
LINE
  5
128B
330
17
100
AcDbEntity
  8
0
100
AcDbLine
 10
507.70416259765625
 20
-180.26031494140625
 30
0.0
 11
507.70416259765625
 21
-172.35557556152344
 31
0.0
  0
LINE
  5
128C
330
17
100
AcDbEntity
  8
0
100
AcDbLine
 10
507.70416259765625
 20
-180.26691436767578
 30
0.0
 11
507.70416259765625
 21
-180.26031494140625
 31
0.0
  0
LINE
  5
128D
330
17
100
AcDbEntity
  8
0
100
AcDbLine
 10
507.70416259765625
 20
-151.38893127441406
 30
0.0
 11
507.70416259765625
 21
-143.47759246826172
 31
0.0
  0
LINE
  5
128E
330
17
100
AcDbEntity
  8
0
100
AcDbLine
 10
507.70416259765625
 20
-152.3873519897461
 30
0.0
 11
507.70416259765625
 21
-152.38845825195312
 31
0.0
  0
LINE
  5
128F
330
17
100
AcDbEntity
  8
0
100
AcDbLine
 10
507.70416259765625
 20
-161.3524627685547
 30
0.0
 11
507.70416259765625
 21
-152.38845825195312
 31
0.0
  0
LINE
  5
1290
330
17
100
AcDbEntity
  8
0
100
AcDbLine
 10
507.70416259765625
 20
-161.37306213378906
 30
0.0
 11
507.70416259765625
 21
-161.3524627685547
 31
0.0
  0
LINE
  5
1291
330
17
100
AcDbEntity
  8
0
100
AcDbLine
 10
507.70416259765625
 20
-171.35719299316406
 30
0.0
 11
507.70416259765625
 21
-162.40097045898438
 31
0.0
  0
LINE
  5
1292
330
17
100
AcDbEntity
  8
0
100
AcDbLine
 10
507.70416259765625
 20
-162.3714828491211
 30
0.0
 11
507.70416259765625
 21
-162.40097045898438
 31
0.0
  0
LINE
  5
1293
330
17
100
AcDbEntity
  8
0
100
AcDbLine
 10
507.70416259765625
 20
-171.35719299316406
 30
0.0
 11
508.19446563720703
 21
-171.35719299316406
 31
0.0
  0
LINE
  5
1294
330
17
100
AcDbEntity
  8
0
100
AcDbLine
 10
507.7025604248047
 20
-171.35719299316406
 30
0.0
 11
507.70416259765625
 21
-171.35719299316406
 31
0.0
  0
LINE
  5
1295
330
17
100
AcDbEntity
  8
0
100
AcDbLine
 10
508.1949234008789
 20
-162.3714828491211
 30
0.0
 11
507.70416259765625
 21
-162.3714828491211
 31
0.0
  0
LINE
  5
1296
330
17
100
AcDbEntity
  8
0
100
AcDbLine
 10
507.70416259765625
 20
-162.3714828491211
 30
0.0
 11
507.7029800415039
 21
-162.3714828491211
 31
0.0
  0
LINE
  5
1297
330
17
100
AcDbEntity
  8
0
100
AcDbLine
 10
508.19427490234375
 20
-172.35557556152344
 30
0.0
 11
507.70416259765625
 21
-172.35557556152344
 31
0.0
  0
LINE
  5
1298
330
17
100
AcDbEntity
  8
0
100
AcDbLine
 10
507.70416259765625
 20
-172.35557556152344
 30
0.0
 11
507.70233154296875
 21
-172.35557556152344
 31
0.0
  0
LINE
  5
1299
330
17
100
AcDbEntity
  8
0
100
AcDbLine
 10
508.19469451904297
 20
-180.26691436767578
 30
0.0
 11
507.70416259765625
 21
-180.26691436767578
 31
0.0
  0
LINE
  5
129A
330
17
100
AcDbEntity
  8
0
100
AcDbLine
 10
507.70275115966797
 20
-180.26691436767578
 30
0.0
 11
507.70416259765625
 21
-180.26691436767578
 31
0.0
  0
LINE
  5
129B
330
17
100
AcDbEntity
  8
0
100
AcDbLine
 10
507.70275115966797
 20
-143.47759246826172
 30
0.0
 11
507.70416259765625
 21
-143.47759246826172
 31
0.0
  0
LINE
  5
129C
330
17
100
AcDbEntity
  8
0
100
AcDbLine
 10
507.70416259765625
 20
-143.47759246826172
 30
0.0
 11
508.19469451904297
 21
-143.47759246826172
 31
0.0
  0
LINE
  5
129D
330
17
100
AcDbEntity
  8
0
100
AcDbLine
 10
508.19469451904297
 20
-151.38893127441406
 30
0.0
 11
507.70416259765625
 21
-151.38893127441406
 31
0.0
  0
LINE
  5
129E
330
17
100
AcDbEntity
  8
0
100
AcDbLine
 10
507.70416259765625
 20
-151.38893127441406
 30
0.0
 11
507.70275115966797
 21
-151.38893127441406
 31
0.0
  0
LINE
  5
129F
330
17
100
AcDbEntity
  8
0
100
AcDbLine
 10
508.1948471069336
 20
-152.3873519897461
 30
0.0
 11
507.70416259765625
 21
-152.3873519897461
 31
0.0
  0
LINE
  5
12A0
330
17
100
AcDbEntity
  8
0
100
AcDbLine
 10
507.70416259765625
 20
-152.3873519897461
 30
0.0
 11
507.7029037475586
 21
-152.3873519897461
 31
0.0
  0
LINE
  5
12A1
330
17
100
AcDbEntity
  8
0
100
AcDbLine
 10
508.1949234008789
 20
-161.37306213378906
 30
0.0
 11
507.70416259765625
 21
-161.37306213378906
 31
0.0
  0
LINE
  5
12A2
330
17
100
AcDbEntity
  8
0
100
AcDbLine
 10
507.70416259765625
 20
-161.37306213378906
 30
0.0
 11
507.7029800415039
 21
-161.37306213378906
 31
0.0
  0
LINE
  5
12A3
330
17
100
AcDbEntity
  8
0
100
AcDbLine
 10
507.21221923828125
 20
-181.81407928466797
 30
0.0
 11
507.21221923828125
 21
-181.8138885498047
 31
0.0
  0
LINE
  5
12A4
330
17
100
AcDbEntity
  8
0
100
AcDbLine
 10
507.21221923828125
 20
-181.8144989013672
 30
0.0
 11
507.21221923828125
 21
-181.81407928466797
 31
0.0
  0
LINE
  5
12A5
330
17
100
AcDbEntity
  8
0
100
AcDbLine
 10
507.21221923828125
 20
-181.81785583496094
 30
0.0
 11
507.21221923828125
 21
-181.8144989013672
 31
0.0
  0
LINE
  5
12A6
330
17
100
AcDbEntity
  8
0
100
AcDbLine
 10
507.21221923828125
 20
-181.81785583496094
 30
0.0
 11
508.19496154785156
 21
-181.81785583496094
 31
0.0
  0
LINE
  5
12A7
330
17
100
AcDbEntity
  8
0
100
AcDbLine
 10
508.1949996948242
 20
-141.92668914794922
 30
0.0
 11
507.21221923828125
 21
-141.92668914794922
 31
0.0
  0
LINE
  5
12A8
330
17
100
AcDbEntity
  8
0
100
AcDbLine
 10
507.21221923828125
 20
-141.9306182861328
 30
0.0
 11
507.21221923828125
 21
-141.92668914794922
 31
0.0
  0
LINE
  5
12A9
330
17
100
AcDbEntity
  8
0
100
AcDbLine
 10
507.21221923828125
 20
-143.47759246826172
 30
0.0
 11
507.70275115966797
 21
-143.47759246826172
 31
0.0
  0
LINE
  5
12AA
330
17
100
AcDbEntity
  8
0
100
AcDbLine
 10
507.21221923828125
 20
-143.47759246826172
 30
0.0
 11
507.21221923828125
 21
-141.93111419677734
 31
0.0
  0
LINE
  5
12AB
330
17
100
AcDbEntity
  8
0
100
AcDbLine
 10
507.21221923828125
 20
-141.93111419677734
 30
0.0
 11
507.21221923828125
 21
-141.9306182861328
 31
0.0
  0
LINE
  5
12AC
330
17
100
AcDbEntity
  8
0
100
AcDbLine
 10
507.70275115966797
 20
-151.38893127441406
 30
0.0
 11
507.21221923828125
 21
-151.38893127441406
 31
0.0
  0
LINE
  5
12AD
330
17
100
AcDbEntity
  8
0
100
AcDbLine
 10
507.21221923828125
 20
-151.38893127441406
 30
0.0
 11
507.21221923828125
 21
-152.38449096679688
 31
0.0
  0
LINE
  5
12AE
330
17
100
AcDbEntity
  8
0
100
AcDbLine
 10
507.21221923828125
 20
-152.3873519897461
 30
0.0
 11
507.21221923828125
 21
-152.38449096679688
 31
0.0
  0
LINE
  5
12AF
330
17
100
AcDbEntity
  8
0
100
AcDbLine
 10
507.7029037475586
 20
-152.3873519897461
 30
0.0
 11
507.21221923828125
 21
-152.3873519897461
 31
0.0
  0
LINE
  5
12B0
330
17
100
AcDbEntity
  8
0
100
AcDbLine
 10
507.21221923828125
 20
-181.8138885498047
 30
0.0
 11
507.21221923828125
 21
-181.81339263916016
 31
0.0
  0
LINE
  5
12B1
330
17
100
AcDbEntity
  8
0
100
AcDbLine
 10
507.21221923828125
 20
-181.81339263916016
 30
0.0
 11
507.21221923828125
 21
-180.26691436767578
 31
0.0
  0
LINE
  5
12B2
330
17
100
AcDbEntity
  8
0
100
AcDbLine
 10
507.70275115966797
 20
-180.26691436767578
 30
0.0
 11
507.21221923828125
 21
-180.26691436767578
 31
0.0
  0
LINE
  5
12B3
330
17
100
AcDbEntity
  8
0
100
AcDbLine
 10
507.7029800415039
 20
-162.3714828491211
 30
0.0
 11
507.21221923828125
 21
-162.3714828491211
 31
0.0
  0
LINE
  5
12B4
330
17
100
AcDbEntity
  8
0
100
AcDbLine
 10
507.7029800415039
 20
-161.37306213378906
 30
0.0
 11
507.21221923828125
 21
-161.37306213378906
 31
0.0
  0
LINE
  5
12B5
330
17
100
AcDbEntity
  8
0
100
AcDbLine
 10
507.21221923828125
 20
-161.37306213378906
 30
0.0
 11
507.21221923828125
 21
-161.3754653930664
 31
0.0
  0
LINE
  5
12B6
330
17
100
AcDbEntity
  8
0
100
AcDbLine
 10
507.21221923828125
 20
-161.3754653930664
 30
0.0
 11
507.21221923828125
 21
-162.3714828491211
 31
0.0
  0
LINE
  5
12B7
330
17
100
AcDbEntity
  8
0
100
AcDbLine
 10
507.70233154296875
 20
-172.35557556152344
 30
0.0
 11
507.21221923828125
 21
-172.35557556152344
 31
0.0
  0
LINE
  5
12B8
330
17
100
AcDbEntity
  8
0
100
AcDbLine
 10
507.21221923828125
 20
-171.35719299316406
 30
0.0
 11
507.7025604248047
 21
-171.35719299316406
 31
0.0
  0
LINE
  5
12B9
330
17
100
AcDbEntity
  8
0
100
AcDbLine
 10
507.21221923828125
 20
-171.36085510253906
 30
0.0
 11
507.21221923828125
 21
-171.35719299316406
 31
0.0
  0
LINE
  5
12BA
330
17
100
AcDbEntity
  8
0
100
AcDbLine
 10
507.21221923828125
 20
-171.36085510253906
 30
0.0
 11
507.21221923828125
 21
-172.35557556152344
 31
0.0
  0
LINE
  5
12BB
330
17
100
AcDbEntity
  8
0
100
AcDbLine
 10
508.19610595703125
 20
-141.92668914794922
 30
0.0
 11
508.19610595703125
 21
-141.9306182861328
 31
0.0
  0
LINE
  5
12BC
330
17
100
AcDbEntity
  8
0
100
AcDbLine
 10
508.1949996948242
 20
-141.92668914794922
 30
0.0
 11
508.19610595703125
 21
-141.92668914794922
 31
0.0
  0
LINE
  5
12BD
330
17
100
AcDbEntity
  8
0
100
AcDbLine
 10
508.19610595703125
 20
-181.8138885498047
 30
0.0
 11
508.19610595703125
 21
-181.81407928466797
 31
0.0
  0
LINE
  5
12BE
330
17
100
AcDbEntity
  8
0
100
AcDbLine
 10
508.19610595703125
 20
-181.81785583496094
 30
0.0
 11
508.19496154785156
 21
-181.81785583496094
 31
0.0
  0
LINE
  5
12BF
330
17
100
AcDbEntity
  8
0
100
AcDbLine
 10
508.19610595703125
 20
-181.8144989013672
 30
0.0
 11
508.19610595703125
 21
-181.81785583496094
 31
0.0
  0
LINE
  5
12C0
330
17
100
AcDbEntity
  8
0
100
AcDbLine
 10
508.19610595703125
 20
-181.81407928466797
 30
0.0
 11
508.19610595703125
 21
-181.8144989013672
 31
0.0
  0
LINE
  5
12C1
330
17
100
AcDbEntity
  8
0
100
AcDbLine
 10
508.19610595703125
 20
-143.47759246826172
 30
0.0
 11
508.19469451904297
 21
-143.47759246826172
 31
0.0
  0
LINE
  5
12C2
330
17
100
AcDbEntity
  8
0
100
AcDbLine
 10
508.19610595703125
 20
-143.47759246826172
 30
0.0
 11
508.19610595703125
 21
-141.93111419677734
 31
0.0
  0
LINE
  5
12C3
330
17
100
AcDbEntity
  8
0
100
AcDbLine
 10
508.19610595703125
 20
-141.9306182861328
 30
0.0
 11
508.19610595703125
 21
-141.93111419677734
 31
0.0
  0
LINE
  5
12C4
330
17
100
AcDbEntity
  8
0
100
AcDbLine
 10
508.19610595703125
 20
-151.38893127441406
 30
0.0
 11
508.19469451904297
 21
-151.38893127441406
 31
0.0
  0
LINE
  5
12C5
330
17
100
AcDbEntity
  8
0
100
AcDbLine
 10
508.19610595703125
 20
-152.3873519897461
 30
0.0
 11
508.1948471069336
 21
-152.3873519897461
 31
0.0
  0
LINE
  5
12C6
330
17
100
AcDbEntity
  8
0
100
AcDbLine
 10
508.19610595703125
 20
-152.38449096679688
 30
0.0
 11
508.19610595703125
 21
-152.3873519897461
 31
0.0
  0
LINE
  5
12C7
330
17
100
AcDbEntity
  8
0
100
AcDbLine
 10
508.19610595703125
 20
-152.38449096679688
 30
0.0
 11
508.19610595703125
 21
-151.38893127441406
 31
0.0
  0
LINE
  5
12C8
330
17
100
AcDbEntity
  8
0
100
AcDbLine
 10
508.19610595703125
 20
-181.81339263916016
 30
0.0
 11
508.19610595703125
 21
-181.8138885498047
 31
0.0
  0
LINE
  5
12C9
330
17
100
AcDbEntity
  8
0
100
AcDbLine
 10
508.19610595703125
 20
-181.81339263916016
 30
0.0
 11
508.19610595703125
 21
-180.26691436767578
 31
0.0
  0
LINE
  5
12CA
330
17
100
AcDbEntity
  8
0
100
AcDbLine
 10
508.19469451904297
 20
-180.26691436767578
 30
0.0
 11
508.19610595703125
 21
-180.26691436767578
 31
0.0
  0
LINE
  5
12CB
330
17
100
AcDbEntity
  8
0
100
AcDbLine
 10
508.19610595703125
 20
-162.3714828491211
 30
0.0
 11
508.1949234008789
 21
-162.3714828491211
 31
0.0
  0
LINE
  5
12CC
330
17
100
AcDbEntity
  8
0
100
AcDbLine
 10
508.19610595703125
 20
-161.37306213378906
 30
0.0
 11
508.1949234008789
 21
-161.37306213378906
 31
0.0
  0
LINE
  5
12CD
330
17
100
AcDbEntity
  8
0
100
AcDbLine
 10
508.19610595703125
 20
-161.37306213378906
 30
0.0
 11
508.19610595703125
 21
-162.3690414428711
 31
0.0
  0
LINE
  5
12CE
330
17
100
AcDbEntity
  8
0
100
AcDbLine
 10
508.19610595703125
 20
-162.3690414428711
 30
0.0
 11
508.19610595703125
 21
-162.3714828491211
 31
0.0
  0
LINE
  5
12CF
330
17
100
AcDbEntity
  8
0
100
AcDbLine
 10
508.19446563720703
 20
-171.35719299316406
 30
0.0
 11
508.19610595703125
 21
-171.35719299316406
 31
0.0
  0
LINE
  5
12D0
330
17
100
AcDbEntity
  8
0
100
AcDbLine
 10
508.19610595703125
 20
-171.35719299316406
 30
0.0
 11
508.19610595703125
 21
-171.36085510253906
 31
0.0
  0
LINE
  5
12D1
330
17
100
AcDbEntity
  8
0
100
AcDbLine
 10
508.19610595703125
 20
-172.35557556152344
 30
0.0
 11
508.19610595703125
 21
-171.36085510253906
 31
0.0
  0
LINE
  5
12D2
330
17
100
AcDbEntity
  8
0
100
AcDbLine
 10
508.19610595703125
 20
-172.35557556152344
 30
0.0
 11
508.19427490234375
 21
-172.35557556152344
 31
0.0
  0
LWPOLYLINE
  5
12D3
330
17
100
AcDbEntity
  8
0
100
AcDbPolyline
 90
8
 70
1
 10
76.23023986816406
 20
-393.9659118652344
 10
64.2051887512207
 20
-393.9659118652344
 10
51.0969352722168
 20
-393.9659118652344
 10
51.0969352722168
 20
-395.8720588684082
 10
51.0969352722168
 20
-396.3494110107422
 10
65.59450149536133
 20
-396.3494110107422
 10
74.04361724853516
 20
-396.3494110107422
 10
74.4815444946289
 20
-395.8720588684082
  0
LWPOLYLINE
  5
12D4
330
17
100
AcDbEntity
  8
0
100
AcDbPolyline
 90
8
 70
1
 10
64.20520782470703
 20
-348.9890670776367
 10
76.23025894165039
 20
-348.9890670776367
 10
74.4815444946289
 20
-347.0829200744629
 10
74.04361724853516
 20
-346.6055679321289
 10
65.59452056884766
 20
-346.6055679321289
 10
51.0969352722168
 20
-346.6055679321289
 10
51.0969352722168
 20
-347.0829200744629
 10
51.0969352722168
 20
-348.9890670776367
  0
LWPOLYLINE
  5
12D5
330
17
100
AcDbEntity
  8
0
100
AcDbPolyline
 90
8
 70
1
 10
487.37598419189453
 20
-139.80159759521484
 10
499.40101623535156
 20
-139.80159759521484
 10
512.5092697143555
 20
-139.80159759521484
 10
512.5092697143555
 20
-137.8954315185547
 10
512.5092697143555
 20
-137.41809844970703
 10
498.01170349121094
 20
-137.41809844970703
 10
489.56260681152344
 20
-137.41809844970703
 10
489.1246795654297
 20
-137.8954315185547
  0
LWPOLYLINE
  5
12D6
330
17
100
AcDbEntity
  8
0
100
AcDbPolyline
 90
8
 70
1
 10
499.40101623535156
 20
-184.7784423828125
 10
487.3759460449219
 20
-184.77840423583984
 10
489.12464141845703
 20
-186.6845703125
 10
489.5625686645508
 20
-187.1619415283203
 10
498.01170349121094
 20
-187.1619415283203
 10
512.5092697143555
 20
-187.1619415283203
 10
512.5092697143555
 20
-186.6845703125
 10
512.5092697143555
 20
-184.7784423828125
  0
LWPOLYLINE
  5
12D7
330
17
100
AcDbEntity
  8
0
100
AcDbPolyline
 90
8
 70
1
 10
76.23023986816406
 20
-160.40164947509766
 10
64.2051887512207
 20
-160.40164947509766
 10
51.0969352722168
 20
-160.40164947509766
 10
51.0969352722168
 20
-162.3078155517578
 10
51.0969352722168
 20
-162.78518676757812
 10
65.59450149536133
 20
-162.78518676757812
 10
74.04361724853516
 20
-162.78518676757812
 10
74.4815444946289
 20
-162.3078155517578
  0
LWPOLYLINE
  5
12D8
330
17
100
AcDbEntity
  8
0
100
AcDbPolyline
 90
8
 70
1
 10
64.20520782470703
 20
-115.42484283447266
 10
76.23025894165039
 20
-115.42484283447266
 10
74.4815444946289
 20
-113.5186767578125
 10
74.04361724853516
 20
-113.04130554199219
 10
65.59452056884766
 20
-113.04130554199219
 10
51.0969352722168
 20
-113.04130554199219
 10
51.0969352722168
 20
-113.5186767578125
 10
51.0969352722168
 20
-115.42484283447266
  0
LWPOLYLINE
  5
12D9
330
17
100
AcDbEntity
  8
0
100
AcDbPolyline
 90
72
 70
1
 10
142.27436065673828
 20
-238.59195709228516
 10
142.27436065673828
 20
-161.7034912109375
 10
142.24872589111328
 20
-137.18765258789062
 10
149.6356201171875
 20
-137.18765258789062
 10
245.87085723876953
 20
-137.2637176513672
 10
245.87085723876953
 20
-202.66616821289062
 10
245.87085723876953
 20
-211.9964599609375
 10
247.76918411254883
 20
-211.9964599609375
 10
248.25435638427734
 20
-211.9964599609375
 10
248.25435638427734
 20
-204.57115173339844
 10
248.25435638427734
 20
-134.88021850585938
 10
145.70890426635742
 20
-134.7991943359375
 10
139.8602294921875
 20
-134.7991943359375
 10
139.88754272460938
 20
-160.92254638671875
 10
139.88754272460938
 20
-232.6812744140625
 10
139.9412727355957
 20
-367.46707916259766
 10
197.70082473754883
 20
-367.46707916259766
 10
205.9547233581543
 20
-367.46707916259766
 10
218.80308151245117
 20
-367.4670600891113
 10
218.80306243896484
 20
-395.76942443847656
 10
197.70082473754883
 20
-395.76942443847656
 10
139.9412727355957
 20
-395.76942443847656
 10
139.9412727355957
 20
-456.16477966308594
 10
139.9412727355957
 20
-508.2322311401367
 10
73.15605163574219
 20
-508.2322311401367
 10
73.15605163574219
 20
-333.63611221313477
 10
73.15605163574219
 20
-116.65504455566406
 10
112.50865936279297
 20
-116.65504455566406
 10
214.7579002380371
 20
-116.57417297363281
 10
309.9592971801758
 20
-116.57417297363281
 10
493.34156036376953
 20
-116.65504455566406
 10
493.34156036376953
 20
-179.9901580810547
 10
493.34156036376953
 20
-319.8012351989746
 10
493.34156036376953
 20
-368.2590103149414
 10
436.0146713256836
 20
-368.2590103149414
 10
436.0146713256836
 20
-332.46862411499023
 10
436.0721206665039
 20
-284.04674530029297
 10
401.2002944946289
 20
-284.0726089477539
 10
376.6501998901367
 20
-284.10423278808594
 10
281.08898162841797
 20
-284.10423278808594
 10
248.25437545776367
 20
-284.10423278808594
 10
248.25437545776367
 20
-260.2147674560547
 10
248.25437545776367
 20
-235.8523941040039
 10
247.76918411254883
 20
-235.8523941040039
 10
245.87085723876953
 20
-235.8523941040039
 10
245.87085723876953
 20
-266.4650344848633
 10
245.87085723876953
 20
-286.48773193359375
 10
279.6397018432617
 20
-286.48773193359375
 10
377.9197311401367
 20
-286.48773193359375
 10
400.9591293334961
 20
-286.4580535888672
 10
433.6851119995117
 20
-286.4337921142578
 10
433.6311721801758
 20
-331.87597274780273
 10
433.6311721801758
 20
-370.6425094604492
 10
495.72505950927734
 20
-370.6425094604492
 10
495.72505950927734
 20
-325.1666259765625
 10
495.72505950927734
 20
-173.70925903320312
 10
495.72505950927734
 20
-114.27154541015625
 10
323.6273956298828
 20
-114.19563293457031
 10
203.66079330444336
 20
-114.19563293457031
 10
107.70357131958008
 20
-114.27154541015625
 10
70.77253341674805
 20
-114.27154541015625
 10
70.77253341674805
 20
-346.76355361938477
 10
70.77253341674805
 20
-510.61574935913086
 10
142.32477188110352
 20
-510.61574935913086
 10
142.32477188110352
 20
-454.8318099975586
 10
142.32477188110352
 20
-398.1529235839844
 10
196.53003692626953
 20
-398.1529235839844
 10
221.18658065795898
 20
-398.1529235839844
 10
221.18658065795898
 20
-365.0835609436035
 10
206.17416381835938
 20
-365.0835609436035
 10
196.53003692626953
 20
-365.0835609436035
 10
142.32477188110352
 20
-365.0835609436035
  0
LWPOLYLINE
  5
12DA
330
17
100
AcDbEntity
  8
0
100
AcDbPolyline
 90
47
 70
1
 10
328.24195861816406
 20
-180.5377197265625
 10
328.24195861816406
 20
-215.42171478271484
 10
330.3579330444336
 20
-215.42171478271484
 10
332.84191131591797
 20
-215.42171478271484
 10
332.8419494628906
 20
-215.42171478271484
 10
345.5897521972656
 20
-215.42171478271484
 10
345.5897521972656
 20
-225.81771850585938
 10
345.5897521972656
 20
-238.02169799804688
 10
347.70572662353516
 20
-238.02169799804688
 10
350.1897430419922
 20
-238.02169799804688
 10
385.54847717285156
 20
-238.02169799804688
 10
439.35523986816406
 20
-238.02169799804688
 10
441.4712142944336
 20
-238.02169799804688
 10
443.9552307128906
 20
-238.02169799804688
 10
443.9552307128906
 20
-230.0586700439453
 10
443.9552307128906
 20
-229.17388916015625
 10
443.42445373535156
 20
-229.17388916015625
 10
439.35523986816406
 20
-229.17388916015625
 10
439.35523986816406
 20
-230.0586700439453
 10
439.35523986816406
 20
-233.4217071533203
 10
403.9965057373047
 20
-233.4217071533203
 10
350.1897430419922
 20
-233.4217071533203
 10
350.1897430419922
 20
-227.62569427490234
 10
350.1897430419922
 20
-215.42171478271484
 10
369.64176177978516
 20
-215.42171478271484
 10
412.84156799316406
 20
-215.42171478271484
 10
412.84156799316406
 20
-213.30570220947266
 10
412.84156799316406
 20
-210.82172393798828
 10
376.0417175292969
 20
-210.82172393798828
 10
332.8419494628906
 20
-210.82172393798828
 10
332.8419494628906
 20
-185.70571899414062
 10
332.8419876098633
 20
-150.82172393798828
 10
378.06995391845703
 20
-150.82172393798828
 10
412.8416061401367
 20
-150.82172393798828
 10
412.8416061401367
 20
-151.0858154296875
 10
412.8416061401367
 20
-151.3039779663086
 10
415.36067962646484
 20
-151.3039779663086
 10
417.44163513183594
 20
-151.3039779663086
 10
417.44163513183594
 20
-151.0858154296875
 10
417.44163513183594
 20
-150.82172393798828
 10
419.2322540283203
 20
-150.82172393798828
 10
419.2322540283203
 20
-148.3026885986328
 10
419.2322540283203
 20
-146.22173309326172
 10
378.06995391845703
 20
-146.22173309326172
 10
328.24195861816406
 20
-146.22173309326172
 10
328.24195861816406
 20
-148.33770751953125
 10
328.24195861816406
 20
-150.82172393798828
  0
LWPOLYLINE
  5
12DB
330
17
100
AcDbEntity
  8
0
100
AcDbPolyline
 90
14
 70
1
 10
239.70157623291016
 20
-208.51795196533203
 10
221.59156799316406
 20
-208.51795196533203
 10
221.59156799316406
 20
-210.92247009277344
 10
221.59156799316406
 20
-213.1179428100586
 10
221.59156799316406
 20
-213.40545654296875
 10
221.59156799316406
 20
-213.61793518066406
 10
224.23656463623047
 20
-213.61793518066406
 10
226.19155883789062
 20
-213.61793518066406
 10
226.19155883789062
 20
-213.40545654296875
 10
226.19155883789062
 20
-213.1179428100586
 10
241.42635345458984
 20
-213.1179428100586
 10
259.53636169433594
 20
-213.1179428100586
 10
259.53636169433594
 20
-210.71338653564453
 10
259.53636169433594
 20
-208.51795196533203
  0
LWPOLYLINE
  5
12DC
330
17
100
AcDbEntity
  8
0
100
AcDbPolyline
 90
15
 70
1
 10
221.59154891967773
 20
-233.61793518066406
 10
221.59154891967773
 20
-233.99620056152344
 10
221.59154891967773
 20
-234.50794219970703
 10
221.59156799316406
 20
-234.50794219970703
 10
221.59156799316406
 20
-236.91246032714844
 10
221.59156799316406
 20
-239.1079330444336
 10
241.42635345458984
 20
-239.1079330444336
 10
259.5363998413086
 20
-239.1079330444336
 10
259.5363998413086
 20
-236.70337677001953
 10
259.5363998413086
 20
-234.50794219970703
 10
239.7016143798828
 20
-234.50794219970703
 10
226.19155883789062
 20
-234.50794219970703
 10
226.19155883789062
 20
-233.99620056152344
 10
226.19155883789062
 20
-233.61793518066406
 10
223.54656219482422
 20
-233.61793518066406
  0
LWPOLYLINE
  5
12DD
330
17
100
AcDbEntity
  8
0
100
AcDbPolyline
 90
8
 70
1
 10
439.2322540283203
 20
-148.7407684326172
 10
439.2322540283203
 20
-150.82172393798828
 10
439.2879104614258
 20
-150.82172393798828
 10
439.35523986816406
 20
-150.82172393798828
 10
439.35523986816406
 20
-148.7057113647461
 10
439.35523986816406
 20
-146.22173309326172
 10
439.2879104614258
 20
-146.22173309326172
 10
439.2322540283203
 20
-146.22173309326172
  0
LWPOLYLINE
  5
12DE
330
17
100
AcDbEntity
  8
0
100
AcDbPolyline
 90
8
 70
1
 10
443.9552307128906
 20
-192.97866821289062
 10
443.9552688598633
 20
-146.22173309326172
 10
441.47125244140625
 20
-146.22173309326172
 10
439.3552780151367
 20
-146.22173309326172
 10
439.35523986816406
 20
-192.97866821289062
 10
439.35523986816406
 20
-198.1739044189453
 10
439.8860168457031
 20
-198.1739044189453
 10
443.9552307128906
 20
-198.1739044189453
  0
LWPOLYLINE
  5
12DF
330
17
100
AcDbEntity
  8
0
100
AcDbPolyline
 90
8
 70
1
 10
417.4415969848633
 20
-191.26201629638672
 10
417.4415969848633
 20
-171.3039779663086
 10
414.9225616455078
 20
-171.3039779663086
 10
412.8416061401367
 20
-171.3039779663086
 10
412.8416061401367
 20
-191.26201629638672
 10
412.8416061401367
 20
-215.42171478271484
 10
414.95758056640625
 20
-215.42171478271484
 10
417.4415969848633
 20
-215.42171478271484
  0
LWPOLYLINE
  5
12E0
330
17
100
AcDbEntity
  8
0
100
AcDbPolyline
 90
10
 70
1
 10
58.01008224487305
 20
-118.38542938232422
 10
58.01008224487305
 20
-118.34369659423828
 10
58.01008224487305
 20
-116.81339263916016
 10
58.01008224487305
 20
-116.5713119506836
 10
55.68489074707031
 20
-116.5713119506836
 10
55.41007995605469
 20
-116.5713119506836
 10
55.41007995605469
 20
-116.81339263916016
 10
55.41007995605469
 20
-118.34369659423828
 10
55.41007995605469
 20
-118.38542938232422
 10
55.41303634643555
 20
-118.38542938232422
  0
LWPOLYLINE
  5
12E1
330
17
100
AcDbEntity
  8
0
100
AcDbPolyline
 90
10
 70
1
 10
505.5961227416992
 20
-140.28621673583984
 10
505.5961227416992
 20
-141.88411712646484
 10
505.5961227416992
 20
-141.92665100097656
 10
505.59906005859375
 20
-141.92665100097656
 10
508.19610595703125
 20
-141.92665100097656
 10
508.19610595703125
 20
-141.88411712646484
 10
508.19610595703125
 20
-140.28621673583984
 10
508.19610595703125
 20
-140.03341674804688
 10
507.9212951660156
 20
-140.03341674804688
 10
505.5961227416992
 20
-140.03341674804688
  0
LWPOLYLINE
  5
12E2
330
17
100
AcDbEntity
  8
0
100
AcDbPolyline
 90
10
 70
1
 10
58.010101318359375
 20
-159.9169921875
 10
58.010101318359375
 20
-158.319091796875
 10
58.010101318359375
 20
-158.27655792236328
 10
58.00712585449219
 20
-158.27655792236328
 10
55.41007995605469
 20
-158.27655792236328
 10
55.41007995605469
 20
-158.319091796875
 10
55.41007995605469
 20
-159.9169921875
 10
55.41007995605469
 20
-160.16979217529297
 10
55.68490982055664
 20
-160.16979217529297
 10
58.010101318359375
 20
-160.16979217529297
  0
LWPOLYLINE
  5
12E3
330
17
100
AcDbEntity
  8
0
100
AcDbPolyline
 90
10
 70
1
 10
505.5961227416992
 20
-181.81777954101562
 10
505.5961227416992
 20
-181.85951232910156
 10
505.5961227416992
 20
-183.3898162841797
 10
505.5961227416992
 20
-183.63189697265625
 10
507.9212951660156
 20
-183.63189697265625
 10
508.19610595703125
 20
-183.63189697265625
 10
508.19610595703125
 20
-183.3898162841797
 10
508.19610595703125
 20
-181.85951232910156
 10
508.19610595703125
 20
-181.81777954101562
 10
508.1931686401367
 20
-181.81777954101562
  0
LWPOLYLINE
  5
12E4
330
17
100
AcDbEntity
  8
0
100
AcDbPolyline
 90
10
 70
1
 10
58.01008224487305
 20
-351.9079399108887
 10
58.01008224487305
 20
-350.3776550292969
 10
58.01008224487305
 20
-350.135555267334
 10
55.68489074707031
 20
-350.135555267334
 10
55.41007995605469
 20
-350.135555267334
 10
55.41007995605469
 20
-350.3776550292969
 10
55.41007995605469
 20
-351.9079399108887
 10
55.41007995605469
 20
-351.9496536254883
 10
55.41303634643555
 20
-351.9496536254883
 10
58.01008224487305
 20
-351.9496536254883
  0
LWPOLYLINE
  5
12E5
330
17
100
AcDbEntity
  8
0
100
AcDbPolyline
 90
10
 70
1
 10
58.010101318359375
 20
-393.4812355041504
 10
58.010101318359375
 20
-391.8833351135254
 10
58.010101318359375
 20
-391.84078216552734
 10
58.00712585449219
 20
-391.84078216552734
 10
55.41007995605469
 20
-391.84078216552734
 10
55.41007995605469
 20
-391.8833541870117
 10
55.41007995605469
 20
-393.4812545776367
 10
55.41007995605469
 20
-393.73403549194336
 10
55.68490982055664
 20
-393.73403549194336
 10
58.010101318359375
 20
-393.73403549194336
  0
ENDSEC
  0
SECTION
  2
OBJECTS
  0
DICTIONARY
  5
A
330
0
100
AcDbDictionary
280
0
281
1
  3
ACAD_COLOR
350
B
  3
ACAD_GROUP
350
C
  3
ACAD_LAYOUT
350
D
  3
ACAD_MATERIAL
350
E
  3
ACAD_MLEADERSTYLE
350
F
  3
ACAD_MLINESTYLE
350
10
  3
ACAD_PLOTSETTINGS
350
11
  3
ACAD_PLOTSTYLENAME
350
12
  3
ACAD_SCALELIST
350
14
  3
ACAD_TABLESTYLE
350
15
  3
ACAD_VISUALSTYLE
350
16
  3
EZDXF_META
350
2D
  0
DICTIONARY
  5
B
330
A
100
AcDbDictionary
280
0
281
1
  0
DICTIONARY
  5
C
330
A
100
AcDbDictionary
280
0
281
1
  0
DICTIONARY
  5
D
330
A
100
AcDbDictionary
280
0
281
1
  3
Model
350
1A
  3
Layout1
350
1E
  0
DICTIONARY
  5
E
330
A
100
AcDbDictionary
280
0
281
1
  3
ByBlock
350
1F
  3
ByLayer
350
20
  3
Global
350
21
  0
DICTIONARY
  5
F
330
A
100
AcDbDictionary
280
0
281
1
  3
Standard
350
2C
  0
DICTIONARY
  5
10
330
A
100
AcDbDictionary
280
0
281
1
  3
Standard
350
22
  0
DICTIONARY
  5
11
330
A
100
AcDbDictionary
280
0
281
1
  0
ACDBDICTIONARYWDFLT
  5
12
330
A
100
AcDbDictionary
280
0
281
1
  3
Normal
350
13
100
AcDbDictionaryWithDefault
340
13
  0
ACDBPLACEHOLDER
  5
13
330
12
  0
DICTIONARY
  5
14
330
A
100
AcDbDictionary
280
0
281
1
  0
DICTIONARY
  5
15
330
A
100
AcDbDictionary
280
0
281
1
  0
DICTIONARY
  5
16
330
A
100
AcDbDictionary
280
0
281
1
  0
LAYOUT
  5
1A
330
D
100
AcDbPlotSettings
  1

  4
A3
  6

 40
7.5
 41
20.0
 42
7.5
 43
20.0
 44
420.0
 45
297.0
 46
0.0
 47
0.0
 48
0.0
 49
0.0
140
0.0
141
0.0
142
1.0
143
1.0
 70
1024
 72
1
 73
0
 74
5
  7

 75
16
 76
0
 77
2
 78
300
147
1.0
148
0.0
149
0.0
100
AcDbLayout
  1
Model
 70
1
 71
0
 10
0.0
 20
0.0
 11
420.0
 21
297.0
 12
0.0
 22
0.0
 32
0.0
 14
1e+20
 24
1e+20
 34
1e+20
 15
-1e+20
 25
-1e+20
 35
-1e+20
146
0.0
 13
0.0
 23
0.0
 33
0.0
 16
1.0
 26
0.0
 36
0.0
 17
0.0
 27
1.0
 37
0.0
 76
1
330
17
  0
LAYOUT
  5
1E
330
D
100
AcDbPlotSettings
  1

  4
A3
  6

 40
7.5
 41
20.0
 42
7.5
 43
20.0
 44
420.0
 45
297.0
 46
0.0
 47
0.0
 48
0.0
 49
0.0
140
0.0
141
0.0
142
1.0
143
1.0
 70
0
 72
1
 73
0
 74
5
  7

 75
16
 76
0
 77
2
 78
300
147
1.0
148
0.0
149
0.0
100
AcDbLayout
  1
Layout1
 70
1
 71
1
 10
0.0
 20
0.0
 11
420.0
 21
297.0
 12
0.0
 22
0.0
 32
0.0
 14
1e+20
 24
1e+20
 34
1e+20
 15
-1e+20
 25
-1e+20
 35
-1e+20
146
0.0
 13
0.0
 23
0.0
 33
0.0
 16
1.0
 26
0.0
 36
0.0
 17
0.0
 27
1.0
 37
0.0
 76
1
330
1B
  0
MATERIAL
  5
1F
102
{ACAD_REACTORS
330
E
102
}
330
E
100
AcDbMaterial
  1
ByBlock
  2

 70
0
 40
1.0
 71
1
 41
1.0
 91
-1023410177
 42
1.0
 72
1
  3

 73
1
 74
1
 75
1
 44
0.5
 73
0
 45
1.0
 46
1.0
 77
1
  4

 78
1
 79
1
170
1
 48
1.0
171
1
  6

172
1
173
1
174
1
140
1.0
141
1.0
175
1
  7

176
1
177
1
178
1
143
1.0
179
1
  8

270
1
271
1
272
1
145
1.0
146
1.0
273
1
  9

274
1
275
1
276
1
 42
1.0
 72
1
  3

 73
1
 74
1
 75
1
 94
63
  0
MATERIAL
  5
20
102
{ACAD_REACTORS
330
E
102
}
330
E
100
AcDbMaterial
  1
ByLayer
  2

 70
0
 40
1.0
 71
1
 41
1.0
 91
-1023410177
 42
1.0
 72
1
  3

 73
1
 74
1
 75
1
 44
0.5
 73
0
 45
1.0
 46
1.0
 77
1
  4

 78
1
 79
1
170
1
 48
1.0
171
1
  6

172
1
173
1
174
1
140
1.0
141
1.0
175
1
  7

176
1
177
1
178
1
143
1.0
179
1
  8

270
1
271
1
272
1
145
1.0
146
1.0
273
1
  9

274
1
275
1
276
1
 42
1.0
 72
1
  3

 73
1
 74
1
 75
1
 94
63
  0
MATERIAL
  5
21
102
{ACAD_REACTORS
330
E
102
}
330
E
100
AcDbMaterial
  1
Global
  2

 70
0
 40
1.0
 71
1
 41
1.0
 91
-1023410177
 42
1.0
 72
1
  3

 73
1
 74
1
 75
1
 44
0.5
 73
0
 45
1.0
 46
1.0
 77
1
  4

 78
1
 79
1
170
1
 48
1.0
171
1
  6

172
1
173
1
174
1
140
1.0
141
1.0
175
1
  7

176
1
177
1
178
1
143
1.0
179
1
  8

270
1
271
1
272
1
145
1.0
146
1.0
273
1
  9

274
1
275
1
276
1
 42
1.0
 72
1
  3

 73
1
 74
1
 75
1
 94
63
  0
MLINESTYLE
  5
22
102
{ACAD_REACTORS
330
10
102
}
330
10
100
AcDbMlineStyle
  2
Standard
 70
0
  3

 62
256
 51
90.0
 52
90.0
 71
2
 49
0.5
 62
256
  6
BYLAYER
 49
-0.5
 62
256
  6
BYLAYER
  0
MLEADERSTYLE
  5
2C
102
{ACAD_REACTORS
330
F
102
}
330
F
100
AcDbMLeaderStyle
179
2
170
2
171
1
172
0
 90
2
 40
0.0
 41
0.0
173
1
 91
-1056964608
 92
-2
290
1
 42
2.0
291
1
 43
8.0
  3
Standard
 44
4.0
300

342
29
174
1
175
1
176
0
178
1
 93
-1056964608
 45
4.0
292
0
297
0
 46
4.0
 94
-1056964608
 47
1.0
 49
1.0
140
1.0
294
1
141
0.0
177
0
142
1.0
295
0
296
0
143
3.75
271
0
272
9
273
9
  0
DICTIONARY
  5
2D
330
A
100
AcDbDictionary
281
1
  3
CREATED_BY_EZDXF
350
2E
  3
WRITTEN_BY_EZDXF
350
12E8
  0
DICTIONARYVAR
  5
2E
330
2D
100
DictionaryVariables
280
0
  1
1.3.3 @ 2025-02-10T05:26:27.118167+00:00
  0
DICTIONARYVAR
  5
12E8
330
2D
100
DictionaryVariables
280
0
  1
1.3.3 @ 2025-02-10T05:26:27.293581+00:00
  0
ENDSEC
  0
EOF
