  0
SECTION
  2
HEADER
  9
$ACADVER
  1
AC1024
  9
$ACADMAINTVER
 70
6
  9
$DWGCODEPAGE
  3
ANSI_1252
  9
$LASTSAVEDBY
  1
ezdxf
  9
$INSBASE
 10
0.0
 20
0.0
 30
0.0
  9
$EXTMIN
 10
1e+20
 20
1e+20
 30
1e+20
  9
$EXTMAX
 10
-1e+20
 20
-1e+20
 30
-1e+20
  9
$LIMMIN
 10
0.0
 20
0.0
  9
$LIMMAX
 10
420.0
 20
297.0
  9
$ORTHOMODE
 70
0
  9
$REGENMODE
 70
1
  9
$FILLMODE
 70
1
  9
$QTEXTMODE
 70
0
  9
$MIRRTEXT
 70
1
  9
$LTSCALE
 40
1.0
  9
$ATTMODE
 70
1
  9
$TEXTSIZE
 40
2.5
  9
$TRACEWID
 40
1.0
  9
$TEXTSTYLE
  7
Standard
  9
$CLAYER
  8
0
  9
$CELTYPE
  6
ByLayer
  9
$CECOLOR
 62
256
  9
$CELTSCALE
 40
1.0
  9
$DISPSILH
 70
0
  9
$DIMSCALE
 40
1.0
  9
$DIMASZ
 40
2.5
  9
$DIMEXO
 40
0.625
  9
$DIMDLI
 40
3.75
  9
$DIMRND
 40
0.0
  9
$DIMDLE
 40
0.0
  9
$DIMEXE
 40
1.25
  9
$DIMTP
 40
0.0
  9
$DIMTM
 40
0.0
  9
$DIMTXT
 40
2.5
  9
$DIMCEN
 40
2.5
  9
$DIMTSZ
 40
0.0
  9
$DIMTOL
 70
0
  9
$DIMLIM
 70
0
  9
$DIMTIH
 70
0
  9
$DIMTOH
 70
0
  9
$DIMSE1
 70
0
  9
$DIMSE2
 70
0
  9
$DIMTAD
 70
1
  9
$DIMZIN
 70
8
  9
$DIMBLK
  1

  9
$DIMASO
 70
1
  9
$DIMSHO
 70
1
  9
$DIMPOST
  1

  9
$DIMAPOST
  1

  9
$DIMALT
 70
0
  9
$DIMALTD
 70
3
  9
$DIMALTF
 40
0.03937007874
  9
$DIMLFAC
 40
1.0
  9
$DIMTOFL
 70
1
  9
$DIMTVP
 40
0.0
  9
$DIMTIX
 70
0
  9
$DIMSOXD
 70
0
  9
$DIMSAH
 70
0
  9
$DIMBLK1
  1

  9
$DIMBLK2
  1

  9
$DIMSTYLE
  2
ISO-25
  9
$DIMCLRD
 70
0
  9
$DIMCLRE
 70
0
  9
$DIMCLRT
 70
0
  9
$DIMTFAC
 40
1.0
  9
$DIMGAP
 40
0.625
  9
$DIMJUST
 70
0
  9
$DIMSD1
 70
0
  9
$DIMSD2
 70
0
  9
$DIMTOLJ
 70
0
  9
$DIMTZIN
 70
8
  9
$DIMALTZ
 70
0
  9
$DIMALTTZ
 70
0
  9
$DIMUPT
 70
0
  9
$DIMDEC
 70
2
  9
$DIMTDEC
 70
2
  9
$DIMALTU
 70
2
  9
$DIMALTTD
 70
3
  9
$DIMTXSTY
  7
Standard
  9
$DIMAUNIT
 70
0
  9
$DIMADEC
 70
0
  9
$DIMALTRND
 40
0.0
  9
$DIMAZIN
 70
0
  9
$DIMDSEP
 70
44
  9
$DIMATFIT
 70
3
  9
$DIMFRAC
 70
0
  9
$DIMLDRBLK
  1

  9
$DIMLUNIT
 70
2
  9
$DIMLWD
 70
-2
  9
$DIMLWE
 70
-2
  9
$DIMTMOVE
 70
0
  9
$DIMFXL
 40
1.0
  9
$DIMFXLON
 70
0
  9
$DIMJOGANG
 40
0.785398163397
  9
$DIMTFILL
 70
0
  9
$DIMTFILLCLR
 70
0
  9
$DIMARCSYM
 70
0
  9
$DIMLTYPE
  6

  9
$DIMLTEX1
  6

  9
$DIMLTEX2
  6

  9
$DIMTXTDIRECTION
 70
0
  9
$LUNITS
 70
2
  9
$LUPREC
 70
4
  9
$SKETCHINC
 40
1.0
  9
$FILLETRAD
 40
10.0
  9
$AUNITS
 70
0
  9
$AUPREC
 70
2
  9
$MENU
  1
.
  9
$ELEVATION
 40
0.0
  9
$PELEVATION
 40
0.0
  9
$THICKNESS
 40
0.0
  9
$LIMCHECK
 70
0
  9
$CHAMFERA
 40
0.0
  9
$CHAMFERB
 40
0.0
  9
$CHAMFERC
 40
0.0
  9
$CHAMFERD
 40
0.0
  9
$SKPOLY
 70
0
  9
$TDCREATE
 40
2460717.4561458332
  9
$TDUCREATE
 40
2458532.153996898
  9
$TDUPDATE
 40
2460717.4561458332
  9
$TDUUPDATE
 40
2458532.1544311
  9
$TDINDWG
 40
0.0
  9
$TDUSRTIMER
 40
0.0
  9
$USRTIMER
 70
1
  9
$ANGBASE
 50
0.0
  9
$ANGDIR
 70
0
  9
$PDMODE
 70
0
  9
$PDSIZE
 40
0.0
  9
$PLINEWID
 40
0.0
  9
$SPLFRAME
 70
0
  9
$SPLINETYPE
 70
6
  9
$SPLINESEGS
 70
8
  9
$HANDSEED
  5
1571
  9
$SURFTAB1
 70
6
  9
$SURFTAB2
 70
6
  9
$SURFTYPE
 70
6
  9
$SURFU
 70
6
  9
$SURFV
 70
6
  9
$UCSBASE
  2

  9
$UCSNAME
  2

  9
$UCSORG
 10
0.0
 20
0.0
 30
0.0
  9
$UCSXDIR
 10
1.0
 20
0.0
 30
0.0
  9
$UCSYDIR
 10
0.0
 20
1.0
 30
0.0
  9
$UCSORTHOREF
  2

  9
$UCSORTHOVIEW
 70
0
  9
$UCSORGTOP
 10
0.0
 20
0.0
 30
0.0
  9
$UCSORGBOTTOM
 10
0.0
 20
0.0
 30
0.0
  9
$UCSORGLEFT
 10
0.0
 20
0.0
 30
0.0
  9
$UCSORGRIGHT
 10
0.0
 20
0.0
 30
0.0
  9
$UCSORGFRONT
 10
0.0
 20
0.0
 30
0.0
  9
$UCSORGBACK
 10
0.0
 20
0.0
 30
0.0
  9
$PUCSBASE
  2

  9
$PUCSNAME
  2

  9
$PUCSORG
 10
0.0
 20
0.0
 30
0.0
  9
$PUCSXDIR
 10
1.0
 20
0.0
 30
0.0
  9
$PUCSYDIR
 10
0.0
 20
1.0
 30
0.0
  9
$PUCSORTHOREF
  2

  9
$PUCSORTHOVIEW
 70
0
  9
$PUCSORGTOP
 10
0.0
 20
0.0
 30
0.0
  9
$PUCSORGBOTTOM
 10
0.0
 20
0.0
 30
0.0
  9
$PUCSORGLEFT
 10
0.0
 20
0.0
 30
0.0
  9
$PUCSORGRIGHT
 10
0.0
 20
0.0
 30
0.0
  9
$PUCSORGFRONT
 10
0.0
 20
0.0
 30
0.0
  9
$PUCSORGBACK
 10
0.0
 20
0.0
 30
0.0
  9
$USERI1
 70
0
  9
$USERI2
 70
0
  9
$USERI3
 70
0
  9
$USERI4
 70
0
  9
$USERI5
 70
0
  9
$USERR1
 40
0.0
  9
$USERR2
 40
0.0
  9
$USERR3
 40
0.0
  9
$USERR4
 40
0.0
  9
$USERR5
 40
0.0
  9
$WORLDVIEW
 70
1
  9
$SHADEDGE
 70
3
  9
$SHADEDIF
 70
70
  9
$TILEMODE
 70
1
  9
$MAXACTVP
 70
64
  9
$PINSBASE
 10
0.0
 20
0.0
 30
0.0
  9
$PLIMCHECK
 70
0
  9
$PEXTMIN
 10
1e+20
 20
1e+20
 30
1e+20
  9
$PEXTMAX
 10
-1e+20
 20
-1e+20
 30
-1e+20
  9
$PLIMMIN
 10
0.0
 20
0.0
  9
$PLIMMAX
 10
420.0
 20
297.0
  9
$UNITMODE
 70
0
  9
$VISRETAIN
 70
1
  9
$PLINEGEN
 70
0
  9
$PSLTSCALE
 70
1
  9
$TREEDEPTH
 70
3020
  9
$CMLSTYLE
  2
Standard
  9
$CMLJUST
 70
0
  9
$CMLSCALE
 40
20.0
  9
$PROXYGRAPHICS
 70
1
  9
$MEASUREMENT
 70
1
  9
$CELWEIGHT
370
-1
  9
$ENDCAPS
280
0
  9
$JOINSTYLE
280
0
  9
$LWDISPLAY
290
0
  9
$INSUNITS
 70
6
  9
$HYPERLINKBASE
  1

  9
$STYLESHEET
  1

  9
$XEDIT
290
1
  9
$CEPSNTYPE
380
0
  9
$PSTYLEMODE
290
1
  9
$FINGERPRINTGUID
  2
{566870CE-C054-4564-B845-42A7B9CE4BA2}
  9
$VERSIONGUID
  2
{FCF35F8E-868F-4380-9ECE-2671C57F57D7}
  9
$EXTNAMES
290
1
  9
$PSVPSCALE
 40
0.0
  9
$OLESTARTUP
290
0
  9
$SORTENTS
280
127
  9
$INDEXCTL
280
0
  9
$HIDETEXT
280
1
  9
$XCLIPFRAME
280
1
  9
$HALOGAP
280
0
  9
$OBSCOLOR
 70
257
  9
$OBSLTYPE
280
0
  9
$INTERSECTIONDISPLAY
280
0
  9
$INTERSECTIONCOLOR
 70
257
  9
$DIMASSOC
280
2
  9
$PROJECTNAME
  1

  9
$CAMERADISPLAY
290
0
  9
$LENSLENGTH
 40
50.0
  9
$CAMERAHEIGHT
 40
0.0
  9
$STEPSPERSEC
 40
24.0
  9
$STEPSIZE
 40
100.0
  9
$3DDWFPREC
 40
2.0
  9
$PSOLWIDTH
 40
0.005
  9
$PSOLHEIGHT
 40
0.08
  9
$LOFTANG1
 40
1.570796326795
  9
$LOFTANG2
 40
1.570796326795
  9
$LOFTMAG1
 40
0.0
  9
$LOFTMAG2
 40
0.0
  9
$LOFTPARAM
 70
7
  9
$LOFTNORMALS
280
1
  9
$LATITUDE
 40
37.795
  9
$LONGITUDE
 40
-122.394
  9
$NORTHDIRECTION
 40
0.0
  9
$TIMEZONE
 70
-8000
  9
$LIGHTGLYPHDISPLAY
280
1
  9
$TILEMODELIGHTSYNCH
280
1
  9
$CMATERIAL
347
20
  9
$SOLIDHIST
280
0
  9
$SHOWHIST
280
1
  9
$DWFFRAME
280
2
  9
$DGNFRAME
280
2
  9
$REALWORLDSCALE
290
1
  9
$INTERFERECOLOR
 62
256
  9
$CSHADOW
280
0
  9
$SHADOWPLANELOCATION
 40
0.0
  0
ENDSEC
  0
SECTION
  2
CLASSES
  0
CLASS
  1
ACDBDICTIONARYWDFLT
  2
AcDbDictionaryWithDefault
  3
ObjectDBX Classes
 90
0
 91
0
280
0
281
0
  0
CLASS
  1
SUN
  2
AcDbSun
  3
SCENEOE
 90
1153
 91
0
280
0
281
0
  0
CLASS
  1
VISUALSTYLE
  2
AcDbVisualStyle
  3
ObjectDBX Classes
 90
4095
 91
0
280
0
281
0
  0
CLASS
  1
MATERIAL
  2
AcDbMaterial
  3
ObjectDBX Classes
 90
1153
 91
0
280
0
281
0
  0
CLASS
  1
SCALE
  2
AcDbScale
  3
ObjectDBX Classes
 90
1153
 91
0
280
0
281
0
  0
CLASS
  1
TABLESTYLE
  2
AcDbTableStyle
  3
ObjectDBX Classes
 90
4095
 91
0
280
0
281
0
  0
CLASS
  1
MLEADERSTYLE
  2
AcDbMLeaderStyle
  3
ACDB_MLEADERSTYLE_CLASS
 90
4095
 91
0
280
0
281
0
  0
CLASS
  1
DICTIONARYVAR
  2
AcDbDictionaryVar
  3
ObjectDBX Classes
 90
0
 91
0
280
0
281
0
  0
CLASS
  1
CELLSTYLEMAP
  2
AcDbCellStyleMap
  3
ObjectDBX Classes
 90
1152
 91
0
280
0
281
0
  0
CLASS
  1
MENTALRAYRENDERSETTINGS
  2
AcDbMentalRayRenderSettings
  3
SCENEOE
 90
1024
 91
0
280
0
281
0
  0
CLASS
  1
ACDBDETAILVIEWSTYLE
  2
AcDbDetailViewStyle
  3
ObjectDBX Classes
 90
1025
 91
0
280
0
281
0
  0
CLASS
  1
ACDBSECTIONVIEWSTYLE
  2
AcDbSectionViewStyle
  3
ObjectDBX Classes
 90
1025
 91
0
280
0
281
0
  0
CLASS
  1
RASTERVARIABLES
  2
AcDbRasterVariables
  3
ISM
 90
0
 91
0
280
0
281
0
  0
CLASS
  1
LAYOUT
  2
AcDbLayout
  3
ObjectDBX Classes
 90
0
 91
0
280
0
281
0
  0
CLASS
  1
ACDBPLACEHOLDER
  2
AcDbPlaceHolder
  3
ObjectDBX Classes
 90
0
 91
0
280
0
281
0
  0
ENDSEC
  0
SECTION
  2
TABLES
  0
TABLE
  2
VPORT
  5
8
330
0
100
AcDbSymbolTable
 70
1
  0
VPORT
  5
23
330
8
100
AcDbSymbolTableRecord
100
AcDbViewportTableRecord
  2
*Active
 70
0
 10
0.0
 20
0.0
 11
1.0
 21
1.0
 12
0.0
 22
0.0
 13
0.0
 23
0.0
 14
0.5
 24
0.5
 15
0.5
 25
0.5
 16
0.0
 26
0.0
 36
1.0
 17
0.0
 27
0.0
 37
0.0
 40
1000.0
 41
1.34
 42
50.0
 43
0.0
 44
0.0
 50
0.0
 51
0.0
 71
0
 72
1000
 73
1
 74
3
 75
0
 76
0
 77
0
 78
0
281
0
 65
0
146
0.0
  0
ENDTAB
  0
TABLE
  2
LTYPE
  5
2
330
0
100
AcDbSymbolTable
 70
3
  0
LTYPE
  5
24
330
2
100
AcDbSymbolTableRecord
100
AcDbLinetypeTableRecord
  2
ByBlock
 70
0
  3

 72
65
 73
0
 40
0.0
  0
LTYPE
  5
25
330
2
100
AcDbSymbolTableRecord
100
AcDbLinetypeTableRecord
  2
ByLayer
 70
0
  3

 72
65
 73
0
 40
0.0
  0
LTYPE
  5
26
330
2
100
AcDbSymbolTableRecord
100
AcDbLinetypeTableRecord
  2
Continuous
 70
0
  3

 72
65
 73
0
 40
0.0
  0
ENDTAB
  0
TABLE
  2
LAYER
  5
1
330
0
100
AcDbSymbolTable
 70
2
  0
LAYER
  5
27
330
1
100
AcDbSymbolTableRecord
100
AcDbLayerTableRecord
  2
0
 70
0
 62
7
  6
Continuous
370
-3
390
13
347
21
  0
LAYER
  5
28
330
1
100
AcDbSymbolTableRecord
100
AcDbLayerTableRecord
  2
Defpoints
 70
0
 62
7
  6
Continuous
290
0
370
-3
390
13
347
21
  0
ENDTAB
  0
TABLE
  2
STYLE
  5
5
330
0
100
AcDbSymbolTable
 70
1
  0
STYLE
  5
29
330
5
100
AcDbSymbolTableRecord
100
AcDbTextStyleTableRecord
  2
Standard
 70
0
 40
0.0
 41
1.0
 50
0.0
 71
0
 42
2.5
  3
txt
  4

  0
ENDTAB
  0
TABLE
  2
VIEW
  5
7
330
0
100
AcDbSymbolTable
 70
0
  0
ENDTAB
  0
TABLE
  2
UCS
  5
6
330
0
100
AcDbSymbolTable
 70
0
  0
ENDTAB
  0
TABLE
  2
APPID
  5
3
330
0
100
AcDbSymbolTable
 70
3
  0
APPID
  5
2A
330
3
100
AcDbSymbolTableRecord
100
AcDbRegAppTableRecord
  2
ACAD
 70
0
  0
APPID
  5
156E
330
3
100
AcDbSymbolTableRecord
100
AcDbRegAppTableRecord
  2
HATCHBACKGROUNDCOLOR
 70
0
  0
APPID
  5
156F
330
3
100
AcDbSymbolTableRecord
100
AcDbRegAppTableRecord
  2
EZDXF
 70
0
  0
ENDTAB
  0
TABLE
  2
DIMSTYLE
  5
4
330
0
100
AcDbSymbolTable
 70
1
100
AcDbDimStyleTable
  0
DIMSTYLE
105
2B
330
4
100
AcDbSymbolTableRecord
100
AcDbDimStyleTableRecord
  2
Standard
 70
0
 40
1.0
 41
2.5
 42
0.625
 43
3.75
 44
1.25
 45
0.0
 46
0.0
 47
0.0
 48
0.0
 49
2.5
140
2.5
141
2.5
142
0.0
143
0.03937007874
144
1.0
145
0.0
146
1.0
147
0.625
148
0.0
 69
0
 70
0
 71
0
 72
0
 73
0
 74
0
 75
0
 76
0
 77
1
 78
8
 79
3
170
0
171
3
172
1
173
0
174
0
175
0
176
0
177
0
178
0
179
2
271
2
272
2
273
2
274
3
275
0
276
0
277
2
278
44
279
0
280
0
281
0
282
0
283
0
284
8
285
0
286
0
288
0
289
3
290
0
371
-2
372
-2
  0
ENDTAB
  0
TABLE
  2
BLOCK_RECORD
  5
9
330
0
100
AcDbSymbolTable
 70
2
  0
BLOCK_RECORD
  5
17
330
9
100
AcDbSymbolTableRecord
100
AcDbBlockTableRecord
  2
*Model_Space
340
1A
 70
0
280
1
281
0
  0
BLOCK_RECORD
  5
1B
330
9
100
AcDbSymbolTableRecord
100
AcDbBlockTableRecord
  2
*Paper_Space
340
1E
 70
0
280
1
281
0
  0
ENDTAB
  0
ENDSEC
  0
SECTION
  2
BLOCKS
  0
BLOCK
  5
18
330
17
100
AcDbEntity
  8
0
100
AcDbBlockBegin
  2
*Model_Space
 70
0
 10
0.0
 20
0.0
 30
0.0
  3
*Model_Space
  1

  0
ENDBLK
  5
19
330
17
100
AcDbEntity
  8
0
100
AcDbBlockEnd
  0
BLOCK
  5
1C
330
1B
100
AcDbEntity
  8
0
100
AcDbBlockBegin
  2
*Paper_Space
 70
0
 10
0.0
 20
0.0
 30
0.0
  3
*Paper_Space
  1

  0
ENDBLK
  5
1D
330
1B
100
AcDbEntity
  8
0
100
AcDbBlockEnd
  0
ENDSEC
  0
SECTION
  2
ENTITIES
  0
LINE
  5
2F
330
17
100
AcDbEntity
  8
0
100
AcDbLine
 10
477.378
 20
-322.853
 30
0.0
 11
477.378
 21
-340.853
 31
0.0
  0
LINE
  5
30
330
17
100
AcDbEntity
  8
0
100
AcDbLine
 10
514.978
 20
-322.853
 30
0.0
 11
477.378
 21
-322.853
 31
0.0
  0
LINE
  5
31
330
17
100
AcDbEntity
  8
0
100
AcDbLine
 10
514.978
 20
-340.853
 30
0.0
 11
514.978
 21
-322.853
 31
0.0
  0
LINE
  5
32
330
17
100
AcDbEntity
  8
0
100
AcDbLine
 10
477.378
 20
-340.853
 30
0.0
 11
514.978
 21
-340.853
 31
0.0
  0
LINE
  5
33
330
17
100
AcDbEntity
  8
0
100
AcDbLine
 10
508.575
 20
-337.173
 30
0.0
 11
507.051
 21
-340.853
 31
0.0
  0
LINE
  5
34
330
17
100
AcDbEntity
  8
0
100
AcDbLine
 10
514.978
 20
-337.173
 30
0.0
 11
508.575
 21
-337.173
 31
0.0
  0
LINE
  5
35
330
17
100
AcDbEntity
  8
0
100
AcDbLine
 10
508.575
 20
-337.173
 30
0.0
 11
514.978
 21
-337.173
 31
0.0
  0
LINE
  5
36
330
17
100
AcDbEntity
  8
0
100
AcDbLine
 10
509.338
 20
-335.333
 30
0.0
 11
508.575
 21
-337.173
 31
0.0
  0
LINE
  5
37
330
17
100
AcDbEntity
  8
0
100
AcDbLine
 10
509.338
 20
-326.533
 30
0.0
 11
509.338
 21
-335.333
 31
0.0
  0
LINE
  5
38
330
17
100
AcDbEntity
  8
0
100
AcDbLine
 10
514.978
 20
-326.533
 30
0.0
 11
509.338
 21
-326.533
 31
0.0
  0
LINE
  5
39
330
17
100
AcDbEntity
  8
0
100
AcDbLine
 10
509.338
 20
-326.533
 30
0.0
 11
514.978
 21
-326.533
 31
0.0
  0
LINE
  5
3A
330
17
100
AcDbEntity
  8
0
100
AcDbLine
 10
509.338
 20
-322.853
 30
0.0
 11
509.338
 21
-326.533
 31
0.0
  0
LINE
  5
3B
330
17
100
AcDbEntity
  8
0
100
AcDbLine
 10
477.378
 20
-352.853
 30
0.0
 11
477.378
 21
-370.853
 31
0.0
  0
LINE
  5
3C
330
17
100
AcDbEntity
  8
0
100
AcDbLine
 10
514.978
 20
-352.853
 30
0.0
 11
477.378
 21
-352.853
 31
0.0
  0
LINE
  5
3D
330
17
100
AcDbEntity
  8
0
100
AcDbLine
 10
514.978
 20
-370.853
 30
0.0
 11
514.978
 21
-352.853
 31
0.0
  0
LINE
  5
3E
330
17
100
AcDbEntity
  8
0
100
AcDbLine
 10
477.378
 20
-370.853
 30
0.0
 11
514.978
 21
-370.853
 31
0.0
  0
LINE
  5
3F
330
17
100
AcDbEntity
  8
0
100
AcDbLine
 10
508.575
 20
-367.173
 30
0.0
 11
507.051
 21
-370.853
 31
0.0
  0
LINE
  5
40
330
17
100
AcDbEntity
  8
0
100
AcDbLine
 10
514.978
 20
-367.173
 30
0.0
 11
508.575
 21
-367.173
 31
0.0
  0
LINE
  5
41
330
17
100
AcDbEntity
  8
0
100
AcDbLine
 10
508.575
 20
-367.173
 30
0.0
 11
514.978
 21
-367.173
 31
0.0
  0
LINE
  5
42
330
17
100
AcDbEntity
  8
0
100
AcDbLine
 10
509.338
 20
-365.333
 30
0.0
 11
508.575
 21
-367.173
 31
0.0
  0
LINE
  5
43
330
17
100
AcDbEntity
  8
0
100
AcDbLine
 10
509.338
 20
-356.533
 30
0.0
 11
509.338
 21
-365.333
 31
0.0
  0
LINE
  5
44
330
17
100
AcDbEntity
  8
0
100
AcDbLine
 10
514.978
 20
-356.533
 30
0.0
 11
509.338
 21
-356.533
 31
0.0
  0
LINE
  5
45
330
17
100
AcDbEntity
  8
0
100
AcDbLine
 10
509.338
 20
-356.533
 30
0.0
 11
514.978
 21
-356.533
 31
0.0
  0
LINE
  5
46
330
17
100
AcDbEntity
  8
0
100
AcDbLine
 10
509.338
 20
-352.853
 30
0.0
 11
509.338
 21
-356.533
 31
0.0
  0
LINE
  5
47
330
17
100
AcDbEntity
  8
0
100
AcDbLine
 10
463.234
 20
-111.133
 30
0.0
 11
422.634
 21
-111.133
 31
0.0
  0
LINE
  5
48
330
17
100
AcDbEntity
  8
0
100
AcDbLine
 10
463.234
 20
-147.733
 30
0.0
 11
463.234
 21
-111.133
 31
0.0
  0
LINE
  5
49
330
17
100
AcDbEntity
  8
0
100
AcDbLine
 10
422.634
 20
-147.733
 30
0.0
 11
463.234
 21
-147.733
 31
0.0
  0
LINE
  5
4A
330
17
100
AcDbEntity
  8
0
100
AcDbLine
 10
430.24
 20
-118.453
 30
0.0
 11
433.272
 21
-111.133
 31
0.0
  0
LINE
  5
4B
330
17
100
AcDbEntity
  8
0
100
AcDbLine
 10
422.634
 20
-118.453
 30
0.0
 11
430.24
 21
-118.453
 31
0.0
  0
LINE
  5
4C
330
17
100
AcDbEntity
  8
0
100
AcDbLine
 10
430.24
 20
-118.453
 30
0.0
 11
422.634
 21
-118.453
 31
0.0
  0
LINE
  5
4D
330
17
100
AcDbEntity
  8
0
100
AcDbLine
 10
428.724
 20
-122.113
 30
0.0
 11
430.24
 21
-118.453
 31
0.0
  0
LINE
  5
4E
330
17
100
AcDbEntity
  8
0
100
AcDbLine
 10
428.724
 20
-140.413
 30
0.0
 11
428.724
 21
-122.113
 31
0.0
  0
LINE
  5
4F
330
17
100
AcDbEntity
  8
0
100
AcDbLine
 10
422.634
 20
-140.413
 30
0.0
 11
428.724
 21
-140.413
 31
0.0
  0
LINE
  5
50
330
17
100
AcDbEntity
  8
0
100
AcDbLine
 10
428.724
 20
-140.413
 30
0.0
 11
422.634
 21
-140.413
 31
0.0
  0
LINE
  5
51
330
17
100
AcDbEntity
  8
0
100
AcDbLine
 10
428.724
 20
-147.733
 30
0.0
 11
428.724
 21
-140.413
 31
0.0
  0
LINE
  5
52
330
17
100
AcDbEntity
  8
0
100
AcDbLine
 10
353.534
 20
-125.996
 30
0.0
 11
312.934
 21
-125.996
 31
0.0
  0
LINE
  5
53
330
17
100
AcDbEntity
  8
0
100
AcDbLine
 10
353.534
 20
-162.596
 30
0.0
 11
353.534
 21
-125.996
 31
0.0
  0
LINE
  5
54
330
17
100
AcDbEntity
  8
0
100
AcDbLine
 10
312.934
 20
-162.596
 30
0.0
 11
353.534
 21
-162.596
 31
0.0
  0
LINE
  5
55
330
17
100
AcDbEntity
  8
0
100
AcDbLine
 10
312.934
 20
-125.996
 30
0.0
 11
312.934
 21
-162.596
 31
0.0
  0
LINE
  5
56
330
17
100
AcDbEntity
  8
0
100
AcDbLine
 10
320.54
 20
-133.316
 30
0.0
 11
323.572
 21
-125.996
 31
0.0
  0
LINE
  5
57
330
17
100
AcDbEntity
  8
0
100
AcDbLine
 10
312.934
 20
-133.316
 30
0.0
 11
320.54
 21
-133.316
 31
0.0
  0
LINE
  5
58
330
17
100
AcDbEntity
  8
0
100
AcDbLine
 10
320.54
 20
-133.316
 30
0.0
 11
312.934
 21
-133.316
 31
0.0
  0
LINE
  5
59
330
17
100
AcDbEntity
  8
0
100
AcDbLine
 10
319.024
 20
-136.976
 30
0.0
 11
320.54
 21
-133.316
 31
0.0
  0
LINE
  5
5A
330
17
100
AcDbEntity
  8
0
100
AcDbLine
 10
319.024
 20
-155.276
 30
0.0
 11
319.024
 21
-136.976
 31
0.0
  0
LINE
  5
5B
330
17
100
AcDbEntity
  8
0
100
AcDbLine
 10
312.934
 20
-155.276
 30
0.0
 11
319.024
 21
-155.276
 31
0.0
  0
LINE
  5
5C
330
17
100
AcDbEntity
  8
0
100
AcDbLine
 10
319.024
 20
-155.276
 30
0.0
 11
312.934
 21
-155.276
 31
0.0
  0
LINE
  5
5D
330
17
100
AcDbEntity
  8
0
100
AcDbLine
 10
319.024
 20
-162.596
 30
0.0
 11
319.024
 21
-155.276
 31
0.0
  0
LINE
  5
5E
330
17
100
AcDbEntity
  8
0
100
AcDbLine
 10
283.965
 20
-294.362
 30
0.0
 11
283.965
 21
-290.862
 31
0.0
  0
LINE
  5
5F
330
17
100
AcDbEntity
  8
0
100
AcDbLine
 10
248.965
 20
-294.362
 30
0.0
 11
283.965
 21
-294.362
 31
0.0
  0
LINE
  5
60
330
17
100
AcDbEntity
  8
0
100
AcDbLine
 10
248.965
 20
-290.862
 30
0.0
 11
248.965
 21
-294.362
 31
0.0
  0
LINE
  5
61
330
17
100
AcDbEntity
  8
0
100
AcDbLine
 10
283.965
 20
-290.862
 30
0.0
 11
248.965
 21
-290.862
 31
0.0
  0
LINE
  5
62
330
17
100
AcDbEntity
  8
0
100
AcDbLine
 10
260.632
 20
-290.862
 30
0.0
 11
260.632
 21
-276.362
 31
0.0
  0
LINE
  5
63
330
17
100
AcDbEntity
  8
0
100
AcDbLine
 10
248.965
 20
-290.862
 30
0.0
 11
260.632
 21
-290.862
 31
0.0
  0
LINE
  5
64
330
17
100
AcDbEntity
  8
0
100
AcDbLine
 10
248.965
 20
-276.362
 30
0.0
 11
248.965
 21
-290.862
 31
0.0
  0
LINE
  5
65
330
17
100
AcDbEntity
  8
0
100
AcDbLine
 10
260.632
 20
-276.362
 30
0.0
 11
248.965
 21
-276.362
 31
0.0
  0
LINE
  5
66
330
17
100
AcDbEntity
  8
0
100
AcDbLine
 10
272.299
 20
-290.862
 30
0.0
 11
272.299
 21
-276.362
 31
0.0
  0
LINE
  5
67
330
17
100
AcDbEntity
  8
0
100
AcDbLine
 10
260.632
 20
-290.862
 30
0.0
 11
272.299
 21
-290.862
 31
0.0
  0
LINE
  5
68
330
17
100
AcDbEntity
  8
0
100
AcDbLine
 10
260.632
 20
-276.362
 30
0.0
 11
260.632
 21
-290.862
 31
0.0
  0
LINE
  5
69
330
17
100
AcDbEntity
  8
0
100
AcDbLine
 10
272.299
 20
-276.362
 30
0.0
 11
260.632
 21
-276.362
 31
0.0
  0
LINE
  5
6A
330
17
100
AcDbEntity
  8
0
100
AcDbLine
 10
283.965
 20
-290.862
 30
0.0
 11
283.965
 21
-276.362
 31
0.0
  0
LINE
  5
6B
330
17
100
AcDbEntity
  8
0
100
AcDbLine
 10
272.299
 20
-290.862
 30
0.0
 11
283.965
 21
-290.862
 31
0.0
  0
LINE
  5
6C
330
17
100
AcDbEntity
  8
0
100
AcDbLine
 10
272.299
 20
-276.362
 30
0.0
 11
272.299
 21
-290.862
 31
0.0
  0
LINE
  5
6D
330
17
100
AcDbEntity
  8
0
100
AcDbLine
 10
283.965
 20
-276.362
 30
0.0
 11
272.299
 21
-276.362
 31
0.0
  0
LINE
  5
6E
330
17
100
AcDbEntity
  8
0
100
AcDbLine
 10
248.965
 20
-294.362
 30
0.0
 11
248.965
 21
-276.362
 31
0.0
  0
LINE
  5
6F
330
17
100
AcDbEntity
  8
0
100
AcDbLine
 10
245.465
 20
-294.362
 30
0.0
 11
248.965
 21
-294.362
 31
0.0
  0
LINE
  5
70
330
17
100
AcDbEntity
  8
0
100
AcDbLine
 10
245.465
 20
-276.362
 30
0.0
 11
245.465
 21
-294.362
 31
0.0
  0
LINE
  5
71
330
17
100
AcDbEntity
  8
0
100
AcDbLine
 10
248.965
 20
-276.362
 30
0.0
 11
245.465
 21
-276.362
 31
0.0
  0
LINE
  5
72
330
17
100
AcDbEntity
  8
0
100
AcDbLine
 10
287.465
 20
-294.362
 30
0.0
 11
287.465
 21
-276.362
 31
0.0
  0
LINE
  5
73
330
17
100
AcDbEntity
  8
0
100
AcDbLine
 10
283.965
 20
-294.362
 30
0.0
 11
287.465
 21
-294.362
 31
0.0
  0
LINE
  5
74
330
17
100
AcDbEntity
  8
0
100
AcDbLine
 10
283.965
 20
-276.362
 30
0.0
 11
283.965
 21
-294.362
 31
0.0
  0
LINE
  5
75
330
17
100
AcDbEntity
  8
0
100
AcDbLine
 10
287.465
 20
-276.362
 30
0.0
 11
283.965
 21
-276.362
 31
0.0
  0
LINE
  5
76
330
17
100
AcDbEntity
  8
0
100
AcDbLine
 10
306.229
 20
-228.895
 30
0.0
 11
302.729
 21
-228.895
 31
0.0
  0
LINE
  5
77
330
17
100
AcDbEntity
  8
0
100
AcDbLine
 10
306.229
 20
-263.895
 30
0.0
 11
306.229
 21
-228.895
 31
0.0
  0
LINE
  5
78
330
17
100
AcDbEntity
  8
0
100
AcDbLine
 10
302.729
 20
-263.895
 30
0.0
 11
306.229
 21
-263.895
 31
0.0
  0
LINE
  5
79
330
17
100
AcDbEntity
  8
0
100
AcDbLine
 10
302.729
 20
-228.895
 30
0.0
 11
302.729
 21
-263.895
 31
0.0
  0
LINE
  5
7A
330
17
100
AcDbEntity
  8
0
100
AcDbLine
 10
302.729
 20
-252.229
 30
0.0
 11
288.229
 21
-252.229
 31
0.0
  0
LINE
  5
7B
330
17
100
AcDbEntity
  8
0
100
AcDbLine
 10
302.729
 20
-263.895
 30
0.0
 11
302.729
 21
-252.229
 31
0.0
  0
LINE
  5
7C
330
17
100
AcDbEntity
  8
0
100
AcDbLine
 10
288.229
 20
-263.895
 30
0.0
 11
302.729
 21
-263.895
 31
0.0
  0
LINE
  5
7D
330
17
100
AcDbEntity
  8
0
100
AcDbLine
 10
288.229
 20
-252.229
 30
0.0
 11
288.229
 21
-263.895
 31
0.0
  0
LINE
  5
7E
330
17
100
AcDbEntity
  8
0
100
AcDbLine
 10
302.729
 20
-240.562
 30
0.0
 11
288.229
 21
-240.562
 31
0.0
  0
LINE
  5
7F
330
17
100
AcDbEntity
  8
0
100
AcDbLine
 10
302.729
 20
-252.229
 30
0.0
 11
302.729
 21
-240.562
 31
0.0
  0
LINE
  5
80
330
17
100
AcDbEntity
  8
0
100
AcDbLine
 10
288.229
 20
-252.229
 30
0.0
 11
302.729
 21
-252.229
 31
0.0
  0
LINE
  5
81
330
17
100
AcDbEntity
  8
0
100
AcDbLine
 10
288.229
 20
-240.562
 30
0.0
 11
288.229
 21
-252.229
 31
0.0
  0
LINE
  5
82
330
17
100
AcDbEntity
  8
0
100
AcDbLine
 10
302.729
 20
-228.895
 30
0.0
 11
288.229
 21
-228.895
 31
0.0
  0
LINE
  5
83
330
17
100
AcDbEntity
  8
0
100
AcDbLine
 10
302.729
 20
-240.562
 30
0.0
 11
302.729
 21
-228.895
 31
0.0
  0
LINE
  5
84
330
17
100
AcDbEntity
  8
0
100
AcDbLine
 10
288.229
 20
-240.562
 30
0.0
 11
302.729
 21
-240.562
 31
0.0
  0
LINE
  5
85
330
17
100
AcDbEntity
  8
0
100
AcDbLine
 10
288.229
 20
-228.895
 30
0.0
 11
288.229
 21
-240.562
 31
0.0
  0
LINE
  5
86
330
17
100
AcDbEntity
  8
0
100
AcDbLine
 10
306.229
 20
-263.895
 30
0.0
 11
288.229
 21
-263.895
 31
0.0
  0
LINE
  5
87
330
17
100
AcDbEntity
  8
0
100
AcDbLine
 10
306.229
 20
-267.395
 30
0.0
 11
306.229
 21
-263.895
 31
0.0
  0
LINE
  5
88
330
17
100
AcDbEntity
  8
0
100
AcDbLine
 10
288.229
 20
-267.395
 30
0.0
 11
306.229
 21
-267.395
 31
0.0
  0
LINE
  5
89
330
17
100
AcDbEntity
  8
0
100
AcDbLine
 10
288.229
 20
-263.895
 30
0.0
 11
288.229
 21
-267.395
 31
0.0
  0
LINE
  5
8A
330
17
100
AcDbEntity
  8
0
100
AcDbLine
 10
306.229
 20
-225.395
 30
0.0
 11
288.229
 21
-225.395
 31
0.0
  0
LINE
  5
8B
330
17
100
AcDbEntity
  8
0
100
AcDbLine
 10
306.229
 20
-228.895
 30
0.0
 11
306.229
 21
-225.395
 31
0.0
  0
LINE
  5
8C
330
17
100
AcDbEntity
  8
0
100
AcDbLine
 10
288.229
 20
-228.895
 30
0.0
 11
306.229
 21
-228.895
 31
0.0
  0
LINE
  5
8D
330
17
100
AcDbEntity
  8
0
100
AcDbLine
 10
288.229
 20
-225.395
 30
0.0
 11
288.229
 21
-228.895
 31
0.0
  0
LINE
  5
8E
330
17
100
AcDbEntity
  8
0
100
AcDbLine
 10
91.7945
 20
-358.588
 30
0.0
 11
95.2945
 21
-358.588
 31
0.0
  0
LINE
  5
8F
330
17
100
AcDbEntity
  8
0
100
AcDbLine
 10
91.7945
 20
-323.588
 30
0.0
 11
91.7945
 21
-358.588
 31
0.0
  0
LINE
  5
90
330
17
100
AcDbEntity
  8
0
100
AcDbLine
 10
95.2945
 20
-323.588
 30
0.0
 11
91.7945
 21
-323.588
 31
0.0
  0
LINE
  5
91
330
17
100
AcDbEntity
  8
0
100
AcDbLine
 10
95.2945
 20
-358.588
 30
0.0
 11
95.2945
 21
-323.588
 31
0.0
  0
LINE
  5
92
330
17
100
AcDbEntity
  8
0
100
AcDbLine
 10
95.2945
 20
-335.255
 30
0.0
 11
109.794
 21
-335.255
 31
0.0
  0
LINE
  5
93
330
17
100
AcDbEntity
  8
0
100
AcDbLine
 10
95.2945
 20
-323.588
 30
0.0
 11
95.2945
 21
-335.255
 31
0.0
  0
LINE
  5
94
330
17
100
AcDbEntity
  8
0
100
AcDbLine
 10
109.794
 20
-323.588
 30
0.0
 11
95.2945
 21
-323.588
 31
0.0
  0
LINE
  5
95
330
17
100
AcDbEntity
  8
0
100
AcDbLine
 10
109.794
 20
-335.255
 30
0.0
 11
109.794
 21
-323.588
 31
0.0
  0
LINE
  5
96
330
17
100
AcDbEntity
  8
0
100
AcDbLine
 10
95.2945
 20
-346.921
 30
0.0
 11
109.794
 21
-346.921
 31
0.0
  0
LINE
  5
97
330
17
100
AcDbEntity
  8
0
100
AcDbLine
 10
95.2945
 20
-335.255
 30
0.0
 11
95.2945
 21
-346.921
 31
0.0
  0
LINE
  5
98
330
17
100
AcDbEntity
  8
0
100
AcDbLine
 10
109.794
 20
-335.255
 30
0.0
 11
95.2945
 21
-335.255
 31
0.0
  0
LINE
  5
99
330
17
100
AcDbEntity
  8
0
100
AcDbLine
 10
109.794
 20
-346.921
 30
0.0
 11
109.794
 21
-335.255
 31
0.0
  0
LINE
  5
9A
330
17
100
AcDbEntity
  8
0
100
AcDbLine
 10
95.2945
 20
-358.588
 30
0.0
 11
109.794
 21
-358.588
 31
0.0
  0
LINE
  5
9B
330
17
100
AcDbEntity
  8
0
100
AcDbLine
 10
95.2945
 20
-346.921
 30
0.0
 11
95.2945
 21
-358.588
 31
0.0
  0
LINE
  5
9C
330
17
100
AcDbEntity
  8
0
100
AcDbLine
 10
109.794
 20
-346.921
 30
0.0
 11
95.2945
 21
-346.921
 31
0.0
  0
LINE
  5
9D
330
17
100
AcDbEntity
  8
0
100
AcDbLine
 10
109.794
 20
-358.588
 30
0.0
 11
109.794
 21
-346.921
 31
0.0
  0
LINE
  5
9E
330
17
100
AcDbEntity
  8
0
100
AcDbLine
 10
91.7945
 20
-323.588
 30
0.0
 11
109.794
 21
-323.588
 31
0.0
  0
LINE
  5
9F
330
17
100
AcDbEntity
  8
0
100
AcDbLine
 10
91.7945
 20
-320.088
 30
0.0
 11
91.7945
 21
-323.588
 31
0.0
  0
LINE
  5
A0
330
17
100
AcDbEntity
  8
0
100
AcDbLine
 10
109.794
 20
-320.088
 30
0.0
 11
91.7945
 21
-320.088
 31
0.0
  0
LINE
  5
A1
330
17
100
AcDbEntity
  8
0
100
AcDbLine
 10
109.794
 20
-323.588
 30
0.0
 11
109.794
 21
-320.088
 31
0.0
  0
LINE
  5
A2
330
17
100
AcDbEntity
  8
0
100
AcDbLine
 10
91.7945
 20
-362.088
 30
0.0
 11
109.794
 21
-362.088
 31
0.0
  0
LINE
  5
A3
330
17
100
AcDbEntity
  8
0
100
AcDbLine
 10
91.7945
 20
-358.588
 30
0.0
 11
91.7945
 21
-362.088
 31
0.0
  0
LINE
  5
A4
330
17
100
AcDbEntity
  8
0
100
AcDbLine
 10
109.794
 20
-358.588
 30
0.0
 11
91.7945
 21
-358.588
 31
0.0
  0
LINE
  5
A5
330
17
100
AcDbEntity
  8
0
100
AcDbLine
 10
109.794
 20
-362.088
 30
0.0
 11
109.794
 21
-358.588
 31
0.0
  0
LINE
  5
A6
330
17
100
AcDbEntity
  8
0
100
AcDbLine
 10
514.308
 20
-299.701
 30
0.0
 11
511.908
 21
-299.701
 31
0.0
  0
LINE
  5
A7
330
17
100
AcDbEntity
  8
0
100
AcDbLine
 10
511.823
 20
-294.301
 30
0.0
 11
508.123
 21
-294.301
 31
0.0
  0
LINE
  5
A8
330
17
100
AcDbEntity
  8
0
100
AcDbLine
 10
512.046
 20
-294.326
 30
0.0
 11
511.823
 21
-294.301
 31
0.0
  0
LINE
  5
A9
330
17
100
AcDbEntity
  8
0
100
AcDbLine
 10
512.257
 20
-294.4
 30
0.0
 11
512.046
 21
-294.326
 31
0.0
  0
LINE
  5
AA
330
17
100
AcDbEntity
  8
0
100
AcDbLine
 10
512.447
 20
-294.52
 30
0.0
 11
512.257
 21
-294.4
 31
0.0
  0
LINE
  5
AB
330
17
100
AcDbEntity
  8
0
100
AcDbLine
 10
512.605
 20
-294.678
 30
0.0
 11
512.447
 21
-294.52
 31
0.0
  0
LINE
  5
AC
330
17
100
AcDbEntity
  8
0
100
AcDbLine
 10
512.724
 20
-294.867
 30
0.0
 11
512.605
 21
-294.678
 31
0.0
  0
LINE
  5
AD
330
17
100
AcDbEntity
  8
0
100
AcDbLine
 10
512.798
 20
-295.079
 30
0.0
 11
512.724
 21
-294.867
 31
0.0
  0
LINE
  5
AE
330
17
100
AcDbEntity
  8
0
100
AcDbLine
 10
512.823
 20
-295.301
 30
0.0
 11
512.798
 21
-295.079
 31
0.0
  0
LINE
  5
AF
330
17
100
AcDbEntity
  8
0
100
AcDbLine
 10
512.823
 20
-304.101
 30
0.0
 11
512.823
 21
-295.301
 31
0.0
  0
LINE
  5
B0
330
17
100
AcDbEntity
  8
0
100
AcDbLine
 10
512.798
 20
-304.324
 30
0.0
 11
512.823
 21
-304.101
 31
0.0
  0
LINE
  5
B1
330
17
100
AcDbEntity
  8
0
100
AcDbLine
 10
512.724
 20
-304.535
 30
0.0
 11
512.798
 21
-304.324
 31
0.0
  0
LINE
  5
B2
330
17
100
AcDbEntity
  8
0
100
AcDbLine
 10
512.605
 20
-304.725
 30
0.0
 11
512.724
 21
-304.535
 31
0.0
  0
LINE
  5
B3
330
17
100
AcDbEntity
  8
0
100
AcDbLine
 10
512.447
 20
-304.883
 30
0.0
 11
512.605
 21
-304.725
 31
0.0
  0
LINE
  5
B4
330
17
100
AcDbEntity
  8
0
100
AcDbLine
 10
512.257
 20
-305.002
 30
0.0
 11
512.447
 21
-304.883
 31
0.0
  0
LINE
  5
B5
330
17
100
AcDbEntity
  8
0
100
AcDbLine
 10
512.046
 20
-305.076
 30
0.0
 11
512.257
 21
-305.002
 31
0.0
  0
LINE
  5
B6
330
17
100
AcDbEntity
  8
0
100
AcDbLine
 10
511.823
 20
-305.101
 30
0.0
 11
512.046
 21
-305.076
 31
0.0
  0
LINE
  5
B7
330
17
100
AcDbEntity
  8
0
100
AcDbLine
 10
508.123
 20
-305.101
 30
0.0
 11
511.823
 21
-305.101
 31
0.0
  0
LINE
  5
B8
330
17
100
AcDbEntity
  8
0
100
AcDbLine
 10
507.456
 20
-305.026
 30
0.0
 11
508.123
 21
-305.101
 31
0.0
  0
LINE
  5
B9
330
17
100
AcDbEntity
  8
0
100
AcDbLine
 10
506.822
 20
-304.804
 30
0.0
 11
507.456
 21
-305.026
 31
0.0
  0
LINE
  5
BA
330
17
100
AcDbEntity
  8
0
100
AcDbLine
 10
506.253
 20
-304.447
 30
0.0
 11
506.822
 21
-304.804
 31
0.0
  0
LINE
  5
BB
330
17
100
AcDbEntity
  8
0
100
AcDbLine
 10
505.778
 20
-303.972
 30
0.0
 11
506.253
 21
-304.447
 31
0.0
  0
LINE
  5
BC
330
17
100
AcDbEntity
  8
0
100
AcDbLine
 10
505.421
 20
-303.403
 30
0.0
 11
505.778
 21
-303.972
 31
0.0
  0
LINE
  5
BD
330
17
100
AcDbEntity
  8
0
100
AcDbLine
 10
505.199
 20
-302.769
 30
0.0
 11
505.421
 21
-303.403
 31
0.0
  0
LINE
  5
BE
330
17
100
AcDbEntity
  8
0
100
AcDbLine
 10
505.123
 20
-302.101
 30
0.0
 11
505.199
 21
-302.769
 31
0.0
  0
LINE
  5
BF
330
17
100
AcDbEntity
  8
0
100
AcDbLine
 10
505.123
 20
-297.301
 30
0.0
 11
505.123
 21
-302.101
 31
0.0
  0
LINE
  5
C0
330
17
100
AcDbEntity
  8
0
100
AcDbLine
 10
505.199
 20
-296.634
 30
0.0
 11
505.123
 21
-297.301
 31
0.0
  0
LINE
  5
C1
330
17
100
AcDbEntity
  8
0
100
AcDbLine
 10
505.421
 20
-296.0
 30
0.0
 11
505.199
 21
-296.634
 31
0.0
  0
LINE
  5
C2
330
17
100
AcDbEntity
  8
0
100
AcDbLine
 10
505.778
 20
-295.431
 30
0.0
 11
505.421
 21
-296.0
 31
0.0
  0
LINE
  5
C3
330
17
100
AcDbEntity
  8
0
100
AcDbLine
 10
506.253
 20
-294.956
 30
0.0
 11
505.778
 21
-295.431
 31
0.0
  0
LINE
  5
C4
330
17
100
AcDbEntity
  8
0
100
AcDbLine
 10
506.822
 20
-294.598
 30
0.0
 11
506.253
 21
-294.956
 31
0.0
  0
LINE
  5
C5
330
17
100
AcDbEntity
  8
0
100
AcDbLine
 10
507.456
 20
-294.377
 30
0.0
 11
506.822
 21
-294.598
 31
0.0
  0
LINE
  5
C6
330
17
100
AcDbEntity
  8
0
100
AcDbLine
 10
508.123
 20
-294.301
 30
0.0
 11
507.456
 21
-294.377
 31
0.0
  0
LINE
  5
C7
330
17
100
AcDbEntity
  8
0
100
AcDbLine
 10
511.823
 20
-294.301
 30
0.0
 11
508.123
 21
-294.301
 31
0.0
  0
LINE
  5
C8
330
17
100
AcDbEntity
  8
0
100
AcDbLine
 10
514.133
 20
-293.701
 30
0.0
 11
505.133
 21
-293.701
 31
0.0
  0
LINE
  5
C9
330
17
100
AcDbEntity
  8
0
100
AcDbLine
 10
514.356
 20
-293.726
 30
0.0
 11
514.133
 21
-293.701
 31
0.0
  0
LINE
  5
CA
330
17
100
AcDbEntity
  8
0
100
AcDbLine
 10
514.567
 20
-293.8
 30
0.0
 11
514.356
 21
-293.726
 31
0.0
  0
LINE
  5
CB
330
17
100
AcDbEntity
  8
0
100
AcDbLine
 10
514.757
 20
-293.92
 30
0.0
 11
514.567
 21
-293.8
 31
0.0
  0
LINE
  5
CC
330
17
100
AcDbEntity
  8
0
100
AcDbLine
 10
514.915
 20
-294.078
 30
0.0
 11
514.757
 21
-293.92
 31
0.0
  0
LINE
  5
CD
330
17
100
AcDbEntity
  8
0
100
AcDbLine
 10
515.034
 20
-294.267
 30
0.0
 11
514.915
 21
-294.078
 31
0.0
  0
LINE
  5
CE
330
17
100
AcDbEntity
  8
0
100
AcDbLine
 10
515.108
 20
-294.479
 30
0.0
 11
515.034
 21
-294.267
 31
0.0
  0
LINE
  5
CF
330
17
100
AcDbEntity
  8
0
100
AcDbLine
 10
515.133
 20
-294.701
 30
0.0
 11
515.108
 21
-294.479
 31
0.0
  0
LINE
  5
D0
330
17
100
AcDbEntity
  8
0
100
AcDbLine
 10
515.133
 20
-304.701
 30
0.0
 11
515.133
 21
-294.701
 31
0.0
  0
LINE
  5
D1
330
17
100
AcDbEntity
  8
0
100
AcDbLine
 10
515.108
 20
-304.924
 30
0.0
 11
515.133
 21
-304.701
 31
0.0
  0
LINE
  5
D2
330
17
100
AcDbEntity
  8
0
100
AcDbLine
 10
515.034
 20
-305.135
 30
0.0
 11
515.108
 21
-304.924
 31
0.0
  0
LINE
  5
D3
330
17
100
AcDbEntity
  8
0
100
AcDbLine
 10
514.915
 20
-305.325
 30
0.0
 11
515.034
 21
-305.135
 31
0.0
  0
LINE
  5
D4
330
17
100
AcDbEntity
  8
0
100
AcDbLine
 10
514.757
 20
-305.483
 30
0.0
 11
514.915
 21
-305.325
 31
0.0
  0
LINE
  5
D5
330
17
100
AcDbEntity
  8
0
100
AcDbLine
 10
514.567
 20
-305.602
 30
0.0
 11
514.757
 21
-305.483
 31
0.0
  0
LINE
  5
D6
330
17
100
AcDbEntity
  8
0
100
AcDbLine
 10
514.356
 20
-305.676
 30
0.0
 11
514.567
 21
-305.602
 31
0.0
  0
LINE
  5
D7
330
17
100
AcDbEntity
  8
0
100
AcDbLine
 10
514.133
 20
-305.701
 30
0.0
 11
514.356
 21
-305.676
 31
0.0
  0
LINE
  5
D8
330
17
100
AcDbEntity
  8
0
100
AcDbLine
 10
505.133
 20
-305.701
 30
0.0
 11
514.133
 21
-305.701
 31
0.0
  0
LINE
  5
D9
330
17
100
AcDbEntity
  8
0
100
AcDbLine
 10
504.911
 20
-305.676
 30
0.0
 11
505.133
 21
-305.701
 31
0.0
  0
LINE
  5
DA
330
17
100
AcDbEntity
  8
0
100
AcDbLine
 10
504.7
 20
-305.602
 30
0.0
 11
504.911
 21
-305.676
 31
0.0
  0
LINE
  5
DB
330
17
100
AcDbEntity
  8
0
100
AcDbLine
 10
504.51
 20
-305.483
 30
0.0
 11
504.7
 21
-305.602
 31
0.0
  0
LINE
  5
DC
330
17
100
AcDbEntity
  8
0
100
AcDbLine
 10
504.352
 20
-305.325
 30
0.0
 11
504.51
 21
-305.483
 31
0.0
  0
LINE
  5
DD
330
17
100
AcDbEntity
  8
0
100
AcDbLine
 10
504.232
 20
-305.135
 30
0.0
 11
504.352
 21
-305.325
 31
0.0
  0
LINE
  5
DE
330
17
100
AcDbEntity
  8
0
100
AcDbLine
 10
504.158
 20
-304.924
 30
0.0
 11
504.232
 21
-305.135
 31
0.0
  0
LINE
  5
DF
330
17
100
AcDbEntity
  8
0
100
AcDbLine
 10
504.133
 20
-304.701
 30
0.0
 11
504.158
 21
-304.924
 31
0.0
  0
LINE
  5
E0
330
17
100
AcDbEntity
  8
0
100
AcDbLine
 10
504.133
 20
-294.701
 30
0.0
 11
504.133
 21
-304.701
 31
0.0
  0
LINE
  5
E1
330
17
100
AcDbEntity
  8
0
100
AcDbLine
 10
504.159
 20
-294.479
 30
0.0
 11
504.133
 21
-294.701
 31
0.0
  0
LINE
  5
E2
330
17
100
AcDbEntity
  8
0
100
AcDbLine
 10
504.232
 20
-294.267
 30
0.0
 11
504.159
 21
-294.479
 31
0.0
  0
LINE
  5
E3
330
17
100
AcDbEntity
  8
0
100
AcDbLine
 10
504.352
 20
-294.078
 30
0.0
 11
504.232
 21
-294.267
 31
0.0
  0
LINE
  5
E4
330
17
100
AcDbEntity
  8
0
100
AcDbLine
 10
504.51
 20
-293.92
 30
0.0
 11
504.352
 21
-294.078
 31
0.0
  0
LINE
  5
E5
330
17
100
AcDbEntity
  8
0
100
AcDbLine
 10
504.7
 20
-293.8
 30
0.0
 11
504.51
 21
-293.92
 31
0.0
  0
LINE
  5
E6
330
17
100
AcDbEntity
  8
0
100
AcDbLine
 10
504.911
 20
-293.726
 30
0.0
 11
504.7
 21
-293.8
 31
0.0
  0
LINE
  5
E7
330
17
100
AcDbEntity
  8
0
100
AcDbLine
 10
505.133
 20
-293.701
 30
0.0
 11
504.911
 21
-293.726
 31
0.0
  0
LINE
  5
E8
330
17
100
AcDbEntity
  8
0
100
AcDbLine
 10
514.133
 20
-293.701
 30
0.0
 11
505.133
 21
-293.701
 31
0.0
  0
LINE
  5
E9
330
17
100
AcDbEntity
  8
0
100
AcDbLine
 10
506.777
 20
-181.267
 30
0.0
 11
506.777
 21
-183.667
 31
0.0
  0
LINE
  5
EA
330
17
100
AcDbEntity
  8
0
100
AcDbLine
 10
501.377
 20
-183.752
 30
0.0
 11
501.377
 21
-187.452
 31
0.0
  0
LINE
  5
EB
330
17
100
AcDbEntity
  8
0
100
AcDbLine
 10
501.402
 20
-183.53
 30
0.0
 11
501.377
 21
-183.752
 31
0.0
  0
LINE
  5
EC
330
17
100
AcDbEntity
  8
0
100
AcDbLine
 10
501.476
 20
-183.318
 30
0.0
 11
501.402
 21
-183.53
 31
0.0
  0
LINE
  5
ED
330
17
100
AcDbEntity
  8
0
100
AcDbLine
 10
501.595
 20
-183.129
 30
0.0
 11
501.476
 21
-183.318
 31
0.0
  0
LINE
  5
EE
330
17
100
AcDbEntity
  8
0
100
AcDbLine
 10
501.753
 20
-182.97
 30
0.0
 11
501.595
 21
-183.129
 31
0.0
  0
LINE
  5
EF
330
17
100
AcDbEntity
  8
0
100
AcDbLine
 10
501.943
 20
-182.851
 30
0.0
 11
501.753
 21
-182.97
 31
0.0
  0
LINE
  5
F0
330
17
100
AcDbEntity
  8
0
100
AcDbLine
 10
502.154
 20
-182.777
 30
0.0
 11
501.943
 21
-182.851
 31
0.0
  0
LINE
  5
F1
330
17
100
AcDbEntity
  8
0
100
AcDbLine
 10
502.377
 20
-182.752
 30
0.0
 11
502.154
 21
-182.777
 31
0.0
  0
LINE
  5
F2
330
17
100
AcDbEntity
  8
0
100
AcDbLine
 10
511.177
 20
-182.752
 30
0.0
 11
502.377
 21
-182.752
 31
0.0
  0
LINE
  5
F3
330
17
100
AcDbEntity
  8
0
100
AcDbLine
 10
511.399
 20
-182.777
 30
0.0
 11
511.177
 21
-182.752
 31
0.0
  0
LINE
  5
F4
330
17
100
AcDbEntity
  8
0
100
AcDbLine
 10
511.611
 20
-182.851
 30
0.0
 11
511.399
 21
-182.777
 31
0.0
  0
LINE
  5
F5
330
17
100
AcDbEntity
  8
0
100
AcDbLine
 10
511.8
 20
-182.97
 30
0.0
 11
511.611
 21
-182.851
 31
0.0
  0
LINE
  5
F6
330
17
100
AcDbEntity
  8
0
100
AcDbLine
 10
511.959
 20
-183.129
 30
0.0
 11
511.8
 21
-182.97
 31
0.0
  0
LINE
  5
F7
330
17
100
AcDbEntity
  8
0
100
AcDbLine
 10
512.078
 20
-183.318
 30
0.0
 11
511.959
 21
-183.129
 31
0.0
  0
LINE
  5
F8
330
17
100
AcDbEntity
  8
0
100
AcDbLine
 10
512.152
 20
-183.53
 30
0.0
 11
512.078
 21
-183.318
 31
0.0
  0
LINE
  5
F9
330
17
100
AcDbEntity
  8
0
100
AcDbLine
 10
512.177
 20
-183.752
 30
0.0
 11
512.152
 21
-183.53
 31
0.0
  0
LINE
  5
FA
330
17
100
AcDbEntity
  8
0
100
AcDbLine
 10
512.177
 20
-187.452
 30
0.0
 11
512.177
 21
-183.752
 31
0.0
  0
LINE
  5
FB
330
17
100
AcDbEntity
  8
0
100
AcDbLine
 10
512.102
 20
-188.12
 30
0.0
 11
512.177
 21
-187.452
 31
0.0
  0
LINE
  5
FC
330
17
100
AcDbEntity
  8
0
100
AcDbLine
 10
511.88
 20
-188.754
 30
0.0
 11
512.102
 21
-188.12
 31
0.0
  0
LINE
  5
FD
330
17
100
AcDbEntity
  8
0
100
AcDbLine
 10
511.522
 20
-189.323
 30
0.0
 11
511.88
 21
-188.754
 31
0.0
  0
LINE
  5
FE
330
17
100
AcDbEntity
  8
0
100
AcDbLine
 10
511.047
 20
-189.798
 30
0.0
 11
511.522
 21
-189.323
 31
0.0
  0
LINE
  5
FF
330
17
100
AcDbEntity
  8
0
100
AcDbLine
 10
510.479
 20
-190.155
 30
0.0
 11
511.047
 21
-189.798
 31
0.0
  0
LINE
  5
100
330
17
100
AcDbEntity
  8
0
100
AcDbLine
 10
509.844
 20
-190.377
 30
0.0
 11
510.479
 21
-190.155
 31
0.0
  0
LINE
  5
101
330
17
100
AcDbEntity
  8
0
100
AcDbLine
 10
509.177
 20
-190.452
 30
0.0
 11
509.844
 21
-190.377
 31
0.0
  0
LINE
  5
102
330
17
100
AcDbEntity
  8
0
100
AcDbLine
 10
504.377
 20
-190.452
 30
0.0
 11
509.177
 21
-190.452
 31
0.0
  0
LINE
  5
103
330
17
100
AcDbEntity
  8
0
100
AcDbLine
 10
503.709
 20
-190.377
 30
0.0
 11
504.377
 21
-190.452
 31
0.0
  0
LINE
  5
104
330
17
100
AcDbEntity
  8
0
100
AcDbLine
 10
503.075
 20
-190.155
 30
0.0
 11
503.709
 21
-190.377
 31
0.0
  0
LINE
  5
105
330
17
100
AcDbEntity
  8
0
100
AcDbLine
 10
502.506
 20
-189.798
 30
0.0
 11
503.075
 21
-190.155
 31
0.0
  0
LINE
  5
106
330
17
100
AcDbEntity
  8
0
100
AcDbLine
 10
502.031
 20
-189.323
 30
0.0
 11
502.506
 21
-189.798
 31
0.0
  0
LINE
  5
107
330
17
100
AcDbEntity
  8
0
100
AcDbLine
 10
501.674
 20
-188.754
 30
0.0
 11
502.031
 21
-189.323
 31
0.0
  0
LINE
  5
108
330
17
100
AcDbEntity
  8
0
100
AcDbLine
 10
501.452
 20
-188.12
 30
0.0
 11
501.674
 21
-188.754
 31
0.0
  0
LINE
  5
109
330
17
100
AcDbEntity
  8
0
100
AcDbLine
 10
501.377
 20
-187.452
 30
0.0
 11
501.452
 21
-188.12
 31
0.0
  0
LINE
  5
10A
330
17
100
AcDbEntity
  8
0
100
AcDbLine
 10
501.377
 20
-183.752
 30
0.0
 11
501.377
 21
-187.452
 31
0.0
  0
LINE
  5
10B
330
17
100
AcDbEntity
  8
0
100
AcDbLine
 10
500.777
 20
-181.442
 30
0.0
 11
500.777
 21
-190.442
 31
0.0
  0
LINE
  5
10C
330
17
100
AcDbEntity
  8
0
100
AcDbLine
 10
500.802
 20
-181.22
 30
0.0
 11
500.777
 21
-181.442
 31
0.0
  0
LINE
  5
10D
330
17
100
AcDbEntity
  8
0
100
AcDbLine
 10
500.876
 20
-181.008
 30
0.0
 11
500.802
 21
-181.22
 31
0.0
  0
LINE
  5
10E
330
17
100
AcDbEntity
  8
0
100
AcDbLine
 10
500.995
 20
-180.819
 30
0.0
 11
500.876
 21
-181.008
 31
0.0
  0
LINE
  5
10F
330
17
100
AcDbEntity
  8
0
100
AcDbLine
 10
501.153
 20
-180.66
 30
0.0
 11
500.995
 21
-180.819
 31
0.0
  0
LINE
  5
110
330
17
100
AcDbEntity
  8
0
100
AcDbLine
 10
501.343
 20
-180.541
 30
0.0
 11
501.153
 21
-180.66
 31
0.0
  0
LINE
  5
111
330
17
100
AcDbEntity
  8
0
100
AcDbLine
 10
501.554
 20
-180.467
 30
0.0
 11
501.343
 21
-180.541
 31
0.0
  0
LINE
  5
112
330
17
100
AcDbEntity
  8
0
100
AcDbLine
 10
501.777
 20
-180.442
 30
0.0
 11
501.554
 21
-180.467
 31
0.0
  0
LINE
  5
113
330
17
100
AcDbEntity
  8
0
100
AcDbLine
 10
511.999
 20
-180.467
 30
0.0
 11
511.777
 21
-180.442
 31
0.0
  0
LINE
  5
114
330
17
100
AcDbEntity
  8
0
100
AcDbLine
 10
512.211
 20
-180.541
 30
0.0
 11
511.999
 21
-180.467
 31
0.0
  0
LINE
  5
115
330
17
100
AcDbEntity
  8
0
100
AcDbLine
 10
512.4
 20
-180.66
 30
0.0
 11
512.211
 21
-180.541
 31
0.0
  0
LINE
  5
116
330
17
100
AcDbEntity
  8
0
100
AcDbLine
 10
512.559
 20
-180.819
 30
0.0
 11
512.4
 21
-180.66
 31
0.0
  0
LINE
  5
117
330
17
100
AcDbEntity
  8
0
100
AcDbLine
 10
512.678
 20
-181.008
 30
0.0
 11
512.559
 21
-180.819
 31
0.0
  0
LINE
  5
118
330
17
100
AcDbEntity
  8
0
100
AcDbLine
 10
512.752
 20
-181.22
 30
0.0
 11
512.678
 21
-181.008
 31
0.0
  0
LINE
  5
119
330
17
100
AcDbEntity
  8
0
100
AcDbLine
 10
512.777
 20
-181.442
 30
0.0
 11
512.752
 21
-181.22
 31
0.0
  0
LINE
  5
11A
330
17
100
AcDbEntity
  8
0
100
AcDbLine
 10
512.777
 20
-190.442
 30
0.0
 11
512.777
 21
-181.442
 31
0.0
  0
LINE
  5
11B
330
17
100
AcDbEntity
  8
0
100
AcDbLine
 10
512.752
 20
-190.665
 30
0.0
 11
512.777
 21
-190.442
 31
0.0
  0
LINE
  5
11C
330
17
100
AcDbEntity
  8
0
100
AcDbLine
 10
512.678
 20
-190.876
 30
0.0
 11
512.752
 21
-190.665
 31
0.0
  0
LINE
  5
11D
330
17
100
AcDbEntity
  8
0
100
AcDbLine
 10
512.559
 20
-191.066
 30
0.0
 11
512.678
 21
-190.876
 31
0.0
  0
LINE
  5
11E
330
17
100
AcDbEntity
  8
0
100
AcDbLine
 10
512.4
 20
-191.224
 30
0.0
 11
512.559
 21
-191.066
 31
0.0
  0
LINE
  5
11F
330
17
100
AcDbEntity
  8
0
100
AcDbLine
 10
512.211
 20
-191.343
 30
0.0
 11
512.4
 21
-191.224
 31
0.0
  0
LINE
  5
120
330
17
100
AcDbEntity
  8
0
100
AcDbLine
 10
511.999
 20
-191.417
 30
0.0
 11
512.211
 21
-191.343
 31
0.0
  0
LINE
  5
121
330
17
100
AcDbEntity
  8
0
100
AcDbLine
 10
511.777
 20
-191.442
 30
0.0
 11
511.999
 21
-191.417
 31
0.0
  0
LINE
  5
122
330
17
100
AcDbEntity
  8
0
100
AcDbLine
 10
501.777
 20
-191.442
 30
0.0
 11
511.777
 21
-191.442
 31
0.0
  0
LINE
  5
123
330
17
100
AcDbEntity
  8
0
100
AcDbLine
 10
501.554
 20
-191.417
 30
0.0
 11
501.777
 21
-191.442
 31
0.0
  0
LINE
  5
124
330
17
100
AcDbEntity
  8
0
100
AcDbLine
 10
501.343
 20
-191.343
 30
0.0
 11
501.554
 21
-191.417
 31
0.0
  0
LINE
  5
125
330
17
100
AcDbEntity
  8
0
100
AcDbLine
 10
501.153
 20
-191.224
 30
0.0
 11
501.343
 21
-191.343
 31
0.0
  0
LINE
  5
126
330
17
100
AcDbEntity
  8
0
100
AcDbLine
 10
500.995
 20
-191.066
 30
0.0
 11
501.153
 21
-191.224
 31
0.0
  0
LINE
  5
127
330
17
100
AcDbEntity
  8
0
100
AcDbLine
 10
500.876
 20
-190.876
 30
0.0
 11
500.995
 21
-191.066
 31
0.0
  0
LINE
  5
128
330
17
100
AcDbEntity
  8
0
100
AcDbLine
 10
500.802
 20
-190.665
 30
0.0
 11
500.876
 21
-190.876
 31
0.0
  0
LINE
  5
129
330
17
100
AcDbEntity
  8
0
100
AcDbLine
 10
500.777
 20
-190.442
 30
0.0
 11
500.802
 21
-190.665
 31
0.0
  0
LINE
  5
12A
330
17
100
AcDbEntity
  8
0
100
AcDbLine
 10
500.777
 20
-181.442
 30
0.0
 11
500.777
 21
-190.442
 31
0.0
  0
LINE
  5
12B
330
17
100
AcDbEntity
  8
0
100
AcDbLine
 10
417.209
 20
-138.243
 30
0.0
 11
414.809
 21
-138.243
 31
0.0
  0
LINE
  5
12C
330
17
100
AcDbEntity
  8
0
100
AcDbLine
 10
414.724
 20
-132.843
 30
0.0
 11
411.024
 21
-132.843
 31
0.0
  0
LINE
  5
12D
330
17
100
AcDbEntity
  8
0
100
AcDbLine
 10
414.946
 20
-132.868
 30
0.0
 11
414.724
 21
-132.843
 31
0.0
  0
LINE
  5
12E
330
17
100
AcDbEntity
  8
0
100
AcDbLine
 10
415.157
 20
-132.942
 30
0.0
 11
414.946
 21
-132.868
 31
0.0
  0
LINE
  5
12F
330
17
100
AcDbEntity
  8
0
100
AcDbLine
 10
415.347
 20
-133.061
 30
0.0
 11
415.157
 21
-132.942
 31
0.0
  0
LINE
  5
130
330
17
100
AcDbEntity
  8
0
100
AcDbLine
 10
415.505
 20
-133.219
 30
0.0
 11
415.347
 21
-133.061
 31
0.0
  0
LINE
  5
131
330
17
100
AcDbEntity
  8
0
100
AcDbLine
 10
415.625
 20
-133.409
 30
0.0
 11
415.505
 21
-133.219
 31
0.0
  0
LINE
  5
132
330
17
100
AcDbEntity
  8
0
100
AcDbLine
 10
415.699
 20
-133.62
 30
0.0
 11
415.625
 21
-133.409
 31
0.0
  0
LINE
  5
133
330
17
100
AcDbEntity
  8
0
100
AcDbLine
 10
415.724
 20
-133.843
 30
0.0
 11
415.699
 21
-133.62
 31
0.0
  0
LINE
  5
134
330
17
100
AcDbEntity
  8
0
100
AcDbLine
 10
415.724
 20
-142.643
 30
0.0
 11
415.724
 21
-133.843
 31
0.0
  0
LINE
  5
135
330
17
100
AcDbEntity
  8
0
100
AcDbLine
 10
415.699
 20
-142.865
 30
0.0
 11
415.724
 21
-142.643
 31
0.0
  0
LINE
  5
136
330
17
100
AcDbEntity
  8
0
100
AcDbLine
 10
415.625
 20
-143.076
 30
0.0
 11
415.699
 21
-142.865
 31
0.0
  0
LINE
  5
137
330
17
100
AcDbEntity
  8
0
100
AcDbLine
 10
415.505
 20
-143.266
 30
0.0
 11
415.625
 21
-143.076
 31
0.0
  0
LINE
  5
138
330
17
100
AcDbEntity
  8
0
100
AcDbLine
 10
415.347
 20
-143.424
 30
0.0
 11
415.505
 21
-143.266
 31
0.0
  0
LINE
  5
139
330
17
100
AcDbEntity
  8
0
100
AcDbLine
 10
415.157
 20
-143.544
 30
0.0
 11
415.347
 21
-143.424
 31
0.0
  0
LINE
  5
13A
330
17
100
AcDbEntity
  8
0
100
AcDbLine
 10
414.946
 20
-143.617
 30
0.0
 11
415.157
 21
-143.544
 31
0.0
  0
LINE
  5
13B
330
17
100
AcDbEntity
  8
0
100
AcDbLine
 10
414.724
 20
-143.643
 30
0.0
 11
414.946
 21
-143.617
 31
0.0
  0
LINE
  5
13C
330
17
100
AcDbEntity
  8
0
100
AcDbLine
 10
411.024
 20
-143.643
 30
0.0
 11
414.724
 21
-143.643
 31
0.0
  0
LINE
  5
13D
330
17
100
AcDbEntity
  8
0
100
AcDbLine
 10
410.356
 20
-143.567
 30
0.0
 11
411.024
 21
-143.643
 31
0.0
  0
LINE
  5
13E
330
17
100
AcDbEntity
  8
0
100
AcDbLine
 10
409.722
 20
-143.345
 30
0.0
 11
410.356
 21
-143.567
 31
0.0
  0
LINE
  5
13F
330
17
100
AcDbEntity
  8
0
100
AcDbLine
 10
409.153
 20
-142.988
 30
0.0
 11
409.722
 21
-143.345
 31
0.0
  0
LINE
  5
140
330
17
100
AcDbEntity
  8
0
100
AcDbLine
 10
408.678
 20
-142.513
 30
0.0
 11
409.153
 21
-142.988
 31
0.0
  0
LINE
  5
141
330
17
100
AcDbEntity
  8
0
100
AcDbLine
 10
408.321
 20
-141.944
 30
0.0
 11
408.678
 21
-142.513
 31
0.0
  0
LINE
  5
142
330
17
100
AcDbEntity
  8
0
100
AcDbLine
 10
408.099
 20
-141.31
 30
0.0
 11
408.321
 21
-141.944
 31
0.0
  0
LINE
  5
143
330
17
100
AcDbEntity
  8
0
100
AcDbLine
 10
408.024
 20
-140.643
 30
0.0
 11
408.099
 21
-141.31
 31
0.0
  0
LINE
  5
144
330
17
100
AcDbEntity
  8
0
100
AcDbLine
 10
408.024
 20
-135.843
 30
0.0
 11
408.024
 21
-140.643
 31
0.0
  0
LINE
  5
145
330
17
100
AcDbEntity
  8
0
100
AcDbLine
 10
408.099
 20
-135.175
 30
0.0
 11
408.024
 21
-135.843
 31
0.0
  0
LINE
  5
146
330
17
100
AcDbEntity
  8
0
100
AcDbLine
 10
408.321
 20
-134.541
 30
0.0
 11
408.099
 21
-135.175
 31
0.0
  0
LINE
  5
147
330
17
100
AcDbEntity
  8
0
100
AcDbLine
 10
408.678
 20
-133.972
 30
0.0
 11
408.321
 21
-134.541
 31
0.0
  0
LINE
  5
148
330
17
100
AcDbEntity
  8
0
100
AcDbLine
 10
409.153
 20
-133.497
 30
0.0
 11
408.678
 21
-133.972
 31
0.0
  0
LINE
  5
149
330
17
100
AcDbEntity
  8
0
100
AcDbLine
 10
409.722
 20
-133.14
 30
0.0
 11
409.153
 21
-133.497
 31
0.0
  0
LINE
  5
14A
330
17
100
AcDbEntity
  8
0
100
AcDbLine
 10
410.356
 20
-132.918
 30
0.0
 11
409.722
 21
-133.14
 31
0.0
  0
LINE
  5
14B
330
17
100
AcDbEntity
  8
0
100
AcDbLine
 10
411.024
 20
-132.843
 30
0.0
 11
410.356
 21
-132.918
 31
0.0
  0
LINE
  5
14C
330
17
100
AcDbEntity
  8
0
100
AcDbLine
 10
414.724
 20
-132.843
 30
0.0
 11
411.024
 21
-132.843
 31
0.0
  0
LINE
  5
14D
330
17
100
AcDbEntity
  8
0
100
AcDbLine
 10
417.034
 20
-132.243
 30
0.0
 11
408.034
 21
-132.243
 31
0.0
  0
LINE
  5
14E
330
17
100
AcDbEntity
  8
0
100
AcDbLine
 10
417.256
 20
-132.268
 30
0.0
 11
417.034
 21
-132.243
 31
0.0
  0
LINE
  5
14F
330
17
100
AcDbEntity
  8
0
100
AcDbLine
 10
417.467
 20
-132.342
 30
0.0
 11
417.256
 21
-132.268
 31
0.0
  0
LINE
  5
150
330
17
100
AcDbEntity
  8
0
100
AcDbLine
 10
417.657
 20
-132.461
 30
0.0
 11
417.467
 21
-132.342
 31
0.0
  0
LINE
  5
151
330
17
100
AcDbEntity
  8
0
100
AcDbLine
 10
417.815
 20
-132.619
 30
0.0
 11
417.657
 21
-132.461
 31
0.0
  0
LINE
  5
152
330
17
100
AcDbEntity
  8
0
100
AcDbLine
 10
417.935
 20
-132.809
 30
0.0
 11
417.815
 21
-132.619
 31
0.0
  0
LINE
  5
153
330
17
100
AcDbEntity
  8
0
100
AcDbLine
 10
418.009
 20
-133.02
 30
0.0
 11
417.935
 21
-132.809
 31
0.0
  0
LINE
  5
154
330
17
100
AcDbEntity
  8
0
100
AcDbLine
 10
418.034
 20
-133.243
 30
0.0
 11
418.009
 21
-133.02
 31
0.0
  0
LINE
  5
155
330
17
100
AcDbEntity
  8
0
100
AcDbLine
 10
418.009
 20
-143.465
 30
0.0
 11
418.034
 21
-143.243
 31
0.0
  0
LINE
  5
156
330
17
100
AcDbEntity
  8
0
100
AcDbLine
 10
417.935
 20
-143.676
 30
0.0
 11
418.009
 21
-143.465
 31
0.0
  0
LINE
  5
157
330
17
100
AcDbEntity
  8
0
100
AcDbLine
 10
417.815
 20
-143.866
 30
0.0
 11
417.935
 21
-143.676
 31
0.0
  0
LINE
  5
158
330
17
100
AcDbEntity
  8
0
100
AcDbLine
 10
417.657
 20
-144.024
 30
0.0
 11
417.815
 21
-143.866
 31
0.0
  0
LINE
  5
159
330
17
100
AcDbEntity
  8
0
100
AcDbLine
 10
417.467
 20
-144.144
 30
0.0
 11
417.657
 21
-144.024
 31
0.0
  0
LINE
  5
15A
330
17
100
AcDbEntity
  8
0
100
AcDbLine
 10
417.256
 20
-144.217
 30
0.0
 11
417.467
 21
-144.144
 31
0.0
  0
LINE
  5
15B
330
17
100
AcDbEntity
  8
0
100
AcDbLine
 10
417.034
 20
-144.243
 30
0.0
 11
417.256
 21
-144.217
 31
0.0
  0
LINE
  5
15C
330
17
100
AcDbEntity
  8
0
100
AcDbLine
 10
408.034
 20
-144.243
 30
0.0
 11
417.034
 21
-144.243
 31
0.0
  0
LINE
  5
15D
330
17
100
AcDbEntity
  8
0
100
AcDbLine
 10
407.811
 20
-144.217
 30
0.0
 11
408.034
 21
-144.243
 31
0.0
  0
LINE
  5
15E
330
17
100
AcDbEntity
  8
0
100
AcDbLine
 10
407.6
 20
-144.144
 30
0.0
 11
407.811
 21
-144.217
 31
0.0
  0
LINE
  5
15F
330
17
100
AcDbEntity
  8
0
100
AcDbLine
 10
407.41
 20
-144.024
 30
0.0
 11
407.6
 21
-144.144
 31
0.0
  0
LINE
  5
160
330
17
100
AcDbEntity
  8
0
100
AcDbLine
 10
407.252
 20
-143.866
 30
0.0
 11
407.41
 21
-144.024
 31
0.0
  0
LINE
  5
161
330
17
100
AcDbEntity
  8
0
100
AcDbLine
 10
407.133
 20
-143.676
 30
0.0
 11
407.252
 21
-143.866
 31
0.0
  0
LINE
  5
162
330
17
100
AcDbEntity
  8
0
100
AcDbLine
 10
407.059
 20
-143.465
 30
0.0
 11
407.133
 21
-143.676
 31
0.0
  0
LINE
  5
163
330
17
100
AcDbEntity
  8
0
100
AcDbLine
 10
407.034
 20
-143.243
 30
0.0
 11
407.059
 21
-143.465
 31
0.0
  0
LINE
  5
164
330
17
100
AcDbEntity
  8
0
100
AcDbLine
 10
407.034
 20
-133.243
 30
0.0
 11
407.034
 21
-143.243
 31
0.0
  0
LINE
  5
165
330
17
100
AcDbEntity
  8
0
100
AcDbLine
 10
407.059
 20
-133.02
 30
0.0
 11
407.034
 21
-133.243
 31
0.0
  0
LINE
  5
166
330
17
100
AcDbEntity
  8
0
100
AcDbLine
 10
407.133
 20
-132.809
 30
0.0
 11
407.059
 21
-133.02
 31
0.0
  0
LINE
  5
167
330
17
100
AcDbEntity
  8
0
100
AcDbLine
 10
407.252
 20
-132.619
 30
0.0
 11
407.133
 21
-132.809
 31
0.0
  0
LINE
  5
168
330
17
100
AcDbEntity
  8
0
100
AcDbLine
 10
407.41
 20
-132.461
 30
0.0
 11
407.252
 21
-132.619
 31
0.0
  0
LINE
  5
169
330
17
100
AcDbEntity
  8
0
100
AcDbLine
 10
407.6
 20
-132.342
 30
0.0
 11
407.41
 21
-132.461
 31
0.0
  0
LINE
  5
16A
330
17
100
AcDbEntity
  8
0
100
AcDbLine
 10
407.811
 20
-132.268
 30
0.0
 11
407.6
 21
-132.342
 31
0.0
  0
LINE
  5
16B
330
17
100
AcDbEntity
  8
0
100
AcDbLine
 10
408.034
 20
-132.243
 30
0.0
 11
407.811
 21
-132.268
 31
0.0
  0
LINE
  5
16C
330
17
100
AcDbEntity
  8
0
100
AcDbLine
 10
417.034
 20
-132.243
 30
0.0
 11
408.034
 21
-132.243
 31
0.0
  0
LINE
  5
16D
330
17
100
AcDbEntity
  8
0
100
AcDbLine
 10
129.988
 20
-144.013
 30
0.0
 11
132.388
 21
-144.013
 31
0.0
  0
LINE
  5
16E
330
17
100
AcDbEntity
  8
0
100
AcDbLine
 10
131.498
 20
-148.636
 30
0.0
 11
131.556
 21
-148.802
 31
0.0
  0
LINE
  5
16F
330
17
100
AcDbEntity
  8
0
100
AcDbLine
 10
131.473
 20
-148.413
 30
0.0
 11
131.498
 21
-148.636
 31
0.0
  0
LINE
  5
170
330
17
100
AcDbEntity
  8
0
100
AcDbLine
 10
131.473
 20
-139.613
 30
0.0
 11
131.473
 21
-148.413
 31
0.0
  0
LINE
  5
171
330
17
100
AcDbEntity
  8
0
100
AcDbLine
 10
131.498
 20
-139.391
 30
0.0
 11
131.473
 21
-139.613
 31
0.0
  0
LINE
  5
172
330
17
100
AcDbEntity
  8
0
100
AcDbLine
 10
131.572
 20
-139.18
 30
0.0
 11
131.498
 21
-139.391
 31
0.0
  0
LINE
  5
173
330
17
100
AcDbEntity
  8
0
100
AcDbLine
 10
131.691
 20
-138.99
 30
0.0
 11
131.572
 21
-139.18
 31
0.0
  0
LINE
  5
174
330
17
100
AcDbEntity
  8
0
100
AcDbLine
 10
131.849
 20
-138.832
 30
0.0
 11
131.691
 21
-138.99
 31
0.0
  0
LINE
  5
175
330
17
100
AcDbEntity
  8
0
100
AcDbLine
 10
132.039
 20
-138.712
 30
0.0
 11
131.849
 21
-138.832
 31
0.0
  0
LINE
  5
176
330
17
100
AcDbEntity
  8
0
100
AcDbLine
 10
132.25
 20
-138.639
 30
0.0
 11
132.039
 21
-138.712
 31
0.0
  0
LINE
  5
177
330
17
100
AcDbEntity
  8
0
100
AcDbLine
 10
132.473
 20
-138.613
 30
0.0
 11
132.25
 21
-138.639
 31
0.0
  0
LINE
  5
178
330
17
100
AcDbEntity
  8
0
100
AcDbLine
 10
136.173
 20
-138.613
 30
0.0
 11
132.473
 21
-138.613
 31
0.0
  0
LINE
  5
179
330
17
100
AcDbEntity
  8
0
100
AcDbLine
 10
136.84
 20
-138.689
 30
0.0
 11
136.173
 21
-138.613
 31
0.0
  0
LINE
  5
17A
330
17
100
AcDbEntity
  8
0
100
AcDbLine
 10
137.474
 20
-138.911
 30
0.0
 11
136.84
 21
-138.689
 31
0.0
  0
LINE
  5
17B
330
17
100
AcDbEntity
  8
0
100
AcDbLine
 10
138.043
 20
-139.268
 30
0.0
 11
137.474
 21
-138.911
 31
0.0
  0
LINE
  5
17C
330
17
100
AcDbEntity
  8
0
100
AcDbLine
 10
138.518
 20
-139.743
 30
0.0
 11
138.043
 21
-139.268
 31
0.0
  0
LINE
  5
17D
330
17
100
AcDbEntity
  8
0
100
AcDbLine
 10
138.876
 20
-140.312
 30
0.0
 11
138.518
 21
-139.743
 31
0.0
  0
LINE
  5
17E
330
17
100
AcDbEntity
  8
0
100
AcDbLine
 10
139.097
 20
-140.946
 30
0.0
 11
138.876
 21
-140.312
 31
0.0
  0
LINE
  5
17F
330
17
100
AcDbEntity
  8
0
100
AcDbLine
 10
139.173
 20
-141.613
 30
0.0
 11
139.097
 21
-140.946
 31
0.0
  0
LINE
  5
180
330
17
100
AcDbEntity
  8
0
100
AcDbLine
 10
139.173
 20
-146.413
 30
0.0
 11
139.173
 21
-141.613
 31
0.0
  0
LINE
  5
181
330
17
100
AcDbEntity
  8
0
100
AcDbLine
 10
139.097
 20
-147.081
 30
0.0
 11
139.173
 21
-146.413
 31
0.0
  0
LINE
  5
182
330
17
100
AcDbEntity
  8
0
100
AcDbLine
 10
138.876
 20
-147.715
 30
0.0
 11
139.097
 21
-147.081
 31
0.0
  0
LINE
  5
183
330
17
100
AcDbEntity
  8
0
100
AcDbLine
 10
138.518
 20
-148.284
 30
0.0
 11
138.876
 21
-147.715
 31
0.0
  0
LINE
  5
184
330
17
100
AcDbEntity
  8
0
100
AcDbLine
 10
138.043
 20
-148.759
 30
0.0
 11
138.518
 21
-148.284
 31
0.0
  0
LINE
  5
185
330
17
100
AcDbEntity
  8
0
100
AcDbLine
 10
137.975
 20
-148.802
 30
0.0
 11
138.043
 21
-148.759
 31
0.0
  0
LINE
  5
186
330
17
100
AcDbEntity
  8
0
100
AcDbLine
 10
129.188
 20
-138.791
 30
0.0
 11
129.163
 21
-139.013
 31
0.0
  0
LINE
  5
187
330
17
100
AcDbEntity
  8
0
100
AcDbLine
 10
129.262
 20
-138.58
 30
0.0
 11
129.188
 21
-138.791
 31
0.0
  0
LINE
  5
188
330
17
100
AcDbEntity
  8
0
100
AcDbLine
 10
129.381
 20
-138.39
 30
0.0
 11
129.262
 21
-138.58
 31
0.0
  0
LINE
  5
189
330
17
100
AcDbEntity
  8
0
100
AcDbLine
 10
129.539
 20
-138.232
 30
0.0
 11
129.381
 21
-138.39
 31
0.0
  0
LINE
  5
18A
330
17
100
AcDbEntity
  8
0
100
AcDbLine
 10
129.729
 20
-138.112
 30
0.0
 11
129.539
 21
-138.232
 31
0.0
  0
LINE
  5
18B
330
17
100
AcDbEntity
  8
0
100
AcDbLine
 10
129.94
 20
-138.039
 30
0.0
 11
129.729
 21
-138.112
 31
0.0
  0
LINE
  5
18C
330
17
100
AcDbEntity
  8
0
100
AcDbLine
 10
130.163
 20
-138.013
 30
0.0
 11
129.94
 21
-138.039
 31
0.0
  0
LINE
  5
18D
330
17
100
AcDbEntity
  8
0
100
AcDbLine
 10
139.163
 20
-138.013
 30
0.0
 11
130.163
 21
-138.013
 31
0.0
  0
LINE
  5
18E
330
17
100
AcDbEntity
  8
0
100
AcDbLine
 10
139.385
 20
-138.039
 30
0.0
 11
139.163
 21
-138.013
 31
0.0
  0
LINE
  5
18F
330
17
100
AcDbEntity
  8
0
100
AcDbLine
 10
139.597
 20
-138.112
 30
0.0
 11
139.385
 21
-138.039
 31
0.0
  0
LINE
  5
190
330
17
100
AcDbEntity
  8
0
100
AcDbLine
 10
139.786
 20
-138.232
 30
0.0
 11
139.597
 21
-138.112
 31
0.0
  0
LINE
  5
191
330
17
100
AcDbEntity
  8
0
100
AcDbLine
 10
139.945
 20
-138.39
 30
0.0
 11
139.786
 21
-138.232
 31
0.0
  0
LINE
  5
192
330
17
100
AcDbEntity
  8
0
100
AcDbLine
 10
140.064
 20
-138.58
 30
0.0
 11
139.945
 21
-138.39
 31
0.0
  0
LINE
  5
193
330
17
100
AcDbEntity
  8
0
100
AcDbLine
 10
140.138
 20
-138.791
 30
0.0
 11
140.064
 21
-138.58
 31
0.0
  0
LINE
  5
194
330
17
100
AcDbEntity
  8
0
100
AcDbLine
 10
140.163
 20
-139.013
 30
0.0
 11
140.138
 21
-138.791
 31
0.0
  0
LINE
  5
195
330
17
100
AcDbEntity
  8
0
100
AcDbLine
 10
140.163
 20
-148.802
 30
0.0
 11
140.163
 21
-139.013
 31
0.0
  0
LINE
  5
196
330
17
100
AcDbEntity
  8
0
100
AcDbLine
 10
129.988
 20
-189.815
 30
0.0
 11
132.388
 21
-189.815
 31
0.0
  0
LINE
  5
197
330
17
100
AcDbEntity
  8
0
100
AcDbLine
 10
132.473
 20
-195.215
 30
0.0
 11
136.173
 21
-195.215
 31
0.0
  0
LINE
  5
198
330
17
100
AcDbEntity
  8
0
100
AcDbLine
 10
132.25
 20
-195.19
 30
0.0
 11
132.473
 21
-195.215
 31
0.0
  0
LINE
  5
199
330
17
100
AcDbEntity
  8
0
100
AcDbLine
 10
132.039
 20
-195.116
 30
0.0
 11
132.25
 21
-195.19
 31
0.0
  0
LINE
  5
19A
330
17
100
AcDbEntity
  8
0
100
AcDbLine
 10
131.849
 20
-194.997
 30
0.0
 11
132.039
 21
-195.116
 31
0.0
  0
LINE
  5
19B
330
17
100
AcDbEntity
  8
0
100
AcDbLine
 10
131.691
 20
-194.839
 30
0.0
 11
131.849
 21
-194.997
 31
0.0
  0
LINE
  5
19C
330
17
100
AcDbEntity
  8
0
100
AcDbLine
 10
131.572
 20
-194.649
 30
0.0
 11
131.691
 21
-194.839
 31
0.0
  0
LINE
  5
19D
330
17
100
AcDbEntity
  8
0
100
AcDbLine
 10
131.498
 20
-194.438
 30
0.0
 11
131.572
 21
-194.649
 31
0.0
  0
LINE
  5
19E
330
17
100
AcDbEntity
  8
0
100
AcDbLine
 10
131.473
 20
-194.215
 30
0.0
 11
131.498
 21
-194.438
 31
0.0
  0
LINE
  5
19F
330
17
100
AcDbEntity
  8
0
100
AcDbLine
 10
131.473
 20
-185.415
 30
0.0
 11
131.473
 21
-194.215
 31
0.0
  0
LINE
  5
1A0
330
17
100
AcDbEntity
  8
0
100
AcDbLine
 10
131.498
 20
-185.193
 30
0.0
 11
131.473
 21
-185.415
 31
0.0
  0
LINE
  5
1A1
330
17
100
AcDbEntity
  8
0
100
AcDbLine
 10
131.572
 20
-184.981
 30
0.0
 11
131.498
 21
-185.193
 31
0.0
  0
LINE
  5
1A2
330
17
100
AcDbEntity
  8
0
100
AcDbLine
 10
131.691
 20
-184.792
 30
0.0
 11
131.572
 21
-184.981
 31
0.0
  0
LINE
  5
1A3
330
17
100
AcDbEntity
  8
0
100
AcDbLine
 10
131.849
 20
-184.633
 30
0.0
 11
131.691
 21
-184.792
 31
0.0
  0
LINE
  5
1A4
330
17
100
AcDbEntity
  8
0
100
AcDbLine
 10
132.039
 20
-184.514
 30
0.0
 11
131.849
 21
-184.633
 31
0.0
  0
LINE
  5
1A5
330
17
100
AcDbEntity
  8
0
100
AcDbLine
 10
132.25
 20
-184.44
 30
0.0
 11
132.039
 21
-184.514
 31
0.0
  0
LINE
  5
1A6
330
17
100
AcDbEntity
  8
0
100
AcDbLine
 10
132.473
 20
-184.415
 30
0.0
 11
132.25
 21
-184.44
 31
0.0
  0
LINE
  5
1A7
330
17
100
AcDbEntity
  8
0
100
AcDbLine
 10
136.173
 20
-184.415
 30
0.0
 11
132.473
 21
-184.415
 31
0.0
  0
LINE
  5
1A8
330
17
100
AcDbEntity
  8
0
100
AcDbLine
 10
136.84
 20
-184.49
 30
0.0
 11
136.173
 21
-184.415
 31
0.0
  0
LINE
  5
1A9
330
17
100
AcDbEntity
  8
0
100
AcDbLine
 10
137.474
 20
-184.712
 30
0.0
 11
136.84
 21
-184.49
 31
0.0
  0
LINE
  5
1AA
330
17
100
AcDbEntity
  8
0
100
AcDbLine
 10
138.043
 20
-185.07
 30
0.0
 11
137.474
 21
-184.712
 31
0.0
  0
LINE
  5
1AB
330
17
100
AcDbEntity
  8
0
100
AcDbLine
 10
138.518
 20
-185.545
 30
0.0
 11
138.043
 21
-185.07
 31
0.0
  0
LINE
  5
1AC
330
17
100
AcDbEntity
  8
0
100
AcDbLine
 10
138.876
 20
-186.114
 30
0.0
 11
138.518
 21
-185.545
 31
0.0
  0
LINE
  5
1AD
330
17
100
AcDbEntity
  8
0
100
AcDbLine
 10
139.097
 20
-186.748
 30
0.0
 11
138.876
 21
-186.114
 31
0.0
  0
LINE
  5
1AE
330
17
100
AcDbEntity
  8
0
100
AcDbLine
 10
139.173
 20
-187.415
 30
0.0
 11
139.097
 21
-186.748
 31
0.0
  0
LINE
  5
1AF
330
17
100
AcDbEntity
  8
0
100
AcDbLine
 10
139.173
 20
-192.215
 30
0.0
 11
139.173
 21
-187.415
 31
0.0
  0
LINE
  5
1B0
330
17
100
AcDbEntity
  8
0
100
AcDbLine
 10
139.097
 20
-192.883
 30
0.0
 11
139.173
 21
-192.215
 31
0.0
  0
LINE
  5
1B1
330
17
100
AcDbEntity
  8
0
100
AcDbLine
 10
138.876
 20
-193.517
 30
0.0
 11
139.097
 21
-192.883
 31
0.0
  0
LINE
  5
1B2
330
17
100
AcDbEntity
  8
0
100
AcDbLine
 10
138.518
 20
-194.086
 30
0.0
 11
138.876
 21
-193.517
 31
0.0
  0
LINE
  5
1B3
330
17
100
AcDbEntity
  8
0
100
AcDbLine
 10
138.043
 20
-194.561
 30
0.0
 11
138.518
 21
-194.086
 31
0.0
  0
LINE
  5
1B4
330
17
100
AcDbEntity
  8
0
100
AcDbLine
 10
137.474
 20
-194.918
 30
0.0
 11
138.043
 21
-194.561
 31
0.0
  0
LINE
  5
1B5
330
17
100
AcDbEntity
  8
0
100
AcDbLine
 10
136.84
 20
-195.14
 30
0.0
 11
137.474
 21
-194.918
 31
0.0
  0
LINE
  5
1B6
330
17
100
AcDbEntity
  8
0
100
AcDbLine
 10
136.173
 20
-195.215
 30
0.0
 11
136.84
 21
-195.14
 31
0.0
  0
LINE
  5
1B7
330
17
100
AcDbEntity
  8
0
100
AcDbLine
 10
132.473
 20
-195.215
 30
0.0
 11
136.173
 21
-195.215
 31
0.0
  0
LINE
  5
1B8
330
17
100
AcDbEntity
  8
0
100
AcDbLine
 10
130.163
 20
-195.815
 30
0.0
 11
139.163
 21
-195.815
 31
0.0
  0
LINE
  5
1B9
330
17
100
AcDbEntity
  8
0
100
AcDbLine
 10
129.94
 20
-195.79
 30
0.0
 11
130.163
 21
-195.815
 31
0.0
  0
LINE
  5
1BA
330
17
100
AcDbEntity
  8
0
100
AcDbLine
 10
129.729
 20
-195.716
 30
0.0
 11
129.94
 21
-195.79
 31
0.0
  0
LINE
  5
1BB
330
17
100
AcDbEntity
  8
0
100
AcDbLine
 10
129.539
 20
-195.597
 30
0.0
 11
129.729
 21
-195.716
 31
0.0
  0
LINE
  5
1BC
330
17
100
AcDbEntity
  8
0
100
AcDbLine
 10
129.381
 20
-195.439
 30
0.0
 11
129.539
 21
-195.597
 31
0.0
  0
LINE
  5
1BD
330
17
100
AcDbEntity
  8
0
100
AcDbLine
 10
129.262
 20
-195.249
 30
0.0
 11
129.381
 21
-195.439
 31
0.0
  0
LINE
  5
1BE
330
17
100
AcDbEntity
  8
0
100
AcDbLine
 10
129.188
 20
-195.038
 30
0.0
 11
129.262
 21
-195.249
 31
0.0
  0
LINE
  5
1BF
330
17
100
AcDbEntity
  8
0
100
AcDbLine
 10
129.163
 20
-194.815
 30
0.0
 11
129.188
 21
-195.038
 31
0.0
  0
LINE
  5
1C0
330
17
100
AcDbEntity
  8
0
100
AcDbLine
 10
129.163
 20
-184.815
 30
0.0
 11
129.163
 21
-194.815
 31
0.0
  0
LINE
  5
1C1
330
17
100
AcDbEntity
  8
0
100
AcDbLine
 10
129.188
 20
-184.593
 30
0.0
 11
129.163
 21
-184.815
 31
0.0
  0
LINE
  5
1C2
330
17
100
AcDbEntity
  8
0
100
AcDbLine
 10
129.262
 20
-184.381
 30
0.0
 11
129.188
 21
-184.593
 31
0.0
  0
LINE
  5
1C3
330
17
100
AcDbEntity
  8
0
100
AcDbLine
 10
129.381
 20
-184.192
 30
0.0
 11
129.262
 21
-184.381
 31
0.0
  0
LINE
  5
1C4
330
17
100
AcDbEntity
  8
0
100
AcDbLine
 10
129.539
 20
-184.033
 30
0.0
 11
129.381
 21
-184.192
 31
0.0
  0
LINE
  5
1C5
330
17
100
AcDbEntity
  8
0
100
AcDbLine
 10
129.729
 20
-183.914
 30
0.0
 11
129.539
 21
-184.033
 31
0.0
  0
LINE
  5
1C6
330
17
100
AcDbEntity
  8
0
100
AcDbLine
 10
129.94
 20
-183.84
 30
0.0
 11
129.729
 21
-183.914
 31
0.0
  0
LINE
  5
1C7
330
17
100
AcDbEntity
  8
0
100
AcDbLine
 10
130.163
 20
-183.815
 30
0.0
 11
129.94
 21
-183.84
 31
0.0
  0
LINE
  5
1C8
330
17
100
AcDbEntity
  8
0
100
AcDbLine
 10
139.163
 20
-183.815
 30
0.0
 11
130.163
 21
-183.815
 31
0.0
  0
LINE
  5
1C9
330
17
100
AcDbEntity
  8
0
100
AcDbLine
 10
139.385
 20
-183.84
 30
0.0
 11
139.163
 21
-183.815
 31
0.0
  0
LINE
  5
1CA
330
17
100
AcDbEntity
  8
0
100
AcDbLine
 10
139.597
 20
-183.914
 30
0.0
 11
139.385
 21
-183.84
 31
0.0
  0
LINE
  5
1CB
330
17
100
AcDbEntity
  8
0
100
AcDbLine
 10
139.786
 20
-184.033
 30
0.0
 11
139.597
 21
-183.914
 31
0.0
  0
LINE
  5
1CC
330
17
100
AcDbEntity
  8
0
100
AcDbLine
 10
139.945
 20
-184.192
 30
0.0
 11
139.786
 21
-184.033
 31
0.0
  0
LINE
  5
1CD
330
17
100
AcDbEntity
  8
0
100
AcDbLine
 10
140.064
 20
-184.381
 30
0.0
 11
139.945
 21
-184.192
 31
0.0
  0
LINE
  5
1CE
330
17
100
AcDbEntity
  8
0
100
AcDbLine
 10
140.138
 20
-184.593
 30
0.0
 11
140.064
 21
-184.381
 31
0.0
  0
LINE
  5
1CF
330
17
100
AcDbEntity
  8
0
100
AcDbLine
 10
140.163
 20
-184.815
 30
0.0
 11
140.138
 21
-184.593
 31
0.0
  0
LINE
  5
1D0
330
17
100
AcDbEntity
  8
0
100
AcDbLine
 10
140.163
 20
-194.815
 30
0.0
 11
140.163
 21
-184.815
 31
0.0
  0
LINE
  5
1D1
330
17
100
AcDbEntity
  8
0
100
AcDbLine
 10
140.138
 20
-195.038
 30
0.0
 11
140.163
 21
-194.815
 31
0.0
  0
LINE
  5
1D2
330
17
100
AcDbEntity
  8
0
100
AcDbLine
 10
140.064
 20
-195.249
 30
0.0
 11
140.138
 21
-195.038
 31
0.0
  0
LINE
  5
1D3
330
17
100
AcDbEntity
  8
0
100
AcDbLine
 10
139.945
 20
-195.439
 30
0.0
 11
140.064
 21
-195.249
 31
0.0
  0
LINE
  5
1D4
330
17
100
AcDbEntity
  8
0
100
AcDbLine
 10
139.786
 20
-195.597
 30
0.0
 11
139.945
 21
-195.439
 31
0.0
  0
LINE
  5
1D5
330
17
100
AcDbEntity
  8
0
100
AcDbLine
 10
139.597
 20
-195.716
 30
0.0
 11
139.786
 21
-195.597
 31
0.0
  0
LINE
  5
1D6
330
17
100
AcDbEntity
  8
0
100
AcDbLine
 10
139.385
 20
-195.79
 30
0.0
 11
139.597
 21
-195.716
 31
0.0
  0
LINE
  5
1D7
330
17
100
AcDbEntity
  8
0
100
AcDbLine
 10
139.163
 20
-195.815
 30
0.0
 11
139.385
 21
-195.79
 31
0.0
  0
LINE
  5
1D8
330
17
100
AcDbEntity
  8
0
100
AcDbLine
 10
130.163
 20
-195.815
 30
0.0
 11
139.163
 21
-195.815
 31
0.0
  0
LINE
  5
1D9
330
17
100
AcDbEntity
  8
0
100
AcDbLine
 10
27.7669
 20
-20.6751
 30
0.0
 11
30.1669
 21
-20.6751
 31
0.0
  0
LINE
  5
1DA
330
17
100
AcDbEntity
  8
0
100
AcDbLine
 10
30.2519
 20
-26.0751
 30
0.0
 11
33.9519
 21
-26.0751
 31
0.0
  0
LINE
  5
1DB
330
17
100
AcDbEntity
  8
0
100
AcDbLine
 10
30.0294
 20
-26.05
 30
0.0
 11
30.2519
 21
-26.0751
 31
0.0
  0
LINE
  5
1DC
330
17
100
AcDbEntity
  8
0
100
AcDbLine
 10
29.8181
 20
-25.976
 30
0.0
 11
30.0294
 21
-26.05
 31
0.0
  0
LINE
  5
1DD
330
17
100
AcDbEntity
  8
0
100
AcDbLine
 10
29.6285
 20
-25.8569
 30
0.0
 11
29.8181
 21
-25.976
 31
0.0
  0
LINE
  5
1DE
330
17
100
AcDbEntity
  8
0
100
AcDbLine
 10
29.4701
 20
-25.6985
 30
0.0
 11
29.6285
 21
-25.8569
 31
0.0
  0
LINE
  5
1DF
330
17
100
AcDbEntity
  8
0
100
AcDbLine
 10
29.351
 20
-25.5089
 30
0.0
 11
29.4701
 21
-25.6985
 31
0.0
  0
LINE
  5
1E0
330
17
100
AcDbEntity
  8
0
100
AcDbLine
 10
29.277
 20
-25.2976
 30
0.0
 11
29.351
 21
-25.5089
 31
0.0
  0
LINE
  5
1E1
330
17
100
AcDbEntity
  8
0
100
AcDbLine
 10
29.2519
 20
-25.0751
 30
0.0
 11
29.277
 21
-25.2976
 31
0.0
  0
LINE
  5
1E2
330
17
100
AcDbEntity
  8
0
100
AcDbLine
 10
29.252
 20
-16.2751
 30
0.0
 11
29.2519
 21
-25.0751
 31
0.0
  0
LINE
  5
1E3
330
17
100
AcDbEntity
  8
0
100
AcDbLine
 10
29.277
 20
-16.0525
 30
0.0
 11
29.252
 21
-16.2751
 31
0.0
  0
LINE
  5
1E4
330
17
100
AcDbEntity
  8
0
100
AcDbLine
 10
29.351
 20
-15.8412
 30
0.0
 11
29.277
 21
-16.0525
 31
0.0
  0
LINE
  5
1E5
330
17
100
AcDbEntity
  8
0
100
AcDbLine
 10
29.4701
 20
-15.6516
 30
0.0
 11
29.351
 21
-15.8412
 31
0.0
  0
LINE
  5
1E6
330
17
100
AcDbEntity
  8
0
100
AcDbLine
 10
29.6285
 20
-15.4932
 30
0.0
 11
29.4701
 21
-15.6516
 31
0.0
  0
LINE
  5
1E7
330
17
100
AcDbEntity
  8
0
100
AcDbLine
 10
29.8181
 20
-15.3741
 30
0.0
 11
29.6285
 21
-15.4932
 31
0.0
  0
LINE
  5
1E8
330
17
100
AcDbEntity
  8
0
100
AcDbLine
 10
30.0294
 20
-15.3001
 30
0.0
 11
29.8181
 21
-15.3741
 31
0.0
  0
LINE
  5
1E9
330
17
100
AcDbEntity
  8
0
100
AcDbLine
 10
30.252
 20
-15.2751
 30
0.0
 11
30.0294
 21
-15.3001
 31
0.0
  0
LINE
  5
1EA
330
17
100
AcDbEntity
  8
0
100
AcDbLine
 10
33.952
 20
-15.2751
 30
0.0
 11
30.252
 21
-15.2751
 31
0.0
  0
LINE
  5
1EB
330
17
100
AcDbEntity
  8
0
100
AcDbLine
 10
34.6195
 20
-15.3503
 30
0.0
 11
33.952
 21
-15.2751
 31
0.0
  0
LINE
  5
1EC
330
17
100
AcDbEntity
  8
0
100
AcDbLine
 10
35.2536
 20
-15.5721
 30
0.0
 11
34.6195
 21
-15.3503
 31
0.0
  0
LINE
  5
1ED
330
17
100
AcDbEntity
  8
0
100
AcDbLine
 10
35.8224
 20
-15.9296
 30
0.0
 11
35.2536
 21
-15.5721
 31
0.0
  0
LINE
  5
1EE
330
17
100
AcDbEntity
  8
0
100
AcDbLine
 10
36.2974
 20
-16.4046
 30
0.0
 11
35.8224
 21
-15.9296
 31
0.0
  0
LINE
  5
1EF
330
17
100
AcDbEntity
  8
0
100
AcDbLine
 10
36.6549
 20
-16.9734
 30
0.0
 11
36.2974
 21
-16.4046
 31
0.0
  0
LINE
  5
1F0
330
17
100
AcDbEntity
  8
0
100
AcDbLine
 10
36.8767
 20
-17.6075
 30
0.0
 11
36.6549
 21
-16.9734
 31
0.0
  0
LINE
  5
1F1
330
17
100
AcDbEntity
  8
0
100
AcDbLine
 10
36.9519
 20
-18.2751
 30
0.0
 11
36.8767
 21
-17.6075
 31
0.0
  0
LINE
  5
1F2
330
17
100
AcDbEntity
  8
0
100
AcDbLine
 10
36.9519
 20
-23.0751
 30
0.0
 11
36.9519
 21
-18.2751
 31
0.0
  0
LINE
  5
1F3
330
17
100
AcDbEntity
  8
0
100
AcDbLine
 10
36.8767
 20
-23.7426
 30
0.0
 11
36.9519
 21
-23.0751
 31
0.0
  0
LINE
  5
1F4
330
17
100
AcDbEntity
  8
0
100
AcDbLine
 10
36.6549
 20
-24.3767
 30
0.0
 11
36.8767
 21
-23.7426
 31
0.0
  0
LINE
  5
1F5
330
17
100
AcDbEntity
  8
0
100
AcDbLine
 10
36.2974
 20
-24.9455
 30
0.0
 11
36.6549
 21
-24.3767
 31
0.0
  0
LINE
  5
1F6
330
17
100
AcDbEntity
  8
0
100
AcDbLine
 10
35.8224
 20
-25.4205
 30
0.0
 11
36.2974
 21
-24.9455
 31
0.0
  0
LINE
  5
1F7
330
17
100
AcDbEntity
  8
0
100
AcDbLine
 10
35.2536
 20
-25.778
 30
0.0
 11
35.8224
 21
-25.4205
 31
0.0
  0
LINE
  5
1F8
330
17
100
AcDbEntity
  8
0
100
AcDbLine
 10
34.6195
 20
-25.9998
 30
0.0
 11
35.2536
 21
-25.778
 31
0.0
  0
LINE
  5
1F9
330
17
100
AcDbEntity
  8
0
100
AcDbLine
 10
33.9519
 20
-26.0751
 30
0.0
 11
34.6195
 21
-25.9998
 31
0.0
  0
LINE
  5
1FA
330
17
100
AcDbEntity
  8
0
100
AcDbLine
 10
30.2519
 20
-26.0751
 30
0.0
 11
33.9519
 21
-26.0751
 31
0.0
  0
LINE
  5
1FB
330
17
100
AcDbEntity
  8
0
100
AcDbLine
 10
27.9419
 20
-26.6751
 30
0.0
 11
36.9419
 21
-26.6751
 31
0.0
  0
LINE
  5
1FC
330
17
100
AcDbEntity
  8
0
100
AcDbLine
 10
27.7194
 20
-26.65
 30
0.0
 11
27.9419
 21
-26.6751
 31
0.0
  0
LINE
  5
1FD
330
17
100
AcDbEntity
  8
0
100
AcDbLine
 10
27.5081
 20
-26.576
 30
0.0
 11
27.7194
 21
-26.65
 31
0.0
  0
LINE
  5
1FE
330
17
100
AcDbEntity
  8
0
100
AcDbLine
 10
27.3185
 20
-26.4569
 30
0.0
 11
27.5081
 21
-26.576
 31
0.0
  0
LINE
  5
1FF
330
17
100
AcDbEntity
  8
0
100
AcDbLine
 10
27.1601
 20
-26.2985
 30
0.0
 11
27.3185
 21
-26.4569
 31
0.0
  0
LINE
  5
200
330
17
100
AcDbEntity
  8
0
100
AcDbLine
 10
27.041
 20
-26.1089
 30
0.0
 11
27.1601
 21
-26.2985
 31
0.0
  0
LINE
  5
201
330
17
100
AcDbEntity
  8
0
100
AcDbLine
 10
26.967
 20
-25.8976
 30
0.0
 11
27.041
 21
-26.1089
 31
0.0
  0
LINE
  5
202
330
17
100
AcDbEntity
  8
0
100
AcDbLine
 10
26.9667
 20
-25.8952
 30
0.0
 11
26.967
 21
-25.8976
 31
0.0
  0
LINE
  5
203
330
17
100
AcDbEntity
  8
0
100
AcDbLine
 10
27.942
 20
-14.6751
 30
0.0
 11
27.7939
 21
-14.6917
 31
0.0
  0
LINE
  5
204
330
17
100
AcDbEntity
  8
0
100
AcDbLine
 10
36.942
 20
-14.6751
 30
0.0
 11
27.942
 21
-14.6751
 31
0.0
  0
LINE
  5
205
330
17
100
AcDbEntity
  8
0
100
AcDbLine
 10
37.1645
 20
-14.7001
 30
0.0
 11
36.942
 21
-14.6751
 31
0.0
  0
LINE
  5
206
330
17
100
AcDbEntity
  8
0
100
AcDbLine
 10
37.3758
 20
-14.7741
 30
0.0
 11
37.1645
 21
-14.7001
 31
0.0
  0
LINE
  5
207
330
17
100
AcDbEntity
  8
0
100
AcDbLine
 10
37.5654
 20
-14.8932
 30
0.0
 11
37.3758
 21
-14.7741
 31
0.0
  0
LINE
  5
208
330
17
100
AcDbEntity
  8
0
100
AcDbLine
 10
37.7238
 20
-15.0516
 30
0.0
 11
37.5654
 21
-14.8932
 31
0.0
  0
LINE
  5
209
330
17
100
AcDbEntity
  8
0
100
AcDbLine
 10
37.8429
 20
-15.2412
 30
0.0
 11
37.7238
 21
-15.0516
 31
0.0
  0
LINE
  5
20A
330
17
100
AcDbEntity
  8
0
100
AcDbLine
 10
37.9169
 20
-15.4525
 30
0.0
 11
37.8429
 21
-15.2412
 31
0.0
  0
LINE
  5
20B
330
17
100
AcDbEntity
  8
0
100
AcDbLine
 10
37.942
 20
-15.6751
 30
0.0
 11
37.9169
 21
-15.4525
 31
0.0
  0
LINE
  5
20C
330
17
100
AcDbEntity
  8
0
100
AcDbLine
 10
37.9419
 20
-25.6751
 30
0.0
 11
37.942
 21
-15.6751
 31
0.0
  0
LINE
  5
20D
330
17
100
AcDbEntity
  8
0
100
AcDbLine
 10
37.9169
 20
-25.8976
 30
0.0
 11
37.9419
 21
-25.6751
 31
0.0
  0
LINE
  5
20E
330
17
100
AcDbEntity
  8
0
100
AcDbLine
 10
37.8429
 20
-26.1089
 30
0.0
 11
37.9169
 21
-25.8976
 31
0.0
  0
LINE
  5
20F
330
17
100
AcDbEntity
  8
0
100
AcDbLine
 10
37.7238
 20
-26.2985
 30
0.0
 11
37.8429
 21
-26.1089
 31
0.0
  0
LINE
  5
210
330
17
100
AcDbEntity
  8
0
100
AcDbLine
 10
37.5654
 20
-26.4569
 30
0.0
 11
37.7238
 21
-26.2985
 31
0.0
  0
LINE
  5
211
330
17
100
AcDbEntity
  8
0
100
AcDbLine
 10
37.3758
 20
-26.576
 30
0.0
 11
37.5654
 21
-26.4569
 31
0.0
  0
LINE
  5
212
330
17
100
AcDbEntity
  8
0
100
AcDbLine
 10
37.1645
 20
-26.65
 30
0.0
 11
37.3758
 21
-26.576
 31
0.0
  0
LINE
  5
213
330
17
100
AcDbEntity
  8
0
100
AcDbLine
 10
36.9419
 20
-26.6751
 30
0.0
 11
37.1645
 21
-26.65
 31
0.0
  0
LINE
  5
214
330
17
100
AcDbEntity
  8
0
100
AcDbLine
 10
27.9419
 20
-26.6751
 30
0.0
 11
36.9419
 21
-26.6751
 31
0.0
  0
LINE
  5
215
330
17
100
AcDbEntity
  8
0
100
AcDbLine
 10
414.854
 20
-118.089
 30
0.0
 11
413.406
 21
-118.166
 31
0.0
  0
LINE
  5
216
330
17
100
AcDbEntity
  8
0
100
AcDbLine
 10
418.034
 20
-118.345
 30
0.0
 11
414.854
 21
-118.089
 31
0.0
  0
LINE
  5
217
330
17
100
AcDbEntity
  8
0
100
AcDbLine
 10
418.034
 20
-125.832
 30
0.0
 11
418.034
 21
-118.345
 31
0.0
  0
LINE
  5
218
330
17
100
AcDbEntity
  8
0
100
AcDbLine
 10
414.854
 20
-126.089
 30
0.0
 11
418.034
 21
-125.832
 31
0.0
  0
LINE
  5
219
330
17
100
AcDbEntity
  8
0
100
AcDbLine
 10
413.406
 20
-126.012
 30
0.0
 11
414.854
 21
-126.089
 31
0.0
  0
LINE
  5
21A
330
17
100
AcDbEntity
  8
0
100
AcDbLine
 10
412.014
 20
-125.784
 30
0.0
 11
413.406
 21
-126.012
 31
0.0
  0
LINE
  5
21B
330
17
100
AcDbEntity
  8
0
100
AcDbLine
 10
411.356
 20
-125.616
 30
0.0
 11
412.014
 21
-125.784
 31
0.0
  0
LINE
  5
21C
330
17
100
AcDbEntity
  8
0
100
AcDbLine
 10
410.731
 20
-125.415
 30
0.0
 11
411.356
 21
-125.616
 31
0.0
  0
LINE
  5
21D
330
17
100
AcDbEntity
  8
0
100
AcDbLine
 10
410.146
 20
-125.181
 30
0.0
 11
410.731
 21
-125.415
 31
0.0
  0
LINE
  5
21E
330
17
100
AcDbEntity
  8
0
100
AcDbLine
 10
409.607
 20
-124.917
 30
0.0
 11
410.146
 21
-125.181
 31
0.0
  0
LINE
  5
21F
330
17
100
AcDbEntity
  8
0
100
AcDbLine
 10
409.118
 20
-124.626
 30
0.0
 11
409.607
 21
-124.917
 31
0.0
  0
LINE
  5
220
330
17
100
AcDbEntity
  8
0
100
AcDbLine
 10
408.684
 20
-124.311
 30
0.0
 11
409.118
 21
-124.626
 31
0.0
  0
LINE
  5
221
330
17
100
AcDbEntity
  8
0
100
AcDbLine
 10
408.31
 20
-123.974
 30
0.0
 11
408.684
 21
-124.311
 31
0.0
  0
LINE
  5
222
330
17
100
AcDbEntity
  8
0
100
AcDbLine
 10
407.998
 20
-123.619
 30
0.0
 11
408.31
 21
-123.974
 31
0.0
  0
LINE
  5
223
330
17
100
AcDbEntity
  8
0
100
AcDbLine
 10
407.753
 20
-123.25
 30
0.0
 11
407.998
 21
-123.619
 31
0.0
  0
LINE
  5
224
330
17
100
AcDbEntity
  8
0
100
AcDbLine
 10
407.576
 20
-122.869
 30
0.0
 11
407.753
 21
-123.25
 31
0.0
  0
LINE
  5
225
330
17
100
AcDbEntity
  8
0
100
AcDbLine
 10
407.469
 20
-122.481
 30
0.0
 11
407.576
 21
-122.869
 31
0.0
  0
LINE
  5
226
330
17
100
AcDbEntity
  8
0
100
AcDbLine
 10
407.434
 20
-122.089
 30
0.0
 11
407.469
 21
-122.481
 31
0.0
  0
LINE
  5
227
330
17
100
AcDbEntity
  8
0
100
AcDbLine
 10
407.469
 20
-121.697
 30
0.0
 11
407.434
 21
-122.089
 31
0.0
  0
LINE
  5
228
330
17
100
AcDbEntity
  8
0
100
AcDbLine
 10
407.576
 20
-121.308
 30
0.0
 11
407.469
 21
-121.697
 31
0.0
  0
LINE
  5
229
330
17
100
AcDbEntity
  8
0
100
AcDbLine
 10
407.753
 20
-120.928
 30
0.0
 11
407.576
 21
-121.308
 31
0.0
  0
LINE
  5
22A
330
17
100
AcDbEntity
  8
0
100
AcDbLine
 10
407.998
 20
-120.558
 30
0.0
 11
407.753
 21
-120.928
 31
0.0
  0
LINE
  5
22B
330
17
100
AcDbEntity
  8
0
100
AcDbLine
 10
408.31
 20
-120.203
 30
0.0
 11
407.998
 21
-120.558
 31
0.0
  0
LINE
  5
22C
330
17
100
AcDbEntity
  8
0
100
AcDbLine
 10
408.684
 20
-119.866
 30
0.0
 11
408.31
 21
-120.203
 31
0.0
  0
LINE
  5
22D
330
17
100
AcDbEntity
  8
0
100
AcDbLine
 10
409.118
 20
-119.551
 30
0.0
 11
408.684
 21
-119.866
 31
0.0
  0
LINE
  5
22E
330
17
100
AcDbEntity
  8
0
100
AcDbLine
 10
409.607
 20
-119.26
 30
0.0
 11
409.118
 21
-119.551
 31
0.0
  0
LINE
  5
22F
330
17
100
AcDbEntity
  8
0
100
AcDbLine
 10
410.146
 20
-118.997
 30
0.0
 11
409.607
 21
-119.26
 31
0.0
  0
LINE
  5
230
330
17
100
AcDbEntity
  8
0
100
AcDbLine
 10
410.731
 20
-118.763
 30
0.0
 11
410.146
 21
-118.997
 31
0.0
  0
LINE
  5
231
330
17
100
AcDbEntity
  8
0
100
AcDbLine
 10
411.356
 20
-118.561
 30
0.0
 11
410.731
 21
-118.763
 31
0.0
  0
LINE
  5
232
330
17
100
AcDbEntity
  8
0
100
AcDbLine
 10
412.014
 20
-118.393
 30
0.0
 11
411.356
 21
-118.561
 31
0.0
  0
LINE
  5
233
330
17
100
AcDbEntity
  8
0
100
AcDbLine
 10
413.406
 20
-118.166
 30
0.0
 11
412.014
 21
-118.393
 31
0.0
  0
LINE
  5
234
330
17
100
AcDbEntity
  8
0
100
AcDbLine
 10
415.248
 20
-119.87
 30
0.0
 11
415.553
 21
-119.952
 31
0.0
  0
LINE
  5
235
330
17
100
AcDbEntity
  8
0
100
AcDbLine
 10
411.081
 20
-119.87
 30
0.0
 11
415.248
 21
-119.87
 31
0.0
  0
LINE
  5
236
330
17
100
AcDbEntity
  8
0
100
AcDbLine
 10
410.181
 20
-120.039
 30
0.0
 11
411.081
 21
-119.87
 31
0.0
  0
LINE
  5
237
330
17
100
AcDbEntity
  8
0
100
AcDbLine
 10
409.418
 20
-120.52
 30
0.0
 11
410.181
 21
-120.039
 31
0.0
  0
LINE
  5
238
330
17
100
AcDbEntity
  8
0
100
AcDbLine
 10
408.908
 20
-121.24
 30
0.0
 11
409.418
 21
-120.52
 31
0.0
  0
LINE
  5
239
330
17
100
AcDbEntity
  8
0
100
AcDbLine
 10
408.729
 20
-122.089
 30
0.0
 11
408.908
 21
-121.24
 31
0.0
  0
LINE
  5
23A
330
17
100
AcDbEntity
  8
0
100
AcDbLine
 10
408.908
 20
-122.938
 30
0.0
 11
408.729
 21
-122.089
 31
0.0
  0
LINE
  5
23B
330
17
100
AcDbEntity
  8
0
100
AcDbLine
 10
409.418
 20
-123.657
 30
0.0
 11
408.908
 21
-122.938
 31
0.0
  0
LINE
  5
23C
330
17
100
AcDbEntity
  8
0
100
AcDbLine
 10
410.181
 20
-124.138
 30
0.0
 11
409.418
 21
-123.657
 31
0.0
  0
LINE
  5
23D
330
17
100
AcDbEntity
  8
0
100
AcDbLine
 10
411.081
 20
-124.307
 30
0.0
 11
410.181
 21
-124.138
 31
0.0
  0
LINE
  5
23E
330
17
100
AcDbEntity
  8
0
100
AcDbLine
 10
415.248
 20
-124.307
 30
0.0
 11
411.081
 21
-124.307
 31
0.0
  0
LINE
  5
23F
330
17
100
AcDbEntity
  8
0
100
AcDbLine
 10
415.553
 20
-124.225
 30
0.0
 11
415.248
 21
-124.307
 31
0.0
  0
LINE
  5
240
330
17
100
AcDbEntity
  8
0
100
AcDbLine
 10
415.776
 20
-124.002
 30
0.0
 11
415.553
 21
-124.225
 31
0.0
  0
LINE
  5
241
330
17
100
AcDbEntity
  8
0
100
AcDbLine
 10
415.858
 20
-123.697
 30
0.0
 11
415.776
 21
-124.002
 31
0.0
  0
LINE
  5
242
330
17
100
AcDbEntity
  8
0
100
AcDbLine
 10
415.858
 20
-120.48
 30
0.0
 11
415.858
 21
-123.697
 31
0.0
  0
LINE
  5
243
330
17
100
AcDbEntity
  8
0
100
AcDbLine
 10
415.776
 20
-120.175
 30
0.0
 11
415.858
 21
-120.48
 31
0.0
  0
LINE
  5
244
330
17
100
AcDbEntity
  8
0
100
AcDbLine
 10
415.553
 20
-119.952
 30
0.0
 11
415.776
 21
-120.175
 31
0.0
  0
LINE
  5
245
330
17
100
AcDbEntity
  8
0
100
AcDbLine
 10
502.67
 20
-268.993
 30
0.0
 11
502.746
 21
-270.44
 31
0.0
  0
LINE
  5
246
330
17
100
AcDbEntity
  8
0
100
AcDbLine
 10
502.926
 20
-265.813
 30
0.0
 11
502.67
 21
-268.993
 31
0.0
  0
LINE
  5
247
330
17
100
AcDbEntity
  8
0
100
AcDbLine
 10
510.67
 20
-268.993
 30
0.0
 11
510.413
 21
-265.813
 31
0.0
  0
LINE
  5
248
330
17
100
AcDbEntity
  8
0
100
AcDbLine
 10
510.593
 20
-270.44
 30
0.0
 11
510.67
 21
-268.993
 31
0.0
  0
LINE
  5
249
330
17
100
AcDbEntity
  8
0
100
AcDbLine
 10
510.365
 20
-271.832
 30
0.0
 11
510.593
 21
-270.44
 31
0.0
  0
LINE
  5
24A
330
17
100
AcDbEntity
  8
0
100
AcDbLine
 10
510.197
 20
-272.491
 30
0.0
 11
510.365
 21
-271.832
 31
0.0
  0
LINE
  5
24B
330
17
100
AcDbEntity
  8
0
100
AcDbLine
 10
509.995
 20
-273.115
 30
0.0
 11
510.197
 21
-272.491
 31
0.0
  0
LINE
  5
24C
330
17
100
AcDbEntity
  8
0
100
AcDbLine
 10
509.762
 20
-273.7
 30
0.0
 11
509.995
 21
-273.115
 31
0.0
  0
LINE
  5
24D
330
17
100
AcDbEntity
  8
0
100
AcDbLine
 10
509.498
 20
-274.239
 30
0.0
 11
509.762
 21
-273.7
 31
0.0
  0
LINE
  5
24E
330
17
100
AcDbEntity
  8
0
100
AcDbLine
 10
509.207
 20
-274.728
 30
0.0
 11
509.498
 21
-274.239
 31
0.0
  0
LINE
  5
24F
330
17
100
AcDbEntity
  8
0
100
AcDbLine
 10
508.892
 20
-275.162
 30
0.0
 11
509.207
 21
-274.728
 31
0.0
  0
LINE
  5
250
330
17
100
AcDbEntity
  8
0
100
AcDbLine
 10
508.555
 20
-275.537
 30
0.0
 11
508.892
 21
-275.162
 31
0.0
  0
LINE
  5
251
330
17
100
AcDbEntity
  8
0
100
AcDbLine
 10
508.2
 20
-275.848
 30
0.0
 11
508.555
 21
-275.537
 31
0.0
  0
LINE
  5
252
330
17
100
AcDbEntity
  8
0
100
AcDbLine
 10
507.831
 20
-276.093
 30
0.0
 11
508.2
 21
-275.848
 31
0.0
  0
LINE
  5
253
330
17
100
AcDbEntity
  8
0
100
AcDbLine
 10
507.45
 20
-276.27
 30
0.0
 11
507.831
 21
-276.093
 31
0.0
  0
LINE
  5
254
330
17
100
AcDbEntity
  8
0
100
AcDbLine
 10
507.062
 20
-276.377
 30
0.0
 11
507.45
 21
-276.27
 31
0.0
  0
LINE
  5
255
330
17
100
AcDbEntity
  8
0
100
AcDbLine
 10
506.67
 20
-276.413
 30
0.0
 11
507.062
 21
-276.377
 31
0.0
  0
LINE
  5
256
330
17
100
AcDbEntity
  8
0
100
AcDbLine
 10
506.278
 20
-276.377
 30
0.0
 11
506.67
 21
-276.413
 31
0.0
  0
LINE
  5
257
330
17
100
AcDbEntity
  8
0
100
AcDbLine
 10
505.889
 20
-276.27
 30
0.0
 11
506.278
 21
-276.377
 31
0.0
  0
LINE
  5
258
330
17
100
AcDbEntity
  8
0
100
AcDbLine
 10
505.508
 20
-276.093
 30
0.0
 11
505.889
 21
-276.27
 31
0.0
  0
LINE
  5
259
330
17
100
AcDbEntity
  8
0
100
AcDbLine
 10
505.139
 20
-275.848
 30
0.0
 11
505.508
 21
-276.093
 31
0.0
  0
LINE
  5
25A
330
17
100
AcDbEntity
  8
0
100
AcDbLine
 10
504.784
 20
-275.537
 30
0.0
 11
505.139
 21
-275.848
 31
0.0
  0
LINE
  5
25B
330
17
100
AcDbEntity
  8
0
100
AcDbLine
 10
504.447
 20
-275.162
 30
0.0
 11
504.784
 21
-275.537
 31
0.0
  0
LINE
  5
25C
330
17
100
AcDbEntity
  8
0
100
AcDbLine
 10
504.132
 20
-274.728
 30
0.0
 11
504.447
 21
-275.162
 31
0.0
  0
LINE
  5
25D
330
17
100
AcDbEntity
  8
0
100
AcDbLine
 10
503.841
 20
-274.239
 30
0.0
 11
504.132
 21
-274.728
 31
0.0
  0
LINE
  5
25E
330
17
100
AcDbEntity
  8
0
100
AcDbLine
 10
503.578
 20
-273.7
 30
0.0
 11
503.841
 21
-274.239
 31
0.0
  0
LINE
  5
25F
330
17
100
AcDbEntity
  8
0
100
AcDbLine
 10
503.344
 20
-273.115
 30
0.0
 11
503.578
 21
-273.7
 31
0.0
  0
LINE
  5
260
330
17
100
AcDbEntity
  8
0
100
AcDbLine
 10
503.142
 20
-272.491
 30
0.0
 11
503.344
 21
-273.115
 31
0.0
  0
LINE
  5
261
330
17
100
AcDbEntity
  8
0
100
AcDbLine
 10
502.974
 20
-271.832
 30
0.0
 11
503.142
 21
-272.491
 31
0.0
  0
LINE
  5
262
330
17
100
AcDbEntity
  8
0
100
AcDbLine
 10
502.746
 20
-270.44
 30
0.0
 11
502.974
 21
-271.832
 31
0.0
  0
LINE
  5
263
330
17
100
AcDbEntity
  8
0
100
AcDbLine
 10
504.451
 20
-268.599
 30
0.0
 11
504.533
 21
-268.294
 31
0.0
  0
LINE
  5
264
330
17
100
AcDbEntity
  8
0
100
AcDbLine
 10
504.451
 20
-272.765
 30
0.0
 11
504.451
 21
-268.599
 31
0.0
  0
LINE
  5
265
330
17
100
AcDbEntity
  8
0
100
AcDbLine
 10
504.62
 20
-273.665
 30
0.0
 11
504.451
 21
-272.765
 31
0.0
  0
LINE
  5
266
330
17
100
AcDbEntity
  8
0
100
AcDbLine
 10
505.101
 20
-274.428
 30
0.0
 11
504.62
 21
-273.665
 31
0.0
  0
LINE
  5
267
330
17
100
AcDbEntity
  8
0
100
AcDbLine
 10
505.821
 20
-274.938
 30
0.0
 11
505.101
 21
-274.428
 31
0.0
  0
LINE
  5
268
330
17
100
AcDbEntity
  8
0
100
AcDbLine
 10
506.67
 20
-275.117
 30
0.0
 11
505.821
 21
-274.938
 31
0.0
  0
LINE
  5
269
330
17
100
AcDbEntity
  8
0
100
AcDbLine
 10
507.519
 20
-274.938
 30
0.0
 11
506.67
 21
-275.117
 31
0.0
  0
LINE
  5
26A
330
17
100
AcDbEntity
  8
0
100
AcDbLine
 10
508.238
 20
-274.428
 30
0.0
 11
507.519
 21
-274.938
 31
0.0
  0
LINE
  5
26B
330
17
100
AcDbEntity
  8
0
100
AcDbLine
 10
508.719
 20
-273.665
 30
0.0
 11
508.238
 21
-274.428
 31
0.0
  0
LINE
  5
26C
330
17
100
AcDbEntity
  8
0
100
AcDbLine
 10
508.888
 20
-272.765
 30
0.0
 11
508.719
 21
-273.665
 31
0.0
  0
LINE
  5
26D
330
17
100
AcDbEntity
  8
0
100
AcDbLine
 10
508.888
 20
-268.599
 30
0.0
 11
508.888
 21
-272.765
 31
0.0
  0
LINE
  5
26E
330
17
100
AcDbEntity
  8
0
100
AcDbLine
 10
508.806
 20
-268.294
 30
0.0
 11
508.888
 21
-268.599
 31
0.0
  0
LINE
  5
26F
330
17
100
AcDbEntity
  8
0
100
AcDbLine
 10
508.583
 20
-268.07
 30
0.0
 11
508.806
 21
-268.294
 31
0.0
  0
LINE
  5
270
330
17
100
AcDbEntity
  8
0
100
AcDbLine
 10
508.278
 20
-267.989
 30
0.0
 11
508.583
 21
-268.07
 31
0.0
  0
LINE
  5
271
330
17
100
AcDbEntity
  8
0
100
AcDbLine
 10
505.061
 20
-267.989
 30
0.0
 11
508.278
 21
-267.989
 31
0.0
  0
LINE
  5
272
330
17
100
AcDbEntity
  8
0
100
AcDbLine
 10
504.756
 20
-268.07
 30
0.0
 11
505.061
 21
-267.989
 31
0.0
  0
LINE
  5
273
330
17
100
AcDbEntity
  8
0
100
AcDbLine
 10
504.533
 20
-268.294
 30
0.0
 11
504.756
 21
-268.07
 31
0.0
  0
LINE
  5
274
330
17
100
AcDbEntity
  8
0
100
AcDbLine
 10
132.343
 20
-129.083
 30
0.0
 11
133.79
 21
-129.006
 31
0.0
  0
LINE
  5
275
330
17
100
AcDbEntity
  8
0
100
AcDbLine
 10
129.163
 20
-128.826
 30
0.0
 11
132.343
 21
-129.083
 31
0.0
  0
LINE
  5
276
330
17
100
AcDbEntity
  8
0
100
AcDbLine
 10
132.343
 20
-121.083
 30
0.0
 11
129.163
 21
-121.34
 31
0.0
  0
LINE
  5
277
330
17
100
AcDbEntity
  8
0
100
AcDbLine
 10
133.79
 20
-121.16
 30
0.0
 11
132.343
 21
-121.083
 31
0.0
  0
LINE
  5
278
330
17
100
AcDbEntity
  8
0
100
AcDbLine
 10
135.182
 20
-121.387
 30
0.0
 11
133.79
 21
-121.16
 31
0.0
  0
LINE
  5
279
330
17
100
AcDbEntity
  8
0
100
AcDbLine
 10
135.84
 20
-121.555
 30
0.0
 11
135.182
 21
-121.387
 31
0.0
  0
LINE
  5
27A
330
17
100
AcDbEntity
  8
0
100
AcDbLine
 10
136.465
 20
-121.757
 30
0.0
 11
135.84
 21
-121.555
 31
0.0
  0
LINE
  5
27B
330
17
100
AcDbEntity
  8
0
100
AcDbLine
 10
137.05
 20
-121.991
 30
0.0
 11
136.465
 21
-121.757
 31
0.0
  0
LINE
  5
27C
330
17
100
AcDbEntity
  8
0
100
AcDbLine
 10
137.589
 20
-122.255
 30
0.0
 11
137.05
 21
-121.991
 31
0.0
  0
LINE
  5
27D
330
17
100
AcDbEntity
  8
0
100
AcDbLine
 10
138.078
 20
-122.545
 30
0.0
 11
137.589
 21
-122.255
 31
0.0
  0
LINE
  5
27E
330
17
100
AcDbEntity
  8
0
100
AcDbLine
 10
138.512
 20
-122.861
 30
0.0
 11
138.078
 21
-122.545
 31
0.0
  0
LINE
  5
27F
330
17
100
AcDbEntity
  8
0
100
AcDbLine
 10
138.887
 20
-123.197
 30
0.0
 11
138.512
 21
-122.861
 31
0.0
  0
LINE
  5
280
330
17
100
AcDbEntity
  8
0
100
AcDbLine
 10
139.198
 20
-123.552
 30
0.0
 11
138.887
 21
-123.197
 31
0.0
  0
LINE
  5
281
330
17
100
AcDbEntity
  8
0
100
AcDbLine
 10
139.443
 20
-123.922
 30
0.0
 11
139.198
 21
-123.552
 31
0.0
  0
LINE
  5
282
330
17
100
AcDbEntity
  8
0
100
AcDbLine
 10
139.62
 20
-124.303
 30
0.0
 11
139.443
 21
-123.922
 31
0.0
  0
LINE
  5
283
330
17
100
AcDbEntity
  8
0
100
AcDbLine
 10
139.727
 20
-124.691
 30
0.0
 11
139.62
 21
-124.303
 31
0.0
  0
LINE
  5
284
330
17
100
AcDbEntity
  8
0
100
AcDbLine
 10
139.763
 20
-125.083
 30
0.0
 11
139.727
 21
-124.691
 31
0.0
  0
LINE
  5
285
330
17
100
AcDbEntity
  8
0
100
AcDbLine
 10
139.727
 20
-125.475
 30
0.0
 11
139.763
 21
-125.083
 31
0.0
  0
LINE
  5
286
330
17
100
AcDbEntity
  8
0
100
AcDbLine
 10
139.62
 20
-125.863
 30
0.0
 11
139.727
 21
-125.475
 31
0.0
  0
LINE
  5
287
330
17
100
AcDbEntity
  8
0
100
AcDbLine
 10
139.443
 20
-126.244
 30
0.0
 11
139.62
 21
-125.863
 31
0.0
  0
LINE
  5
288
330
17
100
AcDbEntity
  8
0
100
AcDbLine
 10
139.198
 20
-126.614
 30
0.0
 11
139.443
 21
-126.244
 31
0.0
  0
LINE
  5
289
330
17
100
AcDbEntity
  8
0
100
AcDbLine
 10
138.887
 20
-126.969
 30
0.0
 11
139.198
 21
-126.614
 31
0.0
  0
LINE
  5
28A
330
17
100
AcDbEntity
  8
0
100
AcDbLine
 10
138.512
 20
-127.305
 30
0.0
 11
138.887
 21
-126.969
 31
0.0
  0
LINE
  5
28B
330
17
100
AcDbEntity
  8
0
100
AcDbLine
 10
138.078
 20
-127.621
 30
0.0
 11
138.512
 21
-127.305
 31
0.0
  0
LINE
  5
28C
330
17
100
AcDbEntity
  8
0
100
AcDbLine
 10
137.589
 20
-127.911
 30
0.0
 11
138.078
 21
-127.621
 31
0.0
  0
LINE
  5
28D
330
17
100
AcDbEntity
  8
0
100
AcDbLine
 10
137.05
 20
-128.175
 30
0.0
 11
137.589
 21
-127.911
 31
0.0
  0
LINE
  5
28E
330
17
100
AcDbEntity
  8
0
100
AcDbLine
 10
136.465
 20
-128.409
 30
0.0
 11
137.05
 21
-128.175
 31
0.0
  0
LINE
  5
28F
330
17
100
AcDbEntity
  8
0
100
AcDbLine
 10
135.84
 20
-128.611
 30
0.0
 11
136.465
 21
-128.409
 31
0.0
  0
LINE
  5
290
330
17
100
AcDbEntity
  8
0
100
AcDbLine
 10
135.182
 20
-128.779
 30
0.0
 11
135.84
 21
-128.611
 31
0.0
  0
LINE
  5
291
330
17
100
AcDbEntity
  8
0
100
AcDbLine
 10
133.79
 20
-129.006
 30
0.0
 11
135.182
 21
-128.779
 31
0.0
  0
LINE
  5
292
330
17
100
AcDbEntity
  8
0
100
AcDbLine
 10
131.949
 20
-127.301
 30
0.0
 11
131.644
 21
-127.22
 31
0.0
  0
LINE
  5
293
330
17
100
AcDbEntity
  8
0
100
AcDbLine
 10
136.115
 20
-127.301
 30
0.0
 11
131.949
 21
-127.301
 31
0.0
  0
LINE
  5
294
330
17
100
AcDbEntity
  8
0
100
AcDbLine
 10
137.015
 20
-127.133
 30
0.0
 11
136.115
 21
-127.301
 31
0.0
  0
LINE
  5
295
330
17
100
AcDbEntity
  8
0
100
AcDbLine
 10
137.778
 20
-126.652
 30
0.0
 11
137.015
 21
-127.133
 31
0.0
  0
LINE
  5
296
330
17
100
AcDbEntity
  8
0
100
AcDbLine
 10
138.288
 20
-125.932
 30
0.0
 11
137.778
 21
-126.652
 31
0.0
  0
LINE
  5
297
330
17
100
AcDbEntity
  8
0
100
AcDbLine
 10
138.467
 20
-125.083
 30
0.0
 11
138.288
 21
-125.932
 31
0.0
  0
LINE
  5
298
330
17
100
AcDbEntity
  8
0
100
AcDbLine
 10
138.288
 20
-124.234
 30
0.0
 11
138.467
 21
-125.083
 31
0.0
  0
LINE
  5
299
330
17
100
AcDbEntity
  8
0
100
AcDbLine
 10
137.778
 20
-123.514
 30
0.0
 11
138.288
 21
-124.234
 31
0.0
  0
LINE
  5
29A
330
17
100
AcDbEntity
  8
0
100
AcDbLine
 10
137.015
 20
-123.033
 30
0.0
 11
137.778
 21
-123.514
 31
0.0
  0
LINE
  5
29B
330
17
100
AcDbEntity
  8
0
100
AcDbLine
 10
136.115
 20
-122.865
 30
0.0
 11
137.015
 21
-123.033
 31
0.0
  0
LINE
  5
29C
330
17
100
AcDbEntity
  8
0
100
AcDbLine
 10
131.949
 20
-122.865
 30
0.0
 11
136.115
 21
-122.865
 31
0.0
  0
LINE
  5
29D
330
17
100
AcDbEntity
  8
0
100
AcDbLine
 10
131.644
 20
-122.946
 30
0.0
 11
131.949
 21
-122.865
 31
0.0
  0
LINE
  5
29E
330
17
100
AcDbEntity
  8
0
100
AcDbLine
 10
131.42
 20
-123.17
 30
0.0
 11
131.644
 21
-122.946
 31
0.0
  0
LINE
  5
29F
330
17
100
AcDbEntity
  8
0
100
AcDbLine
 10
131.339
 20
-123.475
 30
0.0
 11
131.42
 21
-123.17
 31
0.0
  0
LINE
  5
2A0
330
17
100
AcDbEntity
  8
0
100
AcDbLine
 10
131.339
 20
-126.691
 30
0.0
 11
131.339
 21
-123.475
 31
0.0
  0
LINE
  5
2A1
330
17
100
AcDbEntity
  8
0
100
AcDbLine
 10
131.42
 20
-126.996
 30
0.0
 11
131.339
 21
-126.691
 31
0.0
  0
LINE
  5
2A2
330
17
100
AcDbEntity
  8
0
100
AcDbLine
 10
131.644
 20
-127.22
 30
0.0
 11
131.42
 21
-126.996
 31
0.0
  0
LINE
  5
2A3
330
17
100
AcDbEntity
  8
0
100
AcDbLine
 10
132.343
 20
-165.936
 30
0.0
 11
133.79
 21
-165.859
 31
0.0
  0
LINE
  5
2A4
330
17
100
AcDbEntity
  8
0
100
AcDbLine
 10
129.163
 20
-165.679
 30
0.0
 11
132.343
 21
-165.936
 31
0.0
  0
LINE
  5
2A5
330
17
100
AcDbEntity
  8
0
100
AcDbLine
 10
132.343
 20
-157.936
 30
0.0
 11
129.163
 21
-158.192
 31
0.0
  0
LINE
  5
2A6
330
17
100
AcDbEntity
  8
0
100
AcDbLine
 10
133.79
 20
-158.013
 30
0.0
 11
132.343
 21
-157.936
 31
0.0
  0
LINE
  5
2A7
330
17
100
AcDbEntity
  8
0
100
AcDbLine
 10
135.182
 20
-158.24
 30
0.0
 11
133.79
 21
-158.013
 31
0.0
  0
LINE
  5
2A8
330
17
100
AcDbEntity
  8
0
100
AcDbLine
 10
135.84
 20
-158.408
 30
0.0
 11
135.182
 21
-158.24
 31
0.0
  0
LINE
  5
2A9
330
17
100
AcDbEntity
  8
0
100
AcDbLine
 10
136.465
 20
-158.61
 30
0.0
 11
135.84
 21
-158.408
 31
0.0
  0
LINE
  5
2AA
330
17
100
AcDbEntity
  8
0
100
AcDbLine
 10
137.05
 20
-158.844
 30
0.0
 11
136.465
 21
-158.61
 31
0.0
  0
LINE
  5
2AB
330
17
100
AcDbEntity
  8
0
100
AcDbLine
 10
137.589
 20
-159.107
 30
0.0
 11
137.05
 21
-158.844
 31
0.0
  0
LINE
  5
2AC
330
17
100
AcDbEntity
  8
0
100
AcDbLine
 10
138.078
 20
-159.398
 30
0.0
 11
137.589
 21
-159.107
 31
0.0
  0
LINE
  5
2AD
330
17
100
AcDbEntity
  8
0
100
AcDbLine
 10
138.512
 20
-159.713
 30
0.0
 11
138.078
 21
-159.398
 31
0.0
  0
LINE
  5
2AE
330
17
100
AcDbEntity
  8
0
100
AcDbLine
 10
138.887
 20
-160.05
 30
0.0
 11
138.512
 21
-159.713
 31
0.0
  0
LINE
  5
2AF
330
17
100
AcDbEntity
  8
0
100
AcDbLine
 10
139.198
 20
-160.405
 30
0.0
 11
138.887
 21
-160.05
 31
0.0
  0
LINE
  5
2B0
330
17
100
AcDbEntity
  8
0
100
AcDbLine
 10
139.443
 20
-160.775
 30
0.0
 11
139.198
 21
-160.405
 31
0.0
  0
LINE
  5
2B1
330
17
100
AcDbEntity
  8
0
100
AcDbLine
 10
139.62
 20
-161.155
 30
0.0
 11
139.443
 21
-160.775
 31
0.0
  0
LINE
  5
2B2
330
17
100
AcDbEntity
  8
0
100
AcDbLine
 10
139.727
 20
-161.544
 30
0.0
 11
139.62
 21
-161.155
 31
0.0
  0
LINE
  5
2B3
330
17
100
AcDbEntity
  8
0
100
AcDbLine
 10
139.763
 20
-161.936
 30
0.0
 11
139.727
 21
-161.544
 31
0.0
  0
LINE
  5
2B4
330
17
100
AcDbEntity
  8
0
100
AcDbLine
 10
139.727
 20
-162.328
 30
0.0
 11
139.763
 21
-161.936
 31
0.0
  0
LINE
  5
2B5
330
17
100
AcDbEntity
  8
0
100
AcDbLine
 10
139.62
 20
-162.716
 30
0.0
 11
139.727
 21
-162.328
 31
0.0
  0
LINE
  5
2B6
330
17
100
AcDbEntity
  8
0
100
AcDbLine
 10
139.443
 20
-163.097
 30
0.0
 11
139.62
 21
-162.716
 31
0.0
  0
LINE
  5
2B7
330
17
100
AcDbEntity
  8
0
100
AcDbLine
 10
139.198
 20
-163.466
 30
0.0
 11
139.443
 21
-163.097
 31
0.0
  0
LINE
  5
2B8
330
17
100
AcDbEntity
  8
0
100
AcDbLine
 10
138.887
 20
-163.821
 30
0.0
 11
139.198
 21
-163.466
 31
0.0
  0
LINE
  5
2B9
330
17
100
AcDbEntity
  8
0
100
AcDbLine
 10
138.512
 20
-164.158
 30
0.0
 11
138.887
 21
-163.821
 31
0.0
  0
LINE
  5
2BA
330
17
100
AcDbEntity
  8
0
100
AcDbLine
 10
138.078
 20
-164.473
 30
0.0
 11
138.512
 21
-164.158
 31
0.0
  0
LINE
  5
2BB
330
17
100
AcDbEntity
  8
0
100
AcDbLine
 10
137.589
 20
-164.764
 30
0.0
 11
138.078
 21
-164.473
 31
0.0
  0
LINE
  5
2BC
330
17
100
AcDbEntity
  8
0
100
AcDbLine
 10
137.05
 20
-165.028
 30
0.0
 11
137.589
 21
-164.764
 31
0.0
  0
LINE
  5
2BD
330
17
100
AcDbEntity
  8
0
100
AcDbLine
 10
136.465
 20
-165.262
 30
0.0
 11
137.05
 21
-165.028
 31
0.0
  0
LINE
  5
2BE
330
17
100
AcDbEntity
  8
0
100
AcDbLine
 10
135.84
 20
-165.463
 30
0.0
 11
136.465
 21
-165.262
 31
0.0
  0
LINE
  5
2BF
330
17
100
AcDbEntity
  8
0
100
AcDbLine
 10
135.182
 20
-165.631
 30
0.0
 11
135.84
 21
-165.463
 31
0.0
  0
LINE
  5
2C0
330
17
100
AcDbEntity
  8
0
100
AcDbLine
 10
133.79
 20
-165.859
 30
0.0
 11
135.182
 21
-165.631
 31
0.0
  0
LINE
  5
2C1
330
17
100
AcDbEntity
  8
0
100
AcDbLine
 10
131.949
 20
-164.154
 30
0.0
 11
131.644
 21
-164.072
 31
0.0
  0
LINE
  5
2C2
330
17
100
AcDbEntity
  8
0
100
AcDbLine
 10
136.115
 20
-164.154
 30
0.0
 11
131.949
 21
-164.154
 31
0.0
  0
LINE
  5
2C3
330
17
100
AcDbEntity
  8
0
100
AcDbLine
 10
137.015
 20
-163.985
 30
0.0
 11
136.115
 21
-164.154
 31
0.0
  0
LINE
  5
2C4
330
17
100
AcDbEntity
  8
0
100
AcDbLine
 10
137.778
 20
-163.504
 30
0.0
 11
137.015
 21
-163.985
 31
0.0
  0
LINE
  5
2C5
330
17
100
AcDbEntity
  8
0
100
AcDbLine
 10
138.288
 20
-162.785
 30
0.0
 11
137.778
 21
-163.504
 31
0.0
  0
LINE
  5
2C6
330
17
100
AcDbEntity
  8
0
100
AcDbLine
 10
138.467
 20
-161.936
 30
0.0
 11
138.288
 21
-162.785
 31
0.0
  0
LINE
  5
2C7
330
17
100
AcDbEntity
  8
0
100
AcDbLine
 10
138.288
 20
-161.087
 30
0.0
 11
138.467
 21
-161.936
 31
0.0
  0
LINE
  5
2C8
330
17
100
AcDbEntity
  8
0
100
AcDbLine
 10
137.778
 20
-160.367
 30
0.0
 11
138.288
 21
-161.087
 31
0.0
  0
LINE
  5
2C9
330
17
100
AcDbEntity
  8
0
100
AcDbLine
 10
137.015
 20
-159.886
 30
0.0
 11
137.778
 21
-160.367
 31
0.0
  0
LINE
  5
2CA
330
17
100
AcDbEntity
  8
0
100
AcDbLine
 10
136.115
 20
-159.717
 30
0.0
 11
137.015
 21
-159.886
 31
0.0
  0
LINE
  5
2CB
330
17
100
AcDbEntity
  8
0
100
AcDbLine
 10
131.949
 20
-159.717
 30
0.0
 11
136.115
 21
-159.717
 31
0.0
  0
LINE
  5
2CC
330
17
100
AcDbEntity
  8
0
100
AcDbLine
 10
131.644
 20
-159.799
 30
0.0
 11
131.949
 21
-159.717
 31
0.0
  0
LINE
  5
2CD
330
17
100
AcDbEntity
  8
0
100
AcDbLine
 10
131.42
 20
-160.022
 30
0.0
 11
131.644
 21
-159.799
 31
0.0
  0
LINE
  5
2CE
330
17
100
AcDbEntity
  8
0
100
AcDbLine
 10
131.339
 20
-160.327
 30
0.0
 11
131.42
 21
-160.022
 31
0.0
  0
LINE
  5
2CF
330
17
100
AcDbEntity
  8
0
100
AcDbLine
 10
131.339
 20
-163.544
 30
0.0
 11
131.339
 21
-160.327
 31
0.0
  0
LINE
  5
2D0
330
17
100
AcDbEntity
  8
0
100
AcDbLine
 10
131.42
 20
-163.849
 30
0.0
 11
131.339
 21
-163.544
 31
0.0
  0
LINE
  5
2D1
330
17
100
AcDbEntity
  8
0
100
AcDbLine
 10
131.644
 20
-164.072
 30
0.0
 11
131.42
 21
-163.849
 31
0.0
  0
LINE
  5
2D2
330
17
100
AcDbEntity
  8
0
100
AcDbLine
 10
32.6968
 20
-8.99192
 30
0.0
 11
34.1444
 21
-8.91506
 31
0.0
  0
LINE
  5
2D3
330
17
100
AcDbEntity
  8
0
100
AcDbLine
 10
29.5168
 20
-8.73535
 30
0.0
 11
32.6968
 21
-8.99192
 31
0.0
  0
LINE
  5
2D4
330
17
100
AcDbEntity
  8
0
100
AcDbLine
 10
29.5168
 20
-1.24848
 30
0.0
 11
29.5168
 21
-8.73535
 31
0.0
  0
LINE
  5
2D5
330
17
100
AcDbEntity
  8
0
100
AcDbLine
 10
32.6968
 20
-0.991916
 30
0.0
 11
29.5168
 21
-1.24848
 31
0.0
  0
LINE
  5
2D6
330
17
100
AcDbEntity
  8
0
100
AcDbLine
 10
34.1444
 20
-1.06878
 30
0.0
 11
32.6968
 21
-0.991916
 31
0.0
  0
LINE
  5
2D7
330
17
100
AcDbEntity
  8
0
100
AcDbLine
 10
35.5363
 20
-1.2964
 30
0.0
 11
34.1444
 21
-1.06878
 31
0.0
  0
LINE
  5
2D8
330
17
100
AcDbEntity
  8
0
100
AcDbLine
 10
36.1946
 20
-1.46423
 30
0.0
 11
35.5363
 21
-1.2964
 31
0.0
  0
LINE
  5
2D9
330
17
100
AcDbEntity
  8
0
100
AcDbLine
 10
36.8191
 20
-1.66604
 30
0.0
 11
36.1946
 21
-1.46423
 31
0.0
  0
LINE
  5
2DA
330
17
100
AcDbEntity
  8
0
100
AcDbLine
 10
37.404
 20
-1.89988
 30
0.0
 11
36.8191
 21
-1.66604
 31
0.0
  0
LINE
  5
2DB
330
17
100
AcDbEntity
  8
0
100
AcDbLine
 10
37.9435
 20
-2.16349
 30
0.0
 11
37.404
 21
-1.89988
 31
0.0
  0
LINE
  5
2DC
330
17
100
AcDbEntity
  8
0
100
AcDbLine
 10
38.4326
 20
-2.45434
 30
0.0
 11
37.9435
 21
-2.16349
 31
0.0
  0
LINE
  5
2DD
330
17
100
AcDbEntity
  8
0
100
AcDbLine
 10
38.8663
 20
-2.76964
 30
0.0
 11
38.4326
 21
-2.45434
 31
0.0
  0
LINE
  5
2DE
330
17
100
AcDbEntity
  8
0
100
AcDbLine
 10
39.2407
 20
-3.10633
 30
0.0
 11
38.8663
 21
-2.76964
 31
0.0
  0
LINE
  5
2DF
330
17
100
AcDbEntity
  8
0
100
AcDbLine
 10
39.552
 20
-3.46118
 30
0.0
 11
39.2407
 21
-3.10633
 31
0.0
  0
LINE
  5
2E0
330
17
100
AcDbEntity
  8
0
100
AcDbLine
 10
39.7973
 20
-3.83078
 30
0.0
 11
39.552
 21
-3.46118
 31
0.0
  0
LINE
  5
2E1
330
17
100
AcDbEntity
  8
0
100
AcDbLine
 10
39.9742
 20
-4.21156
 30
0.0
 11
39.7973
 21
-3.83078
 31
0.0
  0
LINE
  5
2E2
330
17
100
AcDbEntity
  8
0
100
AcDbLine
 10
40.0811
 20
-4.59985
 30
0.0
 11
39.9742
 21
-4.21156
 31
0.0
  0
LINE
  5
2E3
330
17
100
AcDbEntity
  8
0
100
AcDbLine
 10
40.1168
 20
-4.99192
 30
0.0
 11
40.0811
 21
-4.59985
 31
0.0
  0
LINE
  5
2E4
330
17
100
AcDbEntity
  8
0
100
AcDbLine
 10
40.0811
 20
-5.38399
 30
0.0
 11
40.1168
 21
-4.99192
 31
0.0
  0
LINE
  5
2E5
330
17
100
AcDbEntity
  8
0
100
AcDbLine
 10
39.9742
 20
-5.77228
 30
0.0
 11
40.0811
 21
-5.38399
 31
0.0
  0
LINE
  5
2E6
330
17
100
AcDbEntity
  8
0
100
AcDbLine
 10
39.7973
 20
-6.15306
 30
0.0
 11
39.9742
 21
-5.77228
 31
0.0
  0
LINE
  5
2E7
330
17
100
AcDbEntity
  8
0
100
AcDbLine
 10
39.552
 20
-6.52265
 30
0.0
 11
39.7973
 21
-6.15306
 31
0.0
  0
LINE
  5
2E8
330
17
100
AcDbEntity
  8
0
100
AcDbLine
 10
39.2407
 20
-6.8775
 30
0.0
 11
39.552
 21
-6.52265
 31
0.0
  0
LINE
  5
2E9
330
17
100
AcDbEntity
  8
0
100
AcDbLine
 10
38.8663
 20
-7.2142
 30
0.0
 11
39.2407
 21
-6.8775
 31
0.0
  0
LINE
  5
2EA
330
17
100
AcDbEntity
  8
0
100
AcDbLine
 10
38.4325
 20
-7.52949
 30
0.0
 11
38.8663
 21
-7.2142
 31
0.0
  0
LINE
  5
2EB
330
17
100
AcDbEntity
  8
0
100
AcDbLine
 10
37.9435
 20
-7.82034
 30
0.0
 11
38.4325
 21
-7.52949
 31
0.0
  0
LINE
  5
2EC
330
17
100
AcDbEntity
  8
0
100
AcDbLine
 10
37.404
 20
-8.08396
 30
0.0
 11
37.9435
 21
-7.82034
 31
0.0
  0
LINE
  5
2ED
330
17
100
AcDbEntity
  8
0
100
AcDbLine
 10
36.8191
 20
-8.3178
 30
0.0
 11
37.404
 21
-8.08396
 31
0.0
  0
LINE
  5
2EE
330
17
100
AcDbEntity
  8
0
100
AcDbLine
 10
36.1946
 20
-8.5196
 30
0.0
 11
36.8191
 21
-8.3178
 31
0.0
  0
LINE
  5
2EF
330
17
100
AcDbEntity
  8
0
100
AcDbLine
 10
35.5363
 20
-8.68743
 30
0.0
 11
36.1946
 21
-8.5196
 31
0.0
  0
LINE
  5
2F0
330
17
100
AcDbEntity
  8
0
100
AcDbLine
 10
34.1444
 20
-8.91506
 30
0.0
 11
35.5363
 21
-8.68743
 31
0.0
  0
LINE
  5
2F1
330
17
100
AcDbEntity
  8
0
100
AcDbLine
 10
32.3028
 20
-7.21033
 30
0.0
 11
31.9978
 21
-7.12859
 31
0.0
  0
LINE
  5
2F2
330
17
100
AcDbEntity
  8
0
100
AcDbLine
 10
36.4694
 20
-7.21033
 30
0.0
 11
32.3028
 21
-7.21033
 31
0.0
  0
LINE
  5
2F3
330
17
100
AcDbEntity
  8
0
100
AcDbLine
 10
37.3693
 20
-7.04146
 30
0.0
 11
36.4694
 21
-7.21033
 31
0.0
  0
LINE
  5
2F4
330
17
100
AcDbEntity
  8
0
100
AcDbLine
 10
38.1322
 20
-6.56057
 30
0.0
 11
37.3693
 21
-7.04146
 31
0.0
  0
LINE
  5
2F5
330
17
100
AcDbEntity
  8
0
100
AcDbLine
 10
38.6419
 20
-5.84087
 30
0.0
 11
38.1322
 21
-6.56057
 31
0.0
  0
LINE
  5
2F6
330
17
100
AcDbEntity
  8
0
100
AcDbLine
 10
38.8209
 20
-4.99192
 30
0.0
 11
38.6419
 21
-5.84087
 31
0.0
  0
LINE
  5
2F7
330
17
100
AcDbEntity
  8
0
100
AcDbLine
 10
38.6419
 20
-4.14297
 30
0.0
 11
38.8209
 21
-4.99192
 31
0.0
  0
LINE
  5
2F8
330
17
100
AcDbEntity
  8
0
100
AcDbLine
 10
38.1322
 20
-3.42326
 30
0.0
 11
38.6419
 21
-4.14297
 31
0.0
  0
LINE
  5
2F9
330
17
100
AcDbEntity
  8
0
100
AcDbLine
 10
37.3693
 20
-2.94237
 30
0.0
 11
38.1322
 21
-3.42326
 31
0.0
  0
LINE
  5
2FA
330
17
100
AcDbEntity
  8
0
100
AcDbLine
 10
36.4694
 20
-2.77351
 30
0.0
 11
37.3693
 21
-2.94237
 31
0.0
  0
LINE
  5
2FB
330
17
100
AcDbEntity
  8
0
100
AcDbLine
 10
32.3028
 20
-2.7735
 30
0.0
 11
36.4694
 21
-2.77351
 31
0.0
  0
LINE
  5
2FC
330
17
100
AcDbEntity
  8
0
100
AcDbLine
 10
31.9978
 20
-2.85524
 30
0.0
 11
32.3028
 21
-2.7735
 31
0.0
  0
LINE
  5
2FD
330
17
100
AcDbEntity
  8
0
100
AcDbLine
 10
31.7745
 20
-3.07855
 30
0.0
 11
31.9978
 21
-2.85524
 31
0.0
  0
LINE
  5
2FE
330
17
100
AcDbEntity
  8
0
100
AcDbLine
 10
31.6928
 20
-3.3836
 30
0.0
 11
31.7745
 21
-3.07855
 31
0.0
  0
LINE
  5
2FF
330
17
100
AcDbEntity
  8
0
100
AcDbLine
 10
31.6927
 20
-6.60023
 30
0.0
 11
31.6928
 21
-3.3836
 31
0.0
  0
LINE
  5
300
330
17
100
AcDbEntity
  8
0
100
AcDbLine
 10
31.7745
 20
-6.90528
 30
0.0
 11
31.6927
 21
-6.60023
 31
0.0
  0
LINE
  5
301
330
17
100
AcDbEntity
  8
0
100
AcDbLine
 10
31.9978
 20
-7.12859
 30
0.0
 11
31.7745
 21
-6.90528
 31
0.0
  0
LINE
  5
302
330
17
100
AcDbEntity
  8
0
100
AcDbLine
 10
510.291
 20
-219.809
 30
0.0
 11
510.214
 21
-218.362
 31
0.0
  0
LINE
  5
303
330
17
100
AcDbEntity
  8
0
100
AcDbLine
 10
510.035
 20
-222.989
 30
0.0
 11
510.291
 21
-219.809
 31
0.0
  0
LINE
  5
304
330
17
100
AcDbEntity
  8
0
100
AcDbLine
 10
502.548
 20
-222.989
 30
0.0
 11
510.035
 21
-222.989
 31
0.0
  0
LINE
  5
305
330
17
100
AcDbEntity
  8
0
100
AcDbLine
 10
502.291
 20
-219.809
 30
0.0
 11
502.548
 21
-222.989
 31
0.0
  0
LINE
  5
306
330
17
100
AcDbEntity
  8
0
100
AcDbLine
 10
502.368
 20
-218.362
 30
0.0
 11
502.291
 21
-219.809
 31
0.0
  0
LINE
  5
307
330
17
100
AcDbEntity
  8
0
100
AcDbLine
 10
502.596
 20
-216.97
 30
0.0
 11
502.368
 21
-218.362
 31
0.0
  0
LINE
  5
308
330
17
100
AcDbEntity
  8
0
100
AcDbLine
 10
502.764
 20
-216.312
 30
0.0
 11
502.596
 21
-216.97
 31
0.0
  0
LINE
  5
309
330
17
100
AcDbEntity
  8
0
100
AcDbLine
 10
502.965
 20
-215.687
 30
0.0
 11
502.764
 21
-216.312
 31
0.0
  0
LINE
  5
30A
330
17
100
AcDbEntity
  8
0
100
AcDbLine
 10
503.199
 20
-215.102
 30
0.0
 11
502.965
 21
-215.687
 31
0.0
  0
LINE
  5
30B
330
17
100
AcDbEntity
  8
0
100
AcDbLine
 10
503.463
 20
-214.563
 30
0.0
 11
503.199
 21
-215.102
 31
0.0
  0
LINE
  5
30C
330
17
100
AcDbEntity
  8
0
100
AcDbLine
 10
503.754
 20
-214.074
 30
0.0
 11
503.463
 21
-214.563
 31
0.0
  0
LINE
  5
30D
330
17
100
AcDbEntity
  8
0
100
AcDbLine
 10
504.069
 20
-213.64
 30
0.0
 11
503.754
 21
-214.074
 31
0.0
  0
LINE
  5
30E
330
17
100
AcDbEntity
  8
0
100
AcDbLine
 10
504.406
 20
-213.266
 30
0.0
 11
504.069
 21
-213.64
 31
0.0
  0
LINE
  5
30F
330
17
100
AcDbEntity
  8
0
100
AcDbLine
 10
504.76
 20
-212.954
 30
0.0
 11
504.406
 21
-213.266
 31
0.0
  0
LINE
  5
310
330
17
100
AcDbEntity
  8
0
100
AcDbLine
 10
505.13
 20
-212.709
 30
0.0
 11
504.76
 21
-212.954
 31
0.0
  0
LINE
  5
311
330
17
100
AcDbEntity
  8
0
100
AcDbLine
 10
505.511
 20
-212.532
 30
0.0
 11
505.13
 21
-212.709
 31
0.0
  0
LINE
  5
312
330
17
100
AcDbEntity
  8
0
100
AcDbLine
 10
505.899
 20
-212.425
 30
0.0
 11
505.511
 21
-212.532
 31
0.0
  0
LINE
  5
313
330
17
100
AcDbEntity
  8
0
100
AcDbLine
 10
506.291
 20
-212.389
 30
0.0
 11
505.899
 21
-212.425
 31
0.0
  0
LINE
  5
314
330
17
100
AcDbEntity
  8
0
100
AcDbLine
 10
506.683
 20
-212.425
 30
0.0
 11
506.291
 21
-212.389
 31
0.0
  0
LINE
  5
315
330
17
100
AcDbEntity
  8
0
100
AcDbLine
 10
507.072
 20
-212.532
 30
0.0
 11
506.683
 21
-212.425
 31
0.0
  0
LINE
  5
316
330
17
100
AcDbEntity
  8
0
100
AcDbLine
 10
507.452
 20
-212.709
 30
0.0
 11
507.072
 21
-212.532
 31
0.0
  0
LINE
  5
317
330
17
100
AcDbEntity
  8
0
100
AcDbLine
 10
507.822
 20
-212.954
 30
0.0
 11
507.452
 21
-212.709
 31
0.0
  0
LINE
  5
318
330
17
100
AcDbEntity
  8
0
100
AcDbLine
 10
508.177
 20
-213.266
 30
0.0
 11
507.822
 21
-212.954
 31
0.0
  0
LINE
  5
319
330
17
100
AcDbEntity
  8
0
100
AcDbLine
 10
508.514
 20
-213.64
 30
0.0
 11
508.177
 21
-213.266
 31
0.0
  0
LINE
  5
31A
330
17
100
AcDbEntity
  8
0
100
AcDbLine
 10
508.829
 20
-214.074
 30
0.0
 11
508.514
 21
-213.64
 31
0.0
  0
LINE
  5
31B
330
17
100
AcDbEntity
  8
0
100
AcDbLine
 10
509.12
 20
-214.563
 30
0.0
 11
508.829
 21
-214.074
 31
0.0
  0
LINE
  5
31C
330
17
100
AcDbEntity
  8
0
100
AcDbLine
 10
509.383
 20
-215.102
 30
0.0
 11
509.12
 21
-214.563
 31
0.0
  0
LINE
  5
31D
330
17
100
AcDbEntity
  8
0
100
AcDbLine
 10
509.617
 20
-215.687
 30
0.0
 11
509.383
 21
-215.102
 31
0.0
  0
LINE
  5
31E
330
17
100
AcDbEntity
  8
0
100
AcDbLine
 10
509.819
 20
-216.312
 30
0.0
 11
509.617
 21
-215.687
 31
0.0
  0
LINE
  5
31F
330
17
100
AcDbEntity
  8
0
100
AcDbLine
 10
509.987
 20
-216.97
 30
0.0
 11
509.819
 21
-216.312
 31
0.0
  0
LINE
  5
320
330
17
100
AcDbEntity
  8
0
100
AcDbLine
 10
510.214
 20
-218.362
 30
0.0
 11
509.987
 21
-216.97
 31
0.0
  0
LINE
  5
321
330
17
100
AcDbEntity
  8
0
100
AcDbLine
 10
508.51
 20
-220.203
 30
0.0
 11
508.428
 21
-220.508
 31
0.0
  0
LINE
  5
322
330
17
100
AcDbEntity
  8
0
100
AcDbLine
 10
508.51
 20
-216.037
 30
0.0
 11
508.51
 21
-220.203
 31
0.0
  0
LINE
  5
323
330
17
100
AcDbEntity
  8
0
100
AcDbLine
 10
508.341
 20
-215.137
 30
0.0
 11
508.51
 21
-216.037
 31
0.0
  0
LINE
  5
324
330
17
100
AcDbEntity
  8
0
100
AcDbLine
 10
507.86
 20
-214.374
 30
0.0
 11
508.341
 21
-215.137
 31
0.0
  0
LINE
  5
325
330
17
100
AcDbEntity
  8
0
100
AcDbLine
 10
507.14
 20
-213.864
 30
0.0
 11
507.86
 21
-214.374
 31
0.0
  0
LINE
  5
326
330
17
100
AcDbEntity
  8
0
100
AcDbLine
 10
506.291
 20
-213.685
 30
0.0
 11
507.14
 21
-213.864
 31
0.0
  0
LINE
  5
327
330
17
100
AcDbEntity
  8
0
100
AcDbLine
 10
505.442
 20
-213.864
 30
0.0
 11
506.291
 21
-213.685
 31
0.0
  0
LINE
  5
328
330
17
100
AcDbEntity
  8
0
100
AcDbLine
 10
504.723
 20
-214.374
 30
0.0
 11
505.442
 21
-213.864
 31
0.0
  0
LINE
  5
329
330
17
100
AcDbEntity
  8
0
100
AcDbLine
 10
504.242
 20
-215.137
 30
0.0
 11
504.723
 21
-214.374
 31
0.0
  0
LINE
  5
32A
330
17
100
AcDbEntity
  8
0
100
AcDbLine
 10
504.073
 20
-216.037
 30
0.0
 11
504.242
 21
-215.137
 31
0.0
  0
LINE
  5
32B
330
17
100
AcDbEntity
  8
0
100
AcDbLine
 10
504.073
 20
-220.203
 30
0.0
 11
504.073
 21
-216.037
 31
0.0
  0
LINE
  5
32C
330
17
100
AcDbEntity
  8
0
100
AcDbLine
 10
504.155
 20
-220.508
 30
0.0
 11
504.073
 21
-220.203
 31
0.0
  0
LINE
  5
32D
330
17
100
AcDbEntity
  8
0
100
AcDbLine
 10
504.378
 20
-220.732
 30
0.0
 11
504.155
 21
-220.508
 31
0.0
  0
LINE
  5
32E
330
17
100
AcDbEntity
  8
0
100
AcDbLine
 10
504.683
 20
-220.814
 30
0.0
 11
504.378
 21
-220.732
 31
0.0
  0
LINE
  5
32F
330
17
100
AcDbEntity
  8
0
100
AcDbLine
 10
507.9
 20
-220.814
 30
0.0
 11
504.683
 21
-220.814
 31
0.0
  0
LINE
  5
330
330
17
100
AcDbEntity
  8
0
100
AcDbLine
 10
508.205
 20
-220.732
 30
0.0
 11
507.9
 21
-220.814
 31
0.0
  0
LINE
  5
331
330
17
100
AcDbEntity
  8
0
100
AcDbLine
 10
508.428
 20
-220.508
 30
0.0
 11
508.205
 21
-220.732
 31
0.0
  0
LINE
  5
332
330
17
100
AcDbEntity
  8
0
100
AcDbLine
 10
447.834
 20
-213.91
 30
0.0
 11
447.834
 21
-225.91
 31
0.0
  0
LINE
  5
333
330
17
100
AcDbEntity
  8
0
100
AcDbLine
 10
477.834
 20
-213.91
 30
0.0
 11
447.834
 21
-213.91
 31
0.0
  0
LINE
  5
334
330
17
100
AcDbEntity
  8
0
100
AcDbLine
 10
473.834
 20
-224.71
 30
0.0
 11
473.834
 21
-215.11
 31
0.0
  0
LINE
  5
335
330
17
100
AcDbEntity
  8
0
100
AcDbLine
 10
469.034
 20
-224.71
 30
0.0
 11
470.634
 21
-215.11
 31
0.0
  0
LINE
  5
336
330
17
100
AcDbEntity
  8
0
100
AcDbLine
 10
465.834
 20
-224.71
 30
0.0
 11
465.834
 21
-215.11
 31
0.0
  0
LINE
  5
337
330
17
100
AcDbEntity
  8
0
100
AcDbLine
 10
461.034
 20
-224.71
 30
0.0
 11
462.634
 21
-215.11
 31
0.0
  0
LINE
  5
338
330
17
100
AcDbEntity
  8
0
100
AcDbLine
 10
457.834
 20
-224.71
 30
0.0
 11
457.834
 21
-215.11
 31
0.0
  0
LINE
  5
339
330
17
100
AcDbEntity
  8
0
100
AcDbLine
 10
453.034
 20
-224.71
 30
0.0
 11
454.634
 21
-215.11
 31
0.0
  0
LINE
  5
33A
330
17
100
AcDbEntity
  8
0
100
AcDbLine
 10
449.834
 20
-224.71
 30
0.0
 11
449.834
 21
-215.11
 31
0.0
  0
LINE
  5
33B
330
17
100
AcDbEntity
  8
0
100
AcDbLine
 10
197.686
 20
-202.712
 30
0.0
 11
197.686
 21
-190.712
 31
0.0
  0
LINE
  5
33C
330
17
100
AcDbEntity
  8
0
100
AcDbLine
 10
197.686
 20
-190.712
 30
0.0
 11
167.686
 21
-190.712
 31
0.0
  0
LINE
  5
33D
330
17
100
AcDbEntity
  8
0
100
AcDbLine
 10
193.686
 20
-201.512
 30
0.0
 11
193.686
 21
-191.912
 31
0.0
  0
LINE
  5
33E
330
17
100
AcDbEntity
  8
0
100
AcDbLine
 10
188.886
 20
-201.512
 30
0.0
 11
190.486
 21
-191.912
 31
0.0
  0
LINE
  5
33F
330
17
100
AcDbEntity
  8
0
100
AcDbLine
 10
185.686
 20
-201.512
 30
0.0
 11
185.686
 21
-191.912
 31
0.0
  0
LINE
  5
340
330
17
100
AcDbEntity
  8
0
100
AcDbLine
 10
180.886
 20
-201.512
 30
0.0
 11
182.486
 21
-191.912
 31
0.0
  0
LINE
  5
341
330
17
100
AcDbEntity
  8
0
100
AcDbLine
 10
177.686
 20
-201.512
 30
0.0
 11
177.686
 21
-191.912
 31
0.0
  0
LINE
  5
342
330
17
100
AcDbEntity
  8
0
100
AcDbLine
 10
172.886
 20
-201.512
 30
0.0
 11
174.486
 21
-191.912
 31
0.0
  0
LINE
  5
343
330
17
100
AcDbEntity
  8
0
100
AcDbLine
 10
169.686
 20
-201.512
 30
0.0
 11
169.686
 21
-191.912
 31
0.0
  0
LINE
  5
344
330
17
100
AcDbEntity
  8
0
100
AcDbLine
 10
507.834
 20
-175.842
 30
0.0
 11
507.834
 21
-163.842
 31
0.0
  0
LINE
  5
345
330
17
100
AcDbEntity
  8
0
100
AcDbLine
 10
477.834
 20
-163.842
 30
0.0
 11
477.834
 21
-175.842
 31
0.0
  0
LINE
  5
346
330
17
100
AcDbEntity
  8
0
100
AcDbLine
 10
507.834
 20
-163.842
 30
0.0
 11
477.834
 21
-163.842
 31
0.0
  0
LINE
  5
347
330
17
100
AcDbEntity
  8
0
100
AcDbLine
 10
503.834
 20
-174.642
 30
0.0
 11
503.834
 21
-165.042
 31
0.0
  0
LINE
  5
348
330
17
100
AcDbEntity
  8
0
100
AcDbLine
 10
499.034
 20
-174.642
 30
0.0
 11
500.634
 21
-165.042
 31
0.0
  0
LINE
  5
349
330
17
100
AcDbEntity
  8
0
100
AcDbLine
 10
495.834
 20
-174.642
 30
0.0
 11
495.834
 21
-165.042
 31
0.0
  0
LINE
  5
34A
330
17
100
AcDbEntity
  8
0
100
AcDbLine
 10
491.034
 20
-174.642
 30
0.0
 11
492.634
 21
-165.042
 31
0.0
  0
LINE
  5
34B
330
17
100
AcDbEntity
  8
0
100
AcDbLine
 10
487.834
 20
-174.642
 30
0.0
 11
487.834
 21
-165.042
 31
0.0
  0
LINE
  5
34C
330
17
100
AcDbEntity
  8
0
100
AcDbLine
 10
483.034
 20
-174.642
 30
0.0
 11
484.634
 21
-165.042
 31
0.0
  0
LINE
  5
34D
330
17
100
AcDbEntity
  8
0
100
AcDbLine
 10
479.834
 20
-174.642
 30
0.0
 11
479.834
 21
-165.042
 31
0.0
  0
LINE
  5
34E
330
17
100
AcDbEntity
  8
0
100
AcDbLine
 10
405.745
 20
-288.668
 30
0.0
 11
405.745
 21
-286.992
 31
0.0
  0
LINE
  5
34F
330
17
100
AcDbEntity
  8
0
100
AcDbLine
 10
382.405
 20
-288.668
 30
0.0
 11
405.745
 21
-288.668
 31
0.0
  0
LINE
  5
350
330
17
100
AcDbEntity
  8
0
100
AcDbLine
 10
368.452
 20
-271.468
 30
0.0
 11
368.452
 21
-273.144
 31
0.0
  0
LINE
  5
351
330
17
100
AcDbEntity
  8
0
100
AcDbLine
 10
370.769
 20
-271.468
 30
0.0
 11
368.452
 21
-271.468
 31
0.0
  0
LINE
  5
352
330
17
100
AcDbEntity
  8
0
100
AcDbLine
 10
405.745
 20
-286.992
 30
0.0
 11
405.745
 21
-273.144
 31
0.0
  0
LINE
  5
353
330
17
100
AcDbEntity
  8
0
100
AcDbLine
 10
368.452
 20
-286.992
 30
0.0
 11
405.745
 21
-286.992
 31
0.0
  0
LINE
  5
354
330
17
100
AcDbEntity
  8
0
100
AcDbLine
 10
368.452
 20
-288.668
 30
0.0
 11
370.769
 21
-288.668
 31
0.0
  0
LINE
  5
355
330
17
100
AcDbEntity
  8
0
100
AcDbLine
 10
368.452
 20
-273.144
 30
0.0
 11
368.452
 21
-288.668
 31
0.0
  0
LINE
  5
356
330
17
100
AcDbEntity
  8
0
100
AcDbLine
 10
370.769
 20
-273.144
 30
0.0
 11
368.452
 21
-273.144
 31
0.0
  0
LINE
  5
357
330
17
100
AcDbEntity
  8
0
100
AcDbLine
 10
370.769
 20
-288.668
 30
0.0
 11
370.769
 21
-273.144
 31
0.0
  0
LINE
  5
358
330
17
100
AcDbEntity
  8
0
100
AcDbLine
 10
382.405
 20
-288.668
 30
0.0
 11
370.769
 21
-288.668
 31
0.0
  0
LINE
  5
359
330
17
100
AcDbEntity
  8
0
100
AcDbLine
 10
382.405
 20
-273.144
 30
0.0
 11
382.405
 21
-288.668
 31
0.0
  0
LINE
  5
35A
330
17
100
AcDbEntity
  8
0
100
AcDbLine
 10
382.405
 20
-271.468
 30
0.0
 11
382.405
 21
-273.144
 31
0.0
  0
LINE
  5
35B
330
17
100
AcDbEntity
  8
0
100
AcDbLine
 10
405.745
 20
-271.468
 30
0.0
 11
382.405
 21
-271.468
 31
0.0
  0
LINE
  5
35C
330
17
100
AcDbEntity
  8
0
100
AcDbLine
 10
405.745
 20
-273.144
 30
0.0
 11
405.745
 21
-271.468
 31
0.0
  0
LINE
  5
35D
330
17
100
AcDbEntity
  8
0
100
AcDbLine
 10
382.405
 20
-273.144
 30
0.0
 11
405.745
 21
-273.144
 31
0.0
  0
LINE
  5
35E
330
17
100
AcDbEntity
  8
0
100
AcDbLine
 10
370.769
 20
-273.144
 30
0.0
 11
382.405
 21
-273.144
 31
0.0
  0
LINE
  5
35F
330
17
100
AcDbEntity
  8
0
100
AcDbLine
 10
370.769
 20
-271.468
 30
0.0
 11
370.769
 21
-273.144
 31
0.0
  0
LINE
  5
360
330
17
100
AcDbEntity
  8
0
100
AcDbLine
 10
382.405
 20
-271.468
 30
0.0
 11
370.769
 21
-271.468
 31
0.0
  0
LINE
  5
361
330
17
100
AcDbEntity
  8
0
100
AcDbLine
 10
445.233
 20
-265.813
 30
0.0
 11
445.233
 21
-305.813
 31
0.0
  0
LINE
  5
362
330
17
100
AcDbEntity
  8
0
100
AcDbLine
 10
457.233
 20
-265.813
 30
0.0
 11
445.233
 21
-265.813
 31
0.0
  0
LINE
  5
363
330
17
100
AcDbEntity
  8
0
100
AcDbLine
 10
457.233
 20
-305.813
 30
0.0
 11
457.233
 21
-265.813
 31
0.0
  0
LINE
  5
364
330
17
100
AcDbEntity
  8
0
100
AcDbLine
 10
446.433
 20
-301.249
 30
0.0
 11
456.033
 21
-302.849
 31
0.0
  0
LINE
  5
365
330
17
100
AcDbEntity
  8
0
100
AcDbLine
 10
446.433
 20
-299.813
 30
0.0
 11
456.033
 21
-299.813
 31
0.0
  0
LINE
  5
366
330
17
100
AcDbEntity
  8
0
100
AcDbLine
 10
446.433
 20
-295.013
 30
0.0
 11
456.033
 21
-296.613
 31
0.0
  0
LINE
  5
367
330
17
100
AcDbEntity
  8
0
100
AcDbLine
 10
446.433
 20
-291.813
 30
0.0
 11
456.033
 21
-291.813
 31
0.0
  0
LINE
  5
368
330
17
100
AcDbEntity
  8
0
100
AcDbLine
 10
446.433
 20
-287.013
 30
0.0
 11
456.033
 21
-288.613
 31
0.0
  0
LINE
  5
369
330
17
100
AcDbEntity
  8
0
100
AcDbLine
 10
446.433
 20
-283.813
 30
0.0
 11
456.033
 21
-283.813
 31
0.0
  0
LINE
  5
36A
330
17
100
AcDbEntity
  8
0
100
AcDbLine
 10
446.433
 20
-279.013
 30
0.0
 11
456.033
 21
-280.613
 31
0.0
  0
LINE
  5
36B
330
17
100
AcDbEntity
  8
0
100
AcDbLine
 10
446.433
 20
-275.813
 30
0.0
 11
456.033
 21
-275.813
 31
0.0
  0
LINE
  5
36C
330
17
100
AcDbEntity
  8
0
100
AcDbLine
 10
446.433
 20
-271.013
 30
0.0
 11
456.033
 21
-272.613
 31
0.0
  0
LINE
  5
36D
330
17
100
AcDbEntity
  8
0
100
AcDbLine
 10
446.433
 20
-267.813
 30
0.0
 11
456.033
 21
-267.813
 31
0.0
  0
LINE
  5
36E
330
17
100
AcDbEntity
  8
0
100
AcDbLine
 10
378.034
 20
-163.842
 30
0.0
 11
378.034
 21
-163.842
 31
0.0
  0
LINE
  5
36F
330
17
100
AcDbEntity
  8
0
100
AcDbLine
 10
418.034
 20
-163.842
 30
0.0
 11
378.034
 21
-163.842
 31
0.0
  0
LINE
  5
370
330
17
100
AcDbEntity
  8
0
100
AcDbLine
 10
378.034
 20
-175.842
 30
0.0
 11
418.034
 21
-175.842
 31
0.0
  0
LINE
  5
371
330
17
100
AcDbEntity
  8
0
100
AcDbLine
 10
382.597
 20
-165.042
 30
0.0
 11
380.997
 21
-174.642
 31
0.0
  0
LINE
  5
372
330
17
100
AcDbEntity
  8
0
100
AcDbLine
 10
384.034
 20
-165.042
 30
0.0
 11
384.034
 21
-174.642
 31
0.0
  0
LINE
  5
373
330
17
100
AcDbEntity
  8
0
100
AcDbLine
 10
388.834
 20
-165.042
 30
0.0
 11
387.234
 21
-174.642
 31
0.0
  0
LINE
  5
374
330
17
100
AcDbEntity
  8
0
100
AcDbLine
 10
392.034
 20
-165.042
 30
0.0
 11
392.034
 21
-174.642
 31
0.0
  0
LINE
  5
375
330
17
100
AcDbEntity
  8
0
100
AcDbLine
 10
396.834
 20
-165.042
 30
0.0
 11
395.234
 21
-174.642
 31
0.0
  0
LINE
  5
376
330
17
100
AcDbEntity
  8
0
100
AcDbLine
 10
400.034
 20
-165.042
 30
0.0
 11
400.034
 21
-174.642
 31
0.0
  0
LINE
  5
377
330
17
100
AcDbEntity
  8
0
100
AcDbLine
 10
404.834
 20
-165.042
 30
0.0
 11
403.234
 21
-174.642
 31
0.0
  0
LINE
  5
378
330
17
100
AcDbEntity
  8
0
100
AcDbLine
 10
408.034
 20
-165.042
 30
0.0
 11
408.034
 21
-174.642
 31
0.0
  0
LINE
  5
379
330
17
100
AcDbEntity
  8
0
100
AcDbLine
 10
412.834
 20
-165.042
 30
0.0
 11
411.234
 21
-174.642
 31
0.0
  0
LINE
  5
37A
330
17
100
AcDbEntity
  8
0
100
AcDbLine
 10
416.034
 20
-165.042
 30
0.0
 11
416.034
 21
-174.642
 31
0.0
  0
LINE
  5
37B
330
17
100
AcDbEntity
  8
0
100
AcDbLine
 10
445.233
 20
-220.442
 30
0.0
 11
457.233
 21
-220.442
 31
0.0
  0
LINE
  5
37C
330
17
100
AcDbEntity
  8
0
100
AcDbLine
 10
445.233
 20
-180.442
 30
0.0
 11
445.233
 21
-220.442
 31
0.0
  0
LINE
  5
37D
330
17
100
AcDbEntity
  8
0
100
AcDbLine
 10
457.233
 20
-220.442
 30
0.0
 11
457.233
 21
-180.442
 31
0.0
  0
LINE
  5
37E
330
17
100
AcDbEntity
  8
0
100
AcDbLine
 10
446.433
 20
-215.878
 30
0.0
 11
456.033
 21
-217.478
 31
0.0
  0
LINE
  5
37F
330
17
100
AcDbEntity
  8
0
100
AcDbLine
 10
446.433
 20
-214.442
 30
0.0
 11
456.033
 21
-214.442
 31
0.0
  0
LINE
  5
380
330
17
100
AcDbEntity
  8
0
100
AcDbLine
 10
446.433
 20
-209.642
 30
0.0
 11
456.033
 21
-211.242
 31
0.0
  0
LINE
  5
381
330
17
100
AcDbEntity
  8
0
100
AcDbLine
 10
446.433
 20
-206.442
 30
0.0
 11
456.033
 21
-206.442
 31
0.0
  0
LINE
  5
382
330
17
100
AcDbEntity
  8
0
100
AcDbLine
 10
446.433
 20
-201.642
 30
0.0
 11
456.033
 21
-203.242
 31
0.0
  0
LINE
  5
383
330
17
100
AcDbEntity
  8
0
100
AcDbLine
 10
446.433
 20
-198.442
 30
0.0
 11
456.033
 21
-198.442
 31
0.0
  0
LINE
  5
384
330
17
100
AcDbEntity
  8
0
100
AcDbLine
 10
446.433
 20
-193.642
 30
0.0
 11
456.033
 21
-195.242
 31
0.0
  0
LINE
  5
385
330
17
100
AcDbEntity
  8
0
100
AcDbLine
 10
446.433
 20
-190.442
 30
0.0
 11
456.033
 21
-190.442
 31
0.0
  0
LINE
  5
386
330
17
100
AcDbEntity
  8
0
100
AcDbLine
 10
446.433
 20
-185.642
 30
0.0
 11
456.033
 21
-187.242
 31
0.0
  0
LINE
  5
387
330
17
100
AcDbEntity
  8
0
100
AcDbLine
 10
446.433
 20
-182.442
 30
0.0
 11
456.033
 21
-182.442
 31
0.0
  0
LINE
  5
388
330
17
100
AcDbEntity
  8
0
100
AcDbLine
 10
231.532
 20
-140.302
 30
0.0
 11
190.932
 21
-140.302
 31
0.0
  0
LINE
  5
389
330
17
100
AcDbEntity
  8
0
100
AcDbLine
 10
190.932
 20
-170.902
 30
0.0
 11
231.532
 21
-170.902
 31
0.0
  0
LINE
  5
38A
330
17
100
AcDbEntity
  8
0
100
AcDbLine
 10
190.932
 20
-140.302
 30
0.0
 11
190.932
 21
-170.902
 31
0.0
  0
LINE
  5
38B
330
17
100
AcDbEntity
  8
0
100
AcDbLine
 10
224.175
 20
-164.782
 30
0.0
 11
221.64
 21
-170.902
 31
0.0
  0
LINE
  5
38C
330
17
100
AcDbEntity
  8
0
100
AcDbLine
 10
231.532
 20
-164.782
 30
0.0
 11
224.175
 21
-164.782
 31
0.0
  0
LINE
  5
38D
330
17
100
AcDbEntity
  8
0
100
AcDbLine
 10
224.175
 20
-164.782
 30
0.0
 11
231.532
 21
-164.782
 31
0.0
  0
LINE
  5
38E
330
17
100
AcDbEntity
  8
0
100
AcDbLine
 10
225.442
 20
-161.722
 30
0.0
 11
224.175
 21
-164.782
 31
0.0
  0
LINE
  5
38F
330
17
100
AcDbEntity
  8
0
100
AcDbLine
 10
225.442
 20
-146.422
 30
0.0
 11
225.442
 21
-161.722
 31
0.0
  0
LINE
  5
390
330
17
100
AcDbEntity
  8
0
100
AcDbLine
 10
231.532
 20
-146.422
 30
0.0
 11
225.442
 21
-146.422
 31
0.0
  0
LINE
  5
391
330
17
100
AcDbEntity
  8
0
100
AcDbLine
 10
225.442
 20
-146.422
 30
0.0
 11
231.532
 21
-146.422
 31
0.0
  0
LINE
  5
392
330
17
100
AcDbEntity
  8
0
100
AcDbLine
 10
225.442
 20
-140.302
 30
0.0
 11
225.442
 21
-146.422
 31
0.0
  0
LINE
  5
393
330
17
100
AcDbEntity
  8
0
100
AcDbLine
 10
202.994
 20
-352.469
 30
0.0
 11
202.994
 21
-363.969
 31
0.0
  0
LINE
  5
394
330
17
100
AcDbEntity
  8
0
100
AcDbLine
 10
202.294
 20
-352.469
 30
0.0
 11
202.994
 21
-352.469
 31
0.0
  0
LINE
  5
395
330
17
100
AcDbEntity
  8
0
100
AcDbLine
 10
202.294
 20
-363.969
 30
0.0
 11
202.294
 21
-352.469
 31
0.0
  0
LINE
  5
396
330
17
100
AcDbEntity
  8
0
100
AcDbLine
 10
202.994
 20
-363.969
 30
0.0
 11
202.294
 21
-363.969
 31
0.0
  0
LINE
  5
397
330
17
100
AcDbEntity
  8
0
100
AcDbLine
 10
179.994
 20
-352.469
 30
0.0
 11
179.994
 21
-363.969
 31
0.0
  0
LINE
  5
398
330
17
100
AcDbEntity
  8
0
100
AcDbLine
 10
180.694
 20
-352.469
 30
0.0
 11
179.994
 21
-352.469
 31
0.0
  0
LINE
  5
399
330
17
100
AcDbEntity
  8
0
100
AcDbLine
 10
180.694
 20
-363.969
 30
0.0
 11
180.694
 21
-352.469
 31
0.0
  0
LINE
  5
39A
330
17
100
AcDbEntity
  8
0
100
AcDbLine
 10
179.994
 20
-363.969
 30
0.0
 11
180.694
 21
-363.969
 31
0.0
  0
LINE
  5
39B
330
17
100
AcDbEntity
  8
0
100
AcDbLine
 10
202.494
 20
-364.969
 30
0.0
 11
203.494
 21
-364.969
 31
0.0
  0
LINE
  5
39C
330
17
100
AcDbEntity
  8
0
100
AcDbLine
 10
202.494
 20
-364.469
 30
0.0
 11
202.494
 21
-364.969
 31
0.0
  0
LINE
  5
39D
330
17
100
AcDbEntity
  8
0
100
AcDbLine
 10
202.994
 20
-364.469
 30
0.0
 11
202.494
 21
-364.469
 31
0.0
  0
LINE
  5
39E
330
17
100
AcDbEntity
  8
0
100
AcDbLine
 10
202.994
 20
-363.969
 30
0.0
 11
202.994
 21
-364.469
 31
0.0
  0
LINE
  5
39F
330
17
100
AcDbEntity
  8
0
100
AcDbLine
 10
203.494
 20
-363.969
 30
0.0
 11
202.994
 21
-363.969
 31
0.0
  0
LINE
  5
3A0
330
17
100
AcDbEntity
  8
0
100
AcDbLine
 10
180.494
 20
-364.969
 30
0.0
 11
179.494
 21
-364.969
 31
0.0
  0
LINE
  5
3A1
330
17
100
AcDbEntity
  8
0
100
AcDbLine
 10
180.494
 20
-364.469
 30
0.0
 11
180.494
 21
-364.969
 31
0.0
  0
LINE
  5
3A2
330
17
100
AcDbEntity
  8
0
100
AcDbLine
 10
179.994
 20
-364.469
 30
0.0
 11
180.494
 21
-364.469
 31
0.0
  0
LINE
  5
3A3
330
17
100
AcDbEntity
  8
0
100
AcDbLine
 10
179.994
 20
-363.969
 30
0.0
 11
179.994
 21
-364.469
 31
0.0
  0
LINE
  5
3A4
330
17
100
AcDbEntity
  8
0
100
AcDbLine
 10
179.494
 20
-363.969
 30
0.0
 11
179.994
 21
-363.969
 31
0.0
  0
LINE
  5
3A5
330
17
100
AcDbEntity
  8
0
100
AcDbLine
 10
191.701
 20
-361.726
 30
0.0
 11
191.494
 21
-363.969
 31
0.0
  0
LINE
  5
3A6
330
17
100
AcDbEntity
  8
0
100
AcDbLine
 10
192.316
 20
-359.569
 30
0.0
 11
191.701
 21
-361.726
 31
0.0
  0
LINE
  5
3A7
330
17
100
AcDbEntity
  8
0
100
AcDbLine
 10
193.557
 20
-357.21
 30
0.0
 11
192.316
 21
-359.569
 31
0.0
  0
LINE
  5
3A8
330
17
100
AcDbEntity
  8
0
100
AcDbLine
 10
195.28
 20
-355.225
 30
0.0
 11
193.557
 21
-357.21
 31
0.0
  0
LINE
  5
3A9
330
17
100
AcDbEntity
  8
0
100
AcDbLine
 10
197.391
 20
-353.723
 30
0.0
 11
195.28
 21
-355.225
 31
0.0
  0
LINE
  5
3AA
330
17
100
AcDbEntity
  8
0
100
AcDbLine
 10
199.773
 20
-352.787
 30
0.0
 11
197.391
 21
-353.723
 31
0.0
  0
LINE
  5
3AB
330
17
100
AcDbEntity
  8
0
100
AcDbLine
 10
202.294
 20
-352.469
 30
0.0
 11
199.773
 21
-352.787
 31
0.0
  0
LINE
  5
3AC
330
17
100
AcDbEntity
  8
0
100
AcDbLine
 10
182.773
 20
-352.685
 30
0.0
 11
180.694
 21
-352.469
 31
0.0
  0
LINE
  5
3AD
330
17
100
AcDbEntity
  8
0
100
AcDbLine
 10
184.775
 20
-353.322
 30
0.0
 11
182.773
 21
-352.685
 31
0.0
  0
LINE
  5
3AE
330
17
100
AcDbEntity
  8
0
100
AcDbLine
 10
186.788
 20
-354.475
 30
0.0
 11
184.775
 21
-353.322
 31
0.0
  0
LINE
  5
3AF
330
17
100
AcDbEntity
  8
0
100
AcDbLine
 10
188.528
 20
-356.053
 30
0.0
 11
186.788
 21
-354.475
 31
0.0
  0
LINE
  5
3B0
330
17
100
AcDbEntity
  8
0
100
AcDbLine
 10
190.047
 20
-358.219
 30
0.0
 11
188.528
 21
-356.053
 31
0.0
  0
LINE
  5
3B1
330
17
100
AcDbEntity
  8
0
100
AcDbLine
 10
191.126
 20
-360.993
 30
0.0
 11
190.047
 21
-358.219
 31
0.0
  0
LINE
  5
3B2
330
17
100
AcDbEntity
  8
0
100
AcDbLine
 10
191.494
 20
-363.969
 30
0.0
 11
191.126
 21
-360.993
 31
0.0
  0
LINE
  5
3B3
330
17
100
AcDbEntity
  8
0
100
AcDbLine
 10
179.616
 20
-310.903
 30
0.0
 11
179.616
 21
-299.403
 31
0.0
  0
LINE
  5
3B4
330
17
100
AcDbEntity
  8
0
100
AcDbLine
 10
180.316
 20
-310.903
 30
0.0
 11
179.616
 21
-310.903
 31
0.0
  0
LINE
  5
3B5
330
17
100
AcDbEntity
  8
0
100
AcDbLine
 10
180.316
 20
-299.403
 30
0.0
 11
180.316
 21
-310.903
 31
0.0
  0
LINE
  5
3B6
330
17
100
AcDbEntity
  8
0
100
AcDbLine
 10
179.616
 20
-299.403
 30
0.0
 11
180.316
 21
-299.403
 31
0.0
  0
LINE
  5
3B7
330
17
100
AcDbEntity
  8
0
100
AcDbLine
 10
202.616
 20
-310.903
 30
0.0
 11
202.616
 21
-299.403
 31
0.0
  0
LINE
  5
3B8
330
17
100
AcDbEntity
  8
0
100
AcDbLine
 10
201.916
 20
-310.903
 30
0.0
 11
202.616
 21
-310.903
 31
0.0
  0
LINE
  5
3B9
330
17
100
AcDbEntity
  8
0
100
AcDbLine
 10
201.916
 20
-299.403
 30
0.0
 11
201.916
 21
-310.903
 31
0.0
  0
LINE
  5
3BA
330
17
100
AcDbEntity
  8
0
100
AcDbLine
 10
202.616
 20
-299.403
 30
0.0
 11
201.916
 21
-299.403
 31
0.0
  0
LINE
  5
3BB
330
17
100
AcDbEntity
  8
0
100
AcDbLine
 10
180.116
 20
-298.403
 30
0.0
 11
179.116
 21
-298.403
 31
0.0
  0
LINE
  5
3BC
330
17
100
AcDbEntity
  8
0
100
AcDbLine
 10
180.116
 20
-298.903
 30
0.0
 11
180.116
 21
-298.403
 31
0.0
  0
LINE
  5
3BD
330
17
100
AcDbEntity
  8
0
100
AcDbLine
 10
179.616
 20
-298.903
 30
0.0
 11
180.116
 21
-298.903
 31
0.0
  0
LINE
  5
3BE
330
17
100
AcDbEntity
  8
0
100
AcDbLine
 10
179.616
 20
-299.403
 30
0.0
 11
179.616
 21
-298.903
 31
0.0
  0
LINE
  5
3BF
330
17
100
AcDbEntity
  8
0
100
AcDbLine
 10
179.116
 20
-299.403
 30
0.0
 11
179.616
 21
-299.403
 31
0.0
  0
LINE
  5
3C0
330
17
100
AcDbEntity
  8
0
100
AcDbLine
 10
202.116
 20
-298.403
 30
0.0
 11
203.116
 21
-298.403
 31
0.0
  0
LINE
  5
3C1
330
17
100
AcDbEntity
  8
0
100
AcDbLine
 10
202.116
 20
-298.903
 30
0.0
 11
202.116
 21
-298.403
 31
0.0
  0
LINE
  5
3C2
330
17
100
AcDbEntity
  8
0
100
AcDbLine
 10
202.616
 20
-298.903
 30
0.0
 11
202.116
 21
-298.903
 31
0.0
  0
LINE
  5
3C3
330
17
100
AcDbEntity
  8
0
100
AcDbLine
 10
202.616
 20
-299.403
 30
0.0
 11
202.616
 21
-298.903
 31
0.0
  0
LINE
  5
3C4
330
17
100
AcDbEntity
  8
0
100
AcDbLine
 10
203.116
 20
-299.403
 30
0.0
 11
202.616
 21
-299.403
 31
0.0
  0
LINE
  5
3C5
330
17
100
AcDbEntity
  8
0
100
AcDbLine
 10
190.908
 20
-301.647
 30
0.0
 11
191.116
 21
-299.403
 31
0.0
  0
LINE
  5
3C6
330
17
100
AcDbEntity
  8
0
100
AcDbLine
 10
190.293
 20
-303.804
 30
0.0
 11
190.908
 21
-301.647
 31
0.0
  0
LINE
  5
3C7
330
17
100
AcDbEntity
  8
0
100
AcDbLine
 10
189.053
 20
-306.163
 30
0.0
 11
190.293
 21
-303.804
 31
0.0
  0
LINE
  5
3C8
330
17
100
AcDbEntity
  8
0
100
AcDbLine
 10
187.33
 20
-308.148
 30
0.0
 11
189.053
 21
-306.163
 31
0.0
  0
LINE
  5
3C9
330
17
100
AcDbEntity
  8
0
100
AcDbLine
 10
185.219
 20
-309.65
 30
0.0
 11
187.33
 21
-308.148
 31
0.0
  0
LINE
  5
3CA
330
17
100
AcDbEntity
  8
0
100
AcDbLine
 10
182.837
 20
-310.585
 30
0.0
 11
185.219
 21
-309.65
 31
0.0
  0
LINE
  5
3CB
330
17
100
AcDbEntity
  8
0
100
AcDbLine
 10
180.316
 20
-310.903
 30
0.0
 11
182.837
 21
-310.585
 31
0.0
  0
LINE
  5
3CC
330
17
100
AcDbEntity
  8
0
100
AcDbLine
 10
199.836
 20
-310.688
 30
0.0
 11
201.916
 21
-310.903
 31
0.0
  0
LINE
  5
3CD
330
17
100
AcDbEntity
  8
0
100
AcDbLine
 10
197.835
 20
-310.051
 30
0.0
 11
199.836
 21
-310.688
 31
0.0
  0
LINE
  5
3CE
330
17
100
AcDbEntity
  8
0
100
AcDbLine
 10
195.822
 20
-308.898
 30
0.0
 11
197.835
 21
-310.051
 31
0.0
  0
LINE
  5
3CF
330
17
100
AcDbEntity
  8
0
100
AcDbLine
 10
194.081
 20
-307.319
 30
0.0
 11
195.822
 21
-308.898
 31
0.0
  0
LINE
  5
3D0
330
17
100
AcDbEntity
  8
0
100
AcDbLine
 10
192.562
 20
-305.153
 30
0.0
 11
194.081
 21
-307.319
 31
0.0
  0
LINE
  5
3D1
330
17
100
AcDbEntity
  8
0
100
AcDbLine
 10
191.484
 20
-302.38
 30
0.0
 11
192.562
 21
-305.153
 31
0.0
  0
LINE
  5
3D2
330
17
100
AcDbEntity
  8
0
100
AcDbLine
 10
191.116
 20
-299.403
 30
0.0
 11
191.484
 21
-302.38
 31
0.0
  0
LINE
  5
3D3
330
17
100
AcDbEntity
  8
0
100
AcDbLine
 10
162.76
 20
-329.03
 30
0.0
 11
174.26
 21
-329.03
 31
0.0
  0
LINE
  5
3D4
330
17
100
AcDbEntity
  8
0
100
AcDbLine
 10
162.76
 20
-329.73
 30
0.0
 11
162.76
 21
-329.03
 31
0.0
  0
LINE
  5
3D5
330
17
100
AcDbEntity
  8
0
100
AcDbLine
 10
174.26
 20
-329.73
 30
0.0
 11
162.76
 21
-329.73
 31
0.0
  0
LINE
  5
3D6
330
17
100
AcDbEntity
  8
0
100
AcDbLine
 10
174.26
 20
-329.03
 30
0.0
 11
174.26
 21
-329.73
 31
0.0
  0
LINE
  5
3D7
330
17
100
AcDbEntity
  8
0
100
AcDbLine
 10
162.76
 20
-352.03
 30
0.0
 11
174.26
 21
-352.03
 31
0.0
  0
LINE
  5
3D8
330
17
100
AcDbEntity
  8
0
100
AcDbLine
 10
162.76
 20
-351.33
 30
0.0
 11
162.76
 21
-352.03
 31
0.0
  0
LINE
  5
3D9
330
17
100
AcDbEntity
  8
0
100
AcDbLine
 10
174.26
 20
-351.33
 30
0.0
 11
162.76
 21
-351.33
 31
0.0
  0
LINE
  5
3DA
330
17
100
AcDbEntity
  8
0
100
AcDbLine
 10
174.26
 20
-352.03
 30
0.0
 11
174.26
 21
-351.33
 31
0.0
  0
LINE
  5
3DB
330
17
100
AcDbEntity
  8
0
100
AcDbLine
 10
175.26
 20
-329.53
 30
0.0
 11
175.26
 21
-328.53
 31
0.0
  0
LINE
  5
3DC
330
17
100
AcDbEntity
  8
0
100
AcDbLine
 10
174.76
 20
-329.53
 30
0.0
 11
175.26
 21
-329.53
 31
0.0
  0
LINE
  5
3DD
330
17
100
AcDbEntity
  8
0
100
AcDbLine
 10
174.76
 20
-329.03
 30
0.0
 11
174.76
 21
-329.53
 31
0.0
  0
LINE
  5
3DE
330
17
100
AcDbEntity
  8
0
100
AcDbLine
 10
174.26
 20
-329.03
 30
0.0
 11
174.76
 21
-329.03
 31
0.0
  0
LINE
  5
3DF
330
17
100
AcDbEntity
  8
0
100
AcDbLine
 10
174.26
 20
-328.53
 30
0.0
 11
174.26
 21
-329.03
 31
0.0
  0
LINE
  5
3E0
330
17
100
AcDbEntity
  8
0
100
AcDbLine
 10
175.26
 20
-351.53
 30
0.0
 11
175.26
 21
-352.53
 31
0.0
  0
LINE
  5
3E1
330
17
100
AcDbEntity
  8
0
100
AcDbLine
 10
174.76
 20
-351.53
 30
0.0
 11
175.26
 21
-351.53
 31
0.0
  0
LINE
  5
3E2
330
17
100
AcDbEntity
  8
0
100
AcDbLine
 10
174.76
 20
-352.03
 30
0.0
 11
174.76
 21
-351.53
 31
0.0
  0
LINE
  5
3E3
330
17
100
AcDbEntity
  8
0
100
AcDbLine
 10
174.26
 20
-352.03
 30
0.0
 11
174.76
 21
-352.03
 31
0.0
  0
LINE
  5
3E4
330
17
100
AcDbEntity
  8
0
100
AcDbLine
 10
174.26
 20
-352.53
 30
0.0
 11
174.26
 21
-352.03
 31
0.0
  0
LINE
  5
3E5
330
17
100
AcDbEntity
  8
0
100
AcDbLine
 10
172.016
 20
-340.322
 30
0.0
 11
174.26
 21
-340.53
 31
0.0
  0
LINE
  5
3E6
330
17
100
AcDbEntity
  8
0
100
AcDbLine
 10
169.859
 20
-339.708
 30
0.0
 11
172.016
 21
-340.322
 31
0.0
  0
LINE
  5
3E7
330
17
100
AcDbEntity
  8
0
100
AcDbLine
 10
167.5
 20
-338.467
 30
0.0
 11
169.859
 21
-339.708
 31
0.0
  0
LINE
  5
3E8
330
17
100
AcDbEntity
  8
0
100
AcDbLine
 10
165.515
 20
-336.744
 30
0.0
 11
167.5
 21
-338.467
 31
0.0
  0
LINE
  5
3E9
330
17
100
AcDbEntity
  8
0
100
AcDbLine
 10
164.013
 20
-334.633
 30
0.0
 11
165.515
 21
-336.744
 31
0.0
  0
LINE
  5
3EA
330
17
100
AcDbEntity
  8
0
100
AcDbLine
 10
163.078
 20
-332.251
 30
0.0
 11
164.013
 21
-334.633
 31
0.0
  0
LINE
  5
3EB
330
17
100
AcDbEntity
  8
0
100
AcDbLine
 10
162.76
 20
-329.73
 30
0.0
 11
163.078
 21
-332.251
 31
0.0
  0
LINE
  5
3EC
330
17
100
AcDbEntity
  8
0
100
AcDbLine
 10
162.975
 20
-349.251
 30
0.0
 11
162.76
 21
-351.33
 31
0.0
  0
LINE
  5
3ED
330
17
100
AcDbEntity
  8
0
100
AcDbLine
 10
163.612
 20
-347.249
 30
0.0
 11
162.975
 21
-349.251
 31
0.0
  0
LINE
  5
3EE
330
17
100
AcDbEntity
  8
0
100
AcDbLine
 10
164.765
 20
-345.236
 30
0.0
 11
163.612
 21
-347.249
 31
0.0
  0
LINE
  5
3EF
330
17
100
AcDbEntity
  8
0
100
AcDbLine
 10
166.344
 20
-343.496
 30
0.0
 11
164.765
 21
-345.236
 31
0.0
  0
LINE
  5
3F0
330
17
100
AcDbEntity
  8
0
100
AcDbLine
 10
168.51
 20
-341.977
 30
0.0
 11
166.344
 21
-343.496
 31
0.0
  0
LINE
  5
3F1
330
17
100
AcDbEntity
  8
0
100
AcDbLine
 10
171.284
 20
-340.898
 30
0.0
 11
168.51
 21
-341.977
 31
0.0
  0
LINE
  5
3F2
330
17
100
AcDbEntity
  8
0
100
AcDbLine
 10
174.26
 20
-340.53
 30
0.0
 11
171.284
 21
-340.898
 31
0.0
  0
LINE
  5
3F3
330
17
100
AcDbEntity
  8
0
100
AcDbLine
 10
149.686
 20
-148.302
 30
0.0
 11
166.686
 21
-148.302
 31
0.0
  0
LINE
  5
3F4
330
17
100
AcDbEntity
  8
0
100
AcDbLine
 10
149.686
 20
-147.602
 30
0.0
 11
149.686
 21
-148.302
 31
0.0
  0
LINE
  5
3F5
330
17
100
AcDbEntity
  8
0
100
AcDbLine
 10
166.686
 20
-147.602
 30
0.0
 11
149.686
 21
-147.602
 31
0.0
  0
LINE
  5
3F6
330
17
100
AcDbEntity
  8
0
100
AcDbLine
 10
166.686
 20
-148.302
 30
0.0
 11
166.686
 21
-147.602
 31
0.0
  0
LINE
  5
3F7
330
17
100
AcDbEntity
  8
0
100
AcDbLine
 10
167.686
 20
-131.802
 30
0.0
 11
167.686
 21
-130.802
 31
0.0
  0
LINE
  5
3F8
330
17
100
AcDbEntity
  8
0
100
AcDbLine
 10
167.186
 20
-131.802
 30
0.0
 11
167.686
 21
-131.802
 31
0.0
  0
LINE
  5
3F9
330
17
100
AcDbEntity
  8
0
100
AcDbLine
 10
167.186
 20
-131.302
 30
0.0
 11
167.186
 21
-131.802
 31
0.0
  0
LINE
  5
3FA
330
17
100
AcDbEntity
  8
0
100
AcDbLine
 10
166.686
 20
-131.302
 30
0.0
 11
167.186
 21
-131.302
 31
0.0
  0
LINE
  5
3FB
330
17
100
AcDbEntity
  8
0
100
AcDbLine
 10
166.686
 20
-130.802
 30
0.0
 11
166.686
 21
-131.302
 31
0.0
  0
LINE
  5
3FC
330
17
100
AcDbEntity
  8
0
100
AcDbLine
 10
167.686
 20
-130.802
 30
0.0
 11
167.686
 21
-130.802
 31
0.0
  0
LINE
  5
3FD
330
17
100
AcDbEntity
  8
0
100
AcDbLine
 10
167.686
 20
-147.802
 30
0.0
 11
167.686
 21
-148.802
 31
0.0
  0
LINE
  5
3FE
330
17
100
AcDbEntity
  8
0
100
AcDbLine
 10
167.186
 20
-147.802
 30
0.0
 11
167.686
 21
-147.802
 31
0.0
  0
LINE
  5
3FF
330
17
100
AcDbEntity
  8
0
100
AcDbLine
 10
167.186
 20
-148.302
 30
0.0
 11
167.186
 21
-147.802
 31
0.0
  0
LINE
  5
400
330
17
100
AcDbEntity
  8
0
100
AcDbLine
 10
166.686
 20
-148.302
 30
0.0
 11
167.186
 21
-148.302
 31
0.0
  0
LINE
  5
401
330
17
100
AcDbEntity
  8
0
100
AcDbLine
 10
166.686
 20
-148.802
 30
0.0
 11
166.686
 21
-148.302
 31
0.0
  0
LINE
  5
402
330
17
100
AcDbEntity
  8
0
100
AcDbLine
 10
167.686
 20
-148.802
 30
0.0
 11
167.686
 21
-148.802
 31
0.0
  0
LINE
  5
403
330
17
100
AcDbEntity
  8
0
100
AcDbLine
 10
150.013
 20
-144.422
 30
0.0
 11
149.686
 21
-147.602
 31
0.0
  0
LINE
  5
404
330
17
100
AcDbEntity
  8
0
100
AcDbLine
 10
150.98
 20
-141.364
 30
0.0
 11
150.013
 21
-144.422
 31
0.0
  0
LINE
  5
405
330
17
100
AcDbEntity
  8
0
100
AcDbLine
 10
152.933
 20
-138.021
 30
0.0
 11
150.98
 21
-141.364
 31
0.0
  0
LINE
  5
406
330
17
100
AcDbEntity
  8
0
100
AcDbLine
 10
155.645
 20
-135.207
 30
0.0
 11
152.933
 21
-138.021
 31
0.0
  0
LINE
  5
407
330
17
100
AcDbEntity
  8
0
100
AcDbLine
 10
158.968
 20
-133.078
 30
0.0
 11
155.645
 21
-135.207
 31
0.0
  0
LINE
  5
408
330
17
100
AcDbEntity
  8
0
100
AcDbLine
 10
162.717
 20
-131.752
 30
0.0
 11
158.968
 21
-133.078
 31
0.0
  0
LINE
  5
409
330
17
100
AcDbEntity
  8
0
100
AcDbLine
 10
166.686
 20
-131.302
 30
0.0
 11
162.717
 21
-131.752
 31
0.0
  0
LINE
  5
40A
330
17
100
AcDbEntity
  8
0
100
AcDbLine
 10
378.534
 20
-128.442
 30
0.0
 11
378.534
 21
-145.442
 31
0.0
  0
LINE
  5
40B
330
17
100
AcDbEntity
  8
0
100
AcDbLine
 10
379.234
 20
-128.442
 30
0.0
 11
378.534
 21
-128.442
 31
0.0
  0
LINE
  5
40C
330
17
100
AcDbEntity
  8
0
100
AcDbLine
 10
379.234
 20
-145.442
 30
0.0
 11
379.234
 21
-128.442
 31
0.0
  0
LINE
  5
40D
330
17
100
AcDbEntity
  8
0
100
AcDbLine
 10
378.534
 20
-145.442
 30
0.0
 11
379.234
 21
-145.442
 31
0.0
  0
LINE
  5
40E
330
17
100
AcDbEntity
  8
0
100
AcDbLine
 10
395.034
 20
-146.442
 30
0.0
 11
396.034
 21
-146.442
 31
0.0
  0
LINE
  5
40F
330
17
100
AcDbEntity
  8
0
100
AcDbLine
 10
395.034
 20
-145.942
 30
0.0
 11
395.034
 21
-146.442
 31
0.0
  0
LINE
  5
410
330
17
100
AcDbEntity
  8
0
100
AcDbLine
 10
395.534
 20
-145.942
 30
0.0
 11
395.034
 21
-145.942
 31
0.0
  0
LINE
  5
411
330
17
100
AcDbEntity
  8
0
100
AcDbLine
 10
395.534
 20
-145.442
 30
0.0
 11
395.534
 21
-145.942
 31
0.0
  0
LINE
  5
412
330
17
100
AcDbEntity
  8
0
100
AcDbLine
 10
396.034
 20
-145.442
 30
0.0
 11
395.534
 21
-145.442
 31
0.0
  0
LINE
  5
413
330
17
100
AcDbEntity
  8
0
100
AcDbLine
 10
379.034
 20
-146.442
 30
0.0
 11
378.034
 21
-146.442
 31
0.0
  0
LINE
  5
414
330
17
100
AcDbEntity
  8
0
100
AcDbLine
 10
379.034
 20
-145.942
 30
0.0
 11
379.034
 21
-146.442
 31
0.0
  0
LINE
  5
415
330
17
100
AcDbEntity
  8
0
100
AcDbLine
 10
378.534
 20
-145.942
 30
0.0
 11
379.034
 21
-145.942
 31
0.0
  0
LINE
  5
416
330
17
100
AcDbEntity
  8
0
100
AcDbLine
 10
378.534
 20
-145.442
 30
0.0
 11
378.534
 21
-145.942
 31
0.0
  0
LINE
  5
417
330
17
100
AcDbEntity
  8
0
100
AcDbLine
 10
378.034
 20
-145.442
 30
0.0
 11
378.534
 21
-145.442
 31
0.0
  0
LINE
  5
418
330
17
100
AcDbEntity
  8
0
100
AcDbLine
 10
382.414
 20
-128.768
 30
0.0
 11
379.234
 21
-128.442
 31
0.0
  0
LINE
  5
419
330
17
100
AcDbEntity
  8
0
100
AcDbLine
 10
385.471
 20
-129.736
 30
0.0
 11
382.414
 21
-128.768
 31
0.0
  0
LINE
  5
41A
330
17
100
AcDbEntity
  8
0
100
AcDbLine
 10
388.815
 20
-131.688
 30
0.0
 11
385.471
 21
-129.736
 31
0.0
  0
LINE
  5
41B
330
17
100
AcDbEntity
  8
0
100
AcDbLine
 10
391.628
 20
-134.401
 30
0.0
 11
388.815
 21
-131.688
 31
0.0
  0
LINE
  5
41C
330
17
100
AcDbEntity
  8
0
100
AcDbLine
 10
393.757
 20
-137.724
 30
0.0
 11
391.628
 21
-134.401
 31
0.0
  0
LINE
  5
41D
330
17
100
AcDbEntity
  8
0
100
AcDbLine
 10
395.083
 20
-141.473
 30
0.0
 11
393.757
 21
-137.724
 31
0.0
  0
LINE
  5
41E
330
17
100
AcDbEntity
  8
0
100
AcDbLine
 10
395.534
 20
-145.442
 30
0.0
 11
395.083
 21
-141.473
 31
0.0
  0
LINE
  5
41F
330
17
100
AcDbEntity
  8
0
100
AcDbLine
 10
496.414
 20
-180.942
 30
0.0
 11
479.414
 21
-180.942
 31
0.0
  0
LINE
  5
420
330
17
100
AcDbEntity
  8
0
100
AcDbLine
 10
496.414
 20
-181.642
 30
0.0
 11
496.414
 21
-180.942
 31
0.0
  0
LINE
  5
421
330
17
100
AcDbEntity
  8
0
100
AcDbLine
 10
479.414
 20
-181.642
 30
0.0
 11
496.414
 21
-181.642
 31
0.0
  0
LINE
  5
422
330
17
100
AcDbEntity
  8
0
100
AcDbLine
 10
479.414
 20
-180.942
 30
0.0
 11
479.414
 21
-181.642
 31
0.0
  0
LINE
  5
423
330
17
100
AcDbEntity
  8
0
100
AcDbLine
 10
478.414
 20
-197.442
 30
0.0
 11
478.414
 21
-198.442
 31
0.0
  0
LINE
  5
424
330
17
100
AcDbEntity
  8
0
100
AcDbLine
 10
478.914
 20
-197.442
 30
0.0
 11
478.414
 21
-197.442
 31
0.0
  0
LINE
  5
425
330
17
100
AcDbEntity
  8
0
100
AcDbLine
 10
478.914
 20
-197.942
 30
0.0
 11
478.914
 21
-197.442
 31
0.0
  0
LINE
  5
426
330
17
100
AcDbEntity
  8
0
100
AcDbLine
 10
479.414
 20
-197.942
 30
0.0
 11
478.914
 21
-197.942
 31
0.0
  0
LINE
  5
427
330
17
100
AcDbEntity
  8
0
100
AcDbLine
 10
479.414
 20
-198.442
 30
0.0
 11
479.414
 21
-197.942
 31
0.0
  0
LINE
  5
428
330
17
100
AcDbEntity
  8
0
100
AcDbLine
 10
478.414
 20
-181.442
 30
0.0
 11
478.414
 21
-180.442
 31
0.0
  0
LINE
  5
429
330
17
100
AcDbEntity
  8
0
100
AcDbLine
 10
478.914
 20
-181.442
 30
0.0
 11
478.414
 21
-181.442
 31
0.0
  0
LINE
  5
42A
330
17
100
AcDbEntity
  8
0
100
AcDbLine
 10
478.914
 20
-180.942
 30
0.0
 11
478.914
 21
-181.442
 31
0.0
  0
LINE
  5
42B
330
17
100
AcDbEntity
  8
0
100
AcDbLine
 10
479.414
 20
-180.942
 30
0.0
 11
478.914
 21
-180.942
 31
0.0
  0
LINE
  5
42C
330
17
100
AcDbEntity
  8
0
100
AcDbLine
 10
479.414
 20
-180.442
 30
0.0
 11
479.414
 21
-180.942
 31
0.0
  0
LINE
  5
42D
330
17
100
AcDbEntity
  8
0
100
AcDbLine
 10
496.088
 20
-184.822
 30
0.0
 11
496.414
 21
-181.642
 31
0.0
  0
LINE
  5
42E
330
17
100
AcDbEntity
  8
0
100
AcDbLine
 10
495.12
 20
-187.88
 30
0.0
 11
496.088
 21
-184.822
 31
0.0
  0
LINE
  5
42F
330
17
100
AcDbEntity
  8
0
100
AcDbLine
 10
493.168
 20
-191.223
 30
0.0
 11
495.12
 21
-187.88
 31
0.0
  0
LINE
  5
430
330
17
100
AcDbEntity
  8
0
100
AcDbLine
 10
490.455
 20
-194.037
 30
0.0
 11
493.168
 21
-191.223
 31
0.0
  0
LINE
  5
431
330
17
100
AcDbEntity
  8
0
100
AcDbLine
 10
487.132
 20
-196.166
 30
0.0
 11
490.455
 21
-194.037
 31
0.0
  0
LINE
  5
432
330
17
100
AcDbEntity
  8
0
100
AcDbLine
 10
483.383
 20
-197.492
 30
0.0
 11
487.132
 21
-196.166
 31
0.0
  0
LINE
  5
433
330
17
100
AcDbEntity
  8
0
100
AcDbLine
 10
479.414
 20
-197.942
 30
0.0
 11
483.383
 21
-197.492
 31
0.0
  0
LINE
  5
434
330
17
100
AcDbEntity
  8
0
100
AcDbLine
 10
241.666
 20
-315.36
 30
0.0
 11
241.666
 21
-298.36
 31
0.0
  0
LINE
  5
435
330
17
100
AcDbEntity
  8
0
100
AcDbLine
 10
240.966
 20
-315.36
 30
0.0
 11
241.666
 21
-315.36
 31
0.0
  0
LINE
  5
436
330
17
100
AcDbEntity
  8
0
100
AcDbLine
 10
240.966
 20
-298.36
 30
0.0
 11
240.966
 21
-315.36
 31
0.0
  0
LINE
  5
437
330
17
100
AcDbEntity
  8
0
100
AcDbLine
 10
241.666
 20
-298.36
 30
0.0
 11
240.966
 21
-298.36
 31
0.0
  0
LINE
  5
438
330
17
100
AcDbEntity
  8
0
100
AcDbLine
 10
225.166
 20
-297.36
 30
0.0
 11
224.166
 21
-297.36
 31
0.0
  0
LINE
  5
439
330
17
100
AcDbEntity
  8
0
100
AcDbLine
 10
225.166
 20
-297.86
 30
0.0
 11
225.166
 21
-297.36
 31
0.0
  0
LINE
  5
43A
330
17
100
AcDbEntity
  8
0
100
AcDbLine
 10
224.666
 20
-297.86
 30
0.0
 11
225.166
 21
-297.86
 31
0.0
  0
LINE
  5
43B
330
17
100
AcDbEntity
  8
0
100
AcDbLine
 10
224.666
 20
-298.36
 30
0.0
 11
224.666
 21
-297.86
 31
0.0
  0
LINE
  5
43C
330
17
100
AcDbEntity
  8
0
100
AcDbLine
 10
224.166
 20
-298.36
 30
0.0
 11
224.666
 21
-298.36
 31
0.0
  0
LINE
  5
43D
330
17
100
AcDbEntity
  8
0
100
AcDbLine
 10
241.166
 20
-297.36
 30
0.0
 11
242.166
 21
-297.36
 31
0.0
  0
LINE
  5
43E
330
17
100
AcDbEntity
  8
0
100
AcDbLine
 10
241.166
 20
-297.86
 30
0.0
 11
241.166
 21
-297.36
 31
0.0
  0
LINE
  5
43F
330
17
100
AcDbEntity
  8
0
100
AcDbLine
 10
241.666
 20
-297.86
 30
0.0
 11
241.166
 21
-297.86
 31
0.0
  0
LINE
  5
440
330
17
100
AcDbEntity
  8
0
100
AcDbLine
 10
241.666
 20
-298.36
 30
0.0
 11
241.666
 21
-297.86
 31
0.0
  0
LINE
  5
441
330
17
100
AcDbEntity
  8
0
100
AcDbLine
 10
242.166
 20
-298.36
 30
0.0
 11
241.666
 21
-298.36
 31
0.0
  0
LINE
  5
442
330
17
100
AcDbEntity
  8
0
100
AcDbLine
 10
237.786
 20
-315.033
 30
0.0
 11
240.966
 21
-315.36
 31
0.0
  0
LINE
  5
443
330
17
100
AcDbEntity
  8
0
100
AcDbLine
 10
234.729
 20
-314.066
 30
0.0
 11
237.786
 21
-315.033
 31
0.0
  0
LINE
  5
444
330
17
100
AcDbEntity
  8
0
100
AcDbLine
 10
231.385
 20
-312.113
 30
0.0
 11
234.729
 21
-314.066
 31
0.0
  0
LINE
  5
445
330
17
100
AcDbEntity
  8
0
100
AcDbLine
 10
228.572
 20
-309.4
 30
0.0
 11
231.385
 21
-312.113
 31
0.0
  0
LINE
  5
446
330
17
100
AcDbEntity
  8
0
100
AcDbLine
 10
226.443
 20
-306.078
 30
0.0
 11
228.572
 21
-309.4
 31
0.0
  0
LINE
  5
447
330
17
100
AcDbEntity
  8
0
100
AcDbLine
 10
225.117
 20
-302.328
 30
0.0
 11
226.443
 21
-306.078
 31
0.0
  0
LINE
  5
448
330
17
100
AcDbEntity
  8
0
100
AcDbLine
 10
224.666
 20
-298.36
 30
0.0
 11
225.117
 21
-302.328
 31
0.0
  0
LINE
  5
449
330
17
100
AcDbEntity
  8
0
100
AcDbLine
 10
321.934
 20
-115.996
 30
0.0
 11
312.934
 21
-115.996
 31
0.0
  0
LINE
  5
44A
330
17
100
AcDbEntity
  8
0
100
AcDbLine
 10
321.934
 20
-125.996
 30
0.0
 11
321.934
 21
-115.996
 31
0.0
  0
LINE
  5
44B
330
17
100
AcDbEntity
  8
0
100
AcDbLine
 10
312.934
 20
-125.996
 30
0.0
 11
321.934
 21
-125.996
 31
0.0
  0
LINE
  5
44C
330
17
100
AcDbEntity
  8
0
100
AcDbLine
 10
312.934
 20
-115.996
 30
0.0
 11
312.934
 21
-125.996
 31
0.0
  0
LINE
  5
44D
330
17
100
AcDbEntity
  8
0
100
AcDbLine
 10
321.934
 20
-162.596
 30
0.0
 11
312.934
 21
-162.596
 31
0.0
  0
LINE
  5
44E
330
17
100
AcDbEntity
  8
0
100
AcDbLine
 10
321.934
 20
-172.596
 30
0.0
 11
321.934
 21
-162.596
 31
0.0
  0
LINE
  5
44F
330
17
100
AcDbEntity
  8
0
100
AcDbLine
 10
312.934
 20
-172.596
 30
0.0
 11
321.934
 21
-172.596
 31
0.0
  0
LINE
  5
450
330
17
100
AcDbEntity
  8
0
100
AcDbLine
 10
312.934
 20
-162.596
 30
0.0
 11
312.934
 21
-172.596
 31
0.0
  0
LINE
  5
451
330
17
100
AcDbEntity
  8
0
100
AcDbLine
 10
431.634
 20
-101.133
 30
0.0
 11
422.634
 21
-101.133
 31
0.0
  0
LINE
  5
452
330
17
100
AcDbEntity
  8
0
100
AcDbLine
 10
431.634
 20
-111.133
 30
0.0
 11
431.634
 21
-101.133
 31
0.0
  0
LINE
  5
453
330
17
100
AcDbEntity
  8
0
100
AcDbLine
 10
422.634
 20
-111.133
 30
0.0
 11
431.634
 21
-111.133
 31
0.0
  0
LINE
  5
454
330
17
100
AcDbEntity
  8
0
100
AcDbLine
 10
431.634
 20
-147.733
 30
0.0
 11
422.634
 21
-147.733
 31
0.0
  0
LINE
  5
455
330
17
100
AcDbEntity
  8
0
100
AcDbLine
 10
431.634
 20
-157.733
 30
0.0
 11
431.634
 21
-147.733
 31
0.0
  0
LINE
  5
456
330
17
100
AcDbEntity
  8
0
100
AcDbLine
 10
422.634
 20
-157.733
 30
0.0
 11
431.634
 21
-157.733
 31
0.0
  0
LINE
  5
457
330
17
100
AcDbEntity
  8
0
100
AcDbLine
 10
231.532
 20
-140.302
 30
0.0
 11
231.532
 21
-130.302
 31
0.0
  0
LINE
  5
458
330
17
100
AcDbEntity
  8
0
100
AcDbLine
 10
222.532
 20
-140.302
 30
0.0
 11
231.532
 21
-140.302
 31
0.0
  0
LINE
  5
459
330
17
100
AcDbEntity
  8
0
100
AcDbLine
 10
222.532
 20
-130.302
 30
0.0
 11
222.532
 21
-140.302
 31
0.0
  0
LINE
  5
45A
330
17
100
AcDbEntity
  8
0
100
AcDbLine
 10
231.532
 20
-170.902
 30
0.0
 11
222.532
 21
-170.902
 31
0.0
  0
LINE
  5
45B
330
17
100
AcDbEntity
  8
0
100
AcDbLine
 10
222.532
 20
-180.902
 30
0.0
 11
231.532
 21
-180.902
 31
0.0
  0
LINE
  5
45C
330
17
100
AcDbEntity
  8
0
100
AcDbLine
 10
222.532
 20
-170.902
 30
0.0
 11
222.532
 21
-180.902
 31
0.0
  0
LINE
  5
45D
330
17
100
AcDbEntity
  8
0
100
AcDbLine
 10
496.264
 20
-304.77
 30
0.0
 11
479.264
 21
-304.77
 31
0.0
  0
LINE
  5
45E
330
17
100
AcDbEntity
  8
0
100
AcDbLine
 10
496.264
 20
-304.07
 30
0.0
 11
496.264
 21
-304.77
 31
0.0
  0
LINE
  5
45F
330
17
100
AcDbEntity
  8
0
100
AcDbLine
 10
479.264
 20
-304.07
 30
0.0
 11
496.264
 21
-304.07
 31
0.0
  0
LINE
  5
460
330
17
100
AcDbEntity
  8
0
100
AcDbLine
 10
479.264
 20
-304.77
 30
0.0
 11
479.264
 21
-304.07
 31
0.0
  0
LINE
  5
461
330
17
100
AcDbEntity
  8
0
100
AcDbLine
 10
478.264
 20
-304.27
 30
0.0
 11
478.264
 21
-305.27
 31
0.0
  0
LINE
  5
462
330
17
100
AcDbEntity
  8
0
100
AcDbLine
 10
478.764
 20
-304.27
 30
0.0
 11
478.264
 21
-304.27
 31
0.0
  0
LINE
  5
463
330
17
100
AcDbEntity
  8
0
100
AcDbLine
 10
478.764
 20
-304.77
 30
0.0
 11
478.764
 21
-304.27
 31
0.0
  0
LINE
  5
464
330
17
100
AcDbEntity
  8
0
100
AcDbLine
 10
479.264
 20
-304.77
 30
0.0
 11
478.764
 21
-304.77
 31
0.0
  0
LINE
  5
465
330
17
100
AcDbEntity
  8
0
100
AcDbLine
 10
479.264
 20
-305.27
 30
0.0
 11
479.264
 21
-304.77
 31
0.0
  0
LINE
  5
466
330
17
100
AcDbEntity
  8
0
100
AcDbLine
 10
478.264
 20
-288.27
 30
0.0
 11
478.264
 21
-287.27
 31
0.0
  0
LINE
  5
467
330
17
100
AcDbEntity
  8
0
100
AcDbLine
 10
478.764
 20
-288.27
 30
0.0
 11
478.264
 21
-288.27
 31
0.0
  0
LINE
  5
468
330
17
100
AcDbEntity
  8
0
100
AcDbLine
 10
478.764
 20
-287.77
 30
0.0
 11
478.764
 21
-288.27
 31
0.0
  0
LINE
  5
469
330
17
100
AcDbEntity
  8
0
100
AcDbLine
 10
479.264
 20
-287.77
 30
0.0
 11
478.764
 21
-287.77
 31
0.0
  0
LINE
  5
46A
330
17
100
AcDbEntity
  8
0
100
AcDbLine
 10
479.264
 20
-287.27
 30
0.0
 11
479.264
 21
-287.77
 31
0.0
  0
LINE
  5
46B
330
17
100
AcDbEntity
  8
0
100
AcDbLine
 10
482.58
 20
-288.083
 30
0.0
 11
479.264
 21
-287.77
 31
0.0
  0
LINE
  5
46C
330
17
100
AcDbEntity
  8
0
100
AcDbLine
 10
485.769
 20
-289.011
 30
0.0
 11
482.58
 21
-288.083
 31
0.0
  0
LINE
  5
46D
330
17
100
AcDbEntity
  8
0
100
AcDbLine
 10
489.256
 20
-290.883
 30
0.0
 11
485.769
 21
-289.011
 31
0.0
  0
LINE
  5
46E
330
17
100
AcDbEntity
  8
0
100
AcDbLine
 10
492.191
 20
-293.484
 30
0.0
 11
489.256
 21
-290.883
 31
0.0
  0
LINE
  5
46F
330
17
100
AcDbEntity
  8
0
100
AcDbLine
 10
494.411
 20
-296.67
 30
0.0
 11
492.191
 21
-293.484
 31
0.0
  0
LINE
  5
470
330
17
100
AcDbEntity
  8
0
100
AcDbLine
 10
495.794
 20
-300.265
 30
0.0
 11
494.411
 21
-296.67
 31
0.0
  0
LINE
  5
471
330
17
100
AcDbEntity
  8
0
100
AcDbLine
 10
496.264
 20
-304.07
 30
0.0
 11
495.794
 21
-300.265
 31
0.0
  0
LINE
  5
472
330
17
100
AcDbEntity
  8
0
100
AcDbLine
 10
436.485
 20
-360.848
 30
0.0
 11
434.485
 21
-360.848
 31
0.0
  0
LINE
  5
473
330
17
100
AcDbEntity
  8
0
100
AcDbLine
 10
437.729
 20
-360.697
 30
0.0
 11
436.485
 21
-360.848
 31
0.0
  0
LINE
  5
474
330
17
100
AcDbEntity
  8
0
100
AcDbLine
 10
438.901
 20
-360.252
 30
0.0
 11
437.729
 21
-360.697
 31
0.0
  0
LINE
  5
475
330
17
100
AcDbEntity
  8
0
100
AcDbLine
 10
439.933
 20
-359.54
 30
0.0
 11
438.901
 21
-360.252
 31
0.0
  0
LINE
  5
476
330
17
100
AcDbEntity
  8
0
100
AcDbLine
 10
440.764
 20
-358.602
 30
0.0
 11
439.933
 21
-359.54
 31
0.0
  0
LINE
  5
477
330
17
100
AcDbEntity
  8
0
100
AcDbLine
 10
441.347
 20
-357.492
 30
0.0
 11
440.764
 21
-358.602
 31
0.0
  0
LINE
  5
478
330
17
100
AcDbEntity
  8
0
100
AcDbLine
 10
441.647
 20
-356.275
 30
0.0
 11
441.347
 21
-357.492
 31
0.0
  0
LINE
  5
479
330
17
100
AcDbEntity
  8
0
100
AcDbLine
 10
441.647
 20
-355.021
 30
0.0
 11
441.647
 21
-356.275
 31
0.0
  0
LINE
  5
47A
330
17
100
AcDbEntity
  8
0
100
AcDbLine
 10
441.347
 20
-353.804
 30
0.0
 11
441.647
 21
-355.021
 31
0.0
  0
LINE
  5
47B
330
17
100
AcDbEntity
  8
0
100
AcDbLine
 10
440.764
 20
-352.694
 30
0.0
 11
441.347
 21
-353.804
 31
0.0
  0
LINE
  5
47C
330
17
100
AcDbEntity
  8
0
100
AcDbLine
 10
439.933
 20
-351.756
 30
0.0
 11
440.764
 21
-352.694
 31
0.0
  0
LINE
  5
47D
330
17
100
AcDbEntity
  8
0
100
AcDbLine
 10
438.901
 20
-351.044
 30
0.0
 11
439.933
 21
-351.756
 31
0.0
  0
LINE
  5
47E
330
17
100
AcDbEntity
  8
0
100
AcDbLine
 10
437.729
 20
-350.599
 30
0.0
 11
438.901
 21
-351.044
 31
0.0
  0
LINE
  5
47F
330
17
100
AcDbEntity
  8
0
100
AcDbLine
 10
436.485
 20
-350.448
 30
0.0
 11
437.729
 21
-350.599
 31
0.0
  0
LINE
  5
480
330
17
100
AcDbEntity
  8
0
100
AcDbLine
 10
434.485
 20
-350.448
 30
0.0
 11
436.485
 21
-350.448
 31
0.0
  0
LINE
  5
481
330
17
100
AcDbEntity
  8
0
100
AcDbLine
 10
436.485
 20
-361.648
 30
0.0
 11
434.485
 21
-361.648
 31
0.0
  0
LINE
  5
482
330
17
100
AcDbEntity
  8
0
100
AcDbLine
 10
437.921
 20
-361.474
 30
0.0
 11
436.485
 21
-361.648
 31
0.0
  0
LINE
  5
483
330
17
100
AcDbEntity
  8
0
100
AcDbLine
 10
439.273
 20
-360.961
 30
0.0
 11
437.921
 21
-361.474
 31
0.0
  0
LINE
  5
484
330
17
100
AcDbEntity
  8
0
100
AcDbLine
 10
440.464
 20
-360.139
 30
0.0
 11
439.273
 21
-360.961
 31
0.0
  0
LINE
  5
485
330
17
100
AcDbEntity
  8
0
100
AcDbLine
 10
441.423
 20
-359.056
 30
0.0
 11
440.464
 21
-360.139
 31
0.0
  0
LINE
  5
486
330
17
100
AcDbEntity
  8
0
100
AcDbLine
 10
442.095
 20
-357.776
 30
0.0
 11
441.423
 21
-359.056
 31
0.0
  0
LINE
  5
487
330
17
100
AcDbEntity
  8
0
100
AcDbLine
 10
442.441
 20
-356.371
 30
0.0
 11
442.095
 21
-357.776
 31
0.0
  0
LINE
  5
488
330
17
100
AcDbEntity
  8
0
100
AcDbLine
 10
442.441
 20
-354.925
 30
0.0
 11
442.441
 21
-356.371
 31
0.0
  0
LINE
  5
489
330
17
100
AcDbEntity
  8
0
100
AcDbLine
 10
442.095
 20
-353.52
 30
0.0
 11
442.441
 21
-354.925
 31
0.0
  0
LINE
  5
48A
330
17
100
AcDbEntity
  8
0
100
AcDbLine
 10
441.423
 20
-352.24
 30
0.0
 11
442.095
 21
-353.52
 31
0.0
  0
LINE
  5
48B
330
17
100
AcDbEntity
  8
0
100
AcDbLine
 10
440.464
 20
-351.157
 30
0.0
 11
441.423
 21
-352.24
 31
0.0
  0
LINE
  5
48C
330
17
100
AcDbEntity
  8
0
100
AcDbLine
 10
439.273
 20
-350.335
 30
0.0
 11
440.464
 21
-351.157
 31
0.0
  0
LINE
  5
48D
330
17
100
AcDbEntity
  8
0
100
AcDbLine
 10
437.921
 20
-349.822
 30
0.0
 11
439.273
 21
-350.335
 31
0.0
  0
LINE
  5
48E
330
17
100
AcDbEntity
  8
0
100
AcDbLine
 10
436.485
 20
-349.648
 30
0.0
 11
437.921
 21
-349.822
 31
0.0
  0
LINE
  5
48F
330
17
100
AcDbEntity
  8
0
100
AcDbLine
 10
434.485
 20
-349.648
 30
0.0
 11
436.485
 21
-349.648
 31
0.0
  0
LINE
  5
490
330
17
100
AcDbEntity
  8
0
100
AcDbLine
 10
434.485
 20
-349.648
 30
0.0
 11
434.485
 21
-361.648
 31
0.0
  0
LINE
  5
491
330
17
100
AcDbEntity
  8
0
100
AcDbLine
 10
457.519
 20
-371.603
 30
0.0
 11
457.519
 21
-373.603
 31
0.0
  0
LINE
  5
492
330
17
100
AcDbEntity
  8
0
100
AcDbLine
 10
457.368
 20
-370.359
 30
0.0
 11
457.519
 21
-371.603
 31
0.0
  0
LINE
  5
493
330
17
100
AcDbEntity
  8
0
100
AcDbLine
 10
456.924
 20
-369.187
 30
0.0
 11
457.368
 21
-370.359
 31
0.0
  0
LINE
  5
494
330
17
100
AcDbEntity
  8
0
100
AcDbLine
 10
456.211
 20
-368.155
 30
0.0
 11
456.924
 21
-369.187
 31
0.0
  0
LINE
  5
495
330
17
100
AcDbEntity
  8
0
100
AcDbLine
 10
455.273
 20
-367.324
 30
0.0
 11
456.211
 21
-368.155
 31
0.0
  0
LINE
  5
496
330
17
100
AcDbEntity
  8
0
100
AcDbLine
 10
454.163
 20
-366.741
 30
0.0
 11
455.273
 21
-367.324
 31
0.0
  0
LINE
  5
497
330
17
100
AcDbEntity
  8
0
100
AcDbLine
 10
452.946
 20
-366.441
 30
0.0
 11
454.163
 21
-366.741
 31
0.0
  0
LINE
  5
498
330
17
100
AcDbEntity
  8
0
100
AcDbLine
 10
451.692
 20
-366.441
 30
0.0
 11
452.946
 21
-366.441
 31
0.0
  0
LINE
  5
499
330
17
100
AcDbEntity
  8
0
100
AcDbLine
 10
450.475
 20
-366.741
 30
0.0
 11
451.692
 21
-366.441
 31
0.0
  0
LINE
  5
49A
330
17
100
AcDbEntity
  8
0
100
AcDbLine
 10
449.365
 20
-367.324
 30
0.0
 11
450.475
 21
-366.741
 31
0.0
  0
LINE
  5
49B
330
17
100
AcDbEntity
  8
0
100
AcDbLine
 10
448.427
 20
-368.155
 30
0.0
 11
449.365
 21
-367.324
 31
0.0
  0
LINE
  5
49C
330
17
100
AcDbEntity
  8
0
100
AcDbLine
 10
447.715
 20
-369.187
 30
0.0
 11
448.427
 21
-368.155
 31
0.0
  0
LINE
  5
49D
330
17
100
AcDbEntity
  8
0
100
AcDbLine
 10
447.27
 20
-370.359
 30
0.0
 11
447.715
 21
-369.187
 31
0.0
  0
LINE
  5
49E
330
17
100
AcDbEntity
  8
0
100
AcDbLine
 10
447.119
 20
-371.603
 30
0.0
 11
447.27
 21
-370.359
 31
0.0
  0
LINE
  5
49F
330
17
100
AcDbEntity
  8
0
100
AcDbLine
 10
447.119
 20
-373.603
 30
0.0
 11
447.119
 21
-371.603
 31
0.0
  0
LINE
  5
4A0
330
17
100
AcDbEntity
  8
0
100
AcDbLine
 10
458.319
 20
-371.603
 30
0.0
 11
458.319
 21
-373.603
 31
0.0
  0
LINE
  5
4A1
330
17
100
AcDbEntity
  8
0
100
AcDbLine
 10
458.145
 20
-370.167
 30
0.0
 11
458.319
 21
-371.603
 31
0.0
  0
LINE
  5
4A2
330
17
100
AcDbEntity
  8
0
100
AcDbLine
 10
457.632
 20
-368.815
 30
0.0
 11
458.145
 21
-370.167
 31
0.0
  0
LINE
  5
4A3
330
17
100
AcDbEntity
  8
0
100
AcDbLine
 10
456.81
 20
-367.625
 30
0.0
 11
457.632
 21
-368.815
 31
0.0
  0
LINE
  5
4A4
330
17
100
AcDbEntity
  8
0
100
AcDbLine
 10
455.728
 20
-366.665
 30
0.0
 11
456.81
 21
-367.625
 31
0.0
  0
LINE
  5
4A5
330
17
100
AcDbEntity
  8
0
100
AcDbLine
 10
454.447
 20
-365.993
 30
0.0
 11
455.728
 21
-366.665
 31
0.0
  0
LINE
  5
4A6
330
17
100
AcDbEntity
  8
0
100
AcDbLine
 10
453.042
 20
-365.647
 30
0.0
 11
454.447
 21
-365.993
 31
0.0
  0
LINE
  5
4A7
330
17
100
AcDbEntity
  8
0
100
AcDbLine
 10
451.596
 20
-365.647
 30
0.0
 11
453.042
 21
-365.647
 31
0.0
  0
LINE
  5
4A8
330
17
100
AcDbEntity
  8
0
100
AcDbLine
 10
450.192
 20
-365.993
 30
0.0
 11
451.596
 21
-365.647
 31
0.0
  0
LINE
  5
4A9
330
17
100
AcDbEntity
  8
0
100
AcDbLine
 10
448.911
 20
-366.665
 30
0.0
 11
450.192
 21
-365.993
 31
0.0
  0
LINE
  5
4AA
330
17
100
AcDbEntity
  8
0
100
AcDbLine
 10
447.828
 20
-367.625
 30
0.0
 11
448.911
 21
-366.665
 31
0.0
  0
LINE
  5
4AB
330
17
100
AcDbEntity
  8
0
100
AcDbLine
 10
447.006
 20
-368.815
 30
0.0
 11
447.828
 21
-367.625
 31
0.0
  0
LINE
  5
4AC
330
17
100
AcDbEntity
  8
0
100
AcDbLine
 10
446.493
 20
-370.167
 30
0.0
 11
447.006
 21
-368.815
 31
0.0
  0
LINE
  5
4AD
330
17
100
AcDbEntity
  8
0
100
AcDbLine
 10
446.319
 20
-371.603
 30
0.0
 11
446.493
 21
-370.167
 31
0.0
  0
LINE
  5
4AE
330
17
100
AcDbEntity
  8
0
100
AcDbLine
 10
446.319
 20
-373.603
 30
0.0
 11
446.319
 21
-371.603
 31
0.0
  0
LINE
  5
4AF
330
17
100
AcDbEntity
  8
0
100
AcDbLine
 10
446.319
 20
-373.603
 30
0.0
 11
458.319
 21
-373.603
 31
0.0
  0
LINE
  5
4B0
330
17
100
AcDbEntity
  8
0
100
AcDbLine
 10
400.034
 20
-114.142
 30
0.0
 11
418.034
 21
-114.142
 31
0.0
  0
LINE
  5
4B1
330
17
100
AcDbEntity
  8
0
100
AcDbLine
 10
400.034
 20
-96.1419
 30
0.0
 11
400.034
 21
-114.142
 31
0.0
  0
LINE
  5
4B2
330
17
100
AcDbEntity
  8
0
100
AcDbLine
 10
418.034
 20
-114.142
 30
0.0
 11
418.034
 21
-96.1419
 31
0.0
  0
LINE
  5
4B3
330
17
100
AcDbEntity
  8
0
100
AcDbLine
 10
401.651
 20
-113.066
 30
0.0
 11
401.326
 21
-112.849
 31
0.0
  0
LINE
  5
4B4
330
17
100
AcDbEntity
  8
0
100
AcDbLine
 10
402.034
 20
-113.142
 30
0.0
 11
401.651
 21
-113.066
 31
0.0
  0
LINE
  5
4B5
330
17
100
AcDbEntity
  8
0
100
AcDbLine
 10
416.034
 20
-113.142
 30
0.0
 11
402.034
 21
-113.142
 31
0.0
  0
LINE
  5
4B6
330
17
100
AcDbEntity
  8
0
100
AcDbLine
 10
416.416
 20
-113.066
 30
0.0
 11
416.034
 21
-113.142
 31
0.0
  0
LINE
  5
4B7
330
17
100
AcDbEntity
  8
0
100
AcDbLine
 10
416.741
 20
-112.849
 30
0.0
 11
416.416
 21
-113.066
 31
0.0
  0
LINE
  5
4B8
330
17
100
AcDbEntity
  8
0
100
AcDbLine
 10
416.957
 20
-112.525
 30
0.0
 11
416.741
 21
-112.849
 31
0.0
  0
LINE
  5
4B9
330
17
100
AcDbEntity
  8
0
100
AcDbLine
 10
417.034
 20
-112.142
 30
0.0
 11
416.957
 21
-112.525
 31
0.0
  0
LINE
  5
4BA
330
17
100
AcDbEntity
  8
0
100
AcDbLine
 10
417.034
 20
-98.1419
 30
0.0
 11
417.034
 21
-112.142
 31
0.0
  0
LINE
  5
4BB
330
17
100
AcDbEntity
  8
0
100
AcDbLine
 10
416.957
 20
-97.7592
 30
0.0
 11
417.034
 21
-98.1419
 31
0.0
  0
LINE
  5
4BC
330
17
100
AcDbEntity
  8
0
100
AcDbLine
 10
416.741
 20
-97.4348
 30
0.0
 11
416.957
 21
-97.7592
 31
0.0
  0
LINE
  5
4BD
330
17
100
AcDbEntity
  8
0
100
AcDbLine
 10
416.416
 20
-97.218
 30
0.0
 11
416.741
 21
-97.4348
 31
0.0
  0
LINE
  5
4BE
330
17
100
AcDbEntity
  8
0
100
AcDbLine
 10
416.034
 20
-97.1419
 30
0.0
 11
416.416
 21
-97.218
 31
0.0
  0
LINE
  5
4BF
330
17
100
AcDbEntity
  8
0
100
AcDbLine
 10
402.034
 20
-97.1419
 30
0.0
 11
416.034
 21
-97.1419
 31
0.0
  0
LINE
  5
4C0
330
17
100
AcDbEntity
  8
0
100
AcDbLine
 10
401.651
 20
-97.218
 30
0.0
 11
402.034
 21
-97.1419
 31
0.0
  0
LINE
  5
4C1
330
17
100
AcDbEntity
  8
0
100
AcDbLine
 10
401.326
 20
-97.4348
 30
0.0
 11
401.651
 21
-97.218
 31
0.0
  0
LINE
  5
4C2
330
17
100
AcDbEntity
  8
0
100
AcDbLine
 10
401.11
 20
-97.7592
 30
0.0
 11
401.326
 21
-97.4348
 31
0.0
  0
LINE
  5
4C3
330
17
100
AcDbEntity
  8
0
100
AcDbLine
 10
401.034
 20
-98.1419
 30
0.0
 11
401.11
 21
-97.7592
 31
0.0
  0
LINE
  5
4C4
330
17
100
AcDbEntity
  8
0
100
AcDbLine
 10
401.034
 20
-112.142
 30
0.0
 11
401.034
 21
-98.1419
 31
0.0
  0
LINE
  5
4C5
330
17
100
AcDbEntity
  8
0
100
AcDbLine
 10
401.11
 20
-112.525
 30
0.0
 11
401.034
 21
-112.142
 31
0.0
  0
LINE
  5
4C6
330
17
100
AcDbEntity
  8
0
100
AcDbLine
 10
401.326
 20
-112.849
 30
0.0
 11
401.11
 21
-112.525
 31
0.0
  0
LINE
  5
4C7
330
17
100
AcDbEntity
  8
0
100
AcDbLine
 10
147.163
 20
-114.142
 30
0.0
 11
147.163
 21
-96.1419
 31
0.0
  0
LINE
  5
4C8
330
17
100
AcDbEntity
  8
0
100
AcDbLine
 10
129.163
 20
-114.142
 30
0.0
 11
147.163
 21
-114.142
 31
0.0
  0
LINE
  5
4C9
330
17
100
AcDbEntity
  8
0
100
AcDbLine
 10
145.545
 20
-97.218
 30
0.0
 11
145.87
 21
-97.4348
 31
0.0
  0
LINE
  5
4CA
330
17
100
AcDbEntity
  8
0
100
AcDbLine
 10
145.163
 20
-97.1419
 30
0.0
 11
145.545
 21
-97.218
 31
0.0
  0
LINE
  5
4CB
330
17
100
AcDbEntity
  8
0
100
AcDbLine
 10
131.163
 20
-97.1419
 30
0.0
 11
145.163
 21
-97.1419
 31
0.0
  0
LINE
  5
4CC
330
17
100
AcDbEntity
  8
0
100
AcDbLine
 10
130.78
 20
-97.218
 30
0.0
 11
131.163
 21
-97.1419
 31
0.0
  0
LINE
  5
4CD
330
17
100
AcDbEntity
  8
0
100
AcDbLine
 10
130.456
 20
-97.4348
 30
0.0
 11
130.78
 21
-97.218
 31
0.0
  0
LINE
  5
4CE
330
17
100
AcDbEntity
  8
0
100
AcDbLine
 10
130.239
 20
-97.7592
 30
0.0
 11
130.456
 21
-97.4348
 31
0.0
  0
LINE
  5
4CF
330
17
100
AcDbEntity
  8
0
100
AcDbLine
 10
130.163
 20
-98.1419
 30
0.0
 11
130.239
 21
-97.7592
 31
0.0
  0
LINE
  5
4D0
330
17
100
AcDbEntity
  8
0
100
AcDbLine
 10
130.163
 20
-112.142
 30
0.0
 11
130.163
 21
-98.1419
 31
0.0
  0
LINE
  5
4D1
330
17
100
AcDbEntity
  8
0
100
AcDbLine
 10
130.239
 20
-112.525
 30
0.0
 11
130.163
 21
-112.142
 31
0.0
  0
LINE
  5
4D2
330
17
100
AcDbEntity
  8
0
100
AcDbLine
 10
130.456
 20
-112.849
 30
0.0
 11
130.239
 21
-112.525
 31
0.0
  0
LINE
  5
4D3
330
17
100
AcDbEntity
  8
0
100
AcDbLine
 10
130.78
 20
-113.066
 30
0.0
 11
130.456
 21
-112.849
 31
0.0
  0
LINE
  5
4D4
330
17
100
AcDbEntity
  8
0
100
AcDbLine
 10
131.163
 20
-113.142
 30
0.0
 11
130.78
 21
-113.066
 31
0.0
  0
LINE
  5
4D5
330
17
100
AcDbEntity
  8
0
100
AcDbLine
 10
145.163
 20
-113.142
 30
0.0
 11
131.163
 21
-113.142
 31
0.0
  0
LINE
  5
4D6
330
17
100
AcDbEntity
  8
0
100
AcDbLine
 10
145.545
 20
-113.066
 30
0.0
 11
145.163
 21
-113.142
 31
0.0
  0
LINE
  5
4D7
330
17
100
AcDbEntity
  8
0
100
AcDbLine
 10
145.87
 20
-112.849
 30
0.0
 11
145.545
 21
-113.066
 31
0.0
  0
LINE
  5
4D8
330
17
100
AcDbEntity
  8
0
100
AcDbLine
 10
146.087
 20
-112.525
 30
0.0
 11
145.87
 21
-112.849
 31
0.0
  0
LINE
  5
4D9
330
17
100
AcDbEntity
  8
0
100
AcDbLine
 10
146.163
 20
-112.142
 30
0.0
 11
146.087
 21
-112.525
 31
0.0
  0
LINE
  5
4DA
330
17
100
AcDbEntity
  8
0
100
AcDbLine
 10
146.163
 20
-98.1419
 30
0.0
 11
146.163
 21
-112.142
 31
0.0
  0
LINE
  5
4DB
330
17
100
AcDbEntity
  8
0
100
AcDbLine
 10
146.087
 20
-97.7592
 30
0.0
 11
146.163
 21
-98.1419
 31
0.0
  0
LINE
  5
4DC
330
17
100
AcDbEntity
  8
0
100
AcDbLine
 10
145.87
 20
-97.4348
 30
0.0
 11
146.087
 21
-97.7592
 31
0.0
  0
LINE
  5
4DD
330
17
100
AcDbEntity
  8
0
100
AcDbLine
 10
497.607
 20
-274.314
 30
0.0
 11
496.935
 21
-276.528
 31
0.0
  0
LINE
  5
4DE
330
17
100
AcDbEntity
  8
0
100
AcDbLine
 10
497.834
 20
-272.012
 30
0.0
 11
497.607
 21
-274.314
 31
0.0
  0
LINE
  5
4DF
330
17
100
AcDbEntity
  8
0
100
AcDbLine
 10
497.834
 20
-265.813
 30
0.0
 11
497.834
 21
-272.012
 31
0.0
  0
LINE
  5
4E0
330
17
100
AcDbEntity
  8
0
100
AcDbLine
 10
486.032
 20
-283.813
 30
0.0
 11
479.834
 21
-283.813
 31
0.0
  0
LINE
  5
4E1
330
17
100
AcDbEntity
  8
0
100
AcDbLine
 10
488.335
 20
-283.586
 30
0.0
 11
486.032
 21
-283.813
 31
0.0
  0
LINE
  5
4E2
330
17
100
AcDbEntity
  8
0
100
AcDbLine
 10
490.549
 20
-282.914
 30
0.0
 11
488.335
 21
-283.586
 31
0.0
  0
LINE
  5
4E3
330
17
100
AcDbEntity
  8
0
100
AcDbLine
 10
492.589
 20
-281.824
 30
0.0
 11
490.549
 21
-282.914
 31
0.0
  0
LINE
  5
4E4
330
17
100
AcDbEntity
  8
0
100
AcDbLine
 10
494.377
 20
-280.356
 30
0.0
 11
492.589
 21
-281.824
 31
0.0
  0
LINE
  5
4E5
330
17
100
AcDbEntity
  8
0
100
AcDbLine
 10
495.845
 20
-278.568
 30
0.0
 11
494.377
 21
-280.356
 31
0.0
  0
LINE
  5
4E6
330
17
100
AcDbEntity
  8
0
100
AcDbLine
 10
496.935
 20
-276.528
 30
0.0
 11
495.845
 21
-278.568
 31
0.0
  0
LINE
  5
4E7
330
17
100
AcDbEntity
  8
0
100
AcDbLine
 10
480.883
 20
-283.215
 30
0.0
 11
485.258
 21
-283.215
 31
0.0
  0
LINE
  5
4E8
330
17
100
AcDbEntity
  8
0
100
AcDbLine
 10
480.883
 20
-266.662
 30
0.0
 11
480.883
 21
-283.215
 31
0.0
  0
LINE
  5
4E9
330
17
100
AcDbEntity
  8
0
100
AcDbLine
 10
497.027
 20
-266.662
 30
0.0
 11
480.883
 21
-266.662
 31
0.0
  0
LINE
  5
4EA
330
17
100
AcDbEntity
  8
0
100
AcDbLine
 10
497.027
 20
-272.441
 30
0.0
 11
497.027
 21
-266.662
 31
0.0
  0
LINE
  5
4EB
330
17
100
AcDbEntity
  8
0
100
AcDbLine
 10
486.858
 20
-282.357
 30
0.0
 11
487.082
 21
-282.965
 31
0.0
  0
LINE
  5
4EC
330
17
100
AcDbEntity
  8
0
100
AcDbLine
 10
485.853
 20
-283.245
 30
0.0
 11
486.858
 21
-282.357
 31
0.0
  0
LINE
  5
4ED
330
17
100
AcDbEntity
  8
0
100
AcDbLine
 10
488.074
 20
-282.871
 30
0.0
 11
485.853
 21
-283.245
 31
0.0
  0
LINE
  5
4EE
330
17
100
AcDbEntity
  8
0
100
AcDbLine
 10
490.271
 20
-282.146
 30
0.0
 11
488.074
 21
-282.871
 31
0.0
  0
LINE
  5
4EF
330
17
100
AcDbEntity
  8
0
100
AcDbLine
 10
492.283
 20
-281.006
 30
0.0
 11
490.271
 21
-282.146
 31
0.0
  0
LINE
  5
4F0
330
17
100
AcDbEntity
  8
0
100
AcDbLine
 10
495.558
 20
-277.409
 30
0.0
 11
494.241
 21
-279.311
 31
0.0
  0
LINE
  5
4F1
330
17
100
AcDbEntity
  8
0
100
AcDbLine
 10
496.48
 20
-275.287
 30
0.0
 11
495.558
 21
-277.409
 31
0.0
  0
LINE
  5
4F2
330
17
100
AcDbEntity
  8
0
100
AcDbLine
 10
497.053
 20
-273.11
 30
0.0
 11
496.48
 21
-275.287
 31
0.0
  0
LINE
  5
4F3
330
17
100
AcDbEntity
  8
0
100
AcDbLine
 10
496.078
 20
-274.029
 30
0.0
 11
497.053
 21
-273.11
 31
0.0
  0
LINE
  5
4F4
330
17
100
AcDbEntity
  8
0
100
AcDbLine
 10
496.663
 20
-274.308
 30
0.0
 11
496.078
 21
-274.029
 31
0.0
  0
LINE
  5
4F5
330
17
100
AcDbEntity
  8
0
100
AcDbLine
 10
488.335
 20
-204.997
 30
0.0
 11
490.549
 21
-205.669
 31
0.0
  0
LINE
  5
4F6
330
17
100
AcDbEntity
  8
0
100
AcDbLine
 10
486.032
 20
-204.77
 30
0.0
 11
488.335
 21
-204.997
 31
0.0
  0
LINE
  5
4F7
330
17
100
AcDbEntity
  8
0
100
AcDbLine
 10
479.834
 20
-204.77
 30
0.0
 11
486.032
 21
-204.77
 31
0.0
  0
LINE
  5
4F8
330
17
100
AcDbEntity
  8
0
100
AcDbLine
 10
497.834
 20
-222.77
 30
0.0
 11
479.834
 21
-222.77
 31
0.0
  0
LINE
  5
4F9
330
17
100
AcDbEntity
  8
0
100
AcDbLine
 10
497.834
 20
-216.572
 30
0.0
 11
497.834
 21
-222.77
 31
0.0
  0
LINE
  5
4FA
330
17
100
AcDbEntity
  8
0
100
AcDbLine
 10
497.607
 20
-214.269
 30
0.0
 11
497.834
 21
-216.572
 31
0.0
  0
LINE
  5
4FB
330
17
100
AcDbEntity
  8
0
100
AcDbLine
 10
496.935
 20
-212.055
 30
0.0
 11
497.607
 21
-214.269
 31
0.0
  0
LINE
  5
4FC
330
17
100
AcDbEntity
  8
0
100
AcDbLine
 10
495.845
 20
-210.015
 30
0.0
 11
496.935
 21
-212.055
 31
0.0
  0
LINE
  5
4FD
330
17
100
AcDbEntity
  8
0
100
AcDbLine
 10
494.377
 20
-208.227
 30
0.0
 11
495.845
 21
-210.015
 31
0.0
  0
LINE
  5
4FE
330
17
100
AcDbEntity
  8
0
100
AcDbLine
 10
492.589
 20
-206.759
 30
0.0
 11
494.377
 21
-208.227
 31
0.0
  0
LINE
  5
4FF
330
17
100
AcDbEntity
  8
0
100
AcDbLine
 10
490.549
 20
-205.669
 30
0.0
 11
492.589
 21
-206.759
 31
0.0
  0
LINE
  5
500
330
17
100
AcDbEntity
  8
0
100
AcDbLine
 10
497.236
 20
-221.721
 30
0.0
 11
497.236
 21
-217.346
 31
0.0
  0
LINE
  5
501
330
17
100
AcDbEntity
  8
0
100
AcDbLine
 10
480.683
 20
-221.721
 30
0.0
 11
497.236
 21
-221.721
 31
0.0
  0
LINE
  5
502
330
17
100
AcDbEntity
  8
0
100
AcDbLine
 10
480.683
 20
-205.577
 30
0.0
 11
480.683
 21
-221.721
 31
0.0
  0
LINE
  5
503
330
17
100
AcDbEntity
  8
0
100
AcDbLine
 10
486.462
 20
-205.577
 30
0.0
 11
480.683
 21
-205.577
 31
0.0
  0
LINE
  5
504
330
17
100
AcDbEntity
  8
0
100
AcDbLine
 10
496.378
 20
-215.746
 30
0.0
 11
496.986
 21
-215.522
 31
0.0
  0
LINE
  5
505
330
17
100
AcDbEntity
  8
0
100
AcDbLine
 10
497.266
 20
-216.75
 30
0.0
 11
496.378
 21
-215.746
 31
0.0
  0
LINE
  5
506
330
17
100
AcDbEntity
  8
0
100
AcDbLine
 10
496.892
 20
-214.53
 30
0.0
 11
497.266
 21
-216.75
 31
0.0
  0
LINE
  5
507
330
17
100
AcDbEntity
  8
0
100
AcDbLine
 10
496.167
 20
-212.333
 30
0.0
 11
496.892
 21
-214.53
 31
0.0
  0
LINE
  5
508
330
17
100
AcDbEntity
  8
0
100
AcDbLine
 10
495.026
 20
-210.32
 30
0.0
 11
496.167
 21
-212.333
 31
0.0
  0
LINE
  5
509
330
17
100
AcDbEntity
  8
0
100
AcDbLine
 10
491.43
 20
-207.045
 30
0.0
 11
493.332
 21
-208.363
 31
0.0
  0
LINE
  5
50A
330
17
100
AcDbEntity
  8
0
100
AcDbLine
 10
489.308
 20
-206.124
 30
0.0
 11
491.43
 21
-207.045
 31
0.0
  0
LINE
  5
50B
330
17
100
AcDbEntity
  8
0
100
AcDbLine
 10
487.13
 20
-205.551
 30
0.0
 11
489.308
 21
-206.124
 31
0.0
  0
LINE
  5
50C
330
17
100
AcDbEntity
  8
0
100
AcDbLine
 10
488.05
 20
-206.526
 30
0.0
 11
487.13
 21
-205.551
 31
0.0
  0
LINE
  5
50D
330
17
100
AcDbEntity
  8
0
100
AcDbLine
 10
488.329
 20
-205.941
 30
0.0
 11
488.05
 21
-206.526
 31
0.0
  0
LINE
  5
50E
330
17
100
AcDbEntity
  8
0
100
AcDbLine
 10
212.394
 20
-558.82
 30
0.0
 11
212.394
 21
-561.82
 31
0.0
  0
LINE
  5
50F
330
17
100
AcDbEntity
  8
0
100
AcDbLine
 10
209.394
 20
-558.82
 30
0.0
 11
212.394
 21
-558.82
 31
0.0
  0
LINE
  5
510
330
17
100
AcDbEntity
  8
0
100
AcDbLine
 10
209.394
 20
-561.82
 30
0.0
 11
209.394
 21
-558.82
 31
0.0
  0
LINE
  5
511
330
17
100
AcDbEntity
  8
0
100
AcDbLine
 10
212.394
 20
-561.82
 30
0.0
 11
209.394
 21
-561.82
 31
0.0
  0
LINE
  5
512
330
17
100
AcDbEntity
  8
0
100
AcDbLine
 10
212.194
 20
-561.62
 30
0.0
 11
209.594
 21
-561.62
 31
0.0
  0
LINE
  5
513
330
17
100
AcDbEntity
  8
0
100
AcDbLine
 10
212.194
 20
-559.02
 30
0.0
 11
212.194
 21
-561.62
 31
0.0
  0
LINE
  5
514
330
17
100
AcDbEntity
  8
0
100
AcDbLine
 10
209.594
 20
-559.02
 30
0.0
 11
212.194
 21
-559.02
 31
0.0
  0
LINE
  5
515
330
17
100
AcDbEntity
  8
0
100
AcDbLine
 10
209.594
 20
-561.62
 30
0.0
 11
209.594
 21
-559.02
 31
0.0
  0
LINE
  5
516
330
17
100
AcDbEntity
  8
0
100
AcDbLine
 10
170.16
 20
-318.686
 30
0.0
 11
170.16
 21
-299.686
 31
0.0
  0
LINE
  5
517
330
17
100
AcDbEntity
  8
0
100
AcDbLine
 10
169.46
 20
-318.686
 30
0.0
 11
170.16
 21
-318.686
 31
0.0
  0
LINE
  5
518
330
17
100
AcDbEntity
  8
0
100
AcDbLine
 10
169.46
 20
-299.686
 30
0.0
 11
169.46
 21
-318.686
 31
0.0
  0
LINE
  5
519
330
17
100
AcDbEntity
  8
0
100
AcDbLine
 10
170.16
 20
-299.686
 30
0.0
 11
169.46
 21
-299.686
 31
0.0
  0
LINE
  5
51A
330
17
100
AcDbEntity
  8
0
100
AcDbLine
 10
151.66
 20
-298.686
 30
0.0
 11
150.66
 21
-298.686
 31
0.0
  0
LINE
  5
51B
330
17
100
AcDbEntity
  8
0
100
AcDbLine
 10
151.66
 20
-299.186
 30
0.0
 11
151.66
 21
-298.686
 31
0.0
  0
LINE
  5
51C
330
17
100
AcDbEntity
  8
0
100
AcDbLine
 10
151.16
 20
-299.186
 30
0.0
 11
151.66
 21
-299.186
 31
0.0
  0
LINE
  5
51D
330
17
100
AcDbEntity
  8
0
100
AcDbLine
 10
151.16
 20
-299.686
 30
0.0
 11
151.16
 21
-299.186
 31
0.0
  0
LINE
  5
51E
330
17
100
AcDbEntity
  8
0
100
AcDbLine
 10
150.66
 20
-299.686
 30
0.0
 11
151.16
 21
-299.686
 31
0.0
  0
LINE
  5
51F
330
17
100
AcDbEntity
  8
0
100
AcDbLine
 10
169.66
 20
-298.686
 30
0.0
 11
170.66
 21
-298.686
 31
0.0
  0
LINE
  5
520
330
17
100
AcDbEntity
  8
0
100
AcDbLine
 10
169.66
 20
-299.186
 30
0.0
 11
169.66
 21
-298.686
 31
0.0
  0
LINE
  5
521
330
17
100
AcDbEntity
  8
0
100
AcDbLine
 10
170.16
 20
-299.186
 30
0.0
 11
169.66
 21
-299.186
 31
0.0
  0
LINE
  5
522
330
17
100
AcDbEntity
  8
0
100
AcDbLine
 10
170.16
 20
-299.686
 30
0.0
 11
170.16
 21
-299.186
 31
0.0
  0
LINE
  5
523
330
17
100
AcDbEntity
  8
0
100
AcDbLine
 10
170.66
 20
-299.686
 30
0.0
 11
170.16
 21
-299.686
 31
0.0
  0
LINE
  5
524
330
17
100
AcDbEntity
  8
0
100
AcDbLine
 10
165.89
 20
-318.321
 30
0.0
 11
169.46
 21
-318.686
 31
0.0
  0
LINE
  5
525
330
17
100
AcDbEntity
  8
0
100
AcDbLine
 10
162.457
 20
-317.239
 30
0.0
 11
165.89
 21
-318.321
 31
0.0
  0
LINE
  5
526
330
17
100
AcDbEntity
  8
0
100
AcDbLine
 10
158.703
 20
-315.057
 30
0.0
 11
162.457
 21
-317.239
 31
0.0
  0
LINE
  5
527
330
17
100
AcDbEntity
  8
0
100
AcDbLine
 10
155.545
 20
-312.025
 30
0.0
 11
158.703
 21
-315.057
 31
0.0
  0
LINE
  5
528
330
17
100
AcDbEntity
  8
0
100
AcDbLine
 10
153.155
 20
-308.312
 30
0.0
 11
155.545
 21
-312.025
 31
0.0
  0
LINE
  5
529
330
17
100
AcDbEntity
  8
0
100
AcDbLine
 10
151.666
 20
-304.121
 30
0.0
 11
153.155
 21
-308.312
 31
0.0
  0
LINE
  5
52A
330
17
100
AcDbEntity
  8
0
100
AcDbLine
 10
151.16
 20
-299.686
 30
0.0
 11
151.666
 21
-304.121
 31
0.0
  0
LINE
  5
52B
330
17
100
AcDbEntity
  8
0
100
AcDbLine
 10
216.132
 20
-202.112
 30
0.0
 11
216.132
 21
-202.712
 31
0.0
  0
LINE
  5
52C
330
17
100
AcDbEntity
  8
0
100
AcDbLine
 10
235.132
 20
-202.112
 30
0.0
 11
216.132
 21
-202.112
 31
0.0
  0
LINE
  5
52D
330
17
100
AcDbEntity
  8
0
100
AcDbLine
 10
235.132
 20
-202.712
 30
0.0
 11
235.132
 21
-202.112
 31
0.0
  0
LINE
  5
52E
330
17
100
AcDbEntity
  8
0
100
AcDbLine
 10
236.132
 20
-184.312
 30
0.0
 11
236.132
 21
-183.312
 31
0.0
  0
LINE
  5
52F
330
17
100
AcDbEntity
  8
0
100
AcDbLine
 10
235.632
 20
-184.312
 30
0.0
 11
236.132
 21
-184.312
 31
0.0
  0
LINE
  5
530
330
17
100
AcDbEntity
  8
0
100
AcDbLine
 10
235.632
 20
-183.812
 30
0.0
 11
235.632
 21
-184.312
 31
0.0
  0
LINE
  5
531
330
17
100
AcDbEntity
  8
0
100
AcDbLine
 10
235.132
 20
-183.812
 30
0.0
 11
235.632
 21
-183.812
 31
0.0
  0
LINE
  5
532
330
17
100
AcDbEntity
  8
0
100
AcDbLine
 10
235.132
 20
-183.312
 30
0.0
 11
235.132
 21
-183.812
 31
0.0
  0
LINE
  5
533
330
17
100
AcDbEntity
  8
0
100
AcDbLine
 10
236.132
 20
-202.312
 30
0.0
 11
236.132
 21
-202.712
 31
0.0
  0
LINE
  5
534
330
17
100
AcDbEntity
  8
0
100
AcDbLine
 10
235.632
 20
-202.312
 30
0.0
 11
236.132
 21
-202.312
 31
0.0
  0
LINE
  5
535
330
17
100
AcDbEntity
  8
0
100
AcDbLine
 10
235.632
 20
-202.712
 30
0.0
 11
235.632
 21
-202.312
 31
0.0
  0
LINE
  5
536
330
17
100
AcDbEntity
  8
0
100
AcDbLine
 10
216.497
 20
-198.542
 30
0.0
 11
216.132
 21
-202.112
 31
0.0
  0
LINE
  5
537
330
17
100
AcDbEntity
  8
0
100
AcDbLine
 10
217.579
 20
-195.109
 30
0.0
 11
216.497
 21
-198.542
 31
0.0
  0
LINE
  5
538
330
17
100
AcDbEntity
  8
0
100
AcDbLine
 10
219.761
 20
-191.356
 30
0.0
 11
217.579
 21
-195.109
 31
0.0
  0
LINE
  5
539
330
17
100
AcDbEntity
  8
0
100
AcDbLine
 10
222.793
 20
-188.197
 30
0.0
 11
219.761
 21
-191.356
 31
0.0
  0
LINE
  5
53A
330
17
100
AcDbEntity
  8
0
100
AcDbLine
 10
226.507
 20
-185.807
 30
0.0
 11
222.793
 21
-188.197
 31
0.0
  0
LINE
  5
53B
330
17
100
AcDbEntity
  8
0
100
AcDbLine
 10
230.697
 20
-184.318
 30
0.0
 11
226.507
 21
-185.807
 31
0.0
  0
LINE
  5
53C
330
17
100
AcDbEntity
  8
0
100
AcDbLine
 10
235.132
 20
-183.812
 30
0.0
 11
230.697
 21
-184.318
 31
0.0
  0
LINE
  5
53D
330
17
100
AcDbEntity
  8
0
100
AcDbLine
 10
424.033
 20
-160.442
 30
0.0
 11
424.033
 21
-179.442
 31
0.0
  0
LINE
  5
53E
330
17
100
AcDbEntity
  8
0
100
AcDbLine
 10
424.733
 20
-160.442
 30
0.0
 11
424.033
 21
-160.442
 31
0.0
  0
LINE
  5
53F
330
17
100
AcDbEntity
  8
0
100
AcDbLine
 10
424.733
 20
-179.442
 30
0.0
 11
424.733
 21
-160.442
 31
0.0
  0
LINE
  5
540
330
17
100
AcDbEntity
  8
0
100
AcDbLine
 10
424.033
 20
-179.442
 30
0.0
 11
424.733
 21
-179.442
 31
0.0
  0
LINE
  5
541
330
17
100
AcDbEntity
  8
0
100
AcDbLine
 10
442.533
 20
-180.442
 30
0.0
 11
443.233
 21
-180.442
 31
0.0
  0
LINE
  5
542
330
17
100
AcDbEntity
  8
0
100
AcDbLine
 10
442.533
 20
-179.942
 30
0.0
 11
442.533
 21
-180.442
 31
0.0
  0
LINE
  5
543
330
17
100
AcDbEntity
  8
0
100
AcDbLine
 10
443.033
 20
-179.942
 30
0.0
 11
442.533
 21
-179.942
 31
0.0
  0
LINE
  5
544
330
17
100
AcDbEntity
  8
0
100
AcDbLine
 10
443.033
 20
-179.442
 30
0.0
 11
443.033
 21
-179.942
 31
0.0
  0
LINE
  5
545
330
17
100
AcDbEntity
  8
0
100
AcDbLine
 10
443.233
 20
-179.442
 30
0.0
 11
443.033
 21
-179.442
 31
0.0
  0
LINE
  5
546
330
17
100
AcDbEntity
  8
0
100
AcDbLine
 10
424.533
 20
-180.442
 30
0.0
 11
423.533
 21
-180.442
 31
0.0
  0
LINE
  5
547
330
17
100
AcDbEntity
  8
0
100
AcDbLine
 10
424.533
 20
-179.942
 30
0.0
 11
424.533
 21
-180.442
 31
0.0
  0
LINE
  5
548
330
17
100
AcDbEntity
  8
0
100
AcDbLine
 10
424.033
 20
-179.942
 30
0.0
 11
424.533
 21
-179.942
 31
0.0
  0
LINE
  5
549
330
17
100
AcDbEntity
  8
0
100
AcDbLine
 10
424.033
 20
-179.442
 30
0.0
 11
424.033
 21
-179.942
 31
0.0
  0
LINE
  5
54A
330
17
100
AcDbEntity
  8
0
100
AcDbLine
 10
423.533
 20
-179.442
 30
0.0
 11
424.033
 21
-179.442
 31
0.0
  0
LINE
  5
54B
330
17
100
AcDbEntity
  8
0
100
AcDbLine
 10
423.533
 20
-180.442
 30
0.0
 11
423.533
 21
-179.442
 31
0.0
  0
LINE
  5
54C
330
17
100
AcDbEntity
  8
0
100
AcDbLine
 10
428.303
 20
-160.807
 30
0.0
 11
424.733
 21
-160.442
 31
0.0
  0
LINE
  5
54D
330
17
100
AcDbEntity
  8
0
100
AcDbLine
 10
431.736
 20
-161.888
 30
0.0
 11
428.303
 21
-160.807
 31
0.0
  0
LINE
  5
54E
330
17
100
AcDbEntity
  8
0
100
AcDbLine
 10
435.49
 20
-164.071
 30
0.0
 11
431.736
 21
-161.888
 31
0.0
  0
LINE
  5
54F
330
17
100
AcDbEntity
  8
0
100
AcDbLine
 10
438.649
 20
-167.103
 30
0.0
 11
435.49
 21
-164.071
 31
0.0
  0
LINE
  5
550
330
17
100
AcDbEntity
  8
0
100
AcDbLine
 10
441.039
 20
-170.816
 30
0.0
 11
438.649
 21
-167.103
 31
0.0
  0
LINE
  5
551
330
17
100
AcDbEntity
  8
0
100
AcDbLine
 10
442.527
 20
-175.007
 30
0.0
 11
441.039
 21
-170.816
 31
0.0
  0
LINE
  5
552
330
17
100
AcDbEntity
  8
0
100
AcDbLine
 10
443.033
 20
-179.442
 30
0.0
 11
442.527
 21
-175.007
 31
0.0
  0
LINE
  5
553
330
17
100
AcDbEntity
  8
0
100
AcDbLine
 10
124.063
 20
-103.735
 30
0.0
 11
124.063
 21
-94.6978
 31
0.0
  0
LINE
  5
554
330
17
100
AcDbEntity
  8
0
100
AcDbLine
 10
123.363
 20
-94.6978
 30
0.0
 11
123.363
 21
-103.735
 31
0.0
  0
LINE
  5
555
330
17
100
AcDbEntity
  8
0
100
AcDbLine
 10
124.063
 20
-94.6978
 30
0.0
 11
123.363
 21
-94.6978
 31
0.0
  0
LINE
  5
556
330
17
100
AcDbEntity
  8
0
100
AcDbLine
 10
105.563
 20
-93.6978
 30
0.0
 11
104.563
 21
-93.6978
 31
0.0
  0
LINE
  5
557
330
17
100
AcDbEntity
  8
0
100
AcDbLine
 10
105.563
 20
-94.1978
 30
0.0
 11
105.563
 21
-93.6978
 31
0.0
  0
LINE
  5
558
330
17
100
AcDbEntity
  8
0
100
AcDbLine
 10
105.063
 20
-94.1978
 30
0.0
 11
105.563
 21
-94.1978
 31
0.0
  0
LINE
  5
559
330
17
100
AcDbEntity
  8
0
100
AcDbLine
 10
105.063
 20
-94.6978
 30
0.0
 11
105.063
 21
-94.1978
 31
0.0
  0
LINE
  5
55A
330
17
100
AcDbEntity
  8
0
100
AcDbLine
 10
104.563
 20
-94.6978
 30
0.0
 11
105.063
 21
-94.6978
 31
0.0
  0
LINE
  5
55B
330
17
100
AcDbEntity
  8
0
100
AcDbLine
 10
123.563
 20
-93.6978
 30
0.0
 11
124.563
 21
-93.6978
 31
0.0
  0
LINE
  5
55C
330
17
100
AcDbEntity
  8
0
100
AcDbLine
 10
123.563
 20
-94.1978
 30
0.0
 11
123.563
 21
-93.6978
 31
0.0
  0
LINE
  5
55D
330
17
100
AcDbEntity
  8
0
100
AcDbLine
 10
124.063
 20
-94.1978
 30
0.0
 11
123.563
 21
-94.1978
 31
0.0
  0
LINE
  5
55E
330
17
100
AcDbEntity
  8
0
100
AcDbLine
 10
124.063
 20
-94.6978
 30
0.0
 11
124.063
 21
-94.1978
 31
0.0
  0
LINE
  5
55F
330
17
100
AcDbEntity
  8
0
100
AcDbLine
 10
124.563
 20
-94.6978
 30
0.0
 11
124.063
 21
-94.6978
 31
0.0
  0
LINE
  5
560
330
17
100
AcDbEntity
  8
0
100
AcDbLine
 10
119.793
 20
-113.333
 30
0.0
 11
122.563
 21
-113.616
 31
0.0
  0
LINE
  5
561
330
17
100
AcDbEntity
  8
0
100
AcDbLine
 10
116.36
 20
-112.252
 30
0.0
 11
119.793
 21
-113.333
 31
0.0
  0
LINE
  5
562
330
17
100
AcDbEntity
  8
0
100
AcDbLine
 10
112.606
 20
-110.069
 30
0.0
 11
116.36
 21
-112.252
 31
0.0
  0
LINE
  5
563
330
17
100
AcDbEntity
  8
0
100
AcDbLine
 10
109.447
 20
-107.037
 30
0.0
 11
112.606
 21
-110.069
 31
0.0
  0
LINE
  5
564
330
17
100
AcDbEntity
  8
0
100
AcDbLine
 10
107.057
 20
-103.324
 30
0.0
 11
109.447
 21
-107.037
 31
0.0
  0
LINE
  5
565
330
17
100
AcDbEntity
  8
0
100
AcDbLine
 10
105.568
 20
-99.1333
 30
0.0
 11
107.057
 21
-103.324
 31
0.0
  0
LINE
  5
566
330
17
100
AcDbEntity
  8
0
100
AcDbLine
 10
105.063
 20
-94.6978
 30
0.0
 11
105.568
 21
-99.1333
 31
0.0
  0
LINE
  5
567
330
17
100
AcDbEntity
  8
0
100
AcDbLine
 10
355.229
 20
-180.942
 30
0.0
 11
336.229
 21
-180.942
 31
0.0
  0
LINE
  5
568
330
17
100
AcDbEntity
  8
0
100
AcDbLine
 10
355.229
 20
-181.642
 30
0.0
 11
355.229
 21
-180.942
 31
0.0
  0
LINE
  5
569
330
17
100
AcDbEntity
  8
0
100
AcDbLine
 10
336.229
 20
-181.642
 30
0.0
 11
355.229
 21
-181.642
 31
0.0
  0
LINE
  5
56A
330
17
100
AcDbEntity
  8
0
100
AcDbLine
 10
336.229
 20
-180.942
 30
0.0
 11
336.229
 21
-181.642
 31
0.0
  0
LINE
  5
56B
330
17
100
AcDbEntity
  8
0
100
AcDbLine
 10
335.229
 20
-199.442
 30
0.0
 11
335.229
 21
-200.442
 31
0.0
  0
LINE
  5
56C
330
17
100
AcDbEntity
  8
0
100
AcDbLine
 10
335.729
 20
-199.442
 30
0.0
 11
335.229
 21
-199.442
 31
0.0
  0
LINE
  5
56D
330
17
100
AcDbEntity
  8
0
100
AcDbLine
 10
335.729
 20
-199.942
 30
0.0
 11
335.729
 21
-199.442
 31
0.0
  0
LINE
  5
56E
330
17
100
AcDbEntity
  8
0
100
AcDbLine
 10
336.229
 20
-199.942
 30
0.0
 11
335.729
 21
-199.942
 31
0.0
  0
LINE
  5
56F
330
17
100
AcDbEntity
  8
0
100
AcDbLine
 10
336.229
 20
-200.442
 30
0.0
 11
336.229
 21
-199.942
 31
0.0
  0
LINE
  5
570
330
17
100
AcDbEntity
  8
0
100
AcDbLine
 10
335.229
 20
-181.442
 30
0.0
 11
335.229
 21
-180.442
 31
0.0
  0
LINE
  5
571
330
17
100
AcDbEntity
  8
0
100
AcDbLine
 10
335.729
 20
-181.442
 30
0.0
 11
335.229
 21
-181.442
 31
0.0
  0
LINE
  5
572
330
17
100
AcDbEntity
  8
0
100
AcDbLine
 10
335.729
 20
-180.942
 30
0.0
 11
335.729
 21
-181.442
 31
0.0
  0
LINE
  5
573
330
17
100
AcDbEntity
  8
0
100
AcDbLine
 10
336.229
 20
-180.942
 30
0.0
 11
335.729
 21
-180.942
 31
0.0
  0
LINE
  5
574
330
17
100
AcDbEntity
  8
0
100
AcDbLine
 10
336.229
 20
-180.442
 30
0.0
 11
336.229
 21
-180.942
 31
0.0
  0
LINE
  5
575
330
17
100
AcDbEntity
  8
0
100
AcDbLine
 10
354.864
 20
-185.212
 30
0.0
 11
355.229
 21
-181.642
 31
0.0
  0
LINE
  5
576
330
17
100
AcDbEntity
  8
0
100
AcDbLine
 10
353.783
 20
-188.645
 30
0.0
 11
354.864
 21
-185.212
 31
0.0
  0
LINE
  5
577
330
17
100
AcDbEntity
  8
0
100
AcDbLine
 10
351.601
 20
-192.399
 30
0.0
 11
353.783
 21
-188.645
 31
0.0
  0
LINE
  5
578
330
17
100
AcDbEntity
  8
0
100
AcDbLine
 10
348.569
 20
-195.558
 30
0.0
 11
351.601
 21
-192.399
 31
0.0
  0
LINE
  5
579
330
17
100
AcDbEntity
  8
0
100
AcDbLine
 10
344.855
 20
-197.948
 30
0.0
 11
348.569
 21
-195.558
 31
0.0
  0
LINE
  5
57A
330
17
100
AcDbEntity
  8
0
100
AcDbLine
 10
340.665
 20
-199.437
 30
0.0
 11
344.855
 21
-197.948
 31
0.0
  0
LINE
  5
57B
330
17
100
AcDbEntity
  8
0
100
AcDbLine
 10
336.229
 20
-199.942
 30
0.0
 11
340.665
 21
-199.437
 31
0.0
  0
LINE
  5
57C
330
17
100
AcDbEntity
  8
0
100
AcDbLine
 10
464.179
 20
-228.41
 30
0.0
 11
445.179
 21
-228.41
 31
0.0
  0
LINE
  5
57D
330
17
100
AcDbEntity
  8
0
100
AcDbLine
 10
464.179
 20
-229.11
 30
0.0
 11
464.179
 21
-228.41
 31
0.0
  0
LINE
  5
57E
330
17
100
AcDbEntity
  8
0
100
AcDbLine
 10
445.179
 20
-229.11
 30
0.0
 11
464.179
 21
-229.11
 31
0.0
  0
LINE
  5
57F
330
17
100
AcDbEntity
  8
0
100
AcDbLine
 10
445.179
 20
-228.41
 30
0.0
 11
445.179
 21
-229.11
 31
0.0
  0
LINE
  5
580
330
17
100
AcDbEntity
  8
0
100
AcDbLine
 10
444.179
 20
-246.91
 30
0.0
 11
444.179
 21
-247.91
 31
0.0
  0
LINE
  5
581
330
17
100
AcDbEntity
  8
0
100
AcDbLine
 10
444.679
 20
-246.91
 30
0.0
 11
444.179
 21
-246.91
 31
0.0
  0
LINE
  5
582
330
17
100
AcDbEntity
  8
0
100
AcDbLine
 10
444.679
 20
-247.41
 30
0.0
 11
444.679
 21
-246.91
 31
0.0
  0
LINE
  5
583
330
17
100
AcDbEntity
  8
0
100
AcDbLine
 10
445.179
 20
-247.41
 30
0.0
 11
444.679
 21
-247.41
 31
0.0
  0
LINE
  5
584
330
17
100
AcDbEntity
  8
0
100
AcDbLine
 10
445.179
 20
-247.91
 30
0.0
 11
445.179
 21
-247.41
 31
0.0
  0
LINE
  5
585
330
17
100
AcDbEntity
  8
0
100
AcDbLine
 10
444.179
 20
-228.91
 30
0.0
 11
444.179
 21
-227.91
 31
0.0
  0
LINE
  5
586
330
17
100
AcDbEntity
  8
0
100
AcDbLine
 10
444.679
 20
-228.91
 30
0.0
 11
444.179
 21
-228.91
 31
0.0
  0
LINE
  5
587
330
17
100
AcDbEntity
  8
0
100
AcDbLine
 10
444.679
 20
-228.41
 30
0.0
 11
444.679
 21
-228.91
 31
0.0
  0
LINE
  5
588
330
17
100
AcDbEntity
  8
0
100
AcDbLine
 10
445.179
 20
-228.41
 30
0.0
 11
444.679
 21
-228.41
 31
0.0
  0
LINE
  5
589
330
17
100
AcDbEntity
  8
0
100
AcDbLine
 10
445.179
 20
-227.91
 30
0.0
 11
445.179
 21
-228.41
 31
0.0
  0
LINE
  5
58A
330
17
100
AcDbEntity
  8
0
100
AcDbLine
 10
463.814
 20
-232.68
 30
0.0
 11
464.179
 21
-229.11
 31
0.0
  0
LINE
  5
58B
330
17
100
AcDbEntity
  8
0
100
AcDbLine
 10
462.733
 20
-236.113
 30
0.0
 11
463.814
 21
-232.68
 31
0.0
  0
LINE
  5
58C
330
17
100
AcDbEntity
  8
0
100
AcDbLine
 10
460.551
 20
-239.866
 30
0.0
 11
462.733
 21
-236.113
 31
0.0
  0
LINE
  5
58D
330
17
100
AcDbEntity
  8
0
100
AcDbLine
 10
457.519
 20
-243.025
 30
0.0
 11
460.551
 21
-239.866
 31
0.0
  0
LINE
  5
58E
330
17
100
AcDbEntity
  8
0
100
AcDbLine
 10
453.805
 20
-245.415
 30
0.0
 11
457.519
 21
-243.025
 31
0.0
  0
LINE
  5
58F
330
17
100
AcDbEntity
  8
0
100
AcDbLine
 10
449.615
 20
-246.904
 30
0.0
 11
453.805
 21
-245.415
 31
0.0
  0
LINE
  5
590
330
17
100
AcDbEntity
  8
0
100
AcDbLine
 10
445.179
 20
-247.41
 30
0.0
 11
449.615
 21
-246.904
 31
0.0
  0
LINE
  5
591
330
17
100
AcDbEntity
  8
0
100
AcDbLine
 10
9.4599
 20
-206.517
 30
0.0
 11
9.4599
 21
-203.917
 31
0.0
  0
LINE
  5
592
330
17
100
AcDbEntity
  8
0
100
AcDbLine
 10
10.0213
 20
-206.517
 30
0.0
 11
9.4599
 21
-206.517
 31
0.0
  0
LINE
  5
593
330
17
100
AcDbEntity
  8
0
100
AcDbLine
 10
9.4599
 20
-203.917
 30
0.0
 11
10.2132
 21
-203.917
 31
0.0
  0
LINE
  5
594
330
17
100
AcDbEntity
  8
0
100
AcDbLine
 10
9.2599
 20
-203.717
 30
0.0
 11
9.2599
 21
-206.717
 31
0.0
  0
LINE
  5
595
330
17
100
AcDbEntity
  8
0
100
AcDbLine
 10
10.228
 20
-203.717
 30
0.0
 11
9.2599
 21
-203.717
 31
0.0
  0
LINE
  5
596
330
17
100
AcDbEntity
  8
0
100
AcDbLine
 10
9.2599
 20
-206.717
 30
0.0
 11
10.0065
 21
-206.717
 31
0.0
  0
LINE
  5
597
330
17
100
AcDbEntity
  8
0
100
AcDbLine
 10
208.679
 20
-313.691
 30
0.0
 11
209.379
 21
-313.691
 31
0.0
  0
LINE
  5
598
330
17
100
AcDbEntity
  8
0
100
AcDbLine
 10
208.679
 20
-314.391
 30
0.0
 11
208.679
 21
-313.691
 31
0.0
  0
LINE
  5
599
330
17
100
AcDbEntity
  8
0
100
AcDbLine
 10
209.379
 20
-314.391
 30
0.0
 11
208.679
 21
-314.391
 31
0.0
  0
LINE
  5
59A
330
17
100
AcDbEntity
  8
0
100
AcDbLine
 10
209.379
 20
-313.691
 30
0.0
 11
209.379
 21
-314.391
 31
0.0
  0
LINE
  5
59B
330
17
100
AcDbEntity
  8
0
100
AcDbLine
 10
208.679
 20
-318.691
 30
0.0
 11
209.379
 21
-318.691
 31
0.0
  0
LINE
  5
59C
330
17
100
AcDbEntity
  8
0
100
AcDbLine
 10
208.679
 20
-317.991
 30
0.0
 11
208.679
 21
-318.691
 31
0.0
  0
LINE
  5
59D
330
17
100
AcDbEntity
  8
0
100
AcDbLine
 10
209.379
 20
-317.991
 30
0.0
 11
208.679
 21
-317.991
 31
0.0
  0
LINE
  5
59E
330
17
100
AcDbEntity
  8
0
100
AcDbLine
 10
209.379
 20
-318.691
 30
0.0
 11
209.379
 21
-317.991
 31
0.0
  0
LINE
  5
59F
330
17
100
AcDbEntity
  8
0
100
AcDbLine
 10
210.179
 20
-314.191
 30
0.0
 11
210.179
 21
-313.191
 31
0.0
  0
LINE
  5
5A0
330
17
100
AcDbEntity
  8
0
100
AcDbLine
 10
209.379
 20
-314.191
 30
0.0
 11
210.179
 21
-314.191
 31
0.0
  0
LINE
  5
5A1
330
17
100
AcDbEntity
  8
0
100
AcDbLine
 10
209.379
 20
-313.691
 30
0.0
 11
209.379
 21
-314.191
 31
0.0
  0
LINE
  5
5A2
330
17
100
AcDbEntity
  8
0
100
AcDbLine
 10
209.179
 20
-313.691
 30
0.0
 11
209.379
 21
-313.691
 31
0.0
  0
LINE
  5
5A3
330
17
100
AcDbEntity
  8
0
100
AcDbLine
 10
209.179
 20
-313.191
 30
0.0
 11
209.179
 21
-313.691
 31
0.0
  0
LINE
  5
5A4
330
17
100
AcDbEntity
  8
0
100
AcDbLine
 10
210.179
 20
-318.191
 30
0.0
 11
210.179
 21
-319.191
 31
0.0
  0
LINE
  5
5A5
330
17
100
AcDbEntity
  8
0
100
AcDbLine
 10
209.379
 20
-318.191
 30
0.0
 11
210.179
 21
-318.191
 31
0.0
  0
LINE
  5
5A6
330
17
100
AcDbEntity
  8
0
100
AcDbLine
 10
209.379
 20
-318.691
 30
0.0
 11
209.379
 21
-318.191
 31
0.0
  0
LINE
  5
5A7
330
17
100
AcDbEntity
  8
0
100
AcDbLine
 10
209.179
 20
-318.691
 30
0.0
 11
209.379
 21
-318.691
 31
0.0
  0
LINE
  5
5A8
330
17
100
AcDbEntity
  8
0
100
AcDbLine
 10
209.179
 20
-319.191
 30
0.0
 11
209.179
 21
-318.691
 31
0.0
  0
LINE
  5
5A9
330
17
100
AcDbEntity
  8
0
100
AcDbLine
 10
209.029
 20
-317.991
 30
0.0
 11
209.029
 21
-314.391
 31
0.0
  0
LINE
  5
5AA
330
17
100
AcDbEntity
  8
0
100
AcDbLine
 10
208.679
 20
-317.991
 30
0.0
 11
208.679
 21
-314.391
 31
0.0
  0
LINE
  5
5AB
330
17
100
AcDbEntity
  8
0
100
AcDbLine
 10
209.379
 20
-317.991
 30
0.0
 11
209.379
 21
-314.391
 31
0.0
  0
LINE
  5
5AC
330
17
100
AcDbEntity
  8
0
100
AcDbLine
 10
210.179
 20
-318.191
 30
0.0
 11
210.179
 21
-314.191
 31
0.0
  0
LINE
  5
5AD
330
17
100
AcDbEntity
  8
0
100
AcDbLine
 10
208.679
 20
-344.134
 30
0.0
 11
209.379
 21
-344.134
 31
0.0
  0
LINE
  5
5AE
330
17
100
AcDbEntity
  8
0
100
AcDbLine
 10
208.679
 20
-344.834
 30
0.0
 11
208.679
 21
-344.134
 31
0.0
  0
LINE
  5
5AF
330
17
100
AcDbEntity
  8
0
100
AcDbLine
 10
209.379
 20
-344.834
 30
0.0
 11
208.679
 21
-344.834
 31
0.0
  0
LINE
  5
5B0
330
17
100
AcDbEntity
  8
0
100
AcDbLine
 10
209.379
 20
-344.134
 30
0.0
 11
209.379
 21
-344.834
 31
0.0
  0
LINE
  5
5B1
330
17
100
AcDbEntity
  8
0
100
AcDbLine
 10
208.679
 20
-349.134
 30
0.0
 11
209.379
 21
-349.134
 31
0.0
  0
LINE
  5
5B2
330
17
100
AcDbEntity
  8
0
100
AcDbLine
 10
208.679
 20
-348.434
 30
0.0
 11
208.679
 21
-349.134
 31
0.0
  0
LINE
  5
5B3
330
17
100
AcDbEntity
  8
0
100
AcDbLine
 10
209.379
 20
-348.434
 30
0.0
 11
208.679
 21
-348.434
 31
0.0
  0
LINE
  5
5B4
330
17
100
AcDbEntity
  8
0
100
AcDbLine
 10
209.379
 20
-349.134
 30
0.0
 11
209.379
 21
-348.434
 31
0.0
  0
LINE
  5
5B5
330
17
100
AcDbEntity
  8
0
100
AcDbLine
 10
210.179
 20
-344.634
 30
0.0
 11
210.179
 21
-343.634
 31
0.0
  0
LINE
  5
5B6
330
17
100
AcDbEntity
  8
0
100
AcDbLine
 10
209.379
 20
-344.634
 30
0.0
 11
210.179
 21
-344.634
 31
0.0
  0
LINE
  5
5B7
330
17
100
AcDbEntity
  8
0
100
AcDbLine
 10
209.379
 20
-344.134
 30
0.0
 11
209.379
 21
-344.634
 31
0.0
  0
LINE
  5
5B8
330
17
100
AcDbEntity
  8
0
100
AcDbLine
 10
209.179
 20
-344.134
 30
0.0
 11
209.379
 21
-344.134
 31
0.0
  0
LINE
  5
5B9
330
17
100
AcDbEntity
  8
0
100
AcDbLine
 10
209.179
 20
-343.634
 30
0.0
 11
209.179
 21
-344.134
 31
0.0
  0
LINE
  5
5BA
330
17
100
AcDbEntity
  8
0
100
AcDbLine
 10
210.179
 20
-348.634
 30
0.0
 11
210.179
 21
-349.634
 31
0.0
  0
LINE
  5
5BB
330
17
100
AcDbEntity
  8
0
100
AcDbLine
 10
209.379
 20
-348.634
 30
0.0
 11
210.179
 21
-348.634
 31
0.0
  0
LINE
  5
5BC
330
17
100
AcDbEntity
  8
0
100
AcDbLine
 10
209.379
 20
-349.134
 30
0.0
 11
209.379
 21
-348.634
 31
0.0
  0
LINE
  5
5BD
330
17
100
AcDbEntity
  8
0
100
AcDbLine
 10
209.179
 20
-349.134
 30
0.0
 11
209.379
 21
-349.134
 31
0.0
  0
LINE
  5
5BE
330
17
100
AcDbEntity
  8
0
100
AcDbLine
 10
209.179
 20
-349.634
 30
0.0
 11
209.179
 21
-349.134
 31
0.0
  0
LINE
  5
5BF
330
17
100
AcDbEntity
  8
0
100
AcDbLine
 10
209.029
 20
-348.434
 30
0.0
 11
209.029
 21
-344.834
 31
0.0
  0
LINE
  5
5C0
330
17
100
AcDbEntity
  8
0
100
AcDbLine
 10
208.679
 20
-348.434
 30
0.0
 11
208.679
 21
-344.834
 31
0.0
  0
LINE
  5
5C1
330
17
100
AcDbEntity
  8
0
100
AcDbLine
 10
209.379
 20
-348.434
 30
0.0
 11
209.379
 21
-344.834
 31
0.0
  0
LINE
  5
5C2
330
17
100
AcDbEntity
  8
0
100
AcDbLine
 10
210.179
 20
-348.634
 30
0.0
 11
210.179
 21
-344.634
 31
0.0
  0
LINE
  5
5C3
330
17
100
AcDbEntity
  8
0
100
AcDbLine
 10
514.633
 20
-388.013
 30
0.0
 11
514.633
 21
-388.713
 31
0.0
  0
LINE
  5
5C4
330
17
100
AcDbEntity
  8
0
100
AcDbLine
 10
513.233
 20
-388.013
 30
0.0
 11
514.633
 21
-388.013
 31
0.0
  0
LINE
  5
5C5
330
17
100
AcDbEntity
  8
0
100
AcDbLine
 10
513.233
 20
-388.713
 30
0.0
 11
513.233
 21
-388.013
 31
0.0
  0
LINE
  5
5C6
330
17
100
AcDbEntity
  8
0
100
AcDbLine
 10
514.633
 20
-388.713
 30
0.0
 11
513.233
 21
-388.713
 31
0.0
  0
LINE
  5
5C7
330
17
100
AcDbEntity
  8
0
100
AcDbLine
 10
499.633
 20
-388.013
 30
0.0
 11
499.633
 21
-388.713
 31
0.0
  0
LINE
  5
5C8
330
17
100
AcDbEntity
  8
0
100
AcDbLine
 10
501.033
 20
-388.013
 30
0.0
 11
499.633
 21
-388.013
 31
0.0
  0
LINE
  5
5C9
330
17
100
AcDbEntity
  8
0
100
AcDbLine
 10
501.033
 20
-388.713
 30
0.0
 11
501.033
 21
-388.013
 31
0.0
  0
LINE
  5
5CA
330
17
100
AcDbEntity
  8
0
100
AcDbLine
 10
499.633
 20
-388.713
 30
0.0
 11
501.033
 21
-388.713
 31
0.0
  0
LINE
  5
5CB
330
17
100
AcDbEntity
  8
0
100
AcDbLine
 10
514.133
 20
-389.513
 30
0.0
 11
515.133
 21
-389.513
 31
0.0
  0
LINE
  5
5CC
330
17
100
AcDbEntity
  8
0
100
AcDbLine
 10
514.133
 20
-388.713
 30
0.0
 11
514.133
 21
-389.513
 31
0.0
  0
LINE
  5
5CD
330
17
100
AcDbEntity
  8
0
100
AcDbLine
 10
514.633
 20
-388.713
 30
0.0
 11
514.133
 21
-388.713
 31
0.0
  0
LINE
  5
5CE
330
17
100
AcDbEntity
  8
0
100
AcDbLine
 10
514.633
 20
-388.513
 30
0.0
 11
514.633
 21
-388.713
 31
0.0
  0
LINE
  5
5CF
330
17
100
AcDbEntity
  8
0
100
AcDbLine
 10
515.133
 20
-388.513
 30
0.0
 11
514.633
 21
-388.513
 31
0.0
  0
LINE
  5
5D0
330
17
100
AcDbEntity
  8
0
100
AcDbLine
 10
499.633
 20
-388.013
 30
0.0
 11
499.633
 21
-388.713
 31
0.0
  0
LINE
  5
5D1
330
17
100
AcDbEntity
  8
0
100
AcDbLine
 10
498.233
 20
-388.013
 30
0.0
 11
499.633
 21
-388.013
 31
0.0
  0
LINE
  5
5D2
330
17
100
AcDbEntity
  8
0
100
AcDbLine
 10
498.233
 20
-388.713
 30
0.0
 11
498.233
 21
-388.013
 31
0.0
  0
LINE
  5
5D3
330
17
100
AcDbEntity
  8
0
100
AcDbLine
 10
499.633
 20
-388.713
 30
0.0
 11
498.233
 21
-388.713
 31
0.0
  0
LINE
  5
5D4
330
17
100
AcDbEntity
  8
0
100
AcDbLine
 10
484.633
 20
-388.013
 30
0.0
 11
484.633
 21
-388.713
 31
0.0
  0
LINE
  5
5D5
330
17
100
AcDbEntity
  8
0
100
AcDbLine
 10
486.033
 20
-388.013
 30
0.0
 11
484.633
 21
-388.013
 31
0.0
  0
LINE
  5
5D6
330
17
100
AcDbEntity
  8
0
100
AcDbLine
 10
486.033
 20
-388.713
 30
0.0
 11
486.033
 21
-388.013
 31
0.0
  0
LINE
  5
5D7
330
17
100
AcDbEntity
  8
0
100
AcDbLine
 10
484.633
 20
-388.713
 30
0.0
 11
486.033
 21
-388.713
 31
0.0
  0
LINE
  5
5D8
330
17
100
AcDbEntity
  8
0
100
AcDbLine
 10
485.133
 20
-389.513
 30
0.0
 11
484.133
 21
-389.513
 31
0.0
  0
LINE
  5
5D9
330
17
100
AcDbEntity
  8
0
100
AcDbLine
 10
485.133
 20
-388.713
 30
0.0
 11
485.133
 21
-389.513
 31
0.0
  0
LINE
  5
5DA
330
17
100
AcDbEntity
  8
0
100
AcDbLine
 10
484.633
 20
-388.713
 30
0.0
 11
485.133
 21
-388.713
 31
0.0
  0
LINE
  5
5DB
330
17
100
AcDbEntity
  8
0
100
AcDbLine
 10
484.633
 20
-388.513
 30
0.0
 11
484.633
 21
-388.713
 31
0.0
  0
LINE
  5
5DC
330
17
100
AcDbEntity
  8
0
100
AcDbLine
 10
484.133
 20
-388.513
 30
0.0
 11
484.633
 21
-388.513
 31
0.0
  0
LINE
  5
5DD
330
17
100
AcDbEntity
  8
0
100
AcDbLine
 10
501.033
 20
-388.363
 30
0.0
 11
513.233
 21
-388.363
 31
0.0
  0
LINE
  5
5DE
330
17
100
AcDbEntity
  8
0
100
AcDbLine
 10
501.033
 20
-388.013
 30
0.0
 11
513.233
 21
-388.013
 31
0.0
  0
LINE
  5
5DF
330
17
100
AcDbEntity
  8
0
100
AcDbLine
 10
501.033
 20
-388.713
 30
0.0
 11
513.233
 21
-388.713
 31
0.0
  0
LINE
  5
5E0
330
17
100
AcDbEntity
  8
0
100
AcDbLine
 10
500.133
 20
-389.513
 30
0.0
 11
499.633
 21
-389.513
 31
0.0
  0
LINE
  5
5E1
330
17
100
AcDbEntity
  8
0
100
AcDbLine
 10
500.133
 20
-388.713
 30
0.0
 11
500.133
 21
-389.513
 31
0.0
  0
LINE
  5
5E2
330
17
100
AcDbEntity
  8
0
100
AcDbLine
 10
499.633
 20
-388.713
 30
0.0
 11
500.133
 21
-388.713
 31
0.0
  0
LINE
  5
5E3
330
17
100
AcDbEntity
  8
0
100
AcDbLine
 10
499.633
 20
-388.513
 30
0.0
 11
499.633
 21
-388.713
 31
0.0
  0
LINE
  5
5E4
330
17
100
AcDbEntity
  8
0
100
AcDbLine
 10
500.133
 20
-389.513
 30
0.0
 11
514.133
 21
-389.513
 31
0.0
  0
LINE
  5
5E5
330
17
100
AcDbEntity
  8
0
100
AcDbLine
 10
486.033
 20
-388.363
 30
0.0
 11
498.233
 21
-388.363
 31
0.0
  0
LINE
  5
5E6
330
17
100
AcDbEntity
  8
0
100
AcDbLine
 10
486.033
 20
-388.013
 30
0.0
 11
498.233
 21
-388.013
 31
0.0
  0
LINE
  5
5E7
330
17
100
AcDbEntity
  8
0
100
AcDbLine
 10
486.033
 20
-388.713
 30
0.0
 11
498.233
 21
-388.713
 31
0.0
  0
LINE
  5
5E8
330
17
100
AcDbEntity
  8
0
100
AcDbLine
 10
499.133
 20
-389.513
 30
0.0
 11
499.633
 21
-389.513
 31
0.0
  0
LINE
  5
5E9
330
17
100
AcDbEntity
  8
0
100
AcDbLine
 10
499.133
 20
-388.713
 30
0.0
 11
499.133
 21
-389.513
 31
0.0
  0
LINE
  5
5EA
330
17
100
AcDbEntity
  8
0
100
AcDbLine
 10
499.633
 20
-388.713
 30
0.0
 11
499.133
 21
-388.713
 31
0.0
  0
LINE
  5
5EB
330
17
100
AcDbEntity
  8
0
100
AcDbLine
 10
499.633
 20
-388.513
 30
0.0
 11
499.633
 21
-388.713
 31
0.0
  0
LINE
  5
5EC
330
17
100
AcDbEntity
  8
0
100
AcDbLine
 10
485.133
 20
-389.513
 30
0.0
 11
499.133
 21
-389.513
 31
0.0
  0
LINE
  5
5ED
330
17
100
AcDbEntity
  8
0
100
AcDbLine
 10
449.6
 20
-388.013
 30
0.0
 11
449.6
 21
-388.713
 31
0.0
  0
LINE
  5
5EE
330
17
100
AcDbEntity
  8
0
100
AcDbLine
 10
448.2
 20
-388.713
 30
0.0
 11
448.2
 21
-388.013
 31
0.0
  0
LINE
  5
5EF
330
17
100
AcDbEntity
  8
0
100
AcDbLine
 10
449.6
 20
-388.713
 30
0.0
 11
448.2
 21
-388.713
 31
0.0
  0
LINE
  5
5F0
330
17
100
AcDbEntity
  8
0
100
AcDbLine
 10
434.6
 20
-388.013
 30
0.0
 11
434.6
 21
-388.713
 31
0.0
  0
LINE
  5
5F1
330
17
100
AcDbEntity
  8
0
100
AcDbLine
 10
436.0
 20
-388.713
 30
0.0
 11
436.0
 21
-388.013
 31
0.0
  0
LINE
  5
5F2
330
17
100
AcDbEntity
  8
0
100
AcDbLine
 10
434.6
 20
-388.713
 30
0.0
 11
436.0
 21
-388.713
 31
0.0
  0
LINE
  5
5F3
330
17
100
AcDbEntity
  8
0
100
AcDbLine
 10
449.1
 20
-389.513
 30
0.0
 11
450.1
 21
-389.513
 31
0.0
  0
LINE
  5
5F4
330
17
100
AcDbEntity
  8
0
100
AcDbLine
 10
449.1
 20
-388.713
 30
0.0
 11
449.1
 21
-389.513
 31
0.0
  0
LINE
  5
5F5
330
17
100
AcDbEntity
  8
0
100
AcDbLine
 10
449.6
 20
-388.713
 30
0.0
 11
449.1
 21
-388.713
 31
0.0
  0
LINE
  5
5F6
330
17
100
AcDbEntity
  8
0
100
AcDbLine
 10
449.6
 20
-388.513
 30
0.0
 11
449.6
 21
-388.713
 31
0.0
  0
LINE
  5
5F7
330
17
100
AcDbEntity
  8
0
100
AcDbLine
 10
450.1
 20
-388.513
 30
0.0
 11
449.6
 21
-388.513
 31
0.0
  0
LINE
  5
5F8
330
17
100
AcDbEntity
  8
0
100
AcDbLine
 10
434.6
 20
-388.013
 30
0.0
 11
434.6
 21
-388.713
 31
0.0
  0
LINE
  5
5F9
330
17
100
AcDbEntity
  8
0
100
AcDbLine
 10
433.2
 20
-388.713
 30
0.0
 11
433.2
 21
-388.013
 31
0.0
  0
LINE
  5
5FA
330
17
100
AcDbEntity
  8
0
100
AcDbLine
 10
434.6
 20
-388.713
 30
0.0
 11
433.2
 21
-388.713
 31
0.0
  0
LINE
  5
5FB
330
17
100
AcDbEntity
  8
0
100
AcDbLine
 10
419.6
 20
-388.013
 30
0.0
 11
419.6
 21
-388.713
 31
0.0
  0
LINE
  5
5FC
330
17
100
AcDbEntity
  8
0
100
AcDbLine
 10
421.0
 20
-388.713
 30
0.0
 11
421.0
 21
-388.013
 31
0.0
  0
LINE
  5
5FD
330
17
100
AcDbEntity
  8
0
100
AcDbLine
 10
419.6
 20
-388.713
 30
0.0
 11
421.0
 21
-388.713
 31
0.0
  0
LINE
  5
5FE
330
17
100
AcDbEntity
  8
0
100
AcDbLine
 10
420.1
 20
-389.513
 30
0.0
 11
419.1
 21
-389.513
 31
0.0
  0
LINE
  5
5FF
330
17
100
AcDbEntity
  8
0
100
AcDbLine
 10
420.1
 20
-388.713
 30
0.0
 11
420.1
 21
-389.513
 31
0.0
  0
LINE
  5
600
330
17
100
AcDbEntity
  8
0
100
AcDbLine
 10
419.6
 20
-388.713
 30
0.0
 11
420.1
 21
-388.713
 31
0.0
  0
LINE
  5
601
330
17
100
AcDbEntity
  8
0
100
AcDbLine
 10
419.6
 20
-388.513
 30
0.0
 11
419.6
 21
-388.713
 31
0.0
  0
LINE
  5
602
330
17
100
AcDbEntity
  8
0
100
AcDbLine
 10
419.1
 20
-388.513
 30
0.0
 11
419.6
 21
-388.513
 31
0.0
  0
LINE
  5
603
330
17
100
AcDbEntity
  8
0
100
AcDbLine
 10
436.0
 20
-388.363
 30
0.0
 11
448.2
 21
-388.363
 31
0.0
  0
LINE
  5
604
330
17
100
AcDbEntity
  8
0
100
AcDbLine
 10
436.0
 20
-388.713
 30
0.0
 11
448.2
 21
-388.713
 31
0.0
  0
LINE
  5
605
330
17
100
AcDbEntity
  8
0
100
AcDbLine
 10
435.1
 20
-389.513
 30
0.0
 11
434.6
 21
-389.513
 31
0.0
  0
LINE
  5
606
330
17
100
AcDbEntity
  8
0
100
AcDbLine
 10
435.1
 20
-388.713
 30
0.0
 11
435.1
 21
-389.513
 31
0.0
  0
LINE
  5
607
330
17
100
AcDbEntity
  8
0
100
AcDbLine
 10
434.6
 20
-388.713
 30
0.0
 11
435.1
 21
-388.713
 31
0.0
  0
LINE
  5
608
330
17
100
AcDbEntity
  8
0
100
AcDbLine
 10
434.6
 20
-388.513
 30
0.0
 11
434.6
 21
-388.713
 31
0.0
  0
LINE
  5
609
330
17
100
AcDbEntity
  8
0
100
AcDbLine
 10
435.1
 20
-389.513
 30
0.0
 11
449.1
 21
-389.513
 31
0.0
  0
LINE
  5
60A
330
17
100
AcDbEntity
  8
0
100
AcDbLine
 10
421.0
 20
-388.363
 30
0.0
 11
433.2
 21
-388.363
 31
0.0
  0
LINE
  5
60B
330
17
100
AcDbEntity
  8
0
100
AcDbLine
 10
421.0
 20
-388.713
 30
0.0
 11
433.2
 21
-388.713
 31
0.0
  0
LINE
  5
60C
330
17
100
AcDbEntity
  8
0
100
AcDbLine
 10
434.1
 20
-389.513
 30
0.0
 11
434.6
 21
-389.513
 31
0.0
  0
LINE
  5
60D
330
17
100
AcDbEntity
  8
0
100
AcDbLine
 10
434.1
 20
-388.713
 30
0.0
 11
434.1
 21
-389.513
 31
0.0
  0
LINE
  5
60E
330
17
100
AcDbEntity
  8
0
100
AcDbLine
 10
434.6
 20
-388.713
 30
0.0
 11
434.1
 21
-388.713
 31
0.0
  0
LINE
  5
60F
330
17
100
AcDbEntity
  8
0
100
AcDbLine
 10
434.6
 20
-388.513
 30
0.0
 11
434.6
 21
-388.713
 31
0.0
  0
LINE
  5
610
330
17
100
AcDbEntity
  8
0
100
AcDbLine
 10
420.1
 20
-389.513
 30
0.0
 11
434.1
 21
-389.513
 31
0.0
  0
LINE
  5
611
330
17
100
AcDbEntity
  8
0
100
AcDbLine
 10
417.7
 20
-355.018
 30
0.0
 11
418.4
 21
-355.018
 31
0.0
  0
LINE
  5
612
330
17
100
AcDbEntity
  8
0
100
AcDbLine
 10
417.7
 20
-356.418
 30
0.0
 11
417.7
 21
-355.018
 31
0.0
  0
LINE
  5
613
330
17
100
AcDbEntity
  8
0
100
AcDbLine
 10
418.4
 20
-356.418
 30
0.0
 11
417.7
 21
-356.418
 31
0.0
  0
LINE
  5
614
330
17
100
AcDbEntity
  8
0
100
AcDbLine
 10
418.4
 20
-355.018
 30
0.0
 11
418.4
 21
-356.418
 31
0.0
  0
LINE
  5
615
330
17
100
AcDbEntity
  8
0
100
AcDbLine
 10
417.7
 20
-370.018
 30
0.0
 11
418.4
 21
-370.018
 31
0.0
  0
LINE
  5
616
330
17
100
AcDbEntity
  8
0
100
AcDbLine
 10
417.7
 20
-368.618
 30
0.0
 11
417.7
 21
-370.018
 31
0.0
  0
LINE
  5
617
330
17
100
AcDbEntity
  8
0
100
AcDbLine
 10
418.4
 20
-368.618
 30
0.0
 11
417.7
 21
-368.618
 31
0.0
  0
LINE
  5
618
330
17
100
AcDbEntity
  8
0
100
AcDbLine
 10
418.4
 20
-370.018
 30
0.0
 11
418.4
 21
-368.618
 31
0.0
  0
LINE
  5
619
330
17
100
AcDbEntity
  8
0
100
AcDbLine
 10
418.734
 20
-354.518
 30
0.0
 11
418.2
 21
-354.518
 31
0.0
  0
LINE
  5
61A
330
17
100
AcDbEntity
  8
0
100
AcDbLine
 10
418.4
 20
-355.518
 30
0.0
 11
418.734
 21
-355.518
 31
0.0
  0
LINE
  5
61B
330
17
100
AcDbEntity
  8
0
100
AcDbLine
 10
418.4
 20
-355.018
 30
0.0
 11
418.4
 21
-355.518
 31
0.0
  0
LINE
  5
61C
330
17
100
AcDbEntity
  8
0
100
AcDbLine
 10
418.2
 20
-355.018
 30
0.0
 11
418.4
 21
-355.018
 31
0.0
  0
LINE
  5
61D
330
17
100
AcDbEntity
  8
0
100
AcDbLine
 10
418.2
 20
-354.518
 30
0.0
 11
418.2
 21
-355.018
 31
0.0
  0
LINE
  5
61E
330
17
100
AcDbEntity
  8
0
100
AcDbLine
 10
417.7
 20
-370.018
 30
0.0
 11
418.4
 21
-370.018
 31
0.0
  0
LINE
  5
61F
330
17
100
AcDbEntity
  8
0
100
AcDbLine
 10
417.7
 20
-371.418
 30
0.0
 11
417.7
 21
-370.018
 31
0.0
  0
LINE
  5
620
330
17
100
AcDbEntity
  8
0
100
AcDbLine
 10
418.4
 20
-371.418
 30
0.0
 11
417.7
 21
-371.418
 31
0.0
  0
LINE
  5
621
330
17
100
AcDbEntity
  8
0
100
AcDbLine
 10
418.4
 20
-370.018
 30
0.0
 11
418.4
 21
-371.418
 31
0.0
  0
LINE
  5
622
330
17
100
AcDbEntity
  8
0
100
AcDbLine
 10
417.7
 20
-383.618
 30
0.0
 11
417.7
 21
-384.518
 31
0.0
  0
LINE
  5
623
330
17
100
AcDbEntity
  8
0
100
AcDbLine
 10
418.4
 20
-383.618
 30
0.0
 11
417.7
 21
-383.618
 31
0.0
  0
LINE
  5
624
330
17
100
AcDbEntity
  8
0
100
AcDbLine
 10
418.4
 20
-384.518
 30
0.0
 11
418.4
 21
-383.618
 31
0.0
  0
LINE
  5
625
330
17
100
AcDbEntity
  8
0
100
AcDbLine
 10
418.05
 20
-368.618
 30
0.0
 11
418.05
 21
-356.418
 31
0.0
  0
LINE
  5
626
330
17
100
AcDbEntity
  8
0
100
AcDbLine
 10
417.7
 20
-368.618
 30
0.0
 11
417.7
 21
-356.418
 31
0.0
  0
LINE
  5
627
330
17
100
AcDbEntity
  8
0
100
AcDbLine
 10
418.4
 20
-368.618
 30
0.0
 11
418.4
 21
-356.418
 31
0.0
  0
LINE
  5
628
330
17
100
AcDbEntity
  8
0
100
AcDbLine
 10
418.4
 20
-369.518
 30
0.0
 11
418.734
 21
-369.518
 31
0.0
  0
LINE
  5
629
330
17
100
AcDbEntity
  8
0
100
AcDbLine
 10
418.4
 20
-370.018
 30
0.0
 11
418.4
 21
-369.518
 31
0.0
  0
LINE
  5
62A
330
17
100
AcDbEntity
  8
0
100
AcDbLine
 10
418.2
 20
-370.018
 30
0.0
 11
418.4
 21
-370.018
 31
0.0
  0
LINE
  5
62B
330
17
100
AcDbEntity
  8
0
100
AcDbLine
 10
418.05
 20
-383.618
 30
0.0
 11
418.05
 21
-371.418
 31
0.0
  0
LINE
  5
62C
330
17
100
AcDbEntity
  8
0
100
AcDbLine
 10
417.7
 20
-383.618
 30
0.0
 11
417.7
 21
-371.418
 31
0.0
  0
LINE
  5
62D
330
17
100
AcDbEntity
  8
0
100
AcDbLine
 10
418.4
 20
-383.618
 30
0.0
 11
418.4
 21
-371.418
 31
0.0
  0
LINE
  5
62E
330
17
100
AcDbEntity
  8
0
100
AcDbLine
 10
418.4
 20
-370.518
 30
0.0
 11
418.734
 21
-370.518
 31
0.0
  0
LINE
  5
62F
330
17
100
AcDbEntity
  8
0
100
AcDbLine
 10
418.4
 20
-370.018
 30
0.0
 11
418.4
 21
-370.518
 31
0.0
  0
LINE
  5
630
330
17
100
AcDbEntity
  8
0
100
AcDbLine
 10
418.2
 20
-370.018
 30
0.0
 11
418.4
 21
-370.018
 31
0.0
  0
LINE
  5
631
330
17
100
AcDbEntity
  8
0
100
AcDbLine
 10
419.2
 20
-376.013
 30
0.0
 11
419.2
 21
-376.013
 31
0.0
  0
LINE
  5
632
330
17
100
AcDbEntity
  8
0
100
AcDbLine
 10
149.761
 20
-378.411
 30
0.0
 11
149.761
 21
-379.111
 31
0.0
  0
LINE
  5
633
330
17
100
AcDbEntity
  8
0
100
AcDbLine
 10
148.361
 20
-378.411
 30
0.0
 11
149.761
 21
-378.411
 31
0.0
  0
LINE
  5
634
330
17
100
AcDbEntity
  8
0
100
AcDbLine
 10
148.361
 20
-379.111
 30
0.0
 11
148.361
 21
-378.411
 31
0.0
  0
LINE
  5
635
330
17
100
AcDbEntity
  8
0
100
AcDbLine
 10
149.761
 20
-379.111
 30
0.0
 11
148.361
 21
-379.111
 31
0.0
  0
LINE
  5
636
330
17
100
AcDbEntity
  8
0
100
AcDbLine
 10
134.761
 20
-378.411
 30
0.0
 11
134.761
 21
-379.111
 31
0.0
  0
LINE
  5
637
330
17
100
AcDbEntity
  8
0
100
AcDbLine
 10
136.161
 20
-378.411
 30
0.0
 11
134.761
 21
-378.411
 31
0.0
  0
LINE
  5
638
330
17
100
AcDbEntity
  8
0
100
AcDbLine
 10
136.161
 20
-379.111
 30
0.0
 11
136.161
 21
-378.411
 31
0.0
  0
LINE
  5
639
330
17
100
AcDbEntity
  8
0
100
AcDbLine
 10
134.761
 20
-379.111
 30
0.0
 11
136.161
 21
-379.111
 31
0.0
  0
LINE
  5
63A
330
17
100
AcDbEntity
  8
0
100
AcDbLine
 10
149.261
 20
-379.911
 30
0.0
 11
150.261
 21
-379.911
 31
0.0
  0
LINE
  5
63B
330
17
100
AcDbEntity
  8
0
100
AcDbLine
 10
149.261
 20
-379.111
 30
0.0
 11
149.261
 21
-379.911
 31
0.0
  0
LINE
  5
63C
330
17
100
AcDbEntity
  8
0
100
AcDbLine
 10
149.761
 20
-379.111
 30
0.0
 11
149.261
 21
-379.111
 31
0.0
  0
LINE
  5
63D
330
17
100
AcDbEntity
  8
0
100
AcDbLine
 10
149.761
 20
-378.911
 30
0.0
 11
149.761
 21
-379.111
 31
0.0
  0
LINE
  5
63E
330
17
100
AcDbEntity
  8
0
100
AcDbLine
 10
150.261
 20
-378.911
 30
0.0
 11
149.761
 21
-378.911
 31
0.0
  0
LINE
  5
63F
330
17
100
AcDbEntity
  8
0
100
AcDbLine
 10
134.761
 20
-378.411
 30
0.0
 11
134.761
 21
-379.111
 31
0.0
  0
LINE
  5
640
330
17
100
AcDbEntity
  8
0
100
AcDbLine
 10
133.361
 20
-378.411
 30
0.0
 11
134.761
 21
-378.411
 31
0.0
  0
LINE
  5
641
330
17
100
AcDbEntity
  8
0
100
AcDbLine
 10
133.361
 20
-379.111
 30
0.0
 11
133.361
 21
-378.411
 31
0.0
  0
LINE
  5
642
330
17
100
AcDbEntity
  8
0
100
AcDbLine
 10
134.761
 20
-379.111
 30
0.0
 11
133.361
 21
-379.111
 31
0.0
  0
LINE
  5
643
330
17
100
AcDbEntity
  8
0
100
AcDbLine
 10
119.761
 20
-378.411
 30
0.0
 11
119.761
 21
-379.111
 31
0.0
  0
LINE
  5
644
330
17
100
AcDbEntity
  8
0
100
AcDbLine
 10
121.161
 20
-378.411
 30
0.0
 11
119.761
 21
-378.411
 31
0.0
  0
LINE
  5
645
330
17
100
AcDbEntity
  8
0
100
AcDbLine
 10
121.161
 20
-379.111
 30
0.0
 11
121.161
 21
-378.411
 31
0.0
  0
LINE
  5
646
330
17
100
AcDbEntity
  8
0
100
AcDbLine
 10
119.761
 20
-379.111
 30
0.0
 11
121.161
 21
-379.111
 31
0.0
  0
LINE
  5
647
330
17
100
AcDbEntity
  8
0
100
AcDbLine
 10
120.261
 20
-379.911
 30
0.0
 11
119.261
 21
-379.911
 31
0.0
  0
LINE
  5
648
330
17
100
AcDbEntity
  8
0
100
AcDbLine
 10
120.261
 20
-379.111
 30
0.0
 11
120.261
 21
-379.911
 31
0.0
  0
LINE
  5
649
330
17
100
AcDbEntity
  8
0
100
AcDbLine
 10
119.761
 20
-379.111
 30
0.0
 11
120.261
 21
-379.111
 31
0.0
  0
LINE
  5
64A
330
17
100
AcDbEntity
  8
0
100
AcDbLine
 10
119.761
 20
-378.911
 30
0.0
 11
119.761
 21
-379.111
 31
0.0
  0
LINE
  5
64B
330
17
100
AcDbEntity
  8
0
100
AcDbLine
 10
119.261
 20
-378.911
 30
0.0
 11
119.761
 21
-378.911
 31
0.0
  0
LINE
  5
64C
330
17
100
AcDbEntity
  8
0
100
AcDbLine
 10
136.161
 20
-378.761
 30
0.0
 11
148.361
 21
-378.761
 31
0.0
  0
LINE
  5
64D
330
17
100
AcDbEntity
  8
0
100
AcDbLine
 10
136.161
 20
-378.411
 30
0.0
 11
148.361
 21
-378.411
 31
0.0
  0
LINE
  5
64E
330
17
100
AcDbEntity
  8
0
100
AcDbLine
 10
136.161
 20
-379.111
 30
0.0
 11
148.361
 21
-379.111
 31
0.0
  0
LINE
  5
64F
330
17
100
AcDbEntity
  8
0
100
AcDbLine
 10
135.261
 20
-379.911
 30
0.0
 11
134.761
 21
-379.911
 31
0.0
  0
LINE
  5
650
330
17
100
AcDbEntity
  8
0
100
AcDbLine
 10
135.261
 20
-379.111
 30
0.0
 11
135.261
 21
-379.911
 31
0.0
  0
LINE
  5
651
330
17
100
AcDbEntity
  8
0
100
AcDbLine
 10
134.761
 20
-379.111
 30
0.0
 11
135.261
 21
-379.111
 31
0.0
  0
LINE
  5
652
330
17
100
AcDbEntity
  8
0
100
AcDbLine
 10
134.761
 20
-378.911
 30
0.0
 11
134.761
 21
-379.111
 31
0.0
  0
LINE
  5
653
330
17
100
AcDbEntity
  8
0
100
AcDbLine
 10
135.261
 20
-379.911
 30
0.0
 11
149.261
 21
-379.911
 31
0.0
  0
LINE
  5
654
330
17
100
AcDbEntity
  8
0
100
AcDbLine
 10
121.161
 20
-378.761
 30
0.0
 11
133.361
 21
-378.761
 31
0.0
  0
LINE
  5
655
330
17
100
AcDbEntity
  8
0
100
AcDbLine
 10
121.161
 20
-378.411
 30
0.0
 11
133.361
 21
-378.411
 31
0.0
  0
LINE
  5
656
330
17
100
AcDbEntity
  8
0
100
AcDbLine
 10
121.161
 20
-379.111
 30
0.0
 11
133.361
 21
-379.111
 31
0.0
  0
LINE
  5
657
330
17
100
AcDbEntity
  8
0
100
AcDbLine
 10
134.261
 20
-379.911
 30
0.0
 11
134.761
 21
-379.911
 31
0.0
  0
LINE
  5
658
330
17
100
AcDbEntity
  8
0
100
AcDbLine
 10
134.261
 20
-379.111
 30
0.0
 11
134.261
 21
-379.911
 31
0.0
  0
LINE
  5
659
330
17
100
AcDbEntity
  8
0
100
AcDbLine
 10
134.761
 20
-379.111
 30
0.0
 11
134.261
 21
-379.111
 31
0.0
  0
LINE
  5
65A
330
17
100
AcDbEntity
  8
0
100
AcDbLine
 10
134.761
 20
-378.911
 30
0.0
 11
134.761
 21
-379.111
 31
0.0
  0
LINE
  5
65B
330
17
100
AcDbEntity
  8
0
100
AcDbLine
 10
120.261
 20
-379.911
 30
0.0
 11
134.261
 21
-379.911
 31
0.0
  0
LINE
  5
65C
330
17
100
AcDbEntity
  8
0
100
AcDbLine
 10
243.834
 20
-338.407
 30
0.0
 11
243.134
 21
-338.407
 31
0.0
  0
LINE
  5
65D
330
17
100
AcDbEntity
  8
0
100
AcDbLine
 10
243.834
 20
-337.007
 30
0.0
 11
243.834
 21
-338.407
 31
0.0
  0
LINE
  5
65E
330
17
100
AcDbEntity
  8
0
100
AcDbLine
 10
243.134
 20
-337.007
 30
0.0
 11
243.834
 21
-337.007
 31
0.0
  0
LINE
  5
65F
330
17
100
AcDbEntity
  8
0
100
AcDbLine
 10
243.134
 20
-338.407
 30
0.0
 11
243.134
 21
-337.007
 31
0.0
  0
LINE
  5
660
330
17
100
AcDbEntity
  8
0
100
AcDbLine
 10
243.834
 20
-323.407
 30
0.0
 11
243.134
 21
-323.407
 31
0.0
  0
LINE
  5
661
330
17
100
AcDbEntity
  8
0
100
AcDbLine
 10
243.834
 20
-324.807
 30
0.0
 11
243.834
 21
-323.407
 31
0.0
  0
LINE
  5
662
330
17
100
AcDbEntity
  8
0
100
AcDbLine
 10
243.134
 20
-324.807
 30
0.0
 11
243.834
 21
-324.807
 31
0.0
  0
LINE
  5
663
330
17
100
AcDbEntity
  8
0
100
AcDbLine
 10
243.134
 20
-323.407
 30
0.0
 11
243.134
 21
-324.807
 31
0.0
  0
LINE
  5
664
330
17
100
AcDbEntity
  8
0
100
AcDbLine
 10
242.334
 20
-337.907
 30
0.0
 11
242.334
 21
-338.907
 31
0.0
  0
LINE
  5
665
330
17
100
AcDbEntity
  8
0
100
AcDbLine
 10
243.134
 20
-337.907
 30
0.0
 11
242.334
 21
-337.907
 31
0.0
  0
LINE
  5
666
330
17
100
AcDbEntity
  8
0
100
AcDbLine
 10
243.134
 20
-338.407
 30
0.0
 11
243.134
 21
-337.907
 31
0.0
  0
LINE
  5
667
330
17
100
AcDbEntity
  8
0
100
AcDbLine
 10
243.334
 20
-338.407
 30
0.0
 11
243.134
 21
-338.407
 31
0.0
  0
LINE
  5
668
330
17
100
AcDbEntity
  8
0
100
AcDbLine
 10
243.334
 20
-338.907
 30
0.0
 11
243.334
 21
-338.407
 31
0.0
  0
LINE
  5
669
330
17
100
AcDbEntity
  8
0
100
AcDbLine
 10
243.834
 20
-323.407
 30
0.0
 11
243.134
 21
-323.407
 31
0.0
  0
LINE
  5
66A
330
17
100
AcDbEntity
  8
0
100
AcDbLine
 10
243.834
 20
-322.007
 30
0.0
 11
243.834
 21
-323.407
 31
0.0
  0
LINE
  5
66B
330
17
100
AcDbEntity
  8
0
100
AcDbLine
 10
243.134
 20
-322.007
 30
0.0
 11
243.834
 21
-322.007
 31
0.0
  0
LINE
  5
66C
330
17
100
AcDbEntity
  8
0
100
AcDbLine
 10
243.134
 20
-323.407
 30
0.0
 11
243.134
 21
-322.007
 31
0.0
  0
LINE
  5
66D
330
17
100
AcDbEntity
  8
0
100
AcDbLine
 10
243.834
 20
-308.407
 30
0.0
 11
243.134
 21
-308.407
 31
0.0
  0
LINE
  5
66E
330
17
100
AcDbEntity
  8
0
100
AcDbLine
 10
243.834
 20
-309.807
 30
0.0
 11
243.834
 21
-308.407
 31
0.0
  0
LINE
  5
66F
330
17
100
AcDbEntity
  8
0
100
AcDbLine
 10
243.134
 20
-309.807
 30
0.0
 11
243.834
 21
-309.807
 31
0.0
  0
LINE
  5
670
330
17
100
AcDbEntity
  8
0
100
AcDbLine
 10
243.134
 20
-308.407
 30
0.0
 11
243.134
 21
-309.807
 31
0.0
  0
LINE
  5
671
330
17
100
AcDbEntity
  8
0
100
AcDbLine
 10
242.334
 20
-308.907
 30
0.0
 11
242.334
 21
-307.907
 31
0.0
  0
LINE
  5
672
330
17
100
AcDbEntity
  8
0
100
AcDbLine
 10
243.134
 20
-308.907
 30
0.0
 11
242.334
 21
-308.907
 31
0.0
  0
LINE
  5
673
330
17
100
AcDbEntity
  8
0
100
AcDbLine
 10
243.134
 20
-308.407
 30
0.0
 11
243.134
 21
-308.907
 31
0.0
  0
LINE
  5
674
330
17
100
AcDbEntity
  8
0
100
AcDbLine
 10
243.334
 20
-308.407
 30
0.0
 11
243.134
 21
-308.407
 31
0.0
  0
LINE
  5
675
330
17
100
AcDbEntity
  8
0
100
AcDbLine
 10
243.334
 20
-307.907
 30
0.0
 11
243.334
 21
-308.407
 31
0.0
  0
LINE
  5
676
330
17
100
AcDbEntity
  8
0
100
AcDbLine
 10
243.484
 20
-324.807
 30
0.0
 11
243.484
 21
-337.007
 31
0.0
  0
LINE
  5
677
330
17
100
AcDbEntity
  8
0
100
AcDbLine
 10
243.834
 20
-324.807
 30
0.0
 11
243.834
 21
-337.007
 31
0.0
  0
LINE
  5
678
330
17
100
AcDbEntity
  8
0
100
AcDbLine
 10
243.134
 20
-324.807
 30
0.0
 11
243.134
 21
-337.007
 31
0.0
  0
LINE
  5
679
330
17
100
AcDbEntity
  8
0
100
AcDbLine
 10
242.334
 20
-323.907
 30
0.0
 11
242.334
 21
-323.407
 31
0.0
  0
LINE
  5
67A
330
17
100
AcDbEntity
  8
0
100
AcDbLine
 10
243.134
 20
-323.907
 30
0.0
 11
242.334
 21
-323.907
 31
0.0
  0
LINE
  5
67B
330
17
100
AcDbEntity
  8
0
100
AcDbLine
 10
243.134
 20
-323.407
 30
0.0
 11
243.134
 21
-323.907
 31
0.0
  0
LINE
  5
67C
330
17
100
AcDbEntity
  8
0
100
AcDbLine
 10
243.334
 20
-323.407
 30
0.0
 11
243.134
 21
-323.407
 31
0.0
  0
LINE
  5
67D
330
17
100
AcDbEntity
  8
0
100
AcDbLine
 10
242.334
 20
-323.907
 30
0.0
 11
242.334
 21
-337.907
 31
0.0
  0
LINE
  5
67E
330
17
100
AcDbEntity
  8
0
100
AcDbLine
 10
243.484
 20
-309.807
 30
0.0
 11
243.484
 21
-322.007
 31
0.0
  0
LINE
  5
67F
330
17
100
AcDbEntity
  8
0
100
AcDbLine
 10
243.834
 20
-309.807
 30
0.0
 11
243.834
 21
-322.007
 31
0.0
  0
LINE
  5
680
330
17
100
AcDbEntity
  8
0
100
AcDbLine
 10
243.134
 20
-309.807
 30
0.0
 11
243.134
 21
-322.007
 31
0.0
  0
LINE
  5
681
330
17
100
AcDbEntity
  8
0
100
AcDbLine
 10
242.334
 20
-322.907
 30
0.0
 11
242.334
 21
-323.407
 31
0.0
  0
LINE
  5
682
330
17
100
AcDbEntity
  8
0
100
AcDbLine
 10
243.134
 20
-322.907
 30
0.0
 11
242.334
 21
-322.907
 31
0.0
  0
LINE
  5
683
330
17
100
AcDbEntity
  8
0
100
AcDbLine
 10
243.134
 20
-323.407
 30
0.0
 11
243.134
 21
-322.907
 31
0.0
  0
LINE
  5
684
330
17
100
AcDbEntity
  8
0
100
AcDbLine
 10
243.334
 20
-323.407
 30
0.0
 11
243.134
 21
-323.407
 31
0.0
  0
LINE
  5
685
330
17
100
AcDbEntity
  8
0
100
AcDbLine
 10
242.334
 20
-308.907
 30
0.0
 11
242.334
 21
-322.907
 31
0.0
  0
LINE
  5
686
330
17
100
AcDbEntity
  8
0
100
AcDbLine
 10
124.263
 20
-146.653
 30
0.0
 11
124.563
 21
-146.653
 31
0.0
  0
LINE
  5
687
330
17
100
AcDbEntity
  8
0
100
AcDbLine
 10
124.263
 20
-165.653
 30
0.0
 11
124.263
 21
-146.653
 31
0.0
  0
LINE
  5
688
330
17
100
AcDbEntity
  8
0
100
AcDbLine
 10
124.563
 20
-165.653
 30
0.0
 11
124.263
 21
-165.653
 31
0.0
  0
LINE
  5
689
330
17
100
AcDbEntity
  8
0
100
AcDbLine
 10
124.463
 20
-166.653
 30
0.0
 11
124.563
 21
-166.653
 31
0.0
  0
LINE
  5
68A
330
17
100
AcDbEntity
  8
0
100
AcDbLine
 10
124.463
 20
-166.153
 30
0.0
 11
124.463
 21
-166.653
 31
0.0
  0
LINE
  5
68B
330
17
100
AcDbEntity
  8
0
100
AcDbLine
 10
124.563
 20
-166.153
 30
0.0
 11
124.463
 21
-166.153
 31
0.0
  0
LINE
  5
68C
330
17
100
AcDbEntity
  8
0
100
AcDbLine
 10
106.463
 20
-166.653
 30
0.0
 11
105.463
 21
-166.653
 31
0.0
  0
LINE
  5
68D
330
17
100
AcDbEntity
  8
0
100
AcDbLine
 10
106.463
 20
-166.153
 30
0.0
 11
106.463
 21
-166.653
 31
0.0
  0
LINE
  5
68E
330
17
100
AcDbEntity
  8
0
100
AcDbLine
 10
105.963
 20
-166.153
 30
0.0
 11
106.463
 21
-166.153
 31
0.0
  0
LINE
  5
68F
330
17
100
AcDbEntity
  8
0
100
AcDbLine
 10
105.963
 20
-165.653
 30
0.0
 11
105.963
 21
-166.153
 31
0.0
  0
LINE
  5
690
330
17
100
AcDbEntity
  8
0
100
AcDbLine
 10
105.463
 20
-165.653
 30
0.0
 11
105.963
 21
-165.653
 31
0.0
  0
LINE
  5
691
330
17
100
AcDbEntity
  8
0
100
AcDbLine
 10
105.463
 20
-166.653
 30
0.0
 11
105.463
 21
-165.653
 31
0.0
  0
LINE
  5
692
330
17
100
AcDbEntity
  8
0
100
AcDbLine
 10
106.314
 20
-161.946
 30
0.0
 11
105.963
 21
-165.653
 31
0.0
  0
LINE
  5
693
330
17
100
AcDbEntity
  8
0
100
AcDbLine
 10
107.356
 20
-158.382
 30
0.0
 11
106.314
 21
-161.946
 31
0.0
  0
LINE
  5
694
330
17
100
AcDbEntity
  8
0
100
AcDbLine
 10
109.458
 20
-154.485
 30
0.0
 11
107.356
 21
-158.382
 31
0.0
  0
LINE
  5
695
330
17
100
AcDbEntity
  8
0
100
AcDbLine
 10
112.378
 20
-151.205
 30
0.0
 11
109.458
 21
-154.485
 31
0.0
  0
LINE
  5
696
330
17
100
AcDbEntity
  8
0
100
AcDbLine
 10
115.955
 20
-148.724
 30
0.0
 11
112.378
 21
-151.205
 31
0.0
  0
LINE
  5
697
330
17
100
AcDbEntity
  8
0
100
AcDbLine
 10
119.991
 20
-147.178
 30
0.0
 11
115.955
 21
-148.724
 31
0.0
  0
LINE
  5
698
330
17
100
AcDbEntity
  8
0
100
AcDbLine
 10
124.263
 20
-146.653
 30
0.0
 11
119.991
 21
-147.178
 31
0.0
  0
LINE
  5
699
330
17
100
AcDbEntity
  8
0
100
AcDbLine
 10
161.932
 20
-154.951
 30
0.0
 11
161.932
 21
-173.951
 31
0.0
  0
LINE
  5
69A
330
17
100
AcDbEntity
  8
0
100
AcDbLine
 10
161.232
 20
-154.951
 30
0.0
 11
161.932
 21
-154.951
 31
0.0
  0
LINE
  5
69B
330
17
100
AcDbEntity
  8
0
100
AcDbLine
 10
161.232
 20
-173.951
 30
0.0
 11
161.232
 21
-154.951
 31
0.0
  0
LINE
  5
69C
330
17
100
AcDbEntity
  8
0
100
AcDbLine
 10
161.932
 20
-173.951
 30
0.0
 11
161.232
 21
-173.951
 31
0.0
  0
LINE
  5
69D
330
17
100
AcDbEntity
  8
0
100
AcDbLine
 10
161.432
 20
-174.951
 30
0.0
 11
162.432
 21
-174.951
 31
0.0
  0
LINE
  5
69E
330
17
100
AcDbEntity
  8
0
100
AcDbLine
 10
161.432
 20
-174.451
 30
0.0
 11
161.432
 21
-174.951
 31
0.0
  0
LINE
  5
69F
330
17
100
AcDbEntity
  8
0
100
AcDbLine
 10
161.932
 20
-174.451
 30
0.0
 11
161.432
 21
-174.451
 31
0.0
  0
LINE
  5
6A0
330
17
100
AcDbEntity
  8
0
100
AcDbLine
 10
161.932
 20
-173.951
 30
0.0
 11
161.932
 21
-174.451
 31
0.0
  0
LINE
  5
6A1
330
17
100
AcDbEntity
  8
0
100
AcDbLine
 10
162.432
 20
-173.951
 30
0.0
 11
161.932
 21
-173.951
 31
0.0
  0
LINE
  5
6A2
330
17
100
AcDbEntity
  8
0
100
AcDbLine
 10
143.432
 20
-174.951
 30
0.0
 11
142.432
 21
-174.951
 31
0.0
  0
LINE
  5
6A3
330
17
100
AcDbEntity
  8
0
100
AcDbLine
 10
143.432
 20
-174.451
 30
0.0
 11
143.432
 21
-174.951
 31
0.0
  0
LINE
  5
6A4
330
17
100
AcDbEntity
  8
0
100
AcDbLine
 10
142.932
 20
-174.451
 30
0.0
 11
143.432
 21
-174.451
 31
0.0
  0
LINE
  5
6A5
330
17
100
AcDbEntity
  8
0
100
AcDbLine
 10
142.932
 20
-173.951
 30
0.0
 11
142.932
 21
-174.451
 31
0.0
  0
LINE
  5
6A6
330
17
100
AcDbEntity
  8
0
100
AcDbLine
 10
142.432
 20
-173.951
 30
0.0
 11
142.932
 21
-173.951
 31
0.0
  0
LINE
  5
6A7
330
17
100
AcDbEntity
  8
0
100
AcDbLine
 10
143.283
 20
-170.245
 30
0.0
 11
142.932
 21
-173.951
 31
0.0
  0
LINE
  5
6A8
330
17
100
AcDbEntity
  8
0
100
AcDbLine
 10
144.325
 20
-166.68
 30
0.0
 11
143.283
 21
-170.245
 31
0.0
  0
LINE
  5
6A9
330
17
100
AcDbEntity
  8
0
100
AcDbLine
 10
146.427
 20
-162.783
 30
0.0
 11
144.325
 21
-166.68
 31
0.0
  0
LINE
  5
6AA
330
17
100
AcDbEntity
  8
0
100
AcDbLine
 10
149.347
 20
-159.504
 30
0.0
 11
146.427
 21
-162.783
 31
0.0
  0
LINE
  5
6AB
330
17
100
AcDbEntity
  8
0
100
AcDbLine
 10
152.924
 20
-157.022
 30
0.0
 11
149.347
 21
-159.504
 31
0.0
  0
LINE
  5
6AC
330
17
100
AcDbEntity
  8
0
100
AcDbLine
 10
156.96
 20
-155.476
 30
0.0
 11
152.924
 21
-157.022
 31
0.0
  0
LINE
  5
6AD
330
17
100
AcDbEntity
  8
0
100
AcDbLine
 10
161.232
 20
-154.951
 30
0.0
 11
156.96
 21
-155.476
 31
0.0
  0
LINE
  5
6AE
330
17
100
AcDbEntity
  8
0
100
AcDbLine
 10
162.586
 20
-187.08
 30
0.0
 11
162.586
 21
-206.08
 31
0.0
  0
LINE
  5
6AF
330
17
100
AcDbEntity
  8
0
100
AcDbLine
 10
161.886
 20
-187.08
 30
0.0
 11
162.586
 21
-187.08
 31
0.0
  0
LINE
  5
6B0
330
17
100
AcDbEntity
  8
0
100
AcDbLine
 10
161.886
 20
-206.08
 30
0.0
 11
161.886
 21
-187.08
 31
0.0
  0
LINE
  5
6B1
330
17
100
AcDbEntity
  8
0
100
AcDbLine
 10
162.586
 20
-206.08
 30
0.0
 11
161.886
 21
-206.08
 31
0.0
  0
LINE
  5
6B2
330
17
100
AcDbEntity
  8
0
100
AcDbLine
 10
162.086
 20
-207.08
 30
0.0
 11
163.086
 21
-207.08
 31
0.0
  0
LINE
  5
6B3
330
17
100
AcDbEntity
  8
0
100
AcDbLine
 10
162.086
 20
-206.58
 30
0.0
 11
162.086
 21
-207.08
 31
0.0
  0
LINE
  5
6B4
330
17
100
AcDbEntity
  8
0
100
AcDbLine
 10
162.586
 20
-206.58
 30
0.0
 11
162.086
 21
-206.58
 31
0.0
  0
LINE
  5
6B5
330
17
100
AcDbEntity
  8
0
100
AcDbLine
 10
162.586
 20
-206.08
 30
0.0
 11
162.586
 21
-206.58
 31
0.0
  0
LINE
  5
6B6
330
17
100
AcDbEntity
  8
0
100
AcDbLine
 10
163.086
 20
-206.08
 30
0.0
 11
162.586
 21
-206.08
 31
0.0
  0
LINE
  5
6B7
330
17
100
AcDbEntity
  8
0
100
AcDbLine
 10
144.086
 20
-207.08
 30
0.0
 11
143.086
 21
-207.08
 31
0.0
  0
LINE
  5
6B8
330
17
100
AcDbEntity
  8
0
100
AcDbLine
 10
144.086
 20
-206.58
 30
0.0
 11
144.086
 21
-207.08
 31
0.0
  0
LINE
  5
6B9
330
17
100
AcDbEntity
  8
0
100
AcDbLine
 10
143.586
 20
-206.58
 30
0.0
 11
144.086
 21
-206.58
 31
0.0
  0
LINE
  5
6BA
330
17
100
AcDbEntity
  8
0
100
AcDbLine
 10
143.586
 20
-206.08
 30
0.0
 11
143.586
 21
-206.58
 31
0.0
  0
LINE
  5
6BB
330
17
100
AcDbEntity
  8
0
100
AcDbLine
 10
143.086
 20
-206.08
 30
0.0
 11
143.586
 21
-206.08
 31
0.0
  0
LINE
  5
6BC
330
17
100
AcDbEntity
  8
0
100
AcDbLine
 10
143.938
 20
-202.373
 30
0.0
 11
143.586
 21
-206.08
 31
0.0
  0
LINE
  5
6BD
330
17
100
AcDbEntity
  8
0
100
AcDbLine
 10
144.979
 20
-198.809
 30
0.0
 11
143.938
 21
-202.373
 31
0.0
  0
LINE
  5
6BE
330
17
100
AcDbEntity
  8
0
100
AcDbLine
 10
147.081
 20
-194.912
 30
0.0
 11
144.979
 21
-198.809
 31
0.0
  0
LINE
  5
6BF
330
17
100
AcDbEntity
  8
0
100
AcDbLine
 10
150.001
 20
-191.632
 30
0.0
 11
147.081
 21
-194.912
 31
0.0
  0
LINE
  5
6C0
330
17
100
AcDbEntity
  8
0
100
AcDbLine
 10
153.578
 20
-189.151
 30
0.0
 11
150.001
 21
-191.632
 31
0.0
  0
LINE
  5
6C1
330
17
100
AcDbEntity
  8
0
100
AcDbLine
 10
157.614
 20
-187.605
 30
0.0
 11
153.578
 21
-189.151
 31
0.0
  0
LINE
  5
6C2
330
17
100
AcDbEntity
  8
0
100
AcDbLine
 10
161.886
 20
-187.08
 30
0.0
 11
157.614
 21
-187.605
 31
0.0
  0
LINE
  5
6C3
330
17
100
AcDbEntity
  8
0
100
AcDbLine
 10
420.375
 20
-307.771
 30
0.0
 11
420.375
 21
-288.771
 31
0.0
  0
LINE
  5
6C4
330
17
100
AcDbEntity
  8
0
100
AcDbLine
 10
421.075
 20
-307.771
 30
0.0
 11
420.375
 21
-307.771
 31
0.0
  0
LINE
  5
6C5
330
17
100
AcDbEntity
  8
0
100
AcDbLine
 10
421.075
 20
-288.771
 30
0.0
 11
421.075
 21
-307.771
 31
0.0
  0
LINE
  5
6C6
330
17
100
AcDbEntity
  8
0
100
AcDbLine
 10
420.375
 20
-288.771
 30
0.0
 11
421.075
 21
-288.771
 31
0.0
  0
LINE
  5
6C7
330
17
100
AcDbEntity
  8
0
100
AcDbLine
 10
420.875
 20
-287.771
 30
0.0
 11
419.875
 21
-287.771
 31
0.0
  0
LINE
  5
6C8
330
17
100
AcDbEntity
  8
0
100
AcDbLine
 10
420.875
 20
-288.271
 30
0.0
 11
420.875
 21
-287.771
 31
0.0
  0
LINE
  5
6C9
330
17
100
AcDbEntity
  8
0
100
AcDbLine
 10
420.375
 20
-288.271
 30
0.0
 11
420.875
 21
-288.271
 31
0.0
  0
LINE
  5
6CA
330
17
100
AcDbEntity
  8
0
100
AcDbLine
 10
420.375
 20
-288.771
 30
0.0
 11
420.375
 21
-288.271
 31
0.0
  0
LINE
  5
6CB
330
17
100
AcDbEntity
  8
0
100
AcDbLine
 10
419.875
 20
-288.771
 30
0.0
 11
420.375
 21
-288.771
 31
0.0
  0
LINE
  5
6CC
330
17
100
AcDbEntity
  8
0
100
AcDbLine
 10
419.875
 20
-287.771
 30
0.0
 11
419.875
 21
-288.771
 31
0.0
  0
LINE
  5
6CD
330
17
100
AcDbEntity
  8
0
100
AcDbLine
 10
438.875
 20
-287.771
 30
0.0
 11
439.575
 21
-287.771
 31
0.0
  0
LINE
  5
6CE
330
17
100
AcDbEntity
  8
0
100
AcDbLine
 10
438.875
 20
-288.271
 30
0.0
 11
438.875
 21
-287.771
 31
0.0
  0
LINE
  5
6CF
330
17
100
AcDbEntity
  8
0
100
AcDbLine
 10
439.375
 20
-288.271
 30
0.0
 11
438.875
 21
-288.271
 31
0.0
  0
LINE
  5
6D0
330
17
100
AcDbEntity
  8
0
100
AcDbLine
 10
439.375
 20
-288.771
 30
0.0
 11
439.375
 21
-288.271
 31
0.0
  0
LINE
  5
6D1
330
17
100
AcDbEntity
  8
0
100
AcDbLine
 10
439.575
 20
-288.771
 30
0.0
 11
439.375
 21
-288.771
 31
0.0
  0
LINE
  5
6D2
330
17
100
AcDbEntity
  8
0
100
AcDbLine
 10
439.023
 20
-292.478
 30
0.0
 11
439.375
 21
-288.771
 31
0.0
  0
LINE
  5
6D3
330
17
100
AcDbEntity
  8
0
100
AcDbLine
 10
437.982
 20
-296.042
 30
0.0
 11
439.023
 21
-292.478
 31
0.0
  0
LINE
  5
6D4
330
17
100
AcDbEntity
  8
0
100
AcDbLine
 10
435.88
 20
-299.939
 30
0.0
 11
437.982
 21
-296.042
 31
0.0
  0
LINE
  5
6D5
330
17
100
AcDbEntity
  8
0
100
AcDbLine
 10
432.96
 20
-303.219
 30
0.0
 11
435.88
 21
-299.939
 31
0.0
  0
LINE
  5
6D6
330
17
100
AcDbEntity
  8
0
100
AcDbLine
 10
429.383
 20
-305.7
 30
0.0
 11
432.96
 21
-303.219
 31
0.0
  0
LINE
  5
6D7
330
17
100
AcDbEntity
  8
0
100
AcDbLine
 10
425.347
 20
-307.246
 30
0.0
 11
429.383
 21
-305.7
 31
0.0
  0
LINE
  5
6D8
330
17
100
AcDbEntity
  8
0
100
AcDbLine
 10
421.075
 20
-307.771
 30
0.0
 11
425.347
 21
-307.246
 31
0.0
  0
LINE
  5
6D9
330
17
100
AcDbEntity
  8
0
100
AcDbLine
 10
375.534
 20
-160.442
 30
0.0
 11
375.534
 21
-179.442
 31
0.0
  0
LINE
  5
6DA
330
17
100
AcDbEntity
  8
0
100
AcDbLine
 10
374.834
 20
-160.442
 30
0.0
 11
375.534
 21
-160.442
 31
0.0
  0
LINE
  5
6DB
330
17
100
AcDbEntity
  8
0
100
AcDbLine
 10
374.834
 20
-179.442
 30
0.0
 11
374.834
 21
-160.442
 31
0.0
  0
LINE
  5
6DC
330
17
100
AcDbEntity
  8
0
100
AcDbLine
 10
375.534
 20
-179.442
 30
0.0
 11
374.834
 21
-179.442
 31
0.0
  0
LINE
  5
6DD
330
17
100
AcDbEntity
  8
0
100
AcDbLine
 10
375.034
 20
-180.442
 30
0.0
 11
376.034
 21
-180.442
 31
0.0
  0
LINE
  5
6DE
330
17
100
AcDbEntity
  8
0
100
AcDbLine
 10
375.034
 20
-179.942
 30
0.0
 11
375.034
 21
-180.442
 31
0.0
  0
LINE
  5
6DF
330
17
100
AcDbEntity
  8
0
100
AcDbLine
 10
375.534
 20
-179.942
 30
0.0
 11
375.034
 21
-179.942
 31
0.0
  0
LINE
  5
6E0
330
17
100
AcDbEntity
  8
0
100
AcDbLine
 10
375.534
 20
-179.442
 30
0.0
 11
375.534
 21
-179.942
 31
0.0
  0
LINE
  5
6E1
330
17
100
AcDbEntity
  8
0
100
AcDbLine
 10
376.034
 20
-179.442
 30
0.0
 11
375.534
 21
-179.442
 31
0.0
  0
LINE
  5
6E2
330
17
100
AcDbEntity
  8
0
100
AcDbLine
 10
357.034
 20
-180.442
 30
0.0
 11
356.034
 21
-180.442
 31
0.0
  0
LINE
  5
6E3
330
17
100
AcDbEntity
  8
0
100
AcDbLine
 10
357.034
 20
-179.942
 30
0.0
 11
357.034
 21
-180.442
 31
0.0
  0
LINE
  5
6E4
330
17
100
AcDbEntity
  8
0
100
AcDbLine
 10
356.534
 20
-179.942
 30
0.0
 11
357.034
 21
-179.942
 31
0.0
  0
LINE
  5
6E5
330
17
100
AcDbEntity
  8
0
100
AcDbLine
 10
356.534
 20
-179.442
 30
0.0
 11
356.534
 21
-179.942
 31
0.0
  0
LINE
  5
6E6
330
17
100
AcDbEntity
  8
0
100
AcDbLine
 10
356.034
 20
-179.442
 30
0.0
 11
356.534
 21
-179.442
 31
0.0
  0
LINE
  5
6E7
330
17
100
AcDbEntity
  8
0
100
AcDbLine
 10
356.885
 20
-175.735
 30
0.0
 11
356.534
 21
-179.442
 31
0.0
  0
LINE
  5
6E8
330
17
100
AcDbEntity
  8
0
100
AcDbLine
 10
357.927
 20
-172.171
 30
0.0
 11
356.885
 21
-175.735
 31
0.0
  0
LINE
  5
6E9
330
17
100
AcDbEntity
  8
0
100
AcDbLine
 10
360.029
 20
-168.274
 30
0.0
 11
357.927
 21
-172.171
 31
0.0
  0
LINE
  5
6EA
330
17
100
AcDbEntity
  8
0
100
AcDbLine
 10
362.949
 20
-164.994
 30
0.0
 11
360.029
 21
-168.274
 31
0.0
  0
LINE
  5
6EB
330
17
100
AcDbEntity
  8
0
100
AcDbLine
 10
366.526
 20
-162.513
 30
0.0
 11
362.949
 21
-164.994
 31
0.0
  0
LINE
  5
6EC
330
17
100
AcDbEntity
  8
0
100
AcDbLine
 10
370.562
 20
-160.967
 30
0.0
 11
366.526
 21
-162.513
 31
0.0
  0
LINE
  5
6ED
330
17
100
AcDbEntity
  8
0
100
AcDbLine
 10
374.834
 20
-160.442
 30
0.0
 11
370.562
 21
-160.967
 31
0.0
  0
LINE
  5
6EE
330
17
100
AcDbEntity
  8
0
100
AcDbLine
 10
57.3321
 20
-11.8756
 30
0.0
 11
57.3321
 21
-30.8756
 31
0.0
  0
LINE
  5
6EF
330
17
100
AcDbEntity
  8
0
100
AcDbLine
 10
56.6321
 20
-11.8756
 30
0.0
 11
57.3321
 21
-11.8756
 31
0.0
  0
LINE
  5
6F0
330
17
100
AcDbEntity
  8
0
100
AcDbLine
 10
56.6321
 20
-30.8756
 30
0.0
 11
56.6321
 21
-11.8756
 31
0.0
  0
LINE
  5
6F1
330
17
100
AcDbEntity
  8
0
100
AcDbLine
 10
57.3321
 20
-30.8756
 30
0.0
 11
56.6321
 21
-30.8756
 31
0.0
  0
LINE
  5
6F2
330
17
100
AcDbEntity
  8
0
100
AcDbLine
 10
56.8321
 20
-31.8756
 30
0.0
 11
57.8321
 21
-31.8756
 31
0.0
  0
LINE
  5
6F3
330
17
100
AcDbEntity
  8
0
100
AcDbLine
 10
56.8321
 20
-31.3756
 30
0.0
 11
56.8321
 21
-31.8756
 31
0.0
  0
LINE
  5
6F4
330
17
100
AcDbEntity
  8
0
100
AcDbLine
 10
57.3321
 20
-31.3756
 30
0.0
 11
56.8321
 21
-31.3756
 31
0.0
  0
LINE
  5
6F5
330
17
100
AcDbEntity
  8
0
100
AcDbLine
 10
57.3321
 20
-30.8756
 30
0.0
 11
57.3321
 21
-31.3756
 31
0.0
  0
LINE
  5
6F6
330
17
100
AcDbEntity
  8
0
100
AcDbLine
 10
57.8321
 20
-30.8756
 30
0.0
 11
57.3321
 21
-30.8756
 31
0.0
  0
LINE
  5
6F7
330
17
100
AcDbEntity
  8
0
100
AcDbLine
 10
38.8321
 20
-31.8756
 30
0.0
 11
37.8321
 21
-31.8756
 31
0.0
  0
LINE
  5
6F8
330
17
100
AcDbEntity
  8
0
100
AcDbLine
 10
38.8321
 20
-31.3756
 30
0.0
 11
38.8321
 21
-31.8756
 31
0.0
  0
LINE
  5
6F9
330
17
100
AcDbEntity
  8
0
100
AcDbLine
 10
38.3321
 20
-31.3756
 30
0.0
 11
38.8321
 21
-31.3756
 31
0.0
  0
LINE
  5
6FA
330
17
100
AcDbEntity
  8
0
100
AcDbLine
 10
38.3321
 20
-30.8756
 30
0.0
 11
38.3321
 21
-31.3756
 31
0.0
  0
LINE
  5
6FB
330
17
100
AcDbEntity
  8
0
100
AcDbLine
 10
37.8321
 20
-30.8756
 30
0.0
 11
38.3321
 21
-30.8756
 31
0.0
  0
LINE
  5
6FC
330
17
100
AcDbEntity
  8
0
100
AcDbLine
 10
38.6837
 20
-27.1689
 30
0.0
 11
38.3321
 21
-30.8756
 31
0.0
  0
LINE
  5
6FD
330
17
100
AcDbEntity
  8
0
100
AcDbLine
 10
39.7251
 20
-23.6046
 30
0.0
 11
38.6837
 21
-27.1689
 31
0.0
  0
LINE
  5
6FE
330
17
100
AcDbEntity
  8
0
100
AcDbLine
 10
41.8271
 20
-19.7077
 30
0.0
 11
39.7251
 21
-23.6046
 31
0.0
  0
LINE
  5
6FF
330
17
100
AcDbEntity
  8
0
100
AcDbLine
 10
44.7472
 20
-16.4279
 30
0.0
 11
41.8271
 21
-19.7077
 31
0.0
  0
LINE
  5
700
330
17
100
AcDbEntity
  8
0
100
AcDbLine
 10
48.3241
 20
-13.9465
 30
0.0
 11
44.7472
 21
-16.4279
 31
0.0
  0
LINE
  5
701
330
17
100
AcDbEntity
  8
0
100
AcDbLine
 10
52.3601
 20
-12.4005
 30
0.0
 11
48.3241
 21
-13.9465
 31
0.0
  0
LINE
  5
702
330
17
100
AcDbEntity
  8
0
100
AcDbLine
 10
56.6321
 20
-11.8756
 30
0.0
 11
52.3601
 21
-12.4005
 31
0.0
  0
LINE
  5
703
330
17
100
AcDbEntity
  8
0
100
AcDbLine
 10
313.117
 20
-232.148
 30
0.0
 11
313.117
 21
-213.148
 31
0.0
  0
LINE
  5
704
330
17
100
AcDbEntity
  8
0
100
AcDbLine
 10
313.817
 20
-232.148
 30
0.0
 11
313.117
 21
-232.148
 31
0.0
  0
LINE
  5
705
330
17
100
AcDbEntity
  8
0
100
AcDbLine
 10
313.817
 20
-213.148
 30
0.0
 11
313.817
 21
-232.148
 31
0.0
  0
LINE
  5
706
330
17
100
AcDbEntity
  8
0
100
AcDbLine
 10
313.117
 20
-213.148
 30
0.0
 11
313.817
 21
-213.148
 31
0.0
  0
LINE
  5
707
330
17
100
AcDbEntity
  8
0
100
AcDbLine
 10
313.617
 20
-212.148
 30
0.0
 11
312.617
 21
-212.148
 31
0.0
  0
LINE
  5
708
330
17
100
AcDbEntity
  8
0
100
AcDbLine
 10
313.617
 20
-212.648
 30
0.0
 11
313.617
 21
-212.148
 31
0.0
  0
LINE
  5
709
330
17
100
AcDbEntity
  8
0
100
AcDbLine
 10
313.117
 20
-212.648
 30
0.0
 11
313.617
 21
-212.648
 31
0.0
  0
LINE
  5
70A
330
17
100
AcDbEntity
  8
0
100
AcDbLine
 10
313.117
 20
-213.148
 30
0.0
 11
313.117
 21
-212.648
 31
0.0
  0
LINE
  5
70B
330
17
100
AcDbEntity
  8
0
100
AcDbLine
 10
312.617
 20
-213.148
 30
0.0
 11
313.117
 21
-213.148
 31
0.0
  0
LINE
  5
70C
330
17
100
AcDbEntity
  8
0
100
AcDbLine
 10
331.617
 20
-212.148
 30
0.0
 11
332.617
 21
-212.148
 31
0.0
  0
LINE
  5
70D
330
17
100
AcDbEntity
  8
0
100
AcDbLine
 10
331.617
 20
-212.648
 30
0.0
 11
331.617
 21
-212.148
 31
0.0
  0
LINE
  5
70E
330
17
100
AcDbEntity
  8
0
100
AcDbLine
 10
332.117
 20
-212.648
 30
0.0
 11
331.617
 21
-212.648
 31
0.0
  0
LINE
  5
70F
330
17
100
AcDbEntity
  8
0
100
AcDbLine
 10
332.117
 20
-213.148
 30
0.0
 11
332.117
 21
-212.648
 31
0.0
  0
LINE
  5
710
330
17
100
AcDbEntity
  8
0
100
AcDbLine
 10
332.617
 20
-213.148
 30
0.0
 11
332.117
 21
-213.148
 31
0.0
  0
LINE
  5
711
330
17
100
AcDbEntity
  8
0
100
AcDbLine
 10
331.765
 20
-216.855
 30
0.0
 11
332.117
 21
-213.148
 31
0.0
  0
LINE
  5
712
330
17
100
AcDbEntity
  8
0
100
AcDbLine
 10
330.724
 20
-220.419
 30
0.0
 11
331.765
 21
-216.855
 31
0.0
  0
LINE
  5
713
330
17
100
AcDbEntity
  8
0
100
AcDbLine
 10
328.622
 20
-224.316
 30
0.0
 11
330.724
 21
-220.419
 31
0.0
  0
LINE
  5
714
330
17
100
AcDbEntity
  8
0
100
AcDbLine
 10
325.702
 20
-227.596
 30
0.0
 11
328.622
 21
-224.316
 31
0.0
  0
LINE
  5
715
330
17
100
AcDbEntity
  8
0
100
AcDbLine
 10
322.125
 20
-230.077
 30
0.0
 11
325.702
 21
-227.596
 31
0.0
  0
LINE
  5
716
330
17
100
AcDbEntity
  8
0
100
AcDbLine
 10
318.089
 20
-231.623
 30
0.0
 11
322.125
 21
-230.077
 31
0.0
  0
LINE
  5
717
330
17
100
AcDbEntity
  8
0
100
AcDbLine
 10
313.817
 20
-232.148
 30
0.0
 11
318.089
 21
-231.623
 31
0.0
  0
LINE
  5
718
330
17
100
AcDbEntity
  8
0
100
AcDbLine
 10
422.294
 20
-535.173
 30
0.0
 11
397.711
 21
-535.173
 31
0.0
  0
LINE
  5
719
330
17
100
AcDbEntity
  8
0
100
AcDbLine
 10
423.108
 20
-535.228
 30
0.0
 11
422.294
 21
-535.173
 31
0.0
  0
LINE
  5
71A
330
17
100
AcDbEntity
  8
0
100
AcDbLine
 10
423.889
 20
-535.387
 30
0.0
 11
423.108
 21
-535.228
 31
0.0
  0
LINE
  5
71B
330
17
100
AcDbEntity
  8
0
100
AcDbLine
 10
424.63
 20
-535.645
 30
0.0
 11
423.889
 21
-535.387
 31
0.0
  0
LINE
  5
71C
330
17
100
AcDbEntity
  8
0
100
AcDbLine
 10
425.322
 20
-535.992
 30
0.0
 11
424.63
 21
-535.645
 31
0.0
  0
LINE
  5
71D
330
17
100
AcDbEntity
  8
0
100
AcDbLine
 10
425.961
 20
-536.423
 30
0.0
 11
425.322
 21
-535.992
 31
0.0
  0
LINE
  5
71E
330
17
100
AcDbEntity
  8
0
100
AcDbLine
 10
426.537
 20
-536.93
 30
0.0
 11
425.961
 21
-536.423
 31
0.0
  0
LINE
  5
71F
330
17
100
AcDbEntity
  8
0
100
AcDbLine
 10
427.044
 20
-537.507
 30
0.0
 11
426.537
 21
-536.93
 31
0.0
  0
LINE
  5
720
330
17
100
AcDbEntity
  8
0
100
AcDbLine
 10
427.475
 20
-538.145
 30
0.0
 11
427.044
 21
-537.507
 31
0.0
  0
LINE
  5
721
330
17
100
AcDbEntity
  8
0
100
AcDbLine
 10
427.823
 20
-538.838
 30
0.0
 11
427.475
 21
-538.145
 31
0.0
  0
LINE
  5
722
330
17
100
AcDbEntity
  8
0
100
AcDbLine
 10
428.08
 20
-539.578
 30
0.0
 11
427.823
 21
-538.838
 31
0.0
  0
LINE
  5
723
330
17
100
AcDbEntity
  8
0
100
AcDbLine
 10
428.239
 20
-540.359
 30
0.0
 11
428.08
 21
-539.578
 31
0.0
  0
LINE
  5
724
330
17
100
AcDbEntity
  8
0
100
AcDbLine
 10
428.294
 20
-541.173
 30
0.0
 11
428.239
 21
-540.359
 31
0.0
  0
LINE
  5
725
330
17
100
AcDbEntity
  8
0
100
AcDbLine
 10
428.294
 20
-618.266
 30
0.0
 11
428.294
 21
-570.513
 31
0.0
  0
LINE
  5
726
330
17
100
AcDbEntity
  8
0
100
AcDbLine
 10
428.294
 20
-566.876
 30
0.0
 11
428.294
 21
-541.173
 31
0.0
  0
LINE
  5
727
330
17
100
AcDbEntity
  8
0
100
AcDbLine
 10
428.185
 20
-619.894
 30
0.0
 11
428.294
 21
-618.266
 31
0.0
  0
LINE
  5
728
330
17
100
AcDbEntity
  8
0
100
AcDbLine
 10
427.866
 20
-621.456
 30
0.0
 11
428.185
 21
-619.894
 31
0.0
  0
LINE
  5
729
330
17
100
AcDbEntity
  8
0
100
AcDbLine
 10
427.351
 20
-622.936
 30
0.0
 11
427.866
 21
-621.456
 31
0.0
  0
LINE
  5
72A
330
17
100
AcDbEntity
  8
0
100
AcDbLine
 10
426.656
 20
-624.322
 30
0.0
 11
427.351
 21
-622.936
 31
0.0
  0
LINE
  5
72B
330
17
100
AcDbEntity
  8
0
100
AcDbLine
 10
425.794
 20
-625.598
 30
0.0
 11
426.656
 21
-624.322
 31
0.0
  0
LINE
  5
72C
330
17
100
AcDbEntity
  8
0
100
AcDbLine
 10
424.779
 20
-626.751
 30
0.0
 11
425.794
 21
-625.598
 31
0.0
  0
LINE
  5
72D
330
17
100
AcDbEntity
  8
0
100
AcDbLine
 10
423.627
 20
-627.765
 30
0.0
 11
424.779
 21
-626.751
 31
0.0
  0
LINE
  5
72E
330
17
100
AcDbEntity
  8
0
100
AcDbLine
 10
422.351
 20
-628.627
 30
0.0
 11
423.627
 21
-627.765
 31
0.0
  0
LINE
  5
72F
330
17
100
AcDbEntity
  8
0
100
AcDbLine
 10
420.965
 20
-629.323
 30
0.0
 11
422.351
 21
-628.627
 31
0.0
  0
LINE
  5
730
330
17
100
AcDbEntity
  8
0
100
AcDbLine
 10
419.484
 20
-629.837
 30
0.0
 11
420.965
 21
-629.323
 31
0.0
  0
LINE
  5
731
330
17
100
AcDbEntity
  8
0
100
AcDbLine
 10
417.922
 20
-630.156
 30
0.0
 11
419.484
 21
-629.837
 31
0.0
  0
LINE
  5
732
330
17
100
AcDbEntity
  8
0
100
AcDbLine
 10
416.294
 20
-630.266
 30
0.0
 11
417.922
 21
-630.156
 31
0.0
  0
LINE
  5
733
330
17
100
AcDbEntity
  8
0
100
AcDbLine
 10
403.711
 20
-630.266
 30
0.0
 11
416.294
 21
-630.266
 31
0.0
  0
LINE
  5
734
330
17
100
AcDbEntity
  8
0
100
AcDbLine
 10
402.082
 20
-630.156
 30
0.0
 11
403.711
 21
-630.266
 31
0.0
  0
LINE
  5
735
330
17
100
AcDbEntity
  8
0
100
AcDbLine
 10
400.521
 20
-629.837
 30
0.0
 11
402.082
 21
-630.156
 31
0.0
  0
LINE
  5
736
330
17
100
AcDbEntity
  8
0
100
AcDbLine
 10
399.04
 20
-629.323
 30
0.0
 11
400.521
 21
-629.837
 31
0.0
  0
LINE
  5
737
330
17
100
AcDbEntity
  8
0
100
AcDbLine
 10
397.654
 20
-628.627
 30
0.0
 11
399.04
 21
-629.323
 31
0.0
  0
LINE
  5
738
330
17
100
AcDbEntity
  8
0
100
AcDbLine
 10
396.378
 20
-627.765
 30
0.0
 11
397.654
 21
-628.627
 31
0.0
  0
LINE
  5
739
330
17
100
AcDbEntity
  8
0
100
AcDbLine
 10
395.225
 20
-626.751
 30
0.0
 11
396.378
 21
-627.765
 31
0.0
  0
LINE
  5
73A
330
17
100
AcDbEntity
  8
0
100
AcDbLine
 10
394.211
 20
-625.598
 30
0.0
 11
395.225
 21
-626.751
 31
0.0
  0
LINE
  5
73B
330
17
100
AcDbEntity
  8
0
100
AcDbLine
 10
393.349
 20
-624.322
 30
0.0
 11
394.211
 21
-625.598
 31
0.0
  0
LINE
  5
73C
330
17
100
AcDbEntity
  8
0
100
AcDbLine
 10
392.654
 20
-622.936
 30
0.0
 11
393.349
 21
-624.322
 31
0.0
  0
LINE
  5
73D
330
17
100
AcDbEntity
  8
0
100
AcDbLine
 10
392.139
 20
-621.456
 30
0.0
 11
392.654
 21
-622.936
 31
0.0
  0
LINE
  5
73E
330
17
100
AcDbEntity
  8
0
100
AcDbLine
 10
391.82
 20
-619.894
 30
0.0
 11
392.139
 21
-621.456
 31
0.0
  0
LINE
  5
73F
330
17
100
AcDbEntity
  8
0
100
AcDbLine
 10
391.711
 20
-618.266
 30
0.0
 11
391.82
 21
-619.894
 31
0.0
  0
LINE
  5
740
330
17
100
AcDbEntity
  8
0
100
AcDbLine
 10
391.711
 20
-541.173
 30
0.0
 11
391.711
 21
-572.16
 31
0.0
  0
LINE
  5
741
330
17
100
AcDbEntity
  8
0
100
AcDbLine
 10
391.711
 20
-575.798
 30
0.0
 11
391.711
 21
-618.266
 31
0.0
  0
LINE
  5
742
330
17
100
AcDbEntity
  8
0
100
AcDbLine
 10
391.765
 20
-540.359
 30
0.0
 11
391.711
 21
-541.173
 31
0.0
  0
LINE
  5
743
330
17
100
AcDbEntity
  8
0
100
AcDbLine
 10
391.925
 20
-539.578
 30
0.0
 11
391.765
 21
-540.359
 31
0.0
  0
LINE
  5
744
330
17
100
AcDbEntity
  8
0
100
AcDbLine
 10
392.182
 20
-538.837
 30
0.0
 11
391.925
 21
-539.578
 31
0.0
  0
LINE
  5
745
330
17
100
AcDbEntity
  8
0
100
AcDbLine
 10
392.53
 20
-538.145
 30
0.0
 11
392.182
 21
-538.837
 31
0.0
  0
LINE
  5
746
330
17
100
AcDbEntity
  8
0
100
AcDbLine
 10
392.961
 20
-537.507
 30
0.0
 11
392.53
 21
-538.145
 31
0.0
  0
LINE
  5
747
330
17
100
AcDbEntity
  8
0
100
AcDbLine
 10
393.468
 20
-536.93
 30
0.0
 11
392.961
 21
-537.507
 31
0.0
  0
LINE
  5
748
330
17
100
AcDbEntity
  8
0
100
AcDbLine
 10
394.044
 20
-536.423
 30
0.0
 11
393.468
 21
-536.93
 31
0.0
  0
LINE
  5
749
330
17
100
AcDbEntity
  8
0
100
AcDbLine
 10
394.682
 20
-535.992
 30
0.0
 11
394.044
 21
-536.423
 31
0.0
  0
LINE
  5
74A
330
17
100
AcDbEntity
  8
0
100
AcDbLine
 10
395.375
 20
-535.644
 30
0.0
 11
394.682
 21
-535.992
 31
0.0
  0
LINE
  5
74B
330
17
100
AcDbEntity
  8
0
100
AcDbLine
 10
396.116
 20
-535.387
 30
0.0
 11
395.375
 21
-535.644
 31
0.0
  0
LINE
  5
74C
330
17
100
AcDbEntity
  8
0
100
AcDbLine
 10
396.896
 20
-535.228
 30
0.0
 11
396.116
 21
-535.387
 31
0.0
  0
LINE
  5
74D
330
17
100
AcDbEntity
  8
0
100
AcDbLine
 10
397.711
 20
-535.173
 30
0.0
 11
396.896
 21
-535.228
 31
0.0
  0
LINE
  5
74E
330
17
100
AcDbEntity
  8
0
100
AcDbLine
 10
423.214
 20
-605.353
 30
0.0
 11
423.214
 21
-607.303
 31
0.0
  0
LINE
  5
74F
330
17
100
AcDbEntity
  8
0
100
AcDbLine
 10
422.545
 20
-596.126
 30
0.0
 11
423.214
 21
-605.353
 31
0.0
  0
LINE
  5
750
330
17
100
AcDbEntity
  8
0
100
AcDbLine
 10
421.882
 20
-594.891
 30
0.0
 11
422.545
 21
-596.126
 31
0.0
  0
LINE
  5
751
330
17
100
AcDbEntity
  8
0
100
AcDbLine
 10
420.464
 20
-594.673
 30
0.0
 11
421.882
 21
-594.891
 31
0.0
  0
LINE
  5
752
330
17
100
AcDbEntity
  8
0
100
AcDbLine
 10
410.002
 20
-595.375
 30
0.0
 11
420.464
 21
-594.673
 31
0.0
  0
LINE
  5
753
330
17
100
AcDbEntity
  8
0
100
AcDbLine
 10
399.541
 20
-594.673
 30
0.0
 11
410.002
 21
-595.375
 31
0.0
  0
LINE
  5
754
330
17
100
AcDbEntity
  8
0
100
AcDbLine
 10
398.123
 20
-594.891
 30
0.0
 11
399.541
 21
-594.673
 31
0.0
  0
LINE
  5
755
330
17
100
AcDbEntity
  8
0
100
AcDbLine
 10
397.46
 20
-596.126
 30
0.0
 11
398.123
 21
-594.891
 31
0.0
  0
LINE
  5
756
330
17
100
AcDbEntity
  8
0
100
AcDbLine
 10
396.791
 20
-605.353
 30
0.0
 11
397.46
 21
-596.126
 31
0.0
  0
LINE
  5
757
330
17
100
AcDbEntity
  8
0
100
AcDbLine
 10
396.791
 20
-607.303
 30
0.0
 11
396.791
 21
-605.353
 31
0.0
  0
LINE
  5
758
330
17
100
AcDbEntity
  8
0
100
AcDbLine
 10
398.129
 20
-608.147
 30
0.0
 11
396.791
 21
-607.303
 31
0.0
  0
LINE
  5
759
330
17
100
AcDbEntity
  8
0
100
AcDbLine
 10
410.002
 20
-609.137
 30
0.0
 11
398.129
 21
-608.147
 31
0.0
  0
LINE
  5
75A
330
17
100
AcDbEntity
  8
0
100
AcDbLine
 10
421.876
 20
-608.147
 30
0.0
 11
410.002
 21
-609.137
 31
0.0
  0
LINE
  5
75B
330
17
100
AcDbEntity
  8
0
100
AcDbLine
 10
423.214
 20
-607.303
 30
0.0
 11
421.876
 21
-608.147
 31
0.0
  0
LINE
  5
75C
330
17
100
AcDbEntity
  8
0
100
AcDbLine
 10
398.718
 20
-580.843
 30
0.0
 11
399.099
 21
-574.73
 31
0.0
  0
LINE
  5
75D
330
17
100
AcDbEntity
  8
0
100
AcDbLine
 10
399.329
 20
-571.06
 30
0.0
 11
399.863
 21
-562.504
 31
0.0
  0
LINE
  5
75E
330
17
100
AcDbEntity
  8
0
100
AcDbLine
 10
397.487
 20
-593.181
 30
0.0
 11
398.718
 21
-580.843
 31
0.0
  0
LINE
  5
75F
330
17
100
AcDbEntity
  8
0
100
AcDbLine
 10
401.749
 20
-593.869
 30
0.0
 11
397.487
 21
-593.181
 31
0.0
  0
LINE
  5
760
330
17
100
AcDbEntity
  8
0
100
AcDbLine
 10
418.256
 20
-593.869
 30
0.0
 11
401.749
 21
-593.869
 31
0.0
  0
LINE
  5
761
330
17
100
AcDbEntity
  8
0
100
AcDbLine
 10
422.517
 20
-593.181
 30
0.0
 11
418.256
 21
-593.869
 31
0.0
  0
LINE
  5
762
330
17
100
AcDbEntity
  8
0
100
AcDbLine
 10
421.287
 20
-580.843
 30
0.0
 11
422.517
 21
-593.181
 31
0.0
  0
LINE
  5
763
330
17
100
AcDbEntity
  8
0
100
AcDbLine
 10
420.142
 20
-562.504
 30
0.0
 11
420.485
 21
-568.004
 31
0.0
  0
LINE
  5
764
330
17
100
AcDbEntity
  8
0
100
AcDbLine
 10
420.71
 20
-571.609
 30
0.0
 11
421.287
 21
-580.843
 31
0.0
  0
LINE
  5
765
330
17
100
AcDbEntity
  8
0
100
AcDbLine
 10
420.142
 20
-545.724
 30
0.0
 11
420.142
 21
-562.504
 31
0.0
  0
LINE
  5
766
330
17
100
AcDbEntity
  8
0
100
AcDbLine
 10
399.863
 20
-545.724
 30
0.0
 11
420.142
 21
-545.724
 31
0.0
  0
LINE
  5
767
330
17
100
AcDbEntity
  8
0
100
AcDbLine
 10
399.863
 20
-562.504
 30
0.0
 11
399.863
 21
-545.724
 31
0.0
  0
LINE
  5
768
330
17
100
AcDbEntity
  8
0
100
AcDbLine
 10
397.038
 20
-543.112
 30
0.0
 11
398.532
 21
-544.606
 31
0.0
  0
LINE
  5
769
330
17
100
AcDbEntity
  8
0
100
AcDbLine
 10
396.316
 20
-540.99
 30
0.0
 11
397.038
 21
-543.112
 31
0.0
  0
LINE
  5
76A
330
17
100
AcDbEntity
  8
0
100
AcDbLine
 10
398.194
 20
-540.351
 30
0.0
 11
396.316
 21
-540.99
 31
0.0
  0
LINE
  5
76B
330
17
100
AcDbEntity
  8
0
100
AcDbLine
 10
421.419
 20
-540.351
 30
0.0
 11
398.194
 21
-540.351
 31
0.0
  0
LINE
  5
76C
330
17
100
AcDbEntity
  8
0
100
AcDbLine
 10
423.689
 20
-540.99
 30
0.0
 11
422.142
 21
-540.463
 31
0.0
  0
LINE
  5
76D
330
17
100
AcDbEntity
  8
0
100
AcDbLine
 10
422.967
 20
-543.112
 30
0.0
 11
423.689
 21
-540.99
 31
0.0
  0
LINE
  5
76E
330
17
100
AcDbEntity
  8
0
100
AcDbLine
 10
421.472
 20
-544.606
 30
0.0
 11
421.963
 21
-544.116
 31
0.0
  0
LINE
  5
76F
330
17
100
AcDbEntity
  8
0
100
AcDbLine
 10
422.581
 20
-543.498
 30
0.0
 11
422.967
 21
-543.112
 31
0.0
  0
LINE
  5
770
330
17
100
AcDbEntity
  8
0
100
AcDbLine
 10
398.532
 20
-544.606
 30
0.0
 11
421.472
 21
-544.606
 31
0.0
  0
LINE
  5
771
330
17
100
AcDbEntity
  8
0
100
AcDbLine
 10
433.827
 20
-475.125
 30
0.0
 11
439.267
 21
-459.881
 31
0.0
  0
LINE
  5
772
330
17
100
AcDbEntity
  8
0
100
AcDbLine
 10
449.465
 20
-473.635
 30
0.0
 11
433.827
 21
-475.125
 31
0.0
  0
LINE
  5
773
330
17
100
AcDbEntity
  8
0
100
AcDbLine
 10
439.267
 20
-459.881
 30
0.0
 11
449.465
 21
-473.635
 31
0.0
  0
LINE
  5
774
330
17
100
AcDbEntity
  8
0
100
AcDbLine
 10
385.94
 20
-618.74
 30
0.0
 11
396.081
 21
-631.27
 31
0.0
  0
LINE
  5
775
330
17
100
AcDbEntity
  8
0
100
AcDbLine
 10
377.633
 20
-605.352
 30
0.0
 11
385.94
 21
-618.74
 31
0.0
  0
LINE
  5
776
330
17
100
AcDbEntity
  8
0
100
AcDbLine
 10
371.162
 20
-591.274
 30
0.0
 11
377.633
 21
-605.352
 31
0.0
  0
LINE
  5
777
330
17
100
AcDbEntity
  8
0
100
AcDbLine
 10
367.364
 20
-579.314
 30
0.0
 11
371.162
 21
-591.274
 31
0.0
  0
LINE
  5
778
330
17
100
AcDbEntity
  8
0
100
AcDbLine
 10
363.727
 20
-561.738
 30
0.0
 11
366.366
 21
-575.821
 31
0.0
  0
LINE
  5
779
330
17
100
AcDbEntity
  8
0
100
AcDbLine
 10
362.765
 20
-546.62
 30
0.0
 11
363.727
 21
-561.738
 31
0.0
  0
LINE
  5
77A
330
17
100
AcDbEntity
  8
0
100
AcDbLine
 10
363.64
 20
-531.496
 30
0.0
 11
362.765
 21
-546.62
 31
0.0
  0
LINE
  5
77B
330
17
100
AcDbEntity
  8
0
100
AcDbLine
 10
366.352
 20
-516.538
 30
0.0
 11
363.64
 21
-531.496
 31
0.0
  0
LINE
  5
77C
330
17
100
AcDbEntity
  8
0
100
AcDbLine
 10
370.903
 20
-501.917
 30
0.0
 11
366.352
 21
-516.538
 31
0.0
  0
LINE
  5
77D
330
17
100
AcDbEntity
  8
0
100
AcDbLine
 10
377.292
 20
-487.802
 30
0.0
 11
370.903
 21
-501.917
 31
0.0
  0
LINE
  5
77E
330
17
100
AcDbEntity
  8
0
100
AcDbLine
 10
385.521
 20
-474.366
 30
0.0
 11
377.292
 21
-487.802
 31
0.0
  0
LINE
  5
77F
330
17
100
AcDbEntity
  8
0
100
AcDbLine
 10
395.589
 20
-461.778
 30
0.0
 11
385.521
 21
-474.366
 31
0.0
  0
LINE
  5
780
330
17
100
AcDbEntity
  8
0
100
AcDbLine
 10
407.902
 20
-449.919
 30
0.0
 11
395.589
 21
-461.778
 31
0.0
  0
LINE
  5
781
330
17
100
AcDbEntity
  8
0
100
AcDbLine
 10
421.371
 20
-440.052
 30
0.0
 11
407.902
 21
-449.919
 31
0.0
  0
LINE
  5
782
330
17
100
AcDbEntity
  8
0
100
AcDbLine
 10
435.785
 20
-432.187
 30
0.0
 11
421.371
 21
-440.052
 31
0.0
  0
LINE
  5
783
330
17
100
AcDbEntity
  8
0
100
AcDbLine
 10
450.933
 20
-426.334
 30
0.0
 11
435.785
 21
-432.187
 31
0.0
  0
LINE
  5
784
330
17
100
AcDbEntity
  8
0
100
AcDbLine
 10
466.603
 20
-422.504
 30
0.0
 11
450.933
 21
-426.334
 31
0.0
  0
LINE
  5
785
330
17
100
AcDbEntity
  8
0
100
AcDbLine
 10
482.584
 20
-420.706
 30
0.0
 11
466.603
 21
-422.504
 31
0.0
  0
LINE
  5
786
330
17
100
AcDbEntity
  8
0
100
AcDbLine
 10
498.663
 20
-420.952
 30
0.0
 11
482.584
 21
-420.706
 31
0.0
  0
LINE
  5
787
330
17
100
AcDbEntity
  8
0
100
AcDbLine
 10
514.63
 20
-423.25
 30
0.0
 11
498.663
 21
-420.952
 31
0.0
  0
LINE
  5
788
330
17
100
AcDbEntity
  8
0
100
AcDbLine
 10
530.273
 20
-427.611
 30
0.0
 11
514.63
 21
-423.25
 31
0.0
  0
LINE
  5
789
330
17
100
AcDbEntity
  8
0
100
AcDbLine
 10
545.38
 20
-434.047
 30
0.0
 11
530.273
 21
-427.611
 31
0.0
  0
LINE
  5
78A
330
17
100
AcDbEntity
  8
0
100
AcDbLine
 10
559.74
 20
-442.566
 30
0.0
 11
545.38
 21
-434.047
 31
0.0
  0
LINE
  5
78B
330
17
100
AcDbEntity
  8
0
100
AcDbLine
 10
573.141
 20
-453.179
 30
0.0
 11
559.74
 21
-442.566
 31
0.0
  0
LINE
  5
78C
330
17
100
AcDbEntity
  8
0
100
AcDbLine
 10
452.016
 20
-464.221
 30
0.0
 11
445.082
 21
-467.723
 31
0.0
  0
LINE
  5
78D
330
17
100
AcDbEntity
  8
0
100
AcDbLine
 10
459.056
 20
-461.343
 30
0.0
 11
452.016
 21
-464.221
 31
0.0
  0
LINE
  5
78E
330
17
100
AcDbEntity
  8
0
100
AcDbLine
 10
466.183
 20
-459.091
 30
0.0
 11
459.056
 21
-461.343
 31
0.0
  0
LINE
  5
78F
330
17
100
AcDbEntity
  8
0
100
AcDbLine
 10
473.375
 20
-457.463
 30
0.0
 11
466.183
 21
-459.091
 31
0.0
  0
LINE
  5
790
330
17
100
AcDbEntity
  8
0
100
AcDbLine
 10
480.613
 20
-456.462
 30
0.0
 11
473.375
 21
-457.463
 31
0.0
  0
LINE
  5
791
330
17
100
AcDbEntity
  8
0
100
AcDbLine
 10
487.877
 20
-456.085
 30
0.0
 11
480.613
 21
-456.462
 31
0.0
  0
LINE
  5
792
330
17
100
AcDbEntity
  8
0
100
AcDbLine
 10
495.146
 20
-456.335
 30
0.0
 11
487.877
 21
-456.085
 31
0.0
  0
LINE
  5
793
330
17
100
AcDbEntity
  8
0
100
AcDbLine
 10
502.4
 20
-457.21
 30
0.0
 11
495.146
 21
-456.335
 31
0.0
  0
LINE
  5
794
330
17
100
AcDbEntity
  8
0
100
AcDbLine
 10
509.62
 20
-458.712
 30
0.0
 11
502.4
 21
-457.21
 31
0.0
  0
LINE
  5
795
330
17
100
AcDbEntity
  8
0
100
AcDbLine
 10
516.785
 20
-460.839
 30
0.0
 11
509.62
 21
-458.712
 31
0.0
  0
LINE
  5
796
330
17
100
AcDbEntity
  8
0
100
AcDbLine
 10
523.874
 20
-463.594
 30
0.0
 11
516.785
 21
-460.839
 31
0.0
  0
LINE
  5
797
330
17
100
AcDbEntity
  8
0
100
AcDbLine
 10
530.868
 20
-466.974
 30
0.0
 11
523.874
 21
-463.594
 31
0.0
  0
LINE
  5
798
330
17
100
AcDbEntity
  8
0
100
AcDbLine
 10
573.141
 20
-421.098
 30
0.0
 11
488.23
 21
-421.098
 31
0.0
  0
LINE
  5
799
330
17
100
AcDbEntity
  8
0
100
AcDbLine
 10
573.141
 20
-489.647
 30
0.0
 11
573.141
 21
-421.098
 31
0.0
  0
LINE
  5
79A
330
17
100
AcDbEntity
  8
0
100
AcDbLine
 10
488.23
 20
-489.647
 30
0.0
 11
573.141
 21
-489.647
 31
0.0
  0
LINE
  5
79B
330
17
100
AcDbEntity
  8
0
100
AcDbLine
 10
393.577
 20
-581.274
 30
0.0
 11
396.888
 21
-580.184
 31
0.0
  0
LINE
  5
79C
330
17
100
AcDbEntity
  8
0
100
AcDbLine
 10
391.711
 20
-581.274
 30
0.0
 11
393.577
 21
-581.274
 31
0.0
  0
LINE
  5
79D
330
17
100
AcDbEntity
  8
0
100
AcDbLine
 10
426.082
 20
-560.646
 30
0.0
 11
428.294
 21
-560.123
 31
0.0
  0
LINE
  5
79E
330
17
100
AcDbEntity
  8
0
100
AcDbLine
 10
423.117
 20
-564.482
 30
0.0
 11
424.623
 21
-562.533
 31
0.0
  0
LINE
  5
79F
330
17
100
AcDbEntity
  8
0
100
AcDbLine
 10
425.219
 20
-561.762
 30
0.0
 11
426.082
 21
-560.646
 31
0.0
  0
LINE
  5
7A0
330
17
100
AcDbEntity
  8
0
100
AcDbLine
 10
423.117
 20
-580.184
 30
0.0
 11
423.117
 21
-571.261
 31
0.0
  0
LINE
  5
7A1
330
17
100
AcDbEntity
  8
0
100
AcDbLine
 10
423.117
 20
-567.624
 30
0.0
 11
423.117
 21
-564.482
 31
0.0
  0
LINE
  5
7A2
330
17
100
AcDbEntity
  8
0
100
AcDbLine
 10
362.969
 20
-631.27
 30
0.0
 11
362.969
 21
-579.949
 31
0.0
  0
LINE
  5
7A3
330
17
100
AcDbEntity
  8
0
100
AcDbLine
 10
362.969
 20
-576.312
 30
0.0
 11
362.969
 21
-546.359
 31
0.0
  0
LINE
  5
7A4
330
17
100
AcDbEntity
  8
0
100
AcDbLine
 10
431.518
 20
-631.27
 30
0.0
 11
362.969
 21
-631.27
 31
0.0
  0
LINE
  5
7A5
330
17
100
AcDbEntity
  8
0
100
AcDbLine
 10
431.518
 20
-546.359
 30
0.0
 11
431.518
 21
-566.41
 31
0.0
  0
LINE
  5
7A6
330
17
100
AcDbEntity
  8
0
100
AcDbLine
 10
431.518
 20
-570.047
 30
0.0
 11
431.518
 21
-631.27
 31
0.0
  0
LINE
  5
7A7
330
17
100
AcDbEntity
  8
0
100
AcDbLine
 10
431.52
 20
-545.668
 30
0.0
 11
431.518
 21
-546.359
 31
0.0
  0
LINE
  5
7A8
330
17
100
AcDbEntity
  8
0
100
AcDbLine
 10
431.529
 20
-544.992
 30
0.0
 11
431.52
 21
-545.668
 31
0.0
  0
LINE
  5
7A9
330
17
100
AcDbEntity
  8
0
100
AcDbLine
 10
431.546
 20
-544.329
 30
0.0
 11
431.529
 21
-544.992
 31
0.0
  0
LINE
  5
7AA
330
17
100
AcDbEntity
  8
0
100
AcDbLine
 10
431.57
 20
-543.675
 30
0.0
 11
431.546
 21
-544.329
 31
0.0
  0
LINE
  5
7AB
330
17
100
AcDbEntity
  8
0
100
AcDbLine
 10
431.602
 20
-543.027
 30
0.0
 11
431.57
 21
-543.675
 31
0.0
  0
LINE
  5
7AC
330
17
100
AcDbEntity
  8
0
100
AcDbLine
 10
431.642
 20
-542.383
 30
0.0
 11
431.602
 21
-543.027
 31
0.0
  0
LINE
  5
7AD
330
17
100
AcDbEntity
  8
0
100
AcDbLine
 10
431.689
 20
-541.739
 30
0.0
 11
431.642
 21
-542.383
 31
0.0
  0
LINE
  5
7AE
330
17
100
AcDbEntity
  8
0
100
AcDbLine
 10
431.745
 20
-541.093
 30
0.0
 11
431.689
 21
-541.739
 31
0.0
  0
LINE
  5
7AF
330
17
100
AcDbEntity
  8
0
100
AcDbLine
 10
431.81
 20
-540.442
 30
0.0
 11
431.745
 21
-541.093
 31
0.0
  0
LINE
  5
7B0
330
17
100
AcDbEntity
  8
0
100
AcDbLine
 10
431.883
 20
-539.782
 30
0.0
 11
431.81
 21
-540.442
 31
0.0
  0
LINE
  5
7B1
330
17
100
AcDbEntity
  8
0
100
AcDbLine
 10
431.965
 20
-539.111
 30
0.0
 11
431.883
 21
-539.782
 31
0.0
  0
LINE
  5
7B2
330
17
100
AcDbEntity
  8
0
100
AcDbLine
 10
432.057
 20
-538.426
 30
0.0
 11
431.965
 21
-539.111
 31
0.0
  0
LINE
  5
7B3
330
17
100
AcDbEntity
  8
0
100
AcDbLine
 10
433.635
 20
-530.817
 30
0.0
 11
432.057
 21
-538.426
 31
0.0
  0
LINE
  5
7B4
330
17
100
AcDbEntity
  8
0
100
AcDbLine
 10
436.16
 20
-523.658
 30
0.0
 11
433.635
 21
-530.817
 31
0.0
  0
LINE
  5
7B5
330
17
100
AcDbEntity
  8
0
100
AcDbLine
 10
439.552
 20
-517.007
 30
0.0
 11
436.16
 21
-523.658
 31
0.0
  0
LINE
  5
7B6
330
17
100
AcDbEntity
  8
0
100
AcDbLine
 10
443.736
 20
-510.924
 30
0.0
 11
439.552
 21
-517.007
 31
0.0
  0
LINE
  5
7B7
330
17
100
AcDbEntity
  8
0
100
AcDbLine
 10
448.635
 20
-505.466
 30
0.0
 11
443.736
 21
-510.924
 31
0.0
  0
LINE
  5
7B8
330
17
100
AcDbEntity
  8
0
100
AcDbLine
 10
454.172
 20
-500.692
 30
0.0
 11
448.635
 21
-505.466
 31
0.0
  0
LINE
  5
7B9
330
17
100
AcDbEntity
  8
0
100
AcDbLine
 10
460.27
 20
-496.658
 30
0.0
 11
454.172
 21
-500.692
 31
0.0
  0
LINE
  5
7BA
330
17
100
AcDbEntity
  8
0
100
AcDbLine
 10
466.852
 20
-493.425
 30
0.0
 11
460.27
 21
-496.658
 31
0.0
  0
LINE
  5
7BB
330
17
100
AcDbEntity
  8
0
100
AcDbLine
 10
473.843
 20
-491.048
 30
0.0
 11
466.852
 21
-493.425
 31
0.0
  0
LINE
  5
7BC
330
17
100
AcDbEntity
  8
0
100
AcDbLine
 10
481.164
 20
-489.588
 30
0.0
 11
473.843
 21
-491.048
 31
0.0
  0
LINE
  5
7BD
330
17
100
AcDbEntity
  8
0
100
AcDbLine
 10
488.739
 20
-489.101
 30
0.0
 11
481.164
 21
-489.588
 31
0.0
  0
LINE
  5
7BE
330
17
100
AcDbEntity
  8
0
100
AcDbLine
 10
496.492
 20
-489.647
 30
0.0
 11
488.739
 21
-489.101
 31
0.0
  0
LINE
  5
7BF
330
17
100
AcDbEntity
  8
0
100
AcDbLine
 10
388.762
 20
-598.067
 30
0.0
 11
391.711
 21
-598.506
 31
0.0
  0
LINE
  5
7C0
330
17
100
AcDbEntity
  8
0
100
AcDbLine
 10
389.064
 20
-599.742
 30
0.0
 11
388.762
 21
-598.067
 31
0.0
  0
LINE
  5
7C1
330
17
100
AcDbEntity
  8
0
100
AcDbLine
 10
391.711
 20
-601.676
 30
0.0
 11
389.064
 21
-599.742
 31
0.0
  0
LINE
  5
7C2
330
17
100
AcDbEntity
  8
0
100
AcDbLine
 10
393.969
 20
-601.676
 30
0.0
 11
391.711
 21
-601.676
 31
0.0
  0
LINE
  5
7C3
330
17
100
AcDbEntity
  8
0
100
AcDbLine
 10
395.407
 20
-600.238
 30
0.0
 11
393.969
 21
-601.676
 31
0.0
  0
LINE
  5
7C4
330
17
100
AcDbEntity
  8
0
100
AcDbLine
 10
396.888
 20
-580.184
 30
0.0
 11
395.407
 21
-600.238
 31
0.0
  0
LINE
  5
7C5
330
17
100
AcDbEntity
  8
0
100
AcDbLine
 10
396.888
 20
-564.482
 30
0.0
 11
396.888
 21
-571.412
 31
0.0
  0
LINE
  5
7C6
330
17
100
AcDbEntity
  8
0
100
AcDbLine
 10
396.888
 20
-575.05
 30
0.0
 11
396.888
 21
-580.184
 31
0.0
  0
LINE
  5
7C7
330
17
100
AcDbEntity
  8
0
100
AcDbLine
 10
393.923
 20
-560.646
 30
0.0
 11
396.888
 21
-564.482
 31
0.0
  0
LINE
  5
7C8
330
17
100
AcDbEntity
  8
0
100
AcDbLine
 10
391.711
 20
-560.123
 30
0.0
 11
393.923
 21
-560.646
 31
0.0
  0
LINE
  5
7C9
330
17
100
AcDbEntity
  8
0
100
AcDbLine
 10
426.428
 20
-581.274
 30
0.0
 11
428.294
 21
-581.274
 31
0.0
  0
LINE
  5
7CA
330
17
100
AcDbEntity
  8
0
100
AcDbLine
 10
423.117
 20
-580.184
 30
0.0
 11
426.428
 21
-581.274
 31
0.0
  0
LINE
  5
7CB
330
17
100
AcDbEntity
  8
0
100
AcDbLine
 10
424.598
 20
-600.238
 30
0.0
 11
423.117
 21
-580.184
 31
0.0
  0
LINE
  5
7CC
330
17
100
AcDbEntity
  8
0
100
AcDbLine
 10
426.036
 20
-601.676
 30
0.0
 11
424.598
 21
-600.238
 31
0.0
  0
LINE
  5
7CD
330
17
100
AcDbEntity
  8
0
100
AcDbLine
 10
428.294
 20
-601.676
 30
0.0
 11
426.036
 21
-601.676
 31
0.0
  0
LINE
  5
7CE
330
17
100
AcDbEntity
  8
0
100
AcDbLine
 10
430.941
 20
-599.742
 30
0.0
 11
428.294
 21
-601.676
 31
0.0
  0
LINE
  5
7CF
330
17
100
AcDbEntity
  8
0
100
AcDbLine
 10
431.243
 20
-598.067
 30
0.0
 11
430.941
 21
-599.742
 31
0.0
  0
LINE
  5
7D0
330
17
100
AcDbEntity
  8
0
100
AcDbLine
 10
428.294
 20
-598.506
 30
0.0
 11
431.243
 21
-598.067
 31
0.0
  0
LINE
  5
7D1
330
17
100
AcDbEntity
  8
0
100
AcDbLine
 10
423.619
 20
-622.314
 30
0.0
 11
419.351
 21
-627.382
 31
0.0
  0
LINE
  5
7D2
330
17
100
AcDbEntity
  8
0
100
AcDbLine
 10
425.354
 20
-618.888
 30
0.0
 11
423.619
 21
-622.314
 31
0.0
  0
LINE
  5
7D3
330
17
100
AcDbEntity
  8
0
100
AcDbLine
 10
425.354
 20
-615.791
 30
0.0
 11
425.354
 21
-618.888
 31
0.0
  0
LINE
  5
7D4
330
17
100
AcDbEntity
  8
0
100
AcDbLine
 10
426.433
 20
-615.791
 30
0.0
 11
425.354
 21
-615.791
 31
0.0
  0
LINE
  5
7D5
330
17
100
AcDbEntity
  8
0
100
AcDbLine
 10
426.433
 20
-620.859
 30
0.0
 11
426.433
 21
-615.791
 31
0.0
  0
LINE
  5
7D6
330
17
100
AcDbEntity
  8
0
100
AcDbLine
 10
423.431
 20
-624.942
 30
0.0
 11
426.433
 21
-620.859
 31
0.0
  0
LINE
  5
7D7
330
17
100
AcDbEntity
  8
0
100
AcDbLine
 10
419.351
 20
-627.382
 30
0.0
 11
423.431
 21
-624.942
 31
0.0
  0
LINE
  5
7D8
330
17
100
AcDbEntity
  8
0
100
AcDbLine
 10
400.654
 20
-627.382
 30
0.0
 11
419.351
 21
-627.382
 31
0.0
  0
LINE
  5
7D9
330
17
100
AcDbEntity
  8
0
100
AcDbLine
 10
396.574
 20
-624.942
 30
0.0
 11
400.654
 21
-627.382
 31
0.0
  0
LINE
  5
7DA
330
17
100
AcDbEntity
  8
0
100
AcDbLine
 10
393.572
 20
-620.859
 30
0.0
 11
396.574
 21
-624.942
 31
0.0
  0
LINE
  5
7DB
330
17
100
AcDbEntity
  8
0
100
AcDbLine
 10
393.572
 20
-615.791
 30
0.0
 11
393.572
 21
-620.859
 31
0.0
  0
LINE
  5
7DC
330
17
100
AcDbEntity
  8
0
100
AcDbLine
 10
394.651
 20
-615.791
 30
0.0
 11
393.572
 21
-615.791
 31
0.0
  0
LINE
  5
7DD
330
17
100
AcDbEntity
  8
0
100
AcDbLine
 10
394.651
 20
-618.888
 30
0.0
 11
394.651
 21
-615.791
 31
0.0
  0
LINE
  5
7DE
330
17
100
AcDbEntity
  8
0
100
AcDbLine
 10
396.386
 20
-622.314
 30
0.0
 11
394.651
 21
-618.888
 31
0.0
  0
LINE
  5
7DF
330
17
100
AcDbEntity
  8
0
100
AcDbLine
 10
400.654
 20
-627.382
 30
0.0
 11
396.386
 21
-622.314
 31
0.0
  0
LINE
  5
7E0
330
17
100
AcDbEntity
  8
0
100
AcDbLine
 10
315.602
 20
-489.746
 30
0.0
 11
315.602
 21
-465.162
 31
0.0
  0
LINE
  5
7E1
330
17
100
AcDbEntity
  8
0
100
AcDbLine
 10
315.547
 20
-490.56
 30
0.0
 11
315.602
 21
-489.746
 31
0.0
  0
LINE
  5
7E2
330
17
100
AcDbEntity
  8
0
100
AcDbLine
 10
315.388
 20
-491.341
 30
0.0
 11
315.547
 21
-490.56
 31
0.0
  0
LINE
  5
7E3
330
17
100
AcDbEntity
  8
0
100
AcDbLine
 10
315.13
 20
-492.081
 30
0.0
 11
315.388
 21
-491.341
 31
0.0
  0
LINE
  5
7E4
330
17
100
AcDbEntity
  8
0
100
AcDbLine
 10
314.783
 20
-492.774
 30
0.0
 11
315.13
 21
-492.081
 31
0.0
  0
LINE
  5
7E5
330
17
100
AcDbEntity
  8
0
100
AcDbLine
 10
314.352
 20
-493.412
 30
0.0
 11
314.783
 21
-492.774
 31
0.0
  0
LINE
  5
7E6
330
17
100
AcDbEntity
  8
0
100
AcDbLine
 10
313.845
 20
-493.988
 30
0.0
 11
314.352
 21
-493.412
 31
0.0
  0
LINE
  5
7E7
330
17
100
AcDbEntity
  8
0
100
AcDbLine
 10
313.268
 20
-494.496
 30
0.0
 11
313.845
 21
-493.988
 31
0.0
  0
LINE
  5
7E8
330
17
100
AcDbEntity
  8
0
100
AcDbLine
 10
312.63
 20
-494.927
 30
0.0
 11
313.268
 21
-494.496
 31
0.0
  0
LINE
  5
7E9
330
17
100
AcDbEntity
  8
0
100
AcDbLine
 10
311.937
 20
-495.274
 30
0.0
 11
312.63
 21
-494.927
 31
0.0
  0
LINE
  5
7EA
330
17
100
AcDbEntity
  8
0
100
AcDbLine
 10
311.197
 20
-495.532
 30
0.0
 11
311.937
 21
-495.274
 31
0.0
  0
LINE
  5
7EB
330
17
100
AcDbEntity
  8
0
100
AcDbLine
 10
310.416
 20
-495.691
 30
0.0
 11
311.197
 21
-495.532
 31
0.0
  0
LINE
  5
7EC
330
17
100
AcDbEntity
  8
0
100
AcDbLine
 10
309.602
 20
-495.746
 30
0.0
 11
310.416
 21
-495.691
 31
0.0
  0
LINE
  5
7ED
330
17
100
AcDbEntity
  8
0
100
AcDbLine
 10
232.509
 20
-495.746
 30
0.0
 11
309.602
 21
-495.746
 31
0.0
  0
LINE
  5
7EE
330
17
100
AcDbEntity
  8
0
100
AcDbLine
 10
230.881
 20
-495.636
 30
0.0
 11
232.509
 21
-495.746
 31
0.0
  0
LINE
  5
7EF
330
17
100
AcDbEntity
  8
0
100
AcDbLine
 10
229.319
 20
-495.317
 30
0.0
 11
230.881
 21
-495.636
 31
0.0
  0
LINE
  5
7F0
330
17
100
AcDbEntity
  8
0
100
AcDbLine
 10
227.838
 20
-494.803
 30
0.0
 11
229.319
 21
-495.317
 31
0.0
  0
LINE
  5
7F1
330
17
100
AcDbEntity
  8
0
100
AcDbLine
 10
226.453
 20
-494.107
 30
0.0
 11
227.838
 21
-494.803
 31
0.0
  0
LINE
  5
7F2
330
17
100
AcDbEntity
  8
0
100
AcDbLine
 10
225.177
 20
-493.245
 30
0.0
 11
226.453
 21
-494.107
 31
0.0
  0
LINE
  5
7F3
330
17
100
AcDbEntity
  8
0
100
AcDbLine
 10
224.024
 20
-492.231
 30
0.0
 11
225.177
 21
-493.245
 31
0.0
  0
LINE
  5
7F4
330
17
100
AcDbEntity
  8
0
100
AcDbLine
 10
223.01
 20
-491.079
 30
0.0
 11
224.024
 21
-492.231
 31
0.0
  0
LINE
  5
7F5
330
17
100
AcDbEntity
  8
0
100
AcDbLine
 10
222.148
 20
-489.802
 30
0.0
 11
223.01
 21
-491.079
 31
0.0
  0
LINE
  5
7F6
330
17
100
AcDbEntity
  8
0
100
AcDbLine
 10
221.452
 20
-488.417
 30
0.0
 11
222.148
 21
-489.802
 31
0.0
  0
LINE
  5
7F7
330
17
100
AcDbEntity
  8
0
100
AcDbLine
 10
220.938
 20
-486.936
 30
0.0
 11
221.452
 21
-488.417
 31
0.0
  0
LINE
  5
7F8
330
17
100
AcDbEntity
  8
0
100
AcDbLine
 10
220.619
 20
-485.374
 30
0.0
 11
220.938
 21
-486.936
 31
0.0
  0
LINE
  5
7F9
330
17
100
AcDbEntity
  8
0
100
AcDbLine
 10
220.509
 20
-483.746
 30
0.0
 11
220.619
 21
-485.374
 31
0.0
  0
LINE
  5
7FA
330
17
100
AcDbEntity
  8
0
100
AcDbLine
 10
220.509
 20
-471.162
 30
0.0
 11
220.509
 21
-483.746
 31
0.0
  0
LINE
  5
7FB
330
17
100
AcDbEntity
  8
0
100
AcDbLine
 10
220.619
 20
-469.534
 30
0.0
 11
220.509
 21
-471.162
 31
0.0
  0
LINE
  5
7FC
330
17
100
AcDbEntity
  8
0
100
AcDbLine
 10
220.938
 20
-467.972
 30
0.0
 11
220.619
 21
-469.534
 31
0.0
  0
LINE
  5
7FD
330
17
100
AcDbEntity
  8
0
100
AcDbLine
 10
221.452
 20
-466.491
 30
0.0
 11
220.938
 21
-467.972
 31
0.0
  0
LINE
  5
7FE
330
17
100
AcDbEntity
  8
0
100
AcDbLine
 10
222.148
 20
-465.106
 30
0.0
 11
221.452
 21
-466.491
 31
0.0
  0
LINE
  5
7FF
330
17
100
AcDbEntity
  8
0
100
AcDbLine
 10
223.01
 20
-463.829
 30
0.0
 11
222.148
 21
-465.106
 31
0.0
  0
LINE
  5
800
330
17
100
AcDbEntity
  8
0
100
AcDbLine
 10
224.024
 20
-462.677
 30
0.0
 11
223.01
 21
-463.829
 31
0.0
  0
LINE
  5
801
330
17
100
AcDbEntity
  8
0
100
AcDbLine
 10
225.177
 20
-461.663
 30
0.0
 11
224.024
 21
-462.677
 31
0.0
  0
LINE
  5
802
330
17
100
AcDbEntity
  8
0
100
AcDbLine
 10
226.453
 20
-460.801
 30
0.0
 11
225.177
 21
-461.663
 31
0.0
  0
LINE
  5
803
330
17
100
AcDbEntity
  8
0
100
AcDbLine
 10
227.838
 20
-460.105
 30
0.0
 11
226.453
 21
-460.801
 31
0.0
  0
LINE
  5
804
330
17
100
AcDbEntity
  8
0
100
AcDbLine
 10
229.319
 20
-459.591
 30
0.0
 11
227.838
 21
-460.105
 31
0.0
  0
LINE
  5
805
330
17
100
AcDbEntity
  8
0
100
AcDbLine
 10
230.881
 20
-459.272
 30
0.0
 11
229.319
 21
-459.591
 31
0.0
  0
LINE
  5
806
330
17
100
AcDbEntity
  8
0
100
AcDbLine
 10
232.509
 20
-459.162
 30
0.0
 11
230.881
 21
-459.272
 31
0.0
  0
LINE
  5
807
330
17
100
AcDbEntity
  8
0
100
AcDbLine
 10
309.602
 20
-459.162
 30
0.0
 11
232.509
 21
-459.162
 31
0.0
  0
LINE
  5
808
330
17
100
AcDbEntity
  8
0
100
AcDbLine
 10
310.416
 20
-459.217
 30
0.0
 11
309.602
 21
-459.162
 31
0.0
  0
LINE
  5
809
330
17
100
AcDbEntity
  8
0
100
AcDbLine
 10
311.197
 20
-459.377
 30
0.0
 11
310.416
 21
-459.217
 31
0.0
  0
LINE
  5
80A
330
17
100
AcDbEntity
  8
0
100
AcDbLine
 10
311.937
 20
-459.634
 30
0.0
 11
311.197
 21
-459.377
 31
0.0
  0
LINE
  5
80B
330
17
100
AcDbEntity
  8
0
100
AcDbLine
 10
312.63
 20
-459.981
 30
0.0
 11
311.937
 21
-459.634
 31
0.0
  0
LINE
  5
80C
330
17
100
AcDbEntity
  8
0
100
AcDbLine
 10
313.268
 20
-460.412
 30
0.0
 11
312.63
 21
-459.981
 31
0.0
  0
LINE
  5
80D
330
17
100
AcDbEntity
  8
0
100
AcDbLine
 10
313.845
 20
-460.92
 30
0.0
 11
313.268
 21
-460.412
 31
0.0
  0
LINE
  5
80E
330
17
100
AcDbEntity
  8
0
100
AcDbLine
 10
314.352
 20
-461.496
 30
0.0
 11
313.845
 21
-460.92
 31
0.0
  0
LINE
  5
80F
330
17
100
AcDbEntity
  8
0
100
AcDbLine
 10
314.783
 20
-462.134
 30
0.0
 11
314.352
 21
-461.496
 31
0.0
  0
LINE
  5
810
330
17
100
AcDbEntity
  8
0
100
AcDbLine
 10
315.13
 20
-462.827
 30
0.0
 11
314.783
 21
-462.134
 31
0.0
  0
LINE
  5
811
330
17
100
AcDbEntity
  8
0
100
AcDbLine
 10
315.388
 20
-463.567
 30
0.0
 11
315.13
 21
-462.827
 31
0.0
  0
LINE
  5
812
330
17
100
AcDbEntity
  8
0
100
AcDbLine
 10
315.547
 20
-464.348
 30
0.0
 11
315.388
 21
-463.567
 31
0.0
  0
LINE
  5
813
330
17
100
AcDbEntity
  8
0
100
AcDbLine
 10
315.602
 20
-465.162
 30
0.0
 11
315.547
 21
-464.348
 31
0.0
  0
LINE
  5
814
330
17
100
AcDbEntity
  8
0
100
AcDbLine
 10
245.422
 20
-490.666
 30
0.0
 11
243.472
 21
-490.666
 31
0.0
  0
LINE
  5
815
330
17
100
AcDbEntity
  8
0
100
AcDbLine
 10
254.649
 20
-489.997
 30
0.0
 11
245.422
 21
-490.666
 31
0.0
  0
LINE
  5
816
330
17
100
AcDbEntity
  8
0
100
AcDbLine
 10
255.883
 20
-489.334
 30
0.0
 11
254.649
 21
-489.997
 31
0.0
  0
LINE
  5
817
330
17
100
AcDbEntity
  8
0
100
AcDbLine
 10
256.102
 20
-487.915
 30
0.0
 11
255.883
 21
-489.334
 31
0.0
  0
LINE
  5
818
330
17
100
AcDbEntity
  8
0
100
AcDbLine
 10
255.4
 20
-477.454
 30
0.0
 11
256.102
 21
-487.915
 31
0.0
  0
LINE
  5
819
330
17
100
AcDbEntity
  8
0
100
AcDbLine
 10
256.102
 20
-466.993
 30
0.0
 11
255.4
 21
-477.454
 31
0.0
  0
LINE
  5
81A
330
17
100
AcDbEntity
  8
0
100
AcDbLine
 10
255.883
 20
-465.574
 30
0.0
 11
256.102
 21
-466.993
 31
0.0
  0
LINE
  5
81B
330
17
100
AcDbEntity
  8
0
100
AcDbLine
 10
254.649
 20
-464.911
 30
0.0
 11
255.883
 21
-465.574
 31
0.0
  0
LINE
  5
81C
330
17
100
AcDbEntity
  8
0
100
AcDbLine
 10
245.422
 20
-464.242
 30
0.0
 11
254.649
 21
-464.911
 31
0.0
  0
LINE
  5
81D
330
17
100
AcDbEntity
  8
0
100
AcDbLine
 10
243.472
 20
-464.242
 30
0.0
 11
245.422
 21
-464.242
 31
0.0
  0
LINE
  5
81E
330
17
100
AcDbEntity
  8
0
100
AcDbLine
 10
242.627
 20
-465.58
 30
0.0
 11
243.472
 21
-464.242
 31
0.0
  0
LINE
  5
81F
330
17
100
AcDbEntity
  8
0
100
AcDbLine
 10
241.638
 20
-477.454
 30
0.0
 11
242.627
 21
-465.58
 31
0.0
  0
LINE
  5
820
330
17
100
AcDbEntity
  8
0
100
AcDbLine
 10
242.627
 20
-489.328
 30
0.0
 11
241.638
 21
-477.454
 31
0.0
  0
LINE
  5
821
330
17
100
AcDbEntity
  8
0
100
AcDbLine
 10
243.472
 20
-490.666
 30
0.0
 11
242.627
 21
-489.328
 31
0.0
  0
LINE
  5
822
330
17
100
AcDbEntity
  8
0
100
AcDbLine
 10
269.932
 20
-466.169
 30
0.0
 11
288.271
 21
-467.315
 31
0.0
  0
LINE
  5
823
330
17
100
AcDbEntity
  8
0
100
AcDbLine
 10
257.594
 20
-464.939
 30
0.0
 11
269.932
 21
-466.169
 31
0.0
  0
LINE
  5
824
330
17
100
AcDbEntity
  8
0
100
AcDbLine
 10
256.906
 20
-469.201
 30
0.0
 11
257.594
 21
-464.939
 31
0.0
  0
LINE
  5
825
330
17
100
AcDbEntity
  8
0
100
AcDbLine
 10
256.906
 20
-485.708
 30
0.0
 11
256.906
 21
-469.201
 31
0.0
  0
LINE
  5
826
330
17
100
AcDbEntity
  8
0
100
AcDbLine
 10
257.594
 20
-489.969
 30
0.0
 11
256.906
 21
-485.708
 31
0.0
  0
LINE
  5
827
330
17
100
AcDbEntity
  8
0
100
AcDbLine
 10
269.932
 20
-488.739
 30
0.0
 11
257.594
 21
-489.969
 31
0.0
  0
LINE
  5
828
330
17
100
AcDbEntity
  8
0
100
AcDbLine
 10
288.271
 20
-487.593
 30
0.0
 11
269.932
 21
-488.739
 31
0.0
  0
LINE
  5
829
330
17
100
AcDbEntity
  8
0
100
AcDbLine
 10
305.051
 20
-487.593
 30
0.0
 11
288.271
 21
-487.593
 31
0.0
  0
LINE
  5
82A
330
17
100
AcDbEntity
  8
0
100
AcDbLine
 10
305.051
 20
-467.315
 30
0.0
 11
305.051
 21
-487.593
 31
0.0
  0
LINE
  5
82B
330
17
100
AcDbEntity
  8
0
100
AcDbLine
 10
288.271
 20
-467.315
 30
0.0
 11
305.051
 21
-467.315
 31
0.0
  0
LINE
  5
82C
330
17
100
AcDbEntity
  8
0
100
AcDbLine
 10
307.663
 20
-464.49
 30
0.0
 11
306.169
 21
-465.984
 31
0.0
  0
LINE
  5
82D
330
17
100
AcDbEntity
  8
0
100
AcDbLine
 10
309.785
 20
-463.767
 30
0.0
 11
307.663
 21
-464.49
 31
0.0
  0
LINE
  5
82E
330
17
100
AcDbEntity
  8
0
100
AcDbLine
 10
310.424
 20
-465.646
 30
0.0
 11
309.785
 21
-463.767
 31
0.0
  0
LINE
  5
82F
330
17
100
AcDbEntity
  8
0
100
AcDbLine
 10
310.424
 20
-489.262
 30
0.0
 11
310.424
 21
-465.646
 31
0.0
  0
LINE
  5
830
330
17
100
AcDbEntity
  8
0
100
AcDbLine
 10
309.785
 20
-491.141
 30
0.0
 11
310.424
 21
-489.262
 31
0.0
  0
LINE
  5
831
330
17
100
AcDbEntity
  8
0
100
AcDbLine
 10
307.663
 20
-490.418
 30
0.0
 11
309.785
 21
-491.141
 31
0.0
  0
LINE
  5
832
330
17
100
AcDbEntity
  8
0
100
AcDbLine
 10
306.169
 20
-488.924
 30
0.0
 11
307.663
 21
-490.418
 31
0.0
  0
LINE
  5
833
330
17
100
AcDbEntity
  8
0
100
AcDbLine
 10
306.169
 20
-465.984
 30
0.0
 11
306.169
 21
-488.924
 31
0.0
  0
LINE
  5
834
330
17
100
AcDbEntity
  8
0
100
AcDbLine
 10
375.65
 20
-501.278
 30
0.0
 11
390.894
 21
-506.719
 31
0.0
  0
LINE
  5
835
330
17
100
AcDbEntity
  8
0
100
AcDbLine
 10
377.14
 20
-516.917
 30
0.0
 11
375.65
 21
-501.278
 31
0.0
  0
LINE
  5
836
330
17
100
AcDbEntity
  8
0
100
AcDbLine
 10
390.894
 20
-506.719
 30
0.0
 11
377.14
 21
-516.917
 31
0.0
  0
LINE
  5
837
330
17
100
AcDbEntity
  8
0
100
AcDbLine
 10
232.035
 20
-453.391
 30
0.0
 11
219.505
 21
-463.532
 31
0.0
  0
LINE
  5
838
330
17
100
AcDbEntity
  8
0
100
AcDbLine
 10
245.423
 20
-445.085
 30
0.0
 11
232.035
 21
-453.391
 31
0.0
  0
LINE
  5
839
330
17
100
AcDbEntity
  8
0
100
AcDbLine
 10
259.501
 20
-438.614
 30
0.0
 11
245.423
 21
-445.085
 31
0.0
  0
LINE
  5
83A
330
17
100
AcDbEntity
  8
0
100
AcDbLine
 10
274.095
 20
-433.978
 30
0.0
 11
259.501
 21
-438.614
 31
0.0
  0
LINE
  5
83B
330
17
100
AcDbEntity
  8
0
100
AcDbLine
 10
289.037
 20
-431.179
 30
0.0
 11
274.095
 21
-433.978
 31
0.0
  0
LINE
  5
83C
330
17
100
AcDbEntity
  8
0
100
AcDbLine
 10
304.155
 20
-430.217
 30
0.0
 11
289.037
 21
-431.179
 31
0.0
  0
LINE
  5
83D
330
17
100
AcDbEntity
  8
0
100
AcDbLine
 10
319.279
 20
-431.091
 30
0.0
 11
304.155
 21
-430.217
 31
0.0
  0
LINE
  5
83E
330
17
100
AcDbEntity
  8
0
100
AcDbLine
 10
334.237
 20
-433.804
 30
0.0
 11
319.279
 21
-431.091
 31
0.0
  0
LINE
  5
83F
330
17
100
AcDbEntity
  8
0
100
AcDbLine
 10
348.858
 20
-438.355
 30
0.0
 11
334.237
 21
-433.804
 31
0.0
  0
LINE
  5
840
330
17
100
AcDbEntity
  8
0
100
AcDbLine
 10
362.973
 20
-444.744
 30
0.0
 11
348.858
 21
-438.355
 31
0.0
  0
LINE
  5
841
330
17
100
AcDbEntity
  8
0
100
AcDbLine
 10
376.409
 20
-452.972
 30
0.0
 11
362.973
 21
-444.744
 31
0.0
  0
LINE
  5
842
330
17
100
AcDbEntity
  8
0
100
AcDbLine
 10
388.997
 20
-463.041
 30
0.0
 11
376.409
 21
-452.972
 31
0.0
  0
LINE
  5
843
330
17
100
AcDbEntity
  8
0
100
AcDbLine
 10
400.856
 20
-475.353
 30
0.0
 11
388.997
 21
-463.041
 31
0.0
  0
LINE
  5
844
330
17
100
AcDbEntity
  8
0
100
AcDbLine
 10
410.723
 20
-488.823
 30
0.0
 11
400.856
 21
-475.353
 31
0.0
  0
LINE
  5
845
330
17
100
AcDbEntity
  8
0
100
AcDbLine
 10
418.588
 20
-503.237
 30
0.0
 11
410.723
 21
-488.823
 31
0.0
  0
LINE
  5
846
330
17
100
AcDbEntity
  8
0
100
AcDbLine
 10
424.44
 20
-518.385
 30
0.0
 11
418.588
 21
-503.237
 31
0.0
  0
LINE
  5
847
330
17
100
AcDbEntity
  8
0
100
AcDbLine
 10
428.271
 20
-534.055
 30
0.0
 11
424.44
 21
-518.385
 31
0.0
  0
LINE
  5
848
330
17
100
AcDbEntity
  8
0
100
AcDbLine
 10
430.069
 20
-550.036
 30
0.0
 11
428.271
 21
-534.055
 31
0.0
  0
LINE
  5
849
330
17
100
AcDbEntity
  8
0
100
AcDbLine
 10
429.823
 20
-566.115
 30
0.0
 11
430.069
 21
-550.036
 31
0.0
  0
LINE
  5
84A
330
17
100
AcDbEntity
  8
0
100
AcDbLine
 10
427.525
 20
-582.082
 30
0.0
 11
429.209
 21
-570.381
 31
0.0
  0
LINE
  5
84B
330
17
100
AcDbEntity
  8
0
100
AcDbLine
 10
429.744
 20
-566.666
 30
0.0
 11
429.823
 21
-566.115
 31
0.0
  0
LINE
  5
84C
330
17
100
AcDbEntity
  8
0
100
AcDbLine
 10
423.163
 20
-597.725
 30
0.0
 11
427.525
 21
-582.082
 31
0.0
  0
LINE
  5
84D
330
17
100
AcDbEntity
  8
0
100
AcDbLine
 10
416.728
 20
-612.832
 30
0.0
 11
423.163
 21
-597.725
 31
0.0
  0
LINE
  5
84E
330
17
100
AcDbEntity
  8
0
100
AcDbLine
 10
408.209
 20
-627.191
 30
0.0
 11
416.728
 21
-612.832
 31
0.0
  0
LINE
  5
84F
330
17
100
AcDbEntity
  8
0
100
AcDbLine
 10
397.596
 20
-640.592
 30
0.0
 11
408.209
 21
-627.191
 31
0.0
  0
LINE
  5
850
330
17
100
AcDbEntity
  8
0
100
AcDbLine
 10
386.554
 20
-519.468
 30
0.0
 11
383.052
 21
-512.534
 31
0.0
  0
LINE
  5
851
330
17
100
AcDbEntity
  8
0
100
AcDbLine
 10
389.432
 20
-526.508
 30
0.0
 11
386.554
 21
-519.468
 31
0.0
  0
LINE
  5
852
330
17
100
AcDbEntity
  8
0
100
AcDbLine
 10
391.684
 20
-533.634
 30
0.0
 11
389.432
 21
-526.508
 31
0.0
  0
LINE
  5
853
330
17
100
AcDbEntity
  8
0
100
AcDbLine
 10
393.311
 20
-540.827
 30
0.0
 11
391.684
 21
-533.634
 31
0.0
  0
LINE
  5
854
330
17
100
AcDbEntity
  8
0
100
AcDbLine
 10
394.313
 20
-548.065
 30
0.0
 11
393.311
 21
-540.827
 31
0.0
  0
LINE
  5
855
330
17
100
AcDbEntity
  8
0
100
AcDbLine
 10
394.69
 20
-555.328
 30
0.0
 11
394.313
 21
-548.065
 31
0.0
  0
LINE
  5
856
330
17
100
AcDbEntity
  8
0
100
AcDbLine
 10
394.44
 20
-562.598
 30
0.0
 11
394.69
 21
-555.328
 31
0.0
  0
LINE
  5
857
330
17
100
AcDbEntity
  8
0
100
AcDbLine
 10
393.565
 20
-569.852
 30
0.0
 11
394.44
 21
-562.598
 31
0.0
  0
LINE
  5
858
330
17
100
AcDbEntity
  8
0
100
AcDbLine
 10
392.063
 20
-577.072
 30
0.0
 11
392.347
 21
-575.706
 31
0.0
  0
LINE
  5
859
330
17
100
AcDbEntity
  8
0
100
AcDbLine
 10
393.127
 20
-571.956
 30
0.0
 11
393.565
 21
-569.852
 31
0.0
  0
LINE
  5
85A
330
17
100
AcDbEntity
  8
0
100
AcDbLine
 10
389.936
 20
-584.236
 30
0.0
 11
392.063
 21
-577.072
 31
0.0
  0
LINE
  5
85B
330
17
100
AcDbEntity
  8
0
100
AcDbLine
 10
387.181
 20
-591.326
 30
0.0
 11
389.936
 21
-584.236
 31
0.0
  0
LINE
  5
85C
330
17
100
AcDbEntity
  8
0
100
AcDbLine
 10
383.8
 20
-598.32
 30
0.0
 11
387.181
 21
-591.326
 31
0.0
  0
LINE
  5
85D
330
17
100
AcDbEntity
  8
0
100
AcDbLine
 10
429.677
 20
-640.592
 30
0.0
 11
429.677
 21
-570.313
 31
0.0
  0
LINE
  5
85E
330
17
100
AcDbEntity
  8
0
100
AcDbLine
 10
429.677
 20
-566.676
 30
0.0
 11
429.677
 21
-555.681
 31
0.0
  0
LINE
  5
85F
330
17
100
AcDbEntity
  8
0
100
AcDbLine
 10
361.128
 20
-640.592
 30
0.0
 11
429.677
 21
-640.592
 31
0.0
  0
LINE
  5
860
330
17
100
AcDbEntity
  8
0
100
AcDbLine
 10
361.128
 20
-555.681
 30
0.0
 11
361.128
 21
-576.578
 31
0.0
  0
LINE
  5
861
330
17
100
AcDbEntity
  8
0
100
AcDbLine
 10
361.128
 20
-580.215
 30
0.0
 11
361.128
 21
-640.592
 31
0.0
  0
LINE
  5
862
330
17
100
AcDbEntity
  8
0
100
AcDbLine
 10
269.501
 20
-461.028
 30
0.0
 11
270.591
 21
-464.34
 31
0.0
  0
LINE
  5
863
330
17
100
AcDbEntity
  8
0
100
AcDbLine
 10
269.501
 20
-459.162
 30
0.0
 11
269.501
 21
-461.028
 31
0.0
  0
LINE
  5
864
330
17
100
AcDbEntity
  8
0
100
AcDbLine
 10
290.129
 20
-493.533
 30
0.0
 11
290.652
 21
-495.746
 31
0.0
  0
LINE
  5
865
330
17
100
AcDbEntity
  8
0
100
AcDbLine
 10
286.293
 20
-490.568
 30
0.0
 11
290.129
 21
-493.533
 31
0.0
  0
LINE
  5
866
330
17
100
AcDbEntity
  8
0
100
AcDbLine
 10
270.591
 20
-490.568
 30
0.0
 11
286.293
 21
-490.568
 31
0.0
  0
LINE
  5
867
330
17
100
AcDbEntity
  8
0
100
AcDbLine
 10
219.505
 20
-430.421
 30
0.0
 11
304.416
 21
-430.421
 31
0.0
  0
LINE
  5
868
330
17
100
AcDbEntity
  8
0
100
AcDbLine
 10
219.505
 20
-498.97
 30
0.0
 11
219.505
 21
-430.421
 31
0.0
  0
LINE
  5
869
330
17
100
AcDbEntity
  8
0
100
AcDbLine
 10
304.416
 20
-498.97
 30
0.0
 11
219.505
 21
-498.97
 31
0.0
  0
LINE
  5
86A
330
17
100
AcDbEntity
  8
0
100
AcDbLine
 10
305.107
 20
-498.972
 30
0.0
 11
304.416
 21
-498.97
 31
0.0
  0
LINE
  5
86B
330
17
100
AcDbEntity
  8
0
100
AcDbLine
 10
305.783
 20
-498.981
 30
0.0
 11
305.107
 21
-498.972
 31
0.0
  0
LINE
  5
86C
330
17
100
AcDbEntity
  8
0
100
AcDbLine
 10
306.446
 20
-498.998
 30
0.0
 11
305.783
 21
-498.981
 31
0.0
  0
LINE
  5
86D
330
17
100
AcDbEntity
  8
0
100
AcDbLine
 10
307.1
 20
-499.022
 30
0.0
 11
306.446
 21
-498.998
 31
0.0
  0
LINE
  5
86E
330
17
100
AcDbEntity
  8
0
100
AcDbLine
 10
307.748
 20
-499.054
 30
0.0
 11
307.1
 21
-499.022
 31
0.0
  0
LINE
  5
86F
330
17
100
AcDbEntity
  8
0
100
AcDbLine
 10
308.392
 20
-499.093
 30
0.0
 11
307.748
 21
-499.054
 31
0.0
  0
LINE
  5
870
330
17
100
AcDbEntity
  8
0
100
AcDbLine
 10
309.036
 20
-499.141
 30
0.0
 11
308.392
 21
-499.093
 31
0.0
  0
LINE
  5
871
330
17
100
AcDbEntity
  8
0
100
AcDbLine
 10
309.682
 20
-499.197
 30
0.0
 11
309.036
 21
-499.141
 31
0.0
  0
LINE
  5
872
330
17
100
AcDbEntity
  8
0
100
AcDbLine
 10
310.333
 20
-499.262
 30
0.0
 11
309.682
 21
-499.197
 31
0.0
  0
LINE
  5
873
330
17
100
AcDbEntity
  8
0
100
AcDbLine
 10
310.993
 20
-499.335
 30
0.0
 11
310.333
 21
-499.262
 31
0.0
  0
LINE
  5
874
330
17
100
AcDbEntity
  8
0
100
AcDbLine
 10
311.664
 20
-499.417
 30
0.0
 11
310.993
 21
-499.335
 31
0.0
  0
LINE
  5
875
330
17
100
AcDbEntity
  8
0
100
AcDbLine
 10
312.348
 20
-499.508
 30
0.0
 11
311.664
 21
-499.417
 31
0.0
  0
LINE
  5
876
330
17
100
AcDbEntity
  8
0
100
AcDbLine
 10
319.958
 20
-501.087
 30
0.0
 11
312.348
 21
-499.508
 31
0.0
  0
LINE
  5
877
330
17
100
AcDbEntity
  8
0
100
AcDbLine
 10
327.117
 20
-503.611
 30
0.0
 11
319.958
 21
-501.087
 31
0.0
  0
LINE
  5
878
330
17
100
AcDbEntity
  8
0
100
AcDbLine
 10
333.767
 20
-507.004
 30
0.0
 11
327.117
 21
-503.611
 31
0.0
  0
LINE
  5
879
330
17
100
AcDbEntity
  8
0
100
AcDbLine
 10
339.851
 20
-511.188
 30
0.0
 11
333.767
 21
-507.004
 31
0.0
  0
LINE
  5
87A
330
17
100
AcDbEntity
  8
0
100
AcDbLine
 10
345.309
 20
-516.086
 30
0.0
 11
339.851
 21
-511.188
 31
0.0
  0
LINE
  5
87B
330
17
100
AcDbEntity
  8
0
100
AcDbLine
 10
350.083
 20
-521.623
 30
0.0
 11
345.309
 21
-516.086
 31
0.0
  0
LINE
  5
87C
330
17
100
AcDbEntity
  8
0
100
AcDbLine
 10
354.117
 20
-527.721
 30
0.0
 11
350.083
 21
-521.623
 31
0.0
  0
LINE
  5
87D
330
17
100
AcDbEntity
  8
0
100
AcDbLine
 10
357.35
 20
-534.304
 30
0.0
 11
354.117
 21
-527.721
 31
0.0
  0
LINE
  5
87E
330
17
100
AcDbEntity
  8
0
100
AcDbLine
 10
359.727
 20
-541.294
 30
0.0
 11
357.35
 21
-534.304
 31
0.0
  0
LINE
  5
87F
330
17
100
AcDbEntity
  8
0
100
AcDbLine
 10
361.187
 20
-548.615
 30
0.0
 11
359.727
 21
-541.294
 31
0.0
  0
LINE
  5
880
330
17
100
AcDbEntity
  8
0
100
AcDbLine
 10
361.673
 20
-556.191
 30
0.0
 11
361.187
 21
-548.615
 31
0.0
  0
LINE
  5
881
330
17
100
AcDbEntity
  8
0
100
AcDbLine
 10
361.128
 20
-563.944
 30
0.0
 11
361.673
 21
-556.191
 31
0.0
  0
LINE
  5
882
330
17
100
AcDbEntity
  8
0
100
AcDbLine
 10
252.708
 20
-456.213
 30
0.0
 11
252.269
 21
-459.162
 31
0.0
  0
LINE
  5
883
330
17
100
AcDbEntity
  8
0
100
AcDbLine
 10
251.033
 20
-456.515
 30
0.0
 11
252.708
 21
-456.213
 31
0.0
  0
LINE
  5
884
330
17
100
AcDbEntity
  8
0
100
AcDbLine
 10
249.099
 20
-459.162
 30
0.0
 11
251.033
 21
-456.515
 31
0.0
  0
LINE
  5
885
330
17
100
AcDbEntity
  8
0
100
AcDbLine
 10
249.099
 20
-461.421
 30
0.0
 11
249.099
 21
-459.162
 31
0.0
  0
LINE
  5
886
330
17
100
AcDbEntity
  8
0
100
AcDbLine
 10
250.537
 20
-462.859
 30
0.0
 11
249.099
 21
-461.421
 31
0.0
  0
LINE
  5
887
330
17
100
AcDbEntity
  8
0
100
AcDbLine
 10
270.591
 20
-464.34
 30
0.0
 11
250.537
 21
-462.859
 31
0.0
  0
LINE
  5
888
330
17
100
AcDbEntity
  8
0
100
AcDbLine
 10
286.293
 20
-464.34
 30
0.0
 11
270.591
 21
-464.34
 31
0.0
  0
LINE
  5
889
330
17
100
AcDbEntity
  8
0
100
AcDbLine
 10
290.129
 20
-461.375
 30
0.0
 11
286.293
 21
-464.34
 31
0.0
  0
LINE
  5
88A
330
17
100
AcDbEntity
  8
0
100
AcDbLine
 10
290.652
 20
-459.162
 30
0.0
 11
290.129
 21
-461.375
 31
0.0
  0
LINE
  5
88B
330
17
100
AcDbEntity
  8
0
100
AcDbLine
 10
269.501
 20
-493.88
 30
0.0
 11
269.501
 21
-495.746
 31
0.0
  0
LINE
  5
88C
330
17
100
AcDbEntity
  8
0
100
AcDbLine
 10
270.591
 20
-490.568
 30
0.0
 11
269.501
 21
-493.88
 31
0.0
  0
LINE
  5
88D
330
17
100
AcDbEntity
  8
0
100
AcDbLine
 10
250.537
 20
-492.049
 30
0.0
 11
270.591
 21
-490.568
 31
0.0
  0
LINE
  5
88E
330
17
100
AcDbEntity
  8
0
100
AcDbLine
 10
249.099
 20
-493.488
 30
0.0
 11
250.537
 21
-492.049
 31
0.0
  0
LINE
  5
88F
330
17
100
AcDbEntity
  8
0
100
AcDbLine
 10
249.099
 20
-495.746
 30
0.0
 11
249.099
 21
-493.488
 31
0.0
  0
LINE
  5
890
330
17
100
AcDbEntity
  8
0
100
AcDbLine
 10
251.033
 20
-498.393
 30
0.0
 11
249.099
 21
-495.746
 31
0.0
  0
LINE
  5
891
330
17
100
AcDbEntity
  8
0
100
AcDbLine
 10
252.708
 20
-498.695
 30
0.0
 11
251.033
 21
-498.393
 31
0.0
  0
LINE
  5
892
330
17
100
AcDbEntity
  8
0
100
AcDbLine
 10
252.269
 20
-495.746
 30
0.0
 11
252.708
 21
-498.695
 31
0.0
  0
LINE
  5
893
330
17
100
AcDbEntity
  8
0
100
AcDbLine
 10
228.461
 20
-491.07
 30
0.0
 11
223.393
 21
-486.802
 31
0.0
  0
LINE
  5
894
330
17
100
AcDbEntity
  8
0
100
AcDbLine
 10
231.887
 20
-492.806
 30
0.0
 11
228.461
 21
-491.07
 31
0.0
  0
LINE
  5
895
330
17
100
AcDbEntity
  8
0
100
AcDbLine
 10
234.984
 20
-492.806
 30
0.0
 11
231.887
 21
-492.806
 31
0.0
  0
LINE
  5
896
330
17
100
AcDbEntity
  8
0
100
AcDbLine
 10
234.984
 20
-493.884
 30
0.0
 11
234.984
 21
-492.806
 31
0.0
  0
LINE
  5
897
330
17
100
AcDbEntity
  8
0
100
AcDbLine
 10
229.916
 20
-493.884
 30
0.0
 11
234.984
 21
-493.884
 31
0.0
  0
LINE
  5
898
330
17
100
AcDbEntity
  8
0
100
AcDbLine
 10
225.833
 20
-490.883
 30
0.0
 11
229.916
 21
-493.884
 31
0.0
  0
LINE
  5
899
330
17
100
AcDbEntity
  8
0
100
AcDbLine
 10
223.393
 20
-486.802
 30
0.0
 11
225.833
 21
-490.883
 31
0.0
  0
LINE
  5
89A
330
17
100
AcDbEntity
  8
0
100
AcDbLine
 10
223.393
 20
-468.106
 30
0.0
 11
223.393
 21
-486.802
 31
0.0
  0
LINE
  5
89B
330
17
100
AcDbEntity
  8
0
100
AcDbLine
 10
225.833
 20
-464.025
 30
0.0
 11
223.393
 21
-468.106
 31
0.0
  0
LINE
  5
89C
330
17
100
AcDbEntity
  8
0
100
AcDbLine
 10
229.916
 20
-461.024
 30
0.0
 11
225.833
 21
-464.025
 31
0.0
  0
LINE
  5
89D
330
17
100
AcDbEntity
  8
0
100
AcDbLine
 10
234.984
 20
-461.024
 30
0.0
 11
229.916
 21
-461.024
 31
0.0
  0
LINE
  5
89E
330
17
100
AcDbEntity
  8
0
100
AcDbLine
 10
234.984
 20
-462.103
 30
0.0
 11
234.984
 21
-461.024
 31
0.0
  0
LINE
  5
89F
330
17
100
AcDbEntity
  8
0
100
AcDbLine
 10
231.887
 20
-462.103
 30
0.0
 11
234.984
 21
-462.103
 31
0.0
  0
LINE
  5
8A0
330
17
100
AcDbEntity
  8
0
100
AcDbLine
 10
228.461
 20
-463.838
 30
0.0
 11
231.887
 21
-462.103
 31
0.0
  0
LINE
  5
8A1
330
17
100
AcDbEntity
  8
0
100
AcDbLine
 10
223.393
 20
-468.106
 30
0.0
 11
228.461
 21
-463.838
 31
0.0
  0
LINE
  5
8A2
330
17
100
AcDbEntity
  8
0
100
AcDbLine
 10
530.344
 20
-550.58
 30
0.0
 11
530.548
 21
-552.105
 31
0.0
  0
LINE
  5
8A3
330
17
100
AcDbEntity
  8
0
100
AcDbLine
 10
533.318
 20
-550.182
 30
0.0
 11
530.344
 21
-550.58
 31
0.0
  0
LINE
  5
8A4
330
17
100
AcDbEntity
  8
0
100
AcDbLine
 10
533.518
 20
-551.676
 30
0.0
 11
533.318
 21
-550.182
 31
0.0
  0
LINE
  5
8A5
330
17
100
AcDbEntity
  8
0
100
AcDbLine
 10
533.146
 20
-550.407
 30
0.0
 11
533.32
 21
-551.705
 31
0.0
  0
LINE
  5
8A6
330
17
100
AcDbEntity
  8
0
100
AcDbLine
 10
530.569
 20
-550.752
 30
0.0
 11
533.146
 21
-550.407
 31
0.0
  0
LINE
  5
8A7
330
17
100
AcDbEntity
  8
0
100
AcDbLine
 10
530.746
 20
-552.077
 30
0.0
 11
530.569
 21
-550.752
 31
0.0
  0
LINE
  5
8A8
330
17
100
AcDbEntity
  8
0
100
AcDbLine
 10
117.799
 20
-373.961
 30
0.0
 11
128.799
 21
-373.961
 31
0.0
  0
LINE
  5
8A9
330
17
100
AcDbEntity
  8
0
100
AcDbLine
 10
117.799
 20
-376.061
 30
0.0
 11
117.799
 21
-373.961
 31
0.0
  0
LINE
  5
8AA
330
17
100
AcDbEntity
  8
0
100
AcDbLine
 10
128.799
 20
-376.061
 30
0.0
 11
117.799
 21
-376.061
 31
0.0
  0
LINE
  5
8AB
330
17
100
AcDbEntity
  8
0
100
AcDbLine
 10
128.799
 20
-373.961
 30
0.0
 11
128.799
 21
-376.061
 31
0.0
  0
LINE
  5
8AC
330
17
100
AcDbEntity
  8
0
100
AcDbLine
 10
116.299
 20
-376.061
 30
0.0
 11
117.799
 21
-376.061
 31
0.0
  0
LINE
  5
8AD
330
17
100
AcDbEntity
  8
0
100
AcDbLine
 10
116.299
 20
-361.061
 30
0.0
 11
116.299
 21
-376.061
 31
0.0
  0
LINE
  5
8AE
330
17
100
AcDbEntity
  8
0
100
AcDbLine
 10
117.799
 20
-361.061
 30
0.0
 11
116.299
 21
-361.061
 31
0.0
  0
LINE
  5
8AF
330
17
100
AcDbEntity
  8
0
100
AcDbLine
 10
117.799
 20
-361.061
 30
0.0
 11
117.799
 21
-373.961
 31
0.0
  0
LINE
  5
8B0
330
17
100
AcDbEntity
  8
0
100
AcDbLine
 10
128.799
 20
-361.061
 30
0.0
 11
117.799
 21
-361.061
 31
0.0
  0
LINE
  5
8B1
330
17
100
AcDbEntity
  8
0
100
AcDbLine
 10
128.799
 20
-376.061
 30
0.0
 11
128.799
 21
-361.061
 31
0.0
  0
LINE
  5
8B2
330
17
100
AcDbEntity
  8
0
100
AcDbLine
 10
130.299
 20
-376.061
 30
0.0
 11
128.799
 21
-376.061
 31
0.0
  0
LINE
  5
8B3
330
17
100
AcDbEntity
  8
0
100
AcDbLine
 10
130.299
 20
-361.061
 30
0.0
 11
130.299
 21
-376.061
 31
0.0
  0
LINE
  5
8B4
330
17
100
AcDbEntity
  8
0
100
AcDbLine
 10
128.799
 20
-361.061
 30
0.0
 11
130.299
 21
-361.061
 31
0.0
  0
LINE
  5
8B5
330
17
100
AcDbEntity
  8
0
100
AcDbLine
 10
305.991
 20
-313.584
 30
0.0
 11
294.991
 21
-313.584
 31
0.0
  0
LINE
  5
8B6
330
17
100
AcDbEntity
  8
0
100
AcDbLine
 10
305.991
 20
-311.484
 30
0.0
 11
305.991
 21
-313.584
 31
0.0
  0
LINE
  5
8B7
330
17
100
AcDbEntity
  8
0
100
AcDbLine
 10
294.991
 20
-311.484
 30
0.0
 11
305.991
 21
-311.484
 31
0.0
  0
LINE
  5
8B8
330
17
100
AcDbEntity
  8
0
100
AcDbLine
 10
294.991
 20
-313.584
 30
0.0
 11
294.991
 21
-311.484
 31
0.0
  0
LINE
  5
8B9
330
17
100
AcDbEntity
  8
0
100
AcDbLine
 10
307.491
 20
-311.484
 30
0.0
 11
305.991
 21
-311.484
 31
0.0
  0
LINE
  5
8BA
330
17
100
AcDbEntity
  8
0
100
AcDbLine
 10
307.491
 20
-326.484
 30
0.0
 11
307.491
 21
-311.484
 31
0.0
  0
LINE
  5
8BB
330
17
100
AcDbEntity
  8
0
100
AcDbLine
 10
305.991
 20
-326.484
 30
0.0
 11
307.491
 21
-326.484
 31
0.0
  0
LINE
  5
8BC
330
17
100
AcDbEntity
  8
0
100
AcDbLine
 10
305.991
 20
-326.484
 30
0.0
 11
305.991
 21
-313.584
 31
0.0
  0
LINE
  5
8BD
330
17
100
AcDbEntity
  8
0
100
AcDbLine
 10
294.991
 20
-326.484
 30
0.0
 11
305.991
 21
-326.484
 31
0.0
  0
LINE
  5
8BE
330
17
100
AcDbEntity
  8
0
100
AcDbLine
 10
294.991
 20
-311.484
 30
0.0
 11
294.991
 21
-326.484
 31
0.0
  0
LINE
  5
8BF
330
17
100
AcDbEntity
  8
0
100
AcDbLine
 10
293.491
 20
-311.484
 30
0.0
 11
294.991
 21
-311.484
 31
0.0
  0
LINE
  5
8C0
330
17
100
AcDbEntity
  8
0
100
AcDbLine
 10
293.491
 20
-326.484
 30
0.0
 11
293.491
 21
-311.484
 31
0.0
  0
LINE
  5
8C1
330
17
100
AcDbEntity
  8
0
100
AcDbLine
 10
294.991
 20
-326.484
 30
0.0
 11
293.491
 21
-326.484
 31
0.0
  0
LINE
  5
8C2
330
17
100
AcDbEntity
  8
0
100
AcDbLine
 10
225.638
 20
-397.577
 30
0.0
 11
236.638
 21
-397.577
 31
0.0
  0
LINE
  5
8C3
330
17
100
AcDbEntity
  8
0
100
AcDbLine
 10
225.638
 20
-399.677
 30
0.0
 11
225.638
 21
-397.577
 31
0.0
  0
LINE
  5
8C4
330
17
100
AcDbEntity
  8
0
100
AcDbLine
 10
236.638
 20
-399.677
 30
0.0
 11
225.638
 21
-399.677
 31
0.0
  0
LINE
  5
8C5
330
17
100
AcDbEntity
  8
0
100
AcDbLine
 10
236.638
 20
-397.577
 30
0.0
 11
236.638
 21
-399.677
 31
0.0
  0
LINE
  5
8C6
330
17
100
AcDbEntity
  8
0
100
AcDbLine
 10
224.138
 20
-399.677
 30
0.0
 11
225.638
 21
-399.677
 31
0.0
  0
LINE
  5
8C7
330
17
100
AcDbEntity
  8
0
100
AcDbLine
 10
224.138
 20
-384.677
 30
0.0
 11
224.138
 21
-399.677
 31
0.0
  0
LINE
  5
8C8
330
17
100
AcDbEntity
  8
0
100
AcDbLine
 10
225.638
 20
-384.677
 30
0.0
 11
224.138
 21
-384.677
 31
0.0
  0
LINE
  5
8C9
330
17
100
AcDbEntity
  8
0
100
AcDbLine
 10
225.638
 20
-384.677
 30
0.0
 11
225.638
 21
-397.577
 31
0.0
  0
LINE
  5
8CA
330
17
100
AcDbEntity
  8
0
100
AcDbLine
 10
236.638
 20
-384.677
 30
0.0
 11
225.638
 21
-384.677
 31
0.0
  0
LINE
  5
8CB
330
17
100
AcDbEntity
  8
0
100
AcDbLine
 10
236.638
 20
-399.677
 30
0.0
 11
236.638
 21
-384.677
 31
0.0
  0
LINE
  5
8CC
330
17
100
AcDbEntity
  8
0
100
AcDbLine
 10
238.138
 20
-399.677
 30
0.0
 11
236.638
 21
-399.677
 31
0.0
  0
LINE
  5
8CD
330
17
100
AcDbEntity
  8
0
100
AcDbLine
 10
238.138
 20
-384.677
 30
0.0
 11
238.138
 21
-399.677
 31
0.0
  0
LINE
  5
8CE
330
17
100
AcDbEntity
  8
0
100
AcDbLine
 10
236.638
 20
-384.677
 30
0.0
 11
238.138
 21
-384.677
 31
0.0
  0
LINE
  5
8CF
330
17
100
AcDbEntity
  8
0
100
AcDbLine
 10
250.324
 20
-397.577
 30
0.0
 11
261.324
 21
-397.577
 31
0.0
  0
LINE
  5
8D0
330
17
100
AcDbEntity
  8
0
100
AcDbLine
 10
250.324
 20
-399.677
 30
0.0
 11
250.324
 21
-397.577
 31
0.0
  0
LINE
  5
8D1
330
17
100
AcDbEntity
  8
0
100
AcDbLine
 10
261.324
 20
-399.677
 30
0.0
 11
250.324
 21
-399.677
 31
0.0
  0
LINE
  5
8D2
330
17
100
AcDbEntity
  8
0
100
AcDbLine
 10
261.324
 20
-397.577
 30
0.0
 11
261.324
 21
-399.677
 31
0.0
  0
LINE
  5
8D3
330
17
100
AcDbEntity
  8
0
100
AcDbLine
 10
248.824
 20
-399.677
 30
0.0
 11
250.324
 21
-399.677
 31
0.0
  0
LINE
  5
8D4
330
17
100
AcDbEntity
  8
0
100
AcDbLine
 10
248.824
 20
-384.677
 30
0.0
 11
248.824
 21
-399.677
 31
0.0
  0
LINE
  5
8D5
330
17
100
AcDbEntity
  8
0
100
AcDbLine
 10
250.324
 20
-384.677
 30
0.0
 11
248.824
 21
-384.677
 31
0.0
  0
LINE
  5
8D6
330
17
100
AcDbEntity
  8
0
100
AcDbLine
 10
250.324
 20
-384.677
 30
0.0
 11
250.324
 21
-397.577
 31
0.0
  0
LINE
  5
8D7
330
17
100
AcDbEntity
  8
0
100
AcDbLine
 10
261.324
 20
-384.677
 30
0.0
 11
250.324
 21
-384.677
 31
0.0
  0
LINE
  5
8D8
330
17
100
AcDbEntity
  8
0
100
AcDbLine
 10
261.324
 20
-399.677
 30
0.0
 11
261.324
 21
-384.677
 31
0.0
  0
LINE
  5
8D9
330
17
100
AcDbEntity
  8
0
100
AcDbLine
 10
262.824
 20
-399.677
 30
0.0
 11
261.324
 21
-399.677
 31
0.0
  0
LINE
  5
8DA
330
17
100
AcDbEntity
  8
0
100
AcDbLine
 10
262.824
 20
-384.677
 30
0.0
 11
262.824
 21
-399.677
 31
0.0
  0
LINE
  5
8DB
330
17
100
AcDbEntity
  8
0
100
AcDbLine
 10
261.324
 20
-384.677
 30
0.0
 11
262.824
 21
-384.677
 31
0.0
  0
LINE
  5
8DC
330
17
100
AcDbEntity
  8
0
100
AcDbLine
 10
329.267
 20
-313.584
 30
0.0
 11
318.267
 21
-313.584
 31
0.0
  0
LINE
  5
8DD
330
17
100
AcDbEntity
  8
0
100
AcDbLine
 10
329.267
 20
-311.484
 30
0.0
 11
329.267
 21
-313.584
 31
0.0
  0
LINE
  5
8DE
330
17
100
AcDbEntity
  8
0
100
AcDbLine
 10
318.267
 20
-311.484
 30
0.0
 11
329.267
 21
-311.484
 31
0.0
  0
LINE
  5
8DF
330
17
100
AcDbEntity
  8
0
100
AcDbLine
 10
318.267
 20
-313.584
 30
0.0
 11
318.267
 21
-311.484
 31
0.0
  0
LINE
  5
8E0
330
17
100
AcDbEntity
  8
0
100
AcDbLine
 10
330.767
 20
-311.484
 30
0.0
 11
329.267
 21
-311.484
 31
0.0
  0
LINE
  5
8E1
330
17
100
AcDbEntity
  8
0
100
AcDbLine
 10
330.767
 20
-326.484
 30
0.0
 11
330.767
 21
-311.484
 31
0.0
  0
LINE
  5
8E2
330
17
100
AcDbEntity
  8
0
100
AcDbLine
 10
329.267
 20
-326.484
 30
0.0
 11
330.767
 21
-326.484
 31
0.0
  0
LINE
  5
8E3
330
17
100
AcDbEntity
  8
0
100
AcDbLine
 10
329.267
 20
-326.484
 30
0.0
 11
329.267
 21
-313.584
 31
0.0
  0
LINE
  5
8E4
330
17
100
AcDbEntity
  8
0
100
AcDbLine
 10
318.267
 20
-326.484
 30
0.0
 11
329.267
 21
-326.484
 31
0.0
  0
LINE
  5
8E5
330
17
100
AcDbEntity
  8
0
100
AcDbLine
 10
318.267
 20
-311.484
 30
0.0
 11
318.267
 21
-326.484
 31
0.0
  0
LINE
  5
8E6
330
17
100
AcDbEntity
  8
0
100
AcDbLine
 10
316.767
 20
-311.484
 30
0.0
 11
318.267
 21
-311.484
 31
0.0
  0
LINE
  5
8E7
330
17
100
AcDbEntity
  8
0
100
AcDbLine
 10
316.767
 20
-326.484
 30
0.0
 11
316.767
 21
-311.484
 31
0.0
  0
LINE
  5
8E8
330
17
100
AcDbEntity
  8
0
100
AcDbLine
 10
318.267
 20
-326.484
 30
0.0
 11
316.767
 21
-326.484
 31
0.0
  0
LINE
  5
8E9
330
17
100
AcDbEntity
  8
0
100
AcDbLine
 10
511.765
 20
-131.605
 30
0.0
 11
511.765
 21
-120.605
 31
0.0
  0
LINE
  5
8EA
330
17
100
AcDbEntity
  8
0
100
AcDbLine
 10
513.865
 20
-131.605
 30
0.0
 11
511.765
 21
-131.605
 31
0.0
  0
LINE
  5
8EB
330
17
100
AcDbEntity
  8
0
100
AcDbLine
 10
513.865
 20
-120.605
 30
0.0
 11
513.865
 21
-131.605
 31
0.0
  0
LINE
  5
8EC
330
17
100
AcDbEntity
  8
0
100
AcDbLine
 10
511.765
 20
-120.605
 30
0.0
 11
513.865
 21
-120.605
 31
0.0
  0
LINE
  5
8ED
330
17
100
AcDbEntity
  8
0
100
AcDbLine
 10
513.865
 20
-133.105
 30
0.0
 11
513.865
 21
-131.605
 31
0.0
  0
LINE
  5
8EE
330
17
100
AcDbEntity
  8
0
100
AcDbLine
 10
498.865
 20
-133.105
 30
0.0
 11
513.865
 21
-133.105
 31
0.0
  0
LINE
  5
8EF
330
17
100
AcDbEntity
  8
0
100
AcDbLine
 10
498.865
 20
-131.605
 30
0.0
 11
498.865
 21
-133.105
 31
0.0
  0
LINE
  5
8F0
330
17
100
AcDbEntity
  8
0
100
AcDbLine
 10
498.865
 20
-131.605
 30
0.0
 11
511.765
 21
-131.605
 31
0.0
  0
LINE
  5
8F1
330
17
100
AcDbEntity
  8
0
100
AcDbLine
 10
498.865
 20
-120.605
 30
0.0
 11
498.865
 21
-131.605
 31
0.0
  0
LINE
  5
8F2
330
17
100
AcDbEntity
  8
0
100
AcDbLine
 10
513.865
 20
-120.605
 30
0.0
 11
498.865
 21
-120.605
 31
0.0
  0
LINE
  5
8F3
330
17
100
AcDbEntity
  8
0
100
AcDbLine
 10
513.865
 20
-119.105
 30
0.0
 11
513.865
 21
-120.605
 31
0.0
  0
LINE
  5
8F4
330
17
100
AcDbEntity
  8
0
100
AcDbLine
 10
498.865
 20
-119.105
 30
0.0
 11
513.865
 21
-119.105
 31
0.0
  0
LINE
  5
8F5
330
17
100
AcDbEntity
  8
0
100
AcDbLine
 10
498.865
 20
-120.605
 30
0.0
 11
498.865
 21
-119.105
 31
0.0
  0
LINE
  5
8F6
330
17
100
AcDbEntity
  8
0
100
AcDbLine
 10
494.85
 20
-100.226
 30
0.0
 11
483.85
 21
-100.226
 31
0.0
  0
LINE
  5
8F7
330
17
100
AcDbEntity
  8
0
100
AcDbLine
 10
494.85
 20
-98.1262
 30
0.0
 11
494.85
 21
-100.226
 31
0.0
  0
LINE
  5
8F8
330
17
100
AcDbEntity
  8
0
100
AcDbLine
 10
483.85
 20
-98.1262
 30
0.0
 11
494.85
 21
-98.1262
 31
0.0
  0
LINE
  5
8F9
330
17
100
AcDbEntity
  8
0
100
AcDbLine
 10
483.85
 20
-100.226
 30
0.0
 11
483.85
 21
-98.1262
 31
0.0
  0
LINE
  5
8FA
330
17
100
AcDbEntity
  8
0
100
AcDbLine
 10
496.35
 20
-98.1262
 30
0.0
 11
494.85
 21
-98.1262
 31
0.0
  0
LINE
  5
8FB
330
17
100
AcDbEntity
  8
0
100
AcDbLine
 10
496.35
 20
-113.126
 30
0.0
 11
496.35
 21
-98.1262
 31
0.0
  0
LINE
  5
8FC
330
17
100
AcDbEntity
  8
0
100
AcDbLine
 10
494.85
 20
-113.126
 30
0.0
 11
496.35
 21
-113.126
 31
0.0
  0
LINE
  5
8FD
330
17
100
AcDbEntity
  8
0
100
AcDbLine
 10
494.85
 20
-113.126
 30
0.0
 11
494.85
 21
-100.226
 31
0.0
  0
LINE
  5
8FE
330
17
100
AcDbEntity
  8
0
100
AcDbLine
 10
483.85
 20
-113.126
 30
0.0
 11
494.85
 21
-113.126
 31
0.0
  0
LINE
  5
8FF
330
17
100
AcDbEntity
  8
0
100
AcDbLine
 10
483.85
 20
-98.1262
 30
0.0
 11
483.85
 21
-113.126
 31
0.0
  0
LINE
  5
900
330
17
100
AcDbEntity
  8
0
100
AcDbLine
 10
482.35
 20
-98.1262
 30
0.0
 11
483.85
 21
-98.1262
 31
0.0
  0
LINE
  5
901
330
17
100
AcDbEntity
  8
0
100
AcDbLine
 10
482.35
 20
-113.126
 30
0.0
 11
482.35
 21
-98.1262
 31
0.0
  0
LINE
  5
902
330
17
100
AcDbEntity
  8
0
100
AcDbLine
 10
483.85
 20
-113.126
 30
0.0
 11
482.35
 21
-113.126
 31
0.0
  0
LINE
  5
903
330
17
100
AcDbEntity
  8
0
100
AcDbLine
 10
127.12
 20
-305.594
 30
0.0
 11
116.12
 21
-305.594
 31
0.0
  0
LINE
  5
904
330
17
100
AcDbEntity
  8
0
100
AcDbLine
 10
127.12
 20
-303.494
 30
0.0
 11
127.12
 21
-305.594
 31
0.0
  0
LINE
  5
905
330
17
100
AcDbEntity
  8
0
100
AcDbLine
 10
116.12
 20
-303.494
 30
0.0
 11
127.12
 21
-303.494
 31
0.0
  0
LINE
  5
906
330
17
100
AcDbEntity
  8
0
100
AcDbLine
 10
116.12
 20
-305.594
 30
0.0
 11
116.12
 21
-303.494
 31
0.0
  0
LINE
  5
907
330
17
100
AcDbEntity
  8
0
100
AcDbLine
 10
128.62
 20
-303.494
 30
0.0
 11
127.12
 21
-303.494
 31
0.0
  0
LINE
  5
908
330
17
100
AcDbEntity
  8
0
100
AcDbLine
 10
128.62
 20
-318.494
 30
0.0
 11
128.62
 21
-303.494
 31
0.0
  0
LINE
  5
909
330
17
100
AcDbEntity
  8
0
100
AcDbLine
 10
127.12
 20
-318.494
 30
0.0
 11
128.62
 21
-318.494
 31
0.0
  0
LINE
  5
90A
330
17
100
AcDbEntity
  8
0
100
AcDbLine
 10
127.12
 20
-318.494
 30
0.0
 11
127.12
 21
-305.594
 31
0.0
  0
LINE
  5
90B
330
17
100
AcDbEntity
  8
0
100
AcDbLine
 10
116.12
 20
-318.494
 30
0.0
 11
127.12
 21
-318.494
 31
0.0
  0
LINE
  5
90C
330
17
100
AcDbEntity
  8
0
100
AcDbLine
 10
116.12
 20
-303.494
 30
0.0
 11
116.12
 21
-318.494
 31
0.0
  0
LINE
  5
90D
330
17
100
AcDbEntity
  8
0
100
AcDbLine
 10
114.62
 20
-303.494
 30
0.0
 11
116.12
 21
-303.494
 31
0.0
  0
LINE
  5
90E
330
17
100
AcDbEntity
  8
0
100
AcDbLine
 10
114.62
 20
-318.494
 30
0.0
 11
114.62
 21
-303.494
 31
0.0
  0
LINE
  5
90F
330
17
100
AcDbEntity
  8
0
100
AcDbLine
 10
116.12
 20
-318.494
 30
0.0
 11
114.62
 21
-318.494
 31
0.0
  0
LINE
  5
910
330
17
100
AcDbEntity
  8
0
100
AcDbLine
 10
146.454
 20
-305.28
 30
0.0
 11
135.454
 21
-305.28
 31
0.0
  0
LINE
  5
911
330
17
100
AcDbEntity
  8
0
100
AcDbLine
 10
146.454
 20
-303.18
 30
0.0
 11
146.454
 21
-305.28
 31
0.0
  0
LINE
  5
912
330
17
100
AcDbEntity
  8
0
100
AcDbLine
 10
135.454
 20
-303.18
 30
0.0
 11
146.454
 21
-303.18
 31
0.0
  0
LINE
  5
913
330
17
100
AcDbEntity
  8
0
100
AcDbLine
 10
135.454
 20
-305.28
 30
0.0
 11
135.454
 21
-303.18
 31
0.0
  0
LINE
  5
914
330
17
100
AcDbEntity
  8
0
100
AcDbLine
 10
147.954
 20
-303.18
 30
0.0
 11
146.454
 21
-303.18
 31
0.0
  0
LINE
  5
915
330
17
100
AcDbEntity
  8
0
100
AcDbLine
 10
147.954
 20
-318.18
 30
0.0
 11
147.954
 21
-303.18
 31
0.0
  0
LINE
  5
916
330
17
100
AcDbEntity
  8
0
100
AcDbLine
 10
146.454
 20
-318.18
 30
0.0
 11
147.954
 21
-318.18
 31
0.0
  0
LINE
  5
917
330
17
100
AcDbEntity
  8
0
100
AcDbLine
 10
146.454
 20
-318.18
 30
0.0
 11
146.454
 21
-305.28
 31
0.0
  0
LINE
  5
918
330
17
100
AcDbEntity
  8
0
100
AcDbLine
 10
135.454
 20
-318.18
 30
0.0
 11
146.454
 21
-318.18
 31
0.0
  0
LINE
  5
919
330
17
100
AcDbEntity
  8
0
100
AcDbLine
 10
135.454
 20
-303.18
 30
0.0
 11
135.454
 21
-318.18
 31
0.0
  0
LINE
  5
91A
330
17
100
AcDbEntity
  8
0
100
AcDbLine
 10
133.954
 20
-303.18
 30
0.0
 11
135.454
 21
-303.18
 31
0.0
  0
LINE
  5
91B
330
17
100
AcDbEntity
  8
0
100
AcDbLine
 10
133.954
 20
-318.18
 30
0.0
 11
133.954
 21
-303.18
 31
0.0
  0
LINE
  5
91C
330
17
100
AcDbEntity
  8
0
100
AcDbLine
 10
135.454
 20
-318.18
 30
0.0
 11
133.954
 21
-318.18
 31
0.0
  0
LINE
  5
91D
330
17
100
AcDbEntity
  8
0
100
AcDbLine
 10
139.254
 20
-373.961
 30
0.0
 11
150.254
 21
-373.961
 31
0.0
  0
LINE
  5
91E
330
17
100
AcDbEntity
  8
0
100
AcDbLine
 10
139.254
 20
-376.061
 30
0.0
 11
139.254
 21
-373.961
 31
0.0
  0
LINE
  5
91F
330
17
100
AcDbEntity
  8
0
100
AcDbLine
 10
150.254
 20
-376.061
 30
0.0
 11
139.254
 21
-376.061
 31
0.0
  0
LINE
  5
920
330
17
100
AcDbEntity
  8
0
100
AcDbLine
 10
150.254
 20
-373.961
 30
0.0
 11
150.254
 21
-376.061
 31
0.0
  0
LINE
  5
921
330
17
100
AcDbEntity
  8
0
100
AcDbLine
 10
137.754
 20
-376.061
 30
0.0
 11
139.254
 21
-376.061
 31
0.0
  0
LINE
  5
922
330
17
100
AcDbEntity
  8
0
100
AcDbLine
 10
137.754
 20
-361.061
 30
0.0
 11
137.754
 21
-376.061
 31
0.0
  0
LINE
  5
923
330
17
100
AcDbEntity
  8
0
100
AcDbLine
 10
139.254
 20
-361.061
 30
0.0
 11
137.754
 21
-361.061
 31
0.0
  0
LINE
  5
924
330
17
100
AcDbEntity
  8
0
100
AcDbLine
 10
139.254
 20
-361.061
 30
0.0
 11
139.254
 21
-373.961
 31
0.0
  0
LINE
  5
925
330
17
100
AcDbEntity
  8
0
100
AcDbLine
 10
150.254
 20
-361.061
 30
0.0
 11
139.254
 21
-361.061
 31
0.0
  0
LINE
  5
926
330
17
100
AcDbEntity
  8
0
100
AcDbLine
 10
150.254
 20
-376.061
 30
0.0
 11
150.254
 21
-361.061
 31
0.0
  0
LINE
  5
927
330
17
100
AcDbEntity
  8
0
100
AcDbLine
 10
151.754
 20
-376.061
 30
0.0
 11
150.254
 21
-376.061
 31
0.0
  0
LINE
  5
928
330
17
100
AcDbEntity
  8
0
100
AcDbLine
 10
151.754
 20
-361.061
 30
0.0
 11
151.754
 21
-376.061
 31
0.0
  0
LINE
  5
929
330
17
100
AcDbEntity
  8
0
100
AcDbLine
 10
150.254
 20
-361.061
 30
0.0
 11
151.754
 21
-361.061
 31
0.0
  0
LINE
  5
92A
330
17
100
AcDbEntity
  8
0
100
AcDbLine
 10
302.377
 20
-155.188
 30
0.0
 11
302.377
 21
-144.188
 31
0.0
  0
LINE
  5
92B
330
17
100
AcDbEntity
  8
0
100
AcDbLine
 10
304.477
 20
-155.188
 30
0.0
 11
302.377
 21
-155.188
 31
0.0
  0
LINE
  5
92C
330
17
100
AcDbEntity
  8
0
100
AcDbLine
 10
304.477
 20
-144.188
 30
0.0
 11
304.477
 21
-155.188
 31
0.0
  0
LINE
  5
92D
330
17
100
AcDbEntity
  8
0
100
AcDbLine
 10
302.377
 20
-144.188
 30
0.0
 11
304.477
 21
-144.188
 31
0.0
  0
LINE
  5
92E
330
17
100
AcDbEntity
  8
0
100
AcDbLine
 10
304.477
 20
-156.688
 30
0.0
 11
304.477
 21
-155.188
 31
0.0
  0
LINE
  5
92F
330
17
100
AcDbEntity
  8
0
100
AcDbLine
 10
289.477
 20
-156.688
 30
0.0
 11
304.477
 21
-156.688
 31
0.0
  0
LINE
  5
930
330
17
100
AcDbEntity
  8
0
100
AcDbLine
 10
289.477
 20
-155.188
 30
0.0
 11
289.477
 21
-156.688
 31
0.0
  0
LINE
  5
931
330
17
100
AcDbEntity
  8
0
100
AcDbLine
 10
289.477
 20
-155.188
 30
0.0
 11
302.377
 21
-155.188
 31
0.0
  0
LINE
  5
932
330
17
100
AcDbEntity
  8
0
100
AcDbLine
 10
289.477
 20
-144.188
 30
0.0
 11
289.477
 21
-155.188
 31
0.0
  0
LINE
  5
933
330
17
100
AcDbEntity
  8
0
100
AcDbLine
 10
304.477
 20
-144.188
 30
0.0
 11
289.477
 21
-144.188
 31
0.0
  0
LINE
  5
934
330
17
100
AcDbEntity
  8
0
100
AcDbLine
 10
304.477
 20
-142.688
 30
0.0
 11
304.477
 21
-144.188
 31
0.0
  0
LINE
  5
935
330
17
100
AcDbEntity
  8
0
100
AcDbLine
 10
289.477
 20
-142.688
 30
0.0
 11
304.477
 21
-142.688
 31
0.0
  0
LINE
  5
936
330
17
100
AcDbEntity
  8
0
100
AcDbLine
 10
289.477
 20
-144.188
 30
0.0
 11
289.477
 21
-142.688
 31
0.0
  0
LINE
  5
937
330
17
100
AcDbEntity
  8
0
100
AcDbLine
 10
302.377
 20
-169.188
 30
0.0
 11
302.377
 21
-158.188
 31
0.0
  0
LINE
  5
938
330
17
100
AcDbEntity
  8
0
100
AcDbLine
 10
304.477
 20
-169.188
 30
0.0
 11
302.377
 21
-169.188
 31
0.0
  0
LINE
  5
939
330
17
100
AcDbEntity
  8
0
100
AcDbLine
 10
304.477
 20
-158.188
 30
0.0
 11
304.477
 21
-169.188
 31
0.0
  0
LINE
  5
93A
330
17
100
AcDbEntity
  8
0
100
AcDbLine
 10
302.377
 20
-158.188
 30
0.0
 11
304.477
 21
-158.188
 31
0.0
  0
LINE
  5
93B
330
17
100
AcDbEntity
  8
0
100
AcDbLine
 10
304.477
 20
-170.688
 30
0.0
 11
304.477
 21
-169.188
 31
0.0
  0
LINE
  5
93C
330
17
100
AcDbEntity
  8
0
100
AcDbLine
 10
289.477
 20
-170.688
 30
0.0
 11
304.477
 21
-170.688
 31
0.0
  0
LINE
  5
93D
330
17
100
AcDbEntity
  8
0
100
AcDbLine
 10
289.477
 20
-169.188
 30
0.0
 11
289.477
 21
-170.688
 31
0.0
  0
LINE
  5
93E
330
17
100
AcDbEntity
  8
0
100
AcDbLine
 10
289.477
 20
-169.188
 30
0.0
 11
302.377
 21
-169.188
 31
0.0
  0
LINE
  5
93F
330
17
100
AcDbEntity
  8
0
100
AcDbLine
 10
289.477
 20
-158.188
 30
0.0
 11
289.477
 21
-169.188
 31
0.0
  0
LINE
  5
940
330
17
100
AcDbEntity
  8
0
100
AcDbLine
 10
304.477
 20
-158.188
 30
0.0
 11
289.477
 21
-158.188
 31
0.0
  0
LINE
  5
941
330
17
100
AcDbEntity
  8
0
100
AcDbLine
 10
304.477
 20
-156.688
 30
0.0
 11
304.477
 21
-158.188
 31
0.0
  0
LINE
  5
942
330
17
100
AcDbEntity
  8
0
100
AcDbLine
 10
289.477
 20
-156.688
 30
0.0
 11
304.477
 21
-156.688
 31
0.0
  0
LINE
  5
943
330
17
100
AcDbEntity
  8
0
100
AcDbLine
 10
289.477
 20
-158.188
 30
0.0
 11
289.477
 21
-156.688
 31
0.0
  0
LINE
  5
944
330
17
100
AcDbEntity
  8
0
100
AcDbLine
 10
373.037
 20
-101.34
 30
0.0
 11
362.037
 21
-101.34
 31
0.0
  0
LINE
  5
945
330
17
100
AcDbEntity
  8
0
100
AcDbLine
 10
373.037
 20
-99.2398
 30
0.0
 11
373.037
 21
-101.34
 31
0.0
  0
LINE
  5
946
330
17
100
AcDbEntity
  8
0
100
AcDbLine
 10
362.037
 20
-99.2398
 30
0.0
 11
373.037
 21
-99.2398
 31
0.0
  0
LINE
  5
947
330
17
100
AcDbEntity
  8
0
100
AcDbLine
 10
362.037
 20
-101.34
 30
0.0
 11
362.037
 21
-99.2398
 31
0.0
  0
LINE
  5
948
330
17
100
AcDbEntity
  8
0
100
AcDbLine
 10
374.537
 20
-99.2399
 30
0.0
 11
373.037
 21
-99.2398
 31
0.0
  0
LINE
  5
949
330
17
100
AcDbEntity
  8
0
100
AcDbLine
 10
374.537
 20
-114.24
 30
0.0
 11
374.537
 21
-99.2399
 31
0.0
  0
LINE
  5
94A
330
17
100
AcDbEntity
  8
0
100
AcDbLine
 10
373.037
 20
-114.24
 30
0.0
 11
374.537
 21
-114.24
 31
0.0
  0
LINE
  5
94B
330
17
100
AcDbEntity
  8
0
100
AcDbLine
 10
373.037
 20
-114.24
 30
0.0
 11
373.037
 21
-101.34
 31
0.0
  0
LINE
  5
94C
330
17
100
AcDbEntity
  8
0
100
AcDbLine
 10
362.037
 20
-114.24
 30
0.0
 11
373.037
 21
-114.24
 31
0.0
  0
LINE
  5
94D
330
17
100
AcDbEntity
  8
0
100
AcDbLine
 10
362.037
 20
-99.2398
 30
0.0
 11
362.037
 21
-114.24
 31
0.0
  0
LINE
  5
94E
330
17
100
AcDbEntity
  8
0
100
AcDbLine
 10
360.537
 20
-99.2398
 30
0.0
 11
362.037
 21
-99.2398
 31
0.0
  0
LINE
  5
94F
330
17
100
AcDbEntity
  8
0
100
AcDbLine
 10
360.537
 20
-114.24
 30
0.0
 11
360.537
 21
-99.2398
 31
0.0
  0
LINE
  5
950
330
17
100
AcDbEntity
  8
0
100
AcDbLine
 10
362.037
 20
-114.24
 30
0.0
 11
360.537
 21
-114.24
 31
0.0
  0
LINE
  5
951
330
17
100
AcDbEntity
  8
0
100
AcDbLine
 10
352.677
 20
-101.34
 30
0.0
 11
341.677
 21
-101.34
 31
0.0
  0
LINE
  5
952
330
17
100
AcDbEntity
  8
0
100
AcDbLine
 10
352.677
 20
-99.2398
 30
0.0
 11
352.677
 21
-101.34
 31
0.0
  0
LINE
  5
953
330
17
100
AcDbEntity
  8
0
100
AcDbLine
 10
341.677
 20
-99.2398
 30
0.0
 11
352.677
 21
-99.2398
 31
0.0
  0
LINE
  5
954
330
17
100
AcDbEntity
  8
0
100
AcDbLine
 10
341.677
 20
-101.34
 30
0.0
 11
341.677
 21
-99.2398
 31
0.0
  0
LINE
  5
955
330
17
100
AcDbEntity
  8
0
100
AcDbLine
 10
354.177
 20
-99.2399
 30
0.0
 11
352.677
 21
-99.2398
 31
0.0
  0
LINE
  5
956
330
17
100
AcDbEntity
  8
0
100
AcDbLine
 10
354.177
 20
-114.24
 30
0.0
 11
354.177
 21
-99.2399
 31
0.0
  0
LINE
  5
957
330
17
100
AcDbEntity
  8
0
100
AcDbLine
 10
352.677
 20
-114.24
 30
0.0
 11
354.177
 21
-114.24
 31
0.0
  0
LINE
  5
958
330
17
100
AcDbEntity
  8
0
100
AcDbLine
 10
352.677
 20
-114.24
 30
0.0
 11
352.677
 21
-101.34
 31
0.0
  0
LINE
  5
959
330
17
100
AcDbEntity
  8
0
100
AcDbLine
 10
341.677
 20
-114.24
 30
0.0
 11
352.677
 21
-114.24
 31
0.0
  0
LINE
  5
95A
330
17
100
AcDbEntity
  8
0
100
AcDbLine
 10
341.677
 20
-99.2398
 30
0.0
 11
341.677
 21
-114.24
 31
0.0
  0
LINE
  5
95B
330
17
100
AcDbEntity
  8
0
100
AcDbLine
 10
340.177
 20
-99.2398
 30
0.0
 11
341.677
 21
-99.2398
 31
0.0
  0
LINE
  5
95C
330
17
100
AcDbEntity
  8
0
100
AcDbLine
 10
340.177
 20
-114.24
 30
0.0
 11
340.177
 21
-99.2398
 31
0.0
  0
LINE
  5
95D
330
17
100
AcDbEntity
  8
0
100
AcDbLine
 10
341.677
 20
-114.24
 30
0.0
 11
340.177
 21
-114.24
 31
0.0
  0
LINE
  5
95E
330
17
100
AcDbEntity
  8
0
100
AcDbLine
 10
421.991
 20
-539.414
 30
0.0
 11
426.208
 21
-568.611
 31
0.0
  0
LINE
  5
95F
330
17
100
AcDbEntity
  8
0
100
AcDbLine
 10
421.298
 20
-539.514
 30
0.0
 11
421.991
 21
-539.414
 31
0.0
  0
LINE
  5
960
330
17
100
AcDbEntity
  8
0
100
AcDbLine
 10
425.515
 20
-568.711
 30
0.0
 11
421.298
 21
-539.514
 31
0.0
  0
LINE
  5
961
330
17
100
AcDbEntity
  8
0
100
AcDbLine
 10
426.208
 20
-568.611
 30
0.0
 11
425.515
 21
-568.711
 31
0.0
  0
LINE
  5
962
330
17
100
AcDbEntity
  8
0
100
AcDbLine
 10
363.597
 20
-547.849
 30
0.0
 11
367.814
 21
-577.046
 31
0.0
  0
LINE
  5
963
330
17
100
AcDbEntity
  8
0
100
AcDbLine
 10
364.29
 20
-547.749
 30
0.0
 11
363.597
 21
-547.849
 31
0.0
  0
LINE
  5
964
330
17
100
AcDbEntity
  8
0
100
AcDbLine
 10
368.507
 20
-576.946
 30
0.0
 11
364.29
 21
-547.749
 31
0.0
  0
LINE
  5
965
330
17
100
AcDbEntity
  8
0
100
AcDbLine
 10
367.814
 20
-577.046
 30
0.0
 11
368.507
 21
-576.946
 31
0.0
  0
LINE
  5
966
330
17
100
AcDbEntity
  8
0
100
AcDbLine
 10
425.856
 20
-569.672
 30
0.0
 11
426.846
 21
-569.529
 31
0.0
  0
LINE
  5
967
330
17
100
AcDbEntity
  8
0
100
AcDbLine
 10
425.785
 20
-569.177
 30
0.0
 11
425.856
 21
-569.672
 31
0.0
  0
LINE
  5
968
330
17
100
AcDbEntity
  8
0
100
AcDbLine
 10
426.28
 20
-569.106
 30
0.0
 11
425.785
 21
-569.177
 31
0.0
  0
LINE
  5
969
330
17
100
AcDbEntity
  8
0
100
AcDbLine
 10
426.208
 20
-568.611
 30
0.0
 11
426.28
 21
-569.106
 31
0.0
  0
LINE
  5
96A
330
17
100
AcDbEntity
  8
0
100
AcDbLine
 10
426.703
 20
-568.54
 30
0.0
 11
426.208
 21
-568.611
 31
0.0
  0
LINE
  5
96B
330
17
100
AcDbEntity
  8
0
100
AcDbLine
 10
368.452
 20
-577.964
 30
0.0
 11
367.462
 21
-578.107
 31
0.0
  0
LINE
  5
96C
330
17
100
AcDbEntity
  8
0
100
AcDbLine
 10
368.381
 20
-577.469
 30
0.0
 11
368.452
 21
-577.964
 31
0.0
  0
LINE
  5
96D
330
17
100
AcDbEntity
  8
0
100
AcDbLine
 10
367.886
 20
-577.541
 30
0.0
 11
368.381
 21
-577.469
 31
0.0
  0
LINE
  5
96E
330
17
100
AcDbEntity
  8
0
100
AcDbLine
 10
367.814
 20
-577.046
 30
0.0
 11
367.886
 21
-577.541
 31
0.0
  0
LINE
  5
96F
330
17
100
AcDbEntity
  8
0
100
AcDbLine
 10
367.319
 20
-577.118
 30
0.0
 11
367.814
 21
-577.046
 31
0.0
  0
LINE
  5
970
330
17
100
AcDbEntity
  8
0
100
AcDbLine
 10
396.741
 20
-566.959
 30
0.0
 11
397.011
 21
-572.829
 31
0.0
  0
LINE
  5
971
330
17
100
AcDbEntity
  8
0
100
AcDbLine
 10
397.613
 20
-561.159
 30
0.0
 11
396.741
 21
-566.959
 31
0.0
  0
LINE
  5
972
330
17
100
AcDbEntity
  8
0
100
AcDbLine
 10
400.045
 20
-554.748
 30
0.0
 11
397.613
 21
-561.159
 31
0.0
  0
LINE
  5
973
330
17
100
AcDbEntity
  8
0
100
AcDbLine
 10
403.869
 20
-549.099
 30
0.0
 11
400.045
 21
-554.748
 31
0.0
  0
LINE
  5
974
330
17
100
AcDbEntity
  8
0
100
AcDbLine
 10
408.877
 20
-544.523
 30
0.0
 11
403.869
 21
-549.099
 31
0.0
  0
LINE
  5
975
330
17
100
AcDbEntity
  8
0
100
AcDbLine
 10
414.795
 20
-541.268
 30
0.0
 11
408.877
 21
-544.523
 31
0.0
  0
LINE
  5
976
330
17
100
AcDbEntity
  8
0
100
AcDbLine
 10
421.298
 20
-539.514
 30
0.0
 11
414.795
 21
-541.268
 31
0.0
  0
LINE
  5
977
330
17
100
AcDbEntity
  8
0
100
AcDbLine
 10
369.932
 20
-547.507
 30
0.0
 11
364.29
 21
-547.749
 31
0.0
  0
LINE
  5
978
330
17
100
AcDbEntity
  8
0
100
AcDbLine
 10
375.519
 20
-548.396
 30
0.0
 11
369.932
 21
-547.507
 31
0.0
  0
LINE
  5
979
330
17
100
AcDbEntity
  8
0
100
AcDbLine
 10
381.849
 20
-550.905
 30
0.0
 11
375.519
 21
-548.396
 31
0.0
  0
LINE
  5
97A
330
17
100
AcDbEntity
  8
0
100
AcDbLine
 10
387.443
 20
-554.853
 30
0.0
 11
381.849
 21
-550.905
 31
0.0
  0
LINE
  5
97B
330
17
100
AcDbEntity
  8
0
100
AcDbLine
 10
391.99
 20
-560.022
 30
0.0
 11
387.443
 21
-554.853
 31
0.0
  0
LINE
  5
97C
330
17
100
AcDbEntity
  8
0
100
AcDbLine
 10
395.239
 20
-566.126
 30
0.0
 11
391.99
 21
-560.022
 31
0.0
  0
LINE
  5
97D
330
17
100
AcDbEntity
  8
0
100
AcDbLine
 10
397.011
 20
-572.829
 30
0.0
 11
395.239
 21
-566.126
 31
0.0
  0
LINE
  5
97E
330
17
100
AcDbEntity
  8
0
100
AcDbLine
 10
391.071
 20
-300.68
 30
0.0
 11
391.071
 21
-301.38
 31
0.0
  0
LINE
  5
97F
330
17
100
AcDbEntity
  8
0
100
AcDbLine
 10
389.671
 20
-300.68
 30
0.0
 11
391.071
 21
-300.68
 31
0.0
  0
LINE
  5
980
330
17
100
AcDbEntity
  8
0
100
AcDbLine
 10
389.671
 20
-301.38
 30
0.0
 11
389.671
 21
-300.68
 31
0.0
  0
LINE
  5
981
330
17
100
AcDbEntity
  8
0
100
AcDbLine
 10
391.071
 20
-301.38
 30
0.0
 11
389.671
 21
-301.38
 31
0.0
  0
LINE
  5
982
330
17
100
AcDbEntity
  8
0
100
AcDbLine
 10
373.071
 20
-300.68
 30
0.0
 11
373.071
 21
-301.38
 31
0.0
  0
LINE
  5
983
330
17
100
AcDbEntity
  8
0
100
AcDbLine
 10
374.471
 20
-300.68
 30
0.0
 11
373.071
 21
-300.68
 31
0.0
  0
LINE
  5
984
330
17
100
AcDbEntity
  8
0
100
AcDbLine
 10
374.471
 20
-301.38
 30
0.0
 11
374.471
 21
-300.68
 31
0.0
  0
LINE
  5
985
330
17
100
AcDbEntity
  8
0
100
AcDbLine
 10
373.071
 20
-301.38
 30
0.0
 11
374.471
 21
-301.38
 31
0.0
  0
LINE
  5
986
330
17
100
AcDbEntity
  8
0
100
AcDbLine
 10
391.071
 20
-301.68
 30
0.0
 11
393.071
 21
-301.68
 31
0.0
  0
LINE
  5
987
330
17
100
AcDbEntity
  8
0
100
AcDbLine
 10
391.071
 20
-300.68
 30
0.0
 11
391.071
 21
-301.68
 31
0.0
  0
LINE
  5
988
330
17
100
AcDbEntity
  8
0
100
AcDbLine
 10
393.071
 20
-300.68
 30
0.0
 11
391.071
 21
-300.68
 31
0.0
  0
LINE
  5
989
330
17
100
AcDbEntity
  8
0
100
AcDbLine
 10
373.071
 20
-300.68
 30
0.0
 11
373.071
 21
-301.38
 31
0.0
  0
LINE
  5
98A
330
17
100
AcDbEntity
  8
0
100
AcDbLine
 10
371.671
 20
-300.68
 30
0.0
 11
373.071
 21
-300.68
 31
0.0
  0
LINE
  5
98B
330
17
100
AcDbEntity
  8
0
100
AcDbLine
 10
371.671
 20
-301.38
 30
0.0
 11
371.671
 21
-300.68
 31
0.0
  0
LINE
  5
98C
330
17
100
AcDbEntity
  8
0
100
AcDbLine
 10
373.071
 20
-301.38
 30
0.0
 11
371.671
 21
-301.38
 31
0.0
  0
LINE
  5
98D
330
17
100
AcDbEntity
  8
0
100
AcDbLine
 10
353.071
 20
-300.68
 30
0.0
 11
353.071
 21
-301.38
 31
0.0
  0
LINE
  5
98E
330
17
100
AcDbEntity
  8
0
100
AcDbLine
 10
354.471
 20
-300.68
 30
0.0
 11
353.071
 21
-300.68
 31
0.0
  0
LINE
  5
98F
330
17
100
AcDbEntity
  8
0
100
AcDbLine
 10
354.471
 20
-301.38
 30
0.0
 11
354.471
 21
-300.68
 31
0.0
  0
LINE
  5
990
330
17
100
AcDbEntity
  8
0
100
AcDbLine
 10
353.071
 20
-301.38
 30
0.0
 11
354.471
 21
-301.38
 31
0.0
  0
LINE
  5
991
330
17
100
AcDbEntity
  8
0
100
AcDbLine
 10
353.071
 20
-300.68
 30
0.0
 11
353.071
 21
-301.38
 31
0.0
  0
LINE
  5
992
330
17
100
AcDbEntity
  8
0
100
AcDbLine
 10
351.671
 20
-300.68
 30
0.0
 11
353.071
 21
-300.68
 31
0.0
  0
LINE
  5
993
330
17
100
AcDbEntity
  8
0
100
AcDbLine
 10
351.671
 20
-301.38
 30
0.0
 11
351.671
 21
-300.68
 31
0.0
  0
LINE
  5
994
330
17
100
AcDbEntity
  8
0
100
AcDbLine
 10
353.071
 20
-301.38
 30
0.0
 11
351.671
 21
-301.38
 31
0.0
  0
LINE
  5
995
330
17
100
AcDbEntity
  8
0
100
AcDbLine
 10
335.071
 20
-300.68
 30
0.0
 11
335.071
 21
-301.38
 31
0.0
  0
LINE
  5
996
330
17
100
AcDbEntity
  8
0
100
AcDbLine
 10
336.471
 20
-300.68
 30
0.0
 11
335.071
 21
-300.68
 31
0.0
  0
LINE
  5
997
330
17
100
AcDbEntity
  8
0
100
AcDbLine
 10
336.471
 20
-301.38
 30
0.0
 11
336.471
 21
-300.68
 31
0.0
  0
LINE
  5
998
330
17
100
AcDbEntity
  8
0
100
AcDbLine
 10
335.071
 20
-301.38
 30
0.0
 11
336.471
 21
-301.38
 31
0.0
  0
LINE
  5
999
330
17
100
AcDbEntity
  8
0
100
AcDbLine
 10
335.071
 20
-301.68
 30
0.0
 11
333.071
 21
-301.68
 31
0.0
  0
LINE
  5
99A
330
17
100
AcDbEntity
  8
0
100
AcDbLine
 10
335.071
 20
-300.68
 30
0.0
 11
335.071
 21
-301.68
 31
0.0
  0
LINE
  5
99B
330
17
100
AcDbEntity
  8
0
100
AcDbLine
 10
333.071
 20
-300.68
 30
0.0
 11
335.071
 21
-300.68
 31
0.0
  0
LINE
  5
99C
330
17
100
AcDbEntity
  8
0
100
AcDbLine
 10
374.471
 20
-301.03
 30
0.0
 11
389.671
 21
-301.03
 31
0.0
  0
LINE
  5
99D
330
17
100
AcDbEntity
  8
0
100
AcDbLine
 10
374.471
 20
-300.68
 30
0.0
 11
389.671
 21
-300.68
 31
0.0
  0
LINE
  5
99E
330
17
100
AcDbEntity
  8
0
100
AcDbLine
 10
374.471
 20
-301.38
 30
0.0
 11
389.671
 21
-301.38
 31
0.0
  0
LINE
  5
99F
330
17
100
AcDbEntity
  8
0
100
AcDbLine
 10
373.071
 20
-300.68
 30
0.0
 11
373.071
 21
-301.68
 31
0.0
  0
LINE
  5
9A0
330
17
100
AcDbEntity
  8
0
100
AcDbLine
 10
373.071
 20
-301.68
 30
0.0
 11
391.071
 21
-301.68
 31
0.0
  0
LINE
  5
9A1
330
17
100
AcDbEntity
  8
0
100
AcDbLine
 10
354.471
 20
-301.03
 30
0.0
 11
371.671
 21
-301.03
 31
0.0
  0
LINE
  5
9A2
330
17
100
AcDbEntity
  8
0
100
AcDbLine
 10
354.471
 20
-300.68
 30
0.0
 11
371.671
 21
-300.68
 31
0.0
  0
LINE
  5
9A3
330
17
100
AcDbEntity
  8
0
100
AcDbLine
 10
354.471
 20
-301.38
 30
0.0
 11
371.671
 21
-301.38
 31
0.0
  0
LINE
  5
9A4
330
17
100
AcDbEntity
  8
0
100
AcDbLine
 10
373.071
 20
-300.68
 30
0.0
 11
373.071
 21
-301.68
 31
0.0
  0
LINE
  5
9A5
330
17
100
AcDbEntity
  8
0
100
AcDbLine
 10
353.071
 20
-300.68
 30
0.0
 11
353.071
 21
-301.68
 31
0.0
  0
LINE
  5
9A6
330
17
100
AcDbEntity
  8
0
100
AcDbLine
 10
353.071
 20
-301.68
 30
0.0
 11
373.071
 21
-301.68
 31
0.0
  0
LINE
  5
9A7
330
17
100
AcDbEntity
  8
0
100
AcDbLine
 10
336.471
 20
-301.03
 30
0.0
 11
351.671
 21
-301.03
 31
0.0
  0
LINE
  5
9A8
330
17
100
AcDbEntity
  8
0
100
AcDbLine
 10
336.471
 20
-300.68
 30
0.0
 11
351.671
 21
-300.68
 31
0.0
  0
LINE
  5
9A9
330
17
100
AcDbEntity
  8
0
100
AcDbLine
 10
336.471
 20
-301.38
 30
0.0
 11
351.671
 21
-301.38
 31
0.0
  0
LINE
  5
9AA
330
17
100
AcDbEntity
  8
0
100
AcDbLine
 10
353.071
 20
-300.68
 30
0.0
 11
353.071
 21
-301.68
 31
0.0
  0
LINE
  5
9AB
330
17
100
AcDbEntity
  8
0
100
AcDbLine
 10
335.071
 20
-301.68
 30
0.0
 11
353.071
 21
-301.68
 31
0.0
  0
LINE
  5
9AC
330
17
100
AcDbEntity
  8
0
100
AcDbLine
 10
304.934
 20
-300.68
 30
0.0
 11
304.934
 21
-301.38
 31
0.0
  0
LINE
  5
9AD
330
17
100
AcDbEntity
  8
0
100
AcDbLine
 10
303.534
 20
-300.68
 30
0.0
 11
304.934
 21
-300.68
 31
0.0
  0
LINE
  5
9AE
330
17
100
AcDbEntity
  8
0
100
AcDbLine
 10
303.534
 20
-301.38
 30
0.0
 11
303.534
 21
-300.68
 31
0.0
  0
LINE
  5
9AF
330
17
100
AcDbEntity
  8
0
100
AcDbLine
 10
304.934
 20
-301.38
 30
0.0
 11
303.534
 21
-301.38
 31
0.0
  0
LINE
  5
9B0
330
17
100
AcDbEntity
  8
0
100
AcDbLine
 10
286.934
 20
-300.68
 30
0.0
 11
286.934
 21
-301.38
 31
0.0
  0
LINE
  5
9B1
330
17
100
AcDbEntity
  8
0
100
AcDbLine
 10
288.334
 20
-300.68
 30
0.0
 11
286.934
 21
-300.68
 31
0.0
  0
LINE
  5
9B2
330
17
100
AcDbEntity
  8
0
100
AcDbLine
 10
288.334
 20
-301.38
 30
0.0
 11
288.334
 21
-300.68
 31
0.0
  0
LINE
  5
9B3
330
17
100
AcDbEntity
  8
0
100
AcDbLine
 10
286.934
 20
-301.38
 30
0.0
 11
288.334
 21
-301.38
 31
0.0
  0
LINE
  5
9B4
330
17
100
AcDbEntity
  8
0
100
AcDbLine
 10
304.934
 20
-301.68
 30
0.0
 11
306.934
 21
-301.68
 31
0.0
  0
LINE
  5
9B5
330
17
100
AcDbEntity
  8
0
100
AcDbLine
 10
304.934
 20
-300.68
 30
0.0
 11
304.934
 21
-301.68
 31
0.0
  0
LINE
  5
9B6
330
17
100
AcDbEntity
  8
0
100
AcDbLine
 10
306.934
 20
-300.68
 30
0.0
 11
304.934
 21
-300.68
 31
0.0
  0
LINE
  5
9B7
330
17
100
AcDbEntity
  8
0
100
AcDbLine
 10
286.934
 20
-300.68
 30
0.0
 11
286.934
 21
-301.38
 31
0.0
  0
LINE
  5
9B8
330
17
100
AcDbEntity
  8
0
100
AcDbLine
 10
285.534
 20
-300.68
 30
0.0
 11
286.934
 21
-300.68
 31
0.0
  0
LINE
  5
9B9
330
17
100
AcDbEntity
  8
0
100
AcDbLine
 10
285.534
 20
-301.38
 30
0.0
 11
285.534
 21
-300.68
 31
0.0
  0
LINE
  5
9BA
330
17
100
AcDbEntity
  8
0
100
AcDbLine
 10
286.934
 20
-301.38
 30
0.0
 11
285.534
 21
-301.38
 31
0.0
  0
LINE
  5
9BB
330
17
100
AcDbEntity
  8
0
100
AcDbLine
 10
266.934
 20
-300.68
 30
0.0
 11
266.934
 21
-301.38
 31
0.0
  0
LINE
  5
9BC
330
17
100
AcDbEntity
  8
0
100
AcDbLine
 10
268.334
 20
-300.68
 30
0.0
 11
266.934
 21
-300.68
 31
0.0
  0
LINE
  5
9BD
330
17
100
AcDbEntity
  8
0
100
AcDbLine
 10
268.334
 20
-301.38
 30
0.0
 11
268.334
 21
-300.68
 31
0.0
  0
LINE
  5
9BE
330
17
100
AcDbEntity
  8
0
100
AcDbLine
 10
266.934
 20
-301.38
 30
0.0
 11
268.334
 21
-301.38
 31
0.0
  0
LINE
  5
9BF
330
17
100
AcDbEntity
  8
0
100
AcDbLine
 10
266.934
 20
-300.68
 30
0.0
 11
266.934
 21
-301.38
 31
0.0
  0
LINE
  5
9C0
330
17
100
AcDbEntity
  8
0
100
AcDbLine
 10
265.534
 20
-300.68
 30
0.0
 11
266.934
 21
-300.68
 31
0.0
  0
LINE
  5
9C1
330
17
100
AcDbEntity
  8
0
100
AcDbLine
 10
265.534
 20
-301.38
 30
0.0
 11
265.534
 21
-300.68
 31
0.0
  0
LINE
  5
9C2
330
17
100
AcDbEntity
  8
0
100
AcDbLine
 10
266.934
 20
-301.38
 30
0.0
 11
265.534
 21
-301.38
 31
0.0
  0
LINE
  5
9C3
330
17
100
AcDbEntity
  8
0
100
AcDbLine
 10
248.934
 20
-300.68
 30
0.0
 11
248.934
 21
-301.38
 31
0.0
  0
LINE
  5
9C4
330
17
100
AcDbEntity
  8
0
100
AcDbLine
 10
250.334
 20
-300.68
 30
0.0
 11
248.934
 21
-300.68
 31
0.0
  0
LINE
  5
9C5
330
17
100
AcDbEntity
  8
0
100
AcDbLine
 10
250.334
 20
-301.38
 30
0.0
 11
250.334
 21
-300.68
 31
0.0
  0
LINE
  5
9C6
330
17
100
AcDbEntity
  8
0
100
AcDbLine
 10
248.934
 20
-301.38
 30
0.0
 11
250.334
 21
-301.38
 31
0.0
  0
LINE
  5
9C7
330
17
100
AcDbEntity
  8
0
100
AcDbLine
 10
248.934
 20
-301.68
 30
0.0
 11
246.934
 21
-301.68
 31
0.0
  0
LINE
  5
9C8
330
17
100
AcDbEntity
  8
0
100
AcDbLine
 10
248.934
 20
-300.68
 30
0.0
 11
248.934
 21
-301.68
 31
0.0
  0
LINE
  5
9C9
330
17
100
AcDbEntity
  8
0
100
AcDbLine
 10
246.934
 20
-300.68
 30
0.0
 11
248.934
 21
-300.68
 31
0.0
  0
LINE
  5
9CA
330
17
100
AcDbEntity
  8
0
100
AcDbLine
 10
288.334
 20
-301.03
 30
0.0
 11
303.534
 21
-301.03
 31
0.0
  0
LINE
  5
9CB
330
17
100
AcDbEntity
  8
0
100
AcDbLine
 10
288.334
 20
-300.68
 30
0.0
 11
303.534
 21
-300.68
 31
0.0
  0
LINE
  5
9CC
330
17
100
AcDbEntity
  8
0
100
AcDbLine
 10
288.334
 20
-301.38
 30
0.0
 11
303.534
 21
-301.38
 31
0.0
  0
LINE
  5
9CD
330
17
100
AcDbEntity
  8
0
100
AcDbLine
 10
286.934
 20
-300.68
 30
0.0
 11
286.934
 21
-301.68
 31
0.0
  0
LINE
  5
9CE
330
17
100
AcDbEntity
  8
0
100
AcDbLine
 10
286.934
 20
-301.68
 30
0.0
 11
304.934
 21
-301.68
 31
0.0
  0
LINE
  5
9CF
330
17
100
AcDbEntity
  8
0
100
AcDbLine
 10
268.334
 20
-301.03
 30
0.0
 11
285.534
 21
-301.03
 31
0.0
  0
LINE
  5
9D0
330
17
100
AcDbEntity
  8
0
100
AcDbLine
 10
268.334
 20
-300.68
 30
0.0
 11
285.534
 21
-300.68
 31
0.0
  0
LINE
  5
9D1
330
17
100
AcDbEntity
  8
0
100
AcDbLine
 10
268.334
 20
-301.38
 30
0.0
 11
285.534
 21
-301.38
 31
0.0
  0
LINE
  5
9D2
330
17
100
AcDbEntity
  8
0
100
AcDbLine
 10
286.934
 20
-300.68
 30
0.0
 11
286.934
 21
-301.68
 31
0.0
  0
LINE
  5
9D3
330
17
100
AcDbEntity
  8
0
100
AcDbLine
 10
266.934
 20
-300.68
 30
0.0
 11
266.934
 21
-301.68
 31
0.0
  0
LINE
  5
9D4
330
17
100
AcDbEntity
  8
0
100
AcDbLine
 10
266.934
 20
-301.68
 30
0.0
 11
286.934
 21
-301.68
 31
0.0
  0
LINE
  5
9D5
330
17
100
AcDbEntity
  8
0
100
AcDbLine
 10
250.334
 20
-301.03
 30
0.0
 11
265.534
 21
-301.03
 31
0.0
  0
LINE
  5
9D6
330
17
100
AcDbEntity
  8
0
100
AcDbLine
 10
250.334
 20
-300.68
 30
0.0
 11
265.534
 21
-300.68
 31
0.0
  0
LINE
  5
9D7
330
17
100
AcDbEntity
  8
0
100
AcDbLine
 10
250.334
 20
-301.38
 30
0.0
 11
265.534
 21
-301.38
 31
0.0
  0
LINE
  5
9D8
330
17
100
AcDbEntity
  8
0
100
AcDbLine
 10
266.934
 20
-300.68
 30
0.0
 11
266.934
 21
-301.68
 31
0.0
  0
LINE
  5
9D9
330
17
100
AcDbEntity
  8
0
100
AcDbLine
 10
248.934
 20
-301.68
 30
0.0
 11
266.934
 21
-301.68
 31
0.0
  0
LINE
  5
9DA
330
17
100
AcDbEntity
  8
0
100
AcDbLine
 10
162.762
 20
-433.529
 30
0.0
 11
157.694
 21
-429.261
 31
0.0
  0
LINE
  5
9DB
330
17
100
AcDbEntity
  8
0
100
AcDbLine
 10
160.322
 20
-429.448
 30
0.0
 11
162.762
 21
-433.529
 31
0.0
  0
LINE
  5
9DC
330
17
100
AcDbEntity
  8
0
100
AcDbLine
 10
156.24
 20
-426.447
 30
0.0
 11
160.322
 21
-429.448
 31
0.0
  0
LINE
  5
9DD
330
17
100
AcDbEntity
  8
0
100
AcDbLine
 10
151.171
 20
-426.447
 30
0.0
 11
156.24
 21
-426.447
 31
0.0
  0
LINE
  5
9DE
330
17
100
AcDbEntity
  8
0
100
AcDbLine
 10
151.171
 20
-427.526
 30
0.0
 11
151.171
 21
-426.447
 31
0.0
  0
LINE
  5
9DF
330
17
100
AcDbEntity
  8
0
100
AcDbLine
 10
154.269
 20
-427.526
 30
0.0
 11
151.171
 21
-427.526
 31
0.0
  0
LINE
  5
9E0
330
17
100
AcDbEntity
  8
0
100
AcDbLine
 10
157.694
 20
-429.261
 30
0.0
 11
154.269
 21
-427.526
 31
0.0
  0
LINE
  5
9E1
330
17
100
AcDbEntity
  8
0
100
AcDbLine
 10
70.0137
 20
-429.19
 30
0.0
 11
69.3742
 21
-431.069
 31
0.0
  0
LINE
  5
9E2
330
17
100
AcDbEntity
  8
0
100
AcDbLine
 10
72.1357
 20
-429.913
 30
0.0
 11
70.0137
 21
-429.19
 31
0.0
  0
LINE
  5
9E3
330
17
100
AcDbEntity
  8
0
100
AcDbLine
 10
73.63
 20
-431.407
 30
0.0
 11
72.1357
 21
-429.913
 31
0.0
  0
LINE
  5
9E4
330
17
100
AcDbEntity
  8
0
100
AcDbLine
 10
73.63
 20
-454.347
 30
0.0
 11
73.63
 21
-431.407
 31
0.0
  0
LINE
  5
9E5
330
17
100
AcDbEntity
  8
0
100
AcDbLine
 10
72.1357
 20
-455.841
 30
0.0
 11
73.63
 21
-454.347
 31
0.0
  0
LINE
  5
9E6
330
17
100
AcDbEntity
  8
0
100
AcDbLine
 10
70.0136
 20
-456.564
 30
0.0
 11
72.1357
 21
-455.841
 31
0.0
  0
LINE
  5
9E7
330
17
100
AcDbEntity
  8
0
100
AcDbLine
 10
69.3742
 20
-454.685
 30
0.0
 11
70.0136
 21
-456.564
 31
0.0
  0
LINE
  5
9E8
330
17
100
AcDbEntity
  8
0
100
AcDbLine
 10
69.3742
 20
-431.069
 30
0.0
 11
69.3742
 21
-454.685
 31
0.0
  0
LINE
  5
9E9
330
17
100
AcDbEntity
  8
0
100
AcDbLine
 10
74.7472
 20
-432.738
 30
0.0
 11
74.7472
 21
-453.016
 31
0.0
  0
LINE
  5
9EA
330
17
100
AcDbEntity
  8
0
100
AcDbLine
 10
97.8843
 20
-432.738
 30
0.0
 11
74.7472
 21
-432.738
 31
0.0
  0
LINE
  5
9EB
330
17
100
AcDbEntity
  8
0
100
AcDbLine
 10
116.224
 20
-431.592
 30
0.0
 11
97.8843
 21
-432.738
 31
0.0
  0
LINE
  5
9EC
330
17
100
AcDbEntity
  8
0
100
AcDbLine
 10
128.561
 20
-430.362
 30
0.0
 11
116.224
 21
-431.592
 31
0.0
  0
LINE
  5
9ED
330
17
100
AcDbEntity
  8
0
100
AcDbLine
 10
129.249
 20
-434.624
 30
0.0
 11
128.561
 21
-430.362
 31
0.0
  0
LINE
  5
9EE
330
17
100
AcDbEntity
  8
0
100
AcDbLine
 10
129.249
 20
-451.131
 30
0.0
 11
129.249
 21
-434.624
 31
0.0
  0
LINE
  5
9EF
330
17
100
AcDbEntity
  8
0
100
AcDbLine
 10
128.561
 20
-455.392
 30
0.0
 11
129.249
 21
-451.131
 31
0.0
  0
LINE
  5
9F0
330
17
100
AcDbEntity
  8
0
100
AcDbLine
 10
116.223
 20
-454.162
 30
0.0
 11
128.561
 21
-455.392
 31
0.0
  0
LINE
  5
9F1
330
17
100
AcDbEntity
  8
0
100
AcDbLine
 10
97.8843
 20
-453.016
 30
0.0
 11
116.223
 21
-454.162
 31
0.0
  0
LINE
  5
9F2
330
17
100
AcDbEntity
  8
0
100
AcDbLine
 10
74.7472
 20
-453.016
 30
0.0
 11
97.8843
 21
-453.016
 31
0.0
  0
LINE
  5
9F3
330
17
100
AcDbEntity
  8
0
100
AcDbLine
 10
140.733
 20
-456.089
 30
0.0
 11
131.506
 21
-455.42
 31
0.0
  0
LINE
  5
9F4
330
17
100
AcDbEntity
  8
0
100
AcDbLine
 10
142.684
 20
-456.089
 30
0.0
 11
140.733
 21
-456.089
 31
0.0
  0
LINE
  5
9F5
330
17
100
AcDbEntity
  8
0
100
AcDbLine
 10
143.528
 20
-454.751
 30
0.0
 11
142.684
 21
-456.089
 31
0.0
  0
LINE
  5
9F6
330
17
100
AcDbEntity
  8
0
100
AcDbLine
 10
144.517
 20
-442.877
 30
0.0
 11
143.528
 21
-454.751
 31
0.0
  0
LINE
  5
9F7
330
17
100
AcDbEntity
  8
0
100
AcDbLine
 10
143.528
 20
-431.003
 30
0.0
 11
144.517
 21
-442.877
 31
0.0
  0
LINE
  5
9F8
330
17
100
AcDbEntity
  8
0
100
AcDbLine
 10
142.684
 20
-429.665
 30
0.0
 11
143.528
 21
-431.003
 31
0.0
  0
LINE
  5
9F9
330
17
100
AcDbEntity
  8
0
100
AcDbLine
 10
140.733
 20
-429.665
 30
0.0
 11
142.684
 21
-429.665
 31
0.0
  0
LINE
  5
9FA
330
17
100
AcDbEntity
  8
0
100
AcDbLine
 10
131.506
 20
-430.334
 30
0.0
 11
140.733
 21
-429.665
 31
0.0
  0
LINE
  5
9FB
330
17
100
AcDbEntity
  8
0
100
AcDbLine
 10
130.272
 20
-430.997
 30
0.0
 11
131.506
 21
-430.334
 31
0.0
  0
LINE
  5
9FC
330
17
100
AcDbEntity
  8
0
100
AcDbLine
 10
130.053
 20
-432.416
 30
0.0
 11
130.272
 21
-430.997
 31
0.0
  0
LINE
  5
9FD
330
17
100
AcDbEntity
  8
0
100
AcDbLine
 10
130.755
 20
-442.877
 30
0.0
 11
130.053
 21
-432.416
 31
0.0
  0
LINE
  5
9FE
330
17
100
AcDbEntity
  8
0
100
AcDbLine
 10
130.053
 20
-453.338
 30
0.0
 11
130.755
 21
-442.877
 31
0.0
  0
LINE
  5
9FF
330
17
100
AcDbEntity
  8
0
100
AcDbLine
 10
130.272
 20
-454.757
 30
0.0
 11
130.053
 21
-453.338
 31
0.0
  0
LINE
  5
A00
330
17
100
AcDbEntity
  8
0
100
AcDbLine
 10
131.506
 20
-455.42
 30
0.0
 11
130.272
 21
-454.757
 31
0.0
  0
LINE
  5
A01
330
17
100
AcDbEntity
  8
0
100
AcDbLine
 10
70.1966
 20
-424.585
 30
0.0
 11
69.3824
 21
-424.64
 31
0.0
  0
LINE
  5
A02
330
17
100
AcDbEntity
  8
0
100
AcDbLine
 10
153.646
 20
-424.585
 30
0.0
 11
70.1966
 21
-424.585
 31
0.0
  0
LINE
  5
A03
330
17
100
AcDbEntity
  8
0
100
AcDbLine
 10
155.274
 20
-424.695
 30
0.0
 11
153.646
 21
-424.585
 31
0.0
  0
LINE
  5
A04
330
17
100
AcDbEntity
  8
0
100
AcDbLine
 10
156.836
 20
-425.014
 30
0.0
 11
155.274
 21
-424.695
 31
0.0
  0
LINE
  5
A05
330
17
100
AcDbEntity
  8
0
100
AcDbLine
 10
158.317
 20
-425.528
 30
0.0
 11
156.836
 21
-425.014
 31
0.0
  0
LINE
  5
A06
330
17
100
AcDbEntity
  8
0
100
AcDbLine
 10
159.702
 20
-426.224
 30
0.0
 11
158.317
 21
-425.528
 31
0.0
  0
LINE
  5
A07
330
17
100
AcDbEntity
  8
0
100
AcDbLine
 10
160.979
 20
-427.086
 30
0.0
 11
159.702
 21
-426.224
 31
0.0
  0
LINE
  5
A08
330
17
100
AcDbEntity
  8
0
100
AcDbLine
 10
162.131
 20
-428.1
 30
0.0
 11
160.979
 21
-427.086
 31
0.0
  0
LINE
  5
A09
330
17
100
AcDbEntity
  8
0
100
AcDbLine
 10
163.145
 20
-429.252
 30
0.0
 11
162.131
 21
-428.1
 31
0.0
  0
LINE
  5
A0A
330
17
100
AcDbEntity
  8
0
100
AcDbLine
 10
164.008
 20
-430.529
 30
0.0
 11
163.145
 21
-429.252
 31
0.0
  0
LINE
  5
A0B
330
17
100
AcDbEntity
  8
0
100
AcDbLine
 10
164.703
 20
-431.914
 30
0.0
 11
164.008
 21
-430.529
 31
0.0
  0
LINE
  5
A0C
330
17
100
AcDbEntity
  8
0
100
AcDbLine
 10
165.217
 20
-433.395
 30
0.0
 11
164.703
 21
-431.914
 31
0.0
  0
LINE
  5
A0D
330
17
100
AcDbEntity
  8
0
100
AcDbLine
 10
165.536
 20
-434.957
 30
0.0
 11
165.217
 21
-433.395
 31
0.0
  0
LINE
  5
A0E
330
17
100
AcDbEntity
  8
0
100
AcDbLine
 10
165.646
 20
-436.585
 30
0.0
 11
165.536
 21
-434.957
 31
0.0
  0
LINE
  5
A0F
330
17
100
AcDbEntity
  8
0
100
AcDbLine
 10
165.646
 20
-449.169
 30
0.0
 11
165.646
 21
-436.585
 31
0.0
  0
LINE
  5
A10
330
17
100
AcDbEntity
  8
0
100
AcDbLine
 10
165.536
 20
-450.797
 30
0.0
 11
165.646
 21
-449.169
 31
0.0
  0
LINE
  5
A11
330
17
100
AcDbEntity
  8
0
100
AcDbLine
 10
165.217
 20
-452.359
 30
0.0
 11
165.536
 21
-450.797
 31
0.0
  0
LINE
  5
A12
330
17
100
AcDbEntity
  8
0
100
AcDbLine
 10
164.703
 20
-453.84
 30
0.0
 11
165.217
 21
-452.359
 31
0.0
  0
LINE
  5
A13
330
17
100
AcDbEntity
  8
0
100
AcDbLine
 10
164.007
 20
-455.225
 30
0.0
 11
164.703
 21
-453.84
 31
0.0
  0
LINE
  5
A14
330
17
100
AcDbEntity
  8
0
100
AcDbLine
 10
163.145
 20
-456.502
 30
0.0
 11
164.007
 21
-455.225
 31
0.0
  0
LINE
  5
A15
330
17
100
AcDbEntity
  8
0
100
AcDbLine
 10
162.131
 20
-457.654
 30
0.0
 11
163.145
 21
-456.502
 31
0.0
  0
LINE
  5
A16
330
17
100
AcDbEntity
  8
0
100
AcDbLine
 10
160.979
 20
-458.668
 30
0.0
 11
162.131
 21
-457.654
 31
0.0
  0
LINE
  5
A17
330
17
100
AcDbEntity
  8
0
100
AcDbLine
 10
159.702
 20
-459.53
 30
0.0
 11
160.979
 21
-458.668
 31
0.0
  0
LINE
  5
A18
330
17
100
AcDbEntity
  8
0
100
AcDbLine
 10
158.317
 20
-460.226
 30
0.0
 11
159.702
 21
-459.53
 31
0.0
  0
LINE
  5
A19
330
17
100
AcDbEntity
  8
0
100
AcDbLine
 10
156.836
 20
-460.74
 30
0.0
 11
158.317
 21
-460.226
 31
0.0
  0
LINE
  5
A1A
330
17
100
AcDbEntity
  8
0
100
AcDbLine
 10
155.274
 20
-461.059
 30
0.0
 11
156.836
 21
-460.74
 31
0.0
  0
LINE
  5
A1B
330
17
100
AcDbEntity
  8
0
100
AcDbLine
 10
153.646
 20
-461.169
 30
0.0
 11
155.274
 21
-461.059
 31
0.0
  0
LINE
  5
A1C
330
17
100
AcDbEntity
  8
0
100
AcDbLine
 10
70.1966
 20
-461.169
 30
0.0
 11
153.646
 21
-461.169
 31
0.0
  0
LINE
  5
A1D
330
17
100
AcDbEntity
  8
0
100
AcDbLine
 10
69.3824
 20
-461.114
 30
0.0
 11
70.1966
 21
-461.169
 31
0.0
  0
LINE
  5
A1E
330
17
100
AcDbEntity
  8
0
100
AcDbLine
 10
68.6015
 20
-460.954
 30
0.0
 11
69.3824
 21
-461.114
 31
0.0
  0
LINE
  5
A1F
330
17
100
AcDbEntity
  8
0
100
AcDbLine
 10
67.8611
 20
-460.697
 30
0.0
 11
68.6015
 21
-460.954
 31
0.0
  0
LINE
  5
A20
330
17
100
AcDbEntity
  8
0
100
AcDbLine
 10
67.1683
 20
-460.35
 30
0.0
 11
67.8611
 21
-460.697
 31
0.0
  0
LINE
  5
A21
330
17
100
AcDbEntity
  8
0
100
AcDbLine
 10
66.5302
 20
-459.919
 30
0.0
 11
67.1683
 21
-460.35
 31
0.0
  0
LINE
  5
A22
330
17
100
AcDbEntity
  8
0
100
AcDbLine
 10
65.9539
 20
-459.411
 30
0.0
 11
66.5302
 21
-459.919
 31
0.0
  0
LINE
  5
A23
330
17
100
AcDbEntity
  8
0
100
AcDbLine
 10
65.4468
 20
-458.835
 30
0.0
 11
65.9539
 21
-459.411
 31
0.0
  0
LINE
  5
A24
330
17
100
AcDbEntity
  8
0
100
AcDbLine
 10
65.0158
 20
-458.197
 30
0.0
 11
65.4468
 21
-458.835
 31
0.0
  0
LINE
  5
A25
330
17
100
AcDbEntity
  8
0
100
AcDbLine
 10
64.6681
 20
-457.504
 30
0.0
 11
65.0158
 21
-458.197
 31
0.0
  0
LINE
  5
A26
330
17
100
AcDbEntity
  8
0
100
AcDbLine
 10
64.4109
 20
-456.764
 30
0.0
 11
64.6681
 21
-457.504
 31
0.0
  0
LINE
  5
A27
330
17
100
AcDbEntity
  8
0
100
AcDbLine
 10
64.2514
 20
-455.983
 30
0.0
 11
64.4109
 21
-456.764
 31
0.0
  0
LINE
  5
A28
330
17
100
AcDbEntity
  8
0
100
AcDbLine
 10
64.1966
 20
-455.169
 30
0.0
 11
64.2514
 21
-455.983
 31
0.0
  0
LINE
  5
A29
330
17
100
AcDbEntity
  8
0
100
AcDbLine
 10
64.1966
 20
-430.585
 30
0.0
 11
64.1966
 21
-455.169
 31
0.0
  0
LINE
  5
A2A
330
17
100
AcDbEntity
  8
0
100
AcDbLine
 10
64.2514
 20
-429.771
 30
0.0
 11
64.1966
 21
-430.585
 31
0.0
  0
LINE
  5
A2B
330
17
100
AcDbEntity
  8
0
100
AcDbLine
 10
64.4109
 20
-428.99
 30
0.0
 11
64.2514
 21
-429.771
 31
0.0
  0
LINE
  5
A2C
330
17
100
AcDbEntity
  8
0
100
AcDbLine
 10
64.6681
 20
-428.25
 30
0.0
 11
64.4109
 21
-428.99
 31
0.0
  0
LINE
  5
A2D
330
17
100
AcDbEntity
  8
0
100
AcDbLine
 10
65.0158
 20
-427.557
 30
0.0
 11
64.6681
 21
-428.25
 31
0.0
  0
LINE
  5
A2E
330
17
100
AcDbEntity
  8
0
100
AcDbLine
 10
65.4468
 20
-426.919
 30
0.0
 11
65.0158
 21
-427.557
 31
0.0
  0
LINE
  5
A2F
330
17
100
AcDbEntity
  8
0
100
AcDbLine
 10
65.954
 20
-426.343
 30
0.0
 11
65.4468
 21
-426.919
 31
0.0
  0
LINE
  5
A30
330
17
100
AcDbEntity
  8
0
100
AcDbLine
 10
66.5302
 20
-425.835
 30
0.0
 11
65.954
 21
-426.343
 31
0.0
  0
LINE
  5
A31
330
17
100
AcDbEntity
  8
0
100
AcDbLine
 10
67.1683
 20
-425.404
 30
0.0
 11
66.5302
 21
-425.835
 31
0.0
  0
LINE
  5
A32
330
17
100
AcDbEntity
  8
0
100
AcDbLine
 10
67.8611
 20
-425.057
 30
0.0
 11
67.1683
 21
-425.404
 31
0.0
  0
LINE
  5
A33
330
17
100
AcDbEntity
  8
0
100
AcDbLine
 10
68.6016
 20
-424.8
 30
0.0
 11
67.8611
 21
-425.057
 31
0.0
  0
LINE
  5
A34
330
17
100
AcDbEntity
  8
0
100
AcDbLine
 10
69.3824
 20
-424.64
 30
0.0
 11
68.6016
 21
-424.8
 31
0.0
  0
LINE
  5
A35
330
17
100
AcDbEntity
  8
0
100
AcDbLine
 10
162.762
 20
-452.225
 30
0.0
 11
162.762
 21
-433.529
 31
0.0
  0
LINE
  5
A36
330
17
100
AcDbEntity
  8
0
100
AcDbLine
 10
160.322
 20
-456.306
 30
0.0
 11
162.762
 21
-452.225
 31
0.0
  0
LINE
  5
A37
330
17
100
AcDbEntity
  8
0
100
AcDbLine
 10
156.239
 20
-459.307
 30
0.0
 11
160.322
 21
-456.306
 31
0.0
  0
LINE
  5
A38
330
17
100
AcDbEntity
  8
0
100
AcDbLine
 10
151.171
 20
-459.307
 30
0.0
 11
156.239
 21
-459.307
 31
0.0
  0
LINE
  5
A39
330
17
100
AcDbEntity
  8
0
100
AcDbLine
 10
151.171
 20
-458.228
 30
0.0
 11
151.171
 21
-459.307
 31
0.0
  0
LINE
  5
A3A
330
17
100
AcDbEntity
  8
0
100
AcDbLine
 10
154.269
 20
-458.228
 30
0.0
 11
151.171
 21
-458.228
 31
0.0
  0
LINE
  5
A3B
330
17
100
AcDbEntity
  8
0
100
AcDbLine
 10
157.694
 20
-456.493
 30
0.0
 11
154.269
 21
-458.228
 31
0.0
  0
LINE
  5
A3C
330
17
100
AcDbEntity
  8
0
100
AcDbLine
 10
162.762
 20
-452.225
 30
0.0
 11
157.694
 21
-456.493
 31
0.0
  0
LINE
  5
A3D
330
17
100
AcDbEntity
  8
0
100
AcDbLine
 10
116.654
 20
-426.451
 30
0.0
 11
115.565
 21
-429.763
 31
0.0
  0
LINE
  5
A3E
330
17
100
AcDbEntity
  8
0
100
AcDbLine
 10
116.654
 20
-424.585
 30
0.0
 11
116.654
 21
-426.451
 31
0.0
  0
LINE
  5
A3F
330
17
100
AcDbEntity
  8
0
100
AcDbLine
 10
99.8625
 20
-455.991
 30
0.0
 11
115.565
 21
-455.991
 31
0.0
  0
LINE
  5
A40
330
17
100
AcDbEntity
  8
0
100
AcDbLine
 10
96.0262
 20
-458.956
 30
0.0
 11
99.8625
 21
-455.991
 31
0.0
  0
LINE
  5
A41
330
17
100
AcDbEntity
  8
0
100
AcDbLine
 10
95.503
 20
-461.169
 30
0.0
 11
96.0262
 21
-458.956
 31
0.0
  0
LINE
  5
A42
330
17
100
AcDbEntity
  8
0
100
AcDbLine
 10
133.447
 20
-464.118
 30
0.0
 11
133.887
 21
-461.169
 31
0.0
  0
LINE
  5
A43
330
17
100
AcDbEntity
  8
0
100
AcDbLine
 10
135.122
 20
-463.816
 30
0.0
 11
133.447
 21
-464.118
 31
0.0
  0
LINE
  5
A44
330
17
100
AcDbEntity
  8
0
100
AcDbLine
 10
137.057
 20
-461.169
 30
0.0
 11
135.122
 21
-463.816
 31
0.0
  0
LINE
  5
A45
330
17
100
AcDbEntity
  8
0
100
AcDbLine
 10
137.057
 20
-458.911
 30
0.0
 11
137.057
 21
-461.169
 31
0.0
  0
LINE
  5
A46
330
17
100
AcDbEntity
  8
0
100
AcDbLine
 10
135.618
 20
-457.472
 30
0.0
 11
137.057
 21
-458.911
 31
0.0
  0
LINE
  5
A47
330
17
100
AcDbEntity
  8
0
100
AcDbLine
 10
115.565
 20
-455.991
 30
0.0
 11
135.618
 21
-457.472
 31
0.0
  0
LINE
  5
A48
330
17
100
AcDbEntity
  8
0
100
AcDbLine
 10
116.654
 20
-459.303
 30
0.0
 11
115.565
 21
-455.991
 31
0.0
  0
LINE
  5
A49
330
17
100
AcDbEntity
  8
0
100
AcDbLine
 10
116.654
 20
-461.169
 30
0.0
 11
116.654
 21
-459.303
 31
0.0
  0
LINE
  5
A4A
330
17
100
AcDbEntity
  8
0
100
AcDbLine
 10
96.0262
 20
-426.798
 30
0.0
 11
95.5031
 21
-424.585
 31
0.0
  0
LINE
  5
A4B
330
17
100
AcDbEntity
  8
0
100
AcDbLine
 10
99.8625
 20
-429.763
 30
0.0
 11
96.0262
 21
-426.798
 31
0.0
  0
LINE
  5
A4C
330
17
100
AcDbEntity
  8
0
100
AcDbLine
 10
115.565
 20
-429.763
 30
0.0
 11
99.8625
 21
-429.763
 31
0.0
  0
LINE
  5
A4D
330
17
100
AcDbEntity
  8
0
100
AcDbLine
 10
135.618
 20
-428.282
 30
0.0
 11
115.565
 21
-429.763
 31
0.0
  0
LINE
  5
A4E
330
17
100
AcDbEntity
  8
0
100
AcDbLine
 10
137.057
 20
-426.843
 30
0.0
 11
135.618
 21
-428.282
 31
0.0
  0
LINE
  5
A4F
330
17
100
AcDbEntity
  8
0
100
AcDbLine
 10
137.057
 20
-424.585
 30
0.0
 11
137.057
 21
-426.843
 31
0.0
  0
LINE
  5
A50
330
17
100
AcDbEntity
  8
0
100
AcDbLine
 10
135.122
 20
-421.938
 30
0.0
 11
137.057
 21
-424.585
 31
0.0
  0
LINE
  5
A51
330
17
100
AcDbEntity
  8
0
100
AcDbLine
 10
133.447
 20
-421.636
 30
0.0
 11
135.122
 21
-421.938
 31
0.0
  0
LINE
  5
A52
330
17
100
AcDbEntity
  8
0
100
AcDbLine
 10
133.887
 20
-424.585
 30
0.0
 11
133.447
 21
-421.636
 31
0.0
  0
LINE
  5
A53
330
17
100
AcDbEntity
  8
0
100
AcDbLine
 10
162.762
 20
-485.595
 30
0.0
 11
157.694
 21
-481.327
 31
0.0
  0
LINE
  5
A54
330
17
100
AcDbEntity
  8
0
100
AcDbLine
 10
160.322
 20
-481.515
 30
0.0
 11
162.762
 21
-485.595
 31
0.0
  0
LINE
  5
A55
330
17
100
AcDbEntity
  8
0
100
AcDbLine
 10
156.24
 20
-478.513
 30
0.0
 11
160.322
 21
-481.515
 31
0.0
  0
LINE
  5
A56
330
17
100
AcDbEntity
  8
0
100
AcDbLine
 10
151.171
 20
-478.513
 30
0.0
 11
156.24
 21
-478.513
 31
0.0
  0
LINE
  5
A57
330
17
100
AcDbEntity
  8
0
100
AcDbLine
 10
151.171
 20
-479.592
 30
0.0
 11
151.171
 21
-478.513
 31
0.0
  0
LINE
  5
A58
330
17
100
AcDbEntity
  8
0
100
AcDbLine
 10
154.269
 20
-479.592
 30
0.0
 11
151.171
 21
-479.592
 31
0.0
  0
LINE
  5
A59
330
17
100
AcDbEntity
  8
0
100
AcDbLine
 10
157.694
 20
-481.327
 30
0.0
 11
154.269
 21
-479.592
 31
0.0
  0
LINE
  5
A5A
330
17
100
AcDbEntity
  8
0
100
AcDbLine
 10
70.0137
 20
-481.257
 30
0.0
 11
69.3742
 21
-483.135
 31
0.0
  0
LINE
  5
A5B
330
17
100
AcDbEntity
  8
0
100
AcDbLine
 10
72.1357
 20
-481.979
 30
0.0
 11
70.0137
 21
-481.257
 31
0.0
  0
LINE
  5
A5C
330
17
100
AcDbEntity
  8
0
100
AcDbLine
 10
73.63
 20
-483.473
 30
0.0
 11
72.1357
 21
-481.979
 31
0.0
  0
LINE
  5
A5D
330
17
100
AcDbEntity
  8
0
100
AcDbLine
 10
73.63
 20
-506.413
 30
0.0
 11
73.63
 21
-483.473
 31
0.0
  0
LINE
  5
A5E
330
17
100
AcDbEntity
  8
0
100
AcDbLine
 10
72.1357
 20
-507.908
 30
0.0
 11
73.63
 21
-506.413
 31
0.0
  0
LINE
  5
A5F
330
17
100
AcDbEntity
  8
0
100
AcDbLine
 10
70.0136
 20
-508.63
 30
0.0
 11
72.1357
 21
-507.908
 31
0.0
  0
LINE
  5
A60
330
17
100
AcDbEntity
  8
0
100
AcDbLine
 10
69.3742
 20
-506.752
 30
0.0
 11
70.0136
 21
-508.63
 31
0.0
  0
LINE
  5
A61
330
17
100
AcDbEntity
  8
0
100
AcDbLine
 10
69.3742
 20
-483.135
 30
0.0
 11
69.3742
 21
-506.752
 31
0.0
  0
LINE
  5
A62
330
17
100
AcDbEntity
  8
0
100
AcDbLine
 10
74.7472
 20
-484.804
 30
0.0
 11
74.7472
 21
-505.083
 31
0.0
  0
LINE
  5
A63
330
17
100
AcDbEntity
  8
0
100
AcDbLine
 10
97.8843
 20
-484.804
 30
0.0
 11
74.7472
 21
-484.804
 31
0.0
  0
LINE
  5
A64
330
17
100
AcDbEntity
  8
0
100
AcDbLine
 10
116.224
 20
-483.659
 30
0.0
 11
97.8843
 21
-484.804
 31
0.0
  0
LINE
  5
A65
330
17
100
AcDbEntity
  8
0
100
AcDbLine
 10
128.561
 20
-482.428
 30
0.0
 11
116.224
 21
-483.659
 31
0.0
  0
LINE
  5
A66
330
17
100
AcDbEntity
  8
0
100
AcDbLine
 10
129.249
 20
-486.69
 30
0.0
 11
128.561
 21
-482.428
 31
0.0
  0
LINE
  5
A67
330
17
100
AcDbEntity
  8
0
100
AcDbLine
 10
129.249
 20
-503.197
 30
0.0
 11
129.249
 21
-486.69
 31
0.0
  0
LINE
  5
A68
330
17
100
AcDbEntity
  8
0
100
AcDbLine
 10
128.561
 20
-507.458
 30
0.0
 11
129.249
 21
-503.197
 31
0.0
  0
LINE
  5
A69
330
17
100
AcDbEntity
  8
0
100
AcDbLine
 10
116.223
 20
-506.228
 30
0.0
 11
128.561
 21
-507.458
 31
0.0
  0
LINE
  5
A6A
330
17
100
AcDbEntity
  8
0
100
AcDbLine
 10
97.8843
 20
-505.083
 30
0.0
 11
116.223
 21
-506.228
 31
0.0
  0
LINE
  5
A6B
330
17
100
AcDbEntity
  8
0
100
AcDbLine
 10
74.7472
 20
-505.083
 30
0.0
 11
97.8843
 21
-505.083
 31
0.0
  0
LINE
  5
A6C
330
17
100
AcDbEntity
  8
0
100
AcDbLine
 10
140.733
 20
-508.155
 30
0.0
 11
131.506
 21
-507.486
 31
0.0
  0
LINE
  5
A6D
330
17
100
AcDbEntity
  8
0
100
AcDbLine
 10
142.684
 20
-508.155
 30
0.0
 11
140.733
 21
-508.155
 31
0.0
  0
LINE
  5
A6E
330
17
100
AcDbEntity
  8
0
100
AcDbLine
 10
143.528
 20
-506.817
 30
0.0
 11
142.684
 21
-508.155
 31
0.0
  0
LINE
  5
A6F
330
17
100
AcDbEntity
  8
0
100
AcDbLine
 10
144.517
 20
-494.943
 30
0.0
 11
143.528
 21
-506.817
 31
0.0
  0
LINE
  5
A70
330
17
100
AcDbEntity
  8
0
100
AcDbLine
 10
143.528
 20
-483.07
 30
0.0
 11
144.517
 21
-494.943
 31
0.0
  0
LINE
  5
A71
330
17
100
AcDbEntity
  8
0
100
AcDbLine
 10
142.684
 20
-481.732
 30
0.0
 11
143.528
 21
-483.07
 31
0.0
  0
LINE
  5
A72
330
17
100
AcDbEntity
  8
0
100
AcDbLine
 10
140.733
 20
-481.732
 30
0.0
 11
142.684
 21
-481.732
 31
0.0
  0
LINE
  5
A73
330
17
100
AcDbEntity
  8
0
100
AcDbLine
 10
131.506
 20
-482.401
 30
0.0
 11
140.733
 21
-481.732
 31
0.0
  0
LINE
  5
A74
330
17
100
AcDbEntity
  8
0
100
AcDbLine
 10
130.272
 20
-483.064
 30
0.0
 11
131.506
 21
-482.401
 31
0.0
  0
LINE
  5
A75
330
17
100
AcDbEntity
  8
0
100
AcDbLine
 10
130.053
 20
-484.482
 30
0.0
 11
130.272
 21
-483.064
 31
0.0
  0
LINE
  5
A76
330
17
100
AcDbEntity
  8
0
100
AcDbLine
 10
130.755
 20
-494.943
 30
0.0
 11
130.053
 21
-484.482
 31
0.0
  0
LINE
  5
A77
330
17
100
AcDbEntity
  8
0
100
AcDbLine
 10
130.053
 20
-505.405
 30
0.0
 11
130.755
 21
-494.943
 31
0.0
  0
LINE
  5
A78
330
17
100
AcDbEntity
  8
0
100
AcDbLine
 10
130.272
 20
-506.823
 30
0.0
 11
130.053
 21
-505.405
 31
0.0
  0
LINE
  5
A79
330
17
100
AcDbEntity
  8
0
100
AcDbLine
 10
131.506
 20
-507.486
 30
0.0
 11
130.272
 21
-506.823
 31
0.0
  0
LINE
  5
A7A
330
17
100
AcDbEntity
  8
0
100
AcDbLine
 10
70.1966
 20
-476.652
 30
0.0
 11
69.3824
 21
-476.706
 31
0.0
  0
LINE
  5
A7B
330
17
100
AcDbEntity
  8
0
100
AcDbLine
 10
153.646
 20
-476.652
 30
0.0
 11
70.1966
 21
-476.652
 31
0.0
  0
LINE
  5
A7C
330
17
100
AcDbEntity
  8
0
100
AcDbLine
 10
155.274
 20
-476.761
 30
0.0
 11
153.646
 21
-476.652
 31
0.0
  0
LINE
  5
A7D
330
17
100
AcDbEntity
  8
0
100
AcDbLine
 10
156.836
 20
-477.08
 30
0.0
 11
155.274
 21
-476.761
 31
0.0
  0
LINE
  5
A7E
330
17
100
AcDbEntity
  8
0
100
AcDbLine
 10
158.317
 20
-477.595
 30
0.0
 11
156.836
 21
-477.08
 31
0.0
  0
LINE
  5
A7F
330
17
100
AcDbEntity
  8
0
100
AcDbLine
 10
159.702
 20
-478.29
 30
0.0
 11
158.317
 21
-477.595
 31
0.0
  0
LINE
  5
A80
330
17
100
AcDbEntity
  8
0
100
AcDbLine
 10
160.979
 20
-479.152
 30
0.0
 11
159.702
 21
-478.29
 31
0.0
  0
LINE
  5
A81
330
17
100
AcDbEntity
  8
0
100
AcDbLine
 10
162.131
 20
-480.166
 30
0.0
 11
160.979
 21
-479.152
 31
0.0
  0
LINE
  5
A82
330
17
100
AcDbEntity
  8
0
100
AcDbLine
 10
163.145
 20
-481.319
 30
0.0
 11
162.131
 21
-480.166
 31
0.0
  0
LINE
  5
A83
330
17
100
AcDbEntity
  8
0
100
AcDbLine
 10
164.008
 20
-482.595
 30
0.0
 11
163.145
 21
-481.319
 31
0.0
  0
LINE
  5
A84
330
17
100
AcDbEntity
  8
0
100
AcDbLine
 10
164.703
 20
-483.981
 30
0.0
 11
164.008
 21
-482.595
 31
0.0
  0
LINE
  5
A85
330
17
100
AcDbEntity
  8
0
100
AcDbLine
 10
165.217
 20
-485.462
 30
0.0
 11
164.703
 21
-483.981
 31
0.0
  0
LINE
  5
A86
330
17
100
AcDbEntity
  8
0
100
AcDbLine
 10
165.536
 20
-487.023
 30
0.0
 11
165.217
 21
-485.462
 31
0.0
  0
LINE
  5
A87
330
17
100
AcDbEntity
  8
0
100
AcDbLine
 10
165.646
 20
-488.652
 30
0.0
 11
165.536
 21
-487.023
 31
0.0
  0
LINE
  5
A88
330
17
100
AcDbEntity
  8
0
100
AcDbLine
 10
165.646
 20
-501.235
 30
0.0
 11
165.646
 21
-488.652
 31
0.0
  0
LINE
  5
A89
330
17
100
AcDbEntity
  8
0
100
AcDbLine
 10
165.536
 20
-502.864
 30
0.0
 11
165.646
 21
-501.235
 31
0.0
  0
LINE
  5
A8A
330
17
100
AcDbEntity
  8
0
100
AcDbLine
 10
165.217
 20
-504.425
 30
0.0
 11
165.536
 21
-502.864
 31
0.0
  0
LINE
  5
A8B
330
17
100
AcDbEntity
  8
0
100
AcDbLine
 10
164.703
 20
-505.906
 30
0.0
 11
165.217
 21
-504.425
 31
0.0
  0
LINE
  5
A8C
330
17
100
AcDbEntity
  8
0
100
AcDbLine
 10
164.007
 20
-507.292
 30
0.0
 11
164.703
 21
-505.906
 31
0.0
  0
LINE
  5
A8D
330
17
100
AcDbEntity
  8
0
100
AcDbLine
 10
163.145
 20
-508.568
 30
0.0
 11
164.007
 21
-507.292
 31
0.0
  0
LINE
  5
A8E
330
17
100
AcDbEntity
  8
0
100
AcDbLine
 10
162.131
 20
-509.72
 30
0.0
 11
163.145
 21
-508.568
 31
0.0
  0
LINE
  5
A8F
330
17
100
AcDbEntity
  8
0
100
AcDbLine
 10
160.979
 20
-510.735
 30
0.0
 11
162.131
 21
-509.72
 31
0.0
  0
LINE
  5
A90
330
17
100
AcDbEntity
  8
0
100
AcDbLine
 10
159.702
 20
-511.597
 30
0.0
 11
160.979
 21
-510.735
 31
0.0
  0
LINE
  5
A91
330
17
100
AcDbEntity
  8
0
100
AcDbLine
 10
158.317
 20
-512.292
 30
0.0
 11
159.702
 21
-511.597
 31
0.0
  0
LINE
  5
A92
330
17
100
AcDbEntity
  8
0
100
AcDbLine
 10
156.836
 20
-512.807
 30
0.0
 11
158.317
 21
-512.292
 31
0.0
  0
LINE
  5
A93
330
17
100
AcDbEntity
  8
0
100
AcDbLine
 10
155.274
 20
-513.126
 30
0.0
 11
156.836
 21
-512.807
 31
0.0
  0
LINE
  5
A94
330
17
100
AcDbEntity
  8
0
100
AcDbLine
 10
153.646
 20
-513.235
 30
0.0
 11
155.274
 21
-513.126
 31
0.0
  0
LINE
  5
A95
330
17
100
AcDbEntity
  8
0
100
AcDbLine
 10
70.1966
 20
-513.235
 30
0.0
 11
153.646
 21
-513.235
 31
0.0
  0
LINE
  5
A96
330
17
100
AcDbEntity
  8
0
100
AcDbLine
 10
69.3824
 20
-513.18
 30
0.0
 11
70.1966
 21
-513.235
 31
0.0
  0
LINE
  5
A97
330
17
100
AcDbEntity
  8
0
100
AcDbLine
 10
68.6015
 20
-513.021
 30
0.0
 11
69.3824
 21
-513.18
 31
0.0
  0
LINE
  5
A98
330
17
100
AcDbEntity
  8
0
100
AcDbLine
 10
67.8611
 20
-512.764
 30
0.0
 11
68.6015
 21
-513.021
 31
0.0
  0
LINE
  5
A99
330
17
100
AcDbEntity
  8
0
100
AcDbLine
 10
67.1683
 20
-512.416
 30
0.0
 11
67.8611
 21
-512.764
 31
0.0
  0
LINE
  5
A9A
330
17
100
AcDbEntity
  8
0
100
AcDbLine
 10
66.5302
 20
-511.985
 30
0.0
 11
67.1683
 21
-512.416
 31
0.0
  0
LINE
  5
A9B
330
17
100
AcDbEntity
  8
0
100
AcDbLine
 10
65.9539
 20
-511.478
 30
0.0
 11
66.5302
 21
-511.985
 31
0.0
  0
LINE
  5
A9C
330
17
100
AcDbEntity
  8
0
100
AcDbLine
 10
65.4468
 20
-510.902
 30
0.0
 11
65.9539
 21
-511.478
 31
0.0
  0
LINE
  5
A9D
330
17
100
AcDbEntity
  8
0
100
AcDbLine
 10
65.0158
 20
-510.263
 30
0.0
 11
65.4468
 21
-510.902
 31
0.0
  0
LINE
  5
A9E
330
17
100
AcDbEntity
  8
0
100
AcDbLine
 10
64.6681
 20
-509.571
 30
0.0
 11
65.0158
 21
-510.263
 31
0.0
  0
LINE
  5
A9F
330
17
100
AcDbEntity
  8
0
100
AcDbLine
 10
64.4109
 20
-508.83
 30
0.0
 11
64.6681
 21
-509.571
 31
0.0
  0
LINE
  5
AA0
330
17
100
AcDbEntity
  8
0
100
AcDbLine
 10
64.2514
 20
-508.049
 30
0.0
 11
64.4109
 21
-508.83
 31
0.0
  0
LINE
  5
AA1
330
17
100
AcDbEntity
  8
0
100
AcDbLine
 10
64.1966
 20
-507.235
 30
0.0
 11
64.2514
 21
-508.049
 31
0.0
  0
LINE
  5
AA2
330
17
100
AcDbEntity
  8
0
100
AcDbLine
 10
64.1966
 20
-482.652
 30
0.0
 11
64.1966
 21
-507.235
 31
0.0
  0
LINE
  5
AA3
330
17
100
AcDbEntity
  8
0
100
AcDbLine
 10
64.2514
 20
-481.837
 30
0.0
 11
64.1966
 21
-482.652
 31
0.0
  0
LINE
  5
AA4
330
17
100
AcDbEntity
  8
0
100
AcDbLine
 10
64.4109
 20
-481.057
 30
0.0
 11
64.2514
 21
-481.837
 31
0.0
  0
LINE
  5
AA5
330
17
100
AcDbEntity
  8
0
100
AcDbLine
 10
64.6681
 20
-480.316
 30
0.0
 11
64.4109
 21
-481.057
 31
0.0
  0
LINE
  5
AA6
330
17
100
AcDbEntity
  8
0
100
AcDbLine
 10
65.0158
 20
-479.623
 30
0.0
 11
64.6681
 21
-480.316
 31
0.0
  0
LINE
  5
AA7
330
17
100
AcDbEntity
  8
0
100
AcDbLine
 10
65.4468
 20
-478.985
 30
0.0
 11
65.0158
 21
-479.623
 31
0.0
  0
LINE
  5
AA8
330
17
100
AcDbEntity
  8
0
100
AcDbLine
 10
65.954
 20
-478.409
 30
0.0
 11
65.4468
 21
-478.985
 31
0.0
  0
LINE
  5
AA9
330
17
100
AcDbEntity
  8
0
100
AcDbLine
 10
66.5302
 20
-477.902
 30
0.0
 11
65.954
 21
-478.409
 31
0.0
  0
LINE
  5
AAA
330
17
100
AcDbEntity
  8
0
100
AcDbLine
 10
67.1683
 20
-477.471
 30
0.0
 11
66.5302
 21
-477.902
 31
0.0
  0
LINE
  5
AAB
330
17
100
AcDbEntity
  8
0
100
AcDbLine
 10
67.8611
 20
-477.123
 30
0.0
 11
67.1683
 21
-477.471
 31
0.0
  0
LINE
  5
AAC
330
17
100
AcDbEntity
  8
0
100
AcDbLine
 10
68.6016
 20
-476.866
 30
0.0
 11
67.8611
 21
-477.123
 31
0.0
  0
LINE
  5
AAD
330
17
100
AcDbEntity
  8
0
100
AcDbLine
 10
69.3824
 20
-476.706
 30
0.0
 11
68.6016
 21
-476.866
 31
0.0
  0
LINE
  5
AAE
330
17
100
AcDbEntity
  8
0
100
AcDbLine
 10
162.762
 20
-504.292
 30
0.0
 11
162.762
 21
-485.595
 31
0.0
  0
LINE
  5
AAF
330
17
100
AcDbEntity
  8
0
100
AcDbLine
 10
160.322
 20
-508.372
 30
0.0
 11
162.762
 21
-504.292
 31
0.0
  0
LINE
  5
AB0
330
17
100
AcDbEntity
  8
0
100
AcDbLine
 10
156.239
 20
-511.374
 30
0.0
 11
160.322
 21
-508.372
 31
0.0
  0
LINE
  5
AB1
330
17
100
AcDbEntity
  8
0
100
AcDbLine
 10
151.171
 20
-511.374
 30
0.0
 11
156.239
 21
-511.374
 31
0.0
  0
LINE
  5
AB2
330
17
100
AcDbEntity
  8
0
100
AcDbLine
 10
151.171
 20
-510.295
 30
0.0
 11
151.171
 21
-511.374
 31
0.0
  0
LINE
  5
AB3
330
17
100
AcDbEntity
  8
0
100
AcDbLine
 10
154.269
 20
-510.295
 30
0.0
 11
151.171
 21
-510.295
 31
0.0
  0
LINE
  5
AB4
330
17
100
AcDbEntity
  8
0
100
AcDbLine
 10
157.694
 20
-508.56
 30
0.0
 11
154.269
 21
-510.295
 31
0.0
  0
LINE
  5
AB5
330
17
100
AcDbEntity
  8
0
100
AcDbLine
 10
162.762
 20
-504.292
 30
0.0
 11
157.694
 21
-508.56
 31
0.0
  0
LINE
  5
AB6
330
17
100
AcDbEntity
  8
0
100
AcDbLine
 10
116.654
 20
-478.518
 30
0.0
 11
115.565
 21
-481.829
 31
0.0
  0
LINE
  5
AB7
330
17
100
AcDbEntity
  8
0
100
AcDbLine
 10
116.654
 20
-476.652
 30
0.0
 11
116.654
 21
-478.518
 31
0.0
  0
LINE
  5
AB8
330
17
100
AcDbEntity
  8
0
100
AcDbLine
 10
99.8625
 20
-508.058
 30
0.0
 11
115.565
 21
-508.058
 31
0.0
  0
LINE
  5
AB9
330
17
100
AcDbEntity
  8
0
100
AcDbLine
 10
96.0262
 20
-511.023
 30
0.0
 11
99.8625
 21
-508.058
 31
0.0
  0
LINE
  5
ABA
330
17
100
AcDbEntity
  8
0
100
AcDbLine
 10
95.503
 20
-513.235
 30
0.0
 11
96.0262
 21
-511.023
 31
0.0
  0
LINE
  5
ABB
330
17
100
AcDbEntity
  8
0
100
AcDbLine
 10
133.447
 20
-516.184
 30
0.0
 11
133.887
 21
-513.235
 31
0.0
  0
LINE
  5
ABC
330
17
100
AcDbEntity
  8
0
100
AcDbLine
 10
135.122
 20
-515.882
 30
0.0
 11
133.447
 21
-516.184
 31
0.0
  0
LINE
  5
ABD
330
17
100
AcDbEntity
  8
0
100
AcDbLine
 10
137.057
 20
-513.235
 30
0.0
 11
135.122
 21
-515.882
 31
0.0
  0
LINE
  5
ABE
330
17
100
AcDbEntity
  8
0
100
AcDbLine
 10
137.057
 20
-510.977
 30
0.0
 11
137.057
 21
-513.235
 31
0.0
  0
LINE
  5
ABF
330
17
100
AcDbEntity
  8
0
100
AcDbLine
 10
135.618
 20
-509.539
 30
0.0
 11
137.057
 21
-510.977
 31
0.0
  0
LINE
  5
AC0
330
17
100
AcDbEntity
  8
0
100
AcDbLine
 10
115.565
 20
-508.058
 30
0.0
 11
135.618
 21
-509.539
 31
0.0
  0
LINE
  5
AC1
330
17
100
AcDbEntity
  8
0
100
AcDbLine
 10
116.654
 20
-511.369
 30
0.0
 11
115.565
 21
-508.058
 31
0.0
  0
LINE
  5
AC2
330
17
100
AcDbEntity
  8
0
100
AcDbLine
 10
116.654
 20
-513.235
 30
0.0
 11
116.654
 21
-511.369
 31
0.0
  0
LINE
  5
AC3
330
17
100
AcDbEntity
  8
0
100
AcDbLine
 10
96.0262
 20
-478.864
 30
0.0
 11
95.5031
 21
-476.652
 31
0.0
  0
LINE
  5
AC4
330
17
100
AcDbEntity
  8
0
100
AcDbLine
 10
99.8625
 20
-481.829
 30
0.0
 11
96.0262
 21
-478.864
 31
0.0
  0
LINE
  5
AC5
330
17
100
AcDbEntity
  8
0
100
AcDbLine
 10
115.565
 20
-481.829
 30
0.0
 11
99.8625
 21
-481.829
 31
0.0
  0
LINE
  5
AC6
330
17
100
AcDbEntity
  8
0
100
AcDbLine
 10
135.618
 20
-480.348
 30
0.0
 11
115.565
 21
-481.829
 31
0.0
  0
LINE
  5
AC7
330
17
100
AcDbEntity
  8
0
100
AcDbLine
 10
137.057
 20
-478.91
 30
0.0
 11
135.618
 21
-480.348
 31
0.0
  0
LINE
  5
AC8
330
17
100
AcDbEntity
  8
0
100
AcDbLine
 10
137.057
 20
-476.652
 30
0.0
 11
137.057
 21
-478.91
 31
0.0
  0
LINE
  5
AC9
330
17
100
AcDbEntity
  8
0
100
AcDbLine
 10
135.122
 20
-474.005
 30
0.0
 11
137.057
 21
-476.652
 31
0.0
  0
LINE
  5
ACA
330
17
100
AcDbEntity
  8
0
100
AcDbLine
 10
133.447
 20
-473.703
 30
0.0
 11
135.122
 21
-474.005
 31
0.0
  0
LINE
  5
ACB
330
17
100
AcDbEntity
  8
0
100
AcDbLine
 10
133.887
 20
-476.652
 30
0.0
 11
133.447
 21
-473.703
 31
0.0
  0
LINE
  5
ACC
330
17
100
AcDbEntity
  8
0
100
AcDbLine
 10
461.848
 20
-559.947
 30
0.0
 11
462.121
 21
-561.989
 31
0.0
  0
LINE
  5
ACD
330
17
100
AcDbEntity
  8
0
100
AcDbLine
 10
464.425
 20
-559.602
 30
0.0
 11
461.848
 21
-559.947
 31
0.0
  0
LINE
  5
ACE
330
17
100
AcDbEntity
  8
0
100
AcDbLine
 10
464.695
 20
-561.618
 30
0.0
 11
464.425
 21
-559.602
 31
0.0
  0
LINE
  5
ACF
330
17
100
AcDbEntity
  8
0
100
AcDbLine
 10
461.623
 20
-559.775
 30
0.0
 11
461.923
 21
-562.018
 31
0.0
  0
LINE
  5
AD0
330
17
100
AcDbEntity
  8
0
100
AcDbLine
 10
464.597
 20
-559.377
 30
0.0
 11
461.623
 21
-559.775
 31
0.0
  0
LINE
  5
AD1
330
17
100
AcDbEntity
  8
0
100
AcDbLine
 10
464.893
 20
-561.589
 30
0.0
 11
464.597
 21
-559.377
 31
0.0
  0
LINE
  5
AD2
330
17
100
AcDbEntity
  8
0
100
AcDbLine
 10
307.834
 20
-384.001
 30
0.0
 11
307.834
 21
-384.013
 31
0.0
  0
LINE
  5
AD3
330
17
100
AcDbEntity
  8
0
100
AcDbLine
 10
308.334
 20
-384.001
 30
0.0
 11
307.834
 21
-384.001
 31
0.0
  0
LINE
  5
AD4
330
17
100
AcDbEntity
  8
0
100
AcDbLine
 10
308.334
 20
-384.013
 30
0.0
 11
308.334
 21
-384.001
 31
0.0
  0
LINE
  5
AD5
330
17
100
AcDbEntity
  8
0
100
AcDbLine
 10
310.128
 20
-384.001
 30
0.0
 11
310.128
 21
-384.013
 31
0.0
  0
LINE
  5
AD6
330
17
100
AcDbEntity
  8
0
100
AcDbLine
 10
310.628
 20
-384.001
 30
0.0
 11
310.128
 21
-384.001
 31
0.0
  0
LINE
  5
AD7
330
17
100
AcDbEntity
  8
0
100
AcDbLine
 10
310.628
 20
-384.013
 30
0.0
 11
310.628
 21
-384.001
 31
0.0
  0
LINE
  5
AD8
330
17
100
AcDbEntity
  8
0
100
AcDbLine
 10
328.08
 20
-384.001
 30
0.0
 11
328.08
 21
-384.013
 31
0.0
  0
LINE
  5
AD9
330
17
100
AcDbEntity
  8
0
100
AcDbLine
 10
328.58
 20
-384.001
 30
0.0
 11
328.08
 21
-384.001
 31
0.0
  0
LINE
  5
ADA
330
17
100
AcDbEntity
  8
0
100
AcDbLine
 10
328.58
 20
-384.013
 30
0.0
 11
328.58
 21
-384.001
 31
0.0
  0
LINE
  5
ADB
330
17
100
AcDbEntity
  8
0
100
AcDbLine
 10
305.376
 20
-385.013
 30
0.0
 11
305.376
 21
-385.013
 31
0.0
  0
LINE
  5
ADC
330
17
100
AcDbEntity
  8
0
100
AcDbLine
 10
306.376
 20
-385.013
 30
0.0
 11
306.376
 21
-385.013
 31
0.0
  0
LINE
  5
ADD
330
17
100
AcDbEntity
  8
0
100
AcDbLine
 10
305.376
 20
-385.013
 30
0.0
 11
306.376
 21
-385.013
 31
0.0
  0
LINE
  5
ADE
330
17
100
AcDbEntity
  8
0
100
AcDbLine
 10
170.914
 20
-275.08
 30
0.0
 11
211.179
 21
-275.08
 31
0.0
  0
LINE
  5
ADF
330
17
100
AcDbEntity
  8
0
100
AcDbLine
 10
211.179
 20
-275.08
 30
0.0
 11
211.179
 21
-229.312
 31
0.0
  0
LINE
  5
AE0
330
17
100
AcDbEntity
  8
0
100
AcDbLine
 10
211.179
 20
-229.312
 30
0.0
 11
170.914
 21
-229.312
 31
0.0
  0
LINE
  5
AE1
330
17
100
AcDbEntity
  8
0
100
AcDbLine
 10
170.914
 20
-229.312
 30
0.0
 11
170.914
 21
-275.08
 31
0.0
  0
LINE
  5
AE2
330
17
100
AcDbEntity
  8
0
100
AcDbLine
 10
246.933
 20
-352.473
 30
0.0
 11
246.933
 21
-345.968
 31
0.0
  0
LINE
  5
AE3
330
17
100
AcDbEntity
  8
0
100
AcDbLine
 10
233.551
 20
-365.856
 30
0.0
 11
246.933
 21
-352.473
 31
0.0
  0
LINE
  5
AE4
330
17
100
AcDbEntity
  8
0
100
AcDbLine
 10
179.494
 20
-365.856
 30
0.0
 11
203.494
 21
-365.856
 31
0.0
  0
LINE
  5
AE5
330
17
100
AcDbEntity
  8
0
100
AcDbLine
 10
175.26
 20
-381.28
 30
0.0
 11
175.26
 21
-365.856
 31
0.0
  0
LINE
  5
AE6
330
17
100
AcDbEntity
  8
0
100
AcDbLine
 10
90.6719
 20
-381.28
 30
0.0
 11
175.26
 21
-381.28
 31
0.0
  0
LINE
  5
AE7
330
17
100
AcDbEntity
  8
0
100
AcDbLine
 10
49.9813
 20
-301.68
 30
0.0
 11
50.2808
 21
-301.68
 31
0.0
  0
LINE
  5
AE8
330
17
100
AcDbEntity
  8
0
100
AcDbLine
 10
49.9813
 20
-202.73
 30
0.0
 11
49.9813
 21
-301.68
 31
0.0
  0
LINE
  5
AE9
330
17
100
AcDbEntity
  8
0
100
AcDbLine
 10
50.2808
 20
-95.7535
 30
0.0
 11
49.9813
 21
-202.73
 31
0.0
  0
LINE
  5
AEA
330
17
100
AcDbEntity
  8
0
100
AcDbLine
 10
167.686
 20
-91.542
 30
0.0
 11
167.686
 21
-91.542
 31
0.0
  0
LINE
  5
AEB
330
17
100
AcDbEntity
  8
0
100
AcDbLine
 10
124.563
 20
-91.542
 30
0.0
 11
104.563
 21
-91.542
 31
0.0
  0
LINE
  5
AEC
330
17
100
AcDbEntity
  8
0
100
AcDbLine
 10
167.686
 20
-125.702
 30
0.0
 11
167.686
 21
-91.542
 31
0.0
  0
LINE
  5
AED
330
17
100
AcDbEntity
  8
0
100
AcDbLine
 10
519.734
 20
-392.613
 30
0.0
 11
519.734
 21
-96.1419
 31
0.0
  0
LINE
  5
AEE
330
17
100
AcDbEntity
  8
0
100
AcDbLine
 10
419.1
 20
-392.613
 30
0.0
 11
519.734
 21
-392.613
 31
0.0
  0
LINE
  5
AEF
330
17
100
AcDbEntity
  8
0
100
AcDbLine
 10
414.5
 20
-388.013
 30
0.0
 11
414.5
 21
-392.613
 31
0.0
  0
LINE
  5
AF0
330
17
100
AcDbEntity
  8
0
100
AcDbLine
 10
312.934
 20
-301.68
 30
0.0
 11
414.5
 21
-301.68
 31
0.0
  0
LINE
  5
AF1
330
17
100
AcDbEntity
  8
0
100
AcDbLine
 10
211.343
 20
-328.077
 30
0.0
 11
211.643
 21
-325.503
 31
0.0
  0
LINE
  5
AF2
330
17
100
AcDbEntity
  8
0
100
AcDbLine
 10
211.643
 20
-337.503
 30
0.0
 11
211.343
 21
-334.929
 31
0.0
  0
LINE
  5
AF3
330
17
100
AcDbEntity
  8
0
100
AcDbLine
 10
211.343
 20
-334.929
 30
0.0
 11
211.643
 21
-337.503
 31
0.0
  0
LINE
  5
AF4
330
17
100
AcDbEntity
  8
0
100
AcDbLine
 10
211.343
 20
-328.077
 30
0.0
 11
211.643
 21
-325.503
 31
0.0
  0
LINE
  5
AF5
330
17
100
AcDbEntity
  8
0
100
AcDbLine
 10
211.643
 20
-337.503
 30
0.0
 11
211.643
 21
-325.503
 31
0.0
  0
LINE
  5
AF6
330
17
100
AcDbEntity
  8
0
100
AcDbLine
 10
211.343
 20
-334.929
 30
0.0
 11
211.343
 21
-328.077
 31
0.0
  0
LINE
  5
AF7
330
17
100
AcDbEntity
  8
0
100
AcDbLine
 10
211.343
 20
-328.077
 30
0.0
 11
211.343
 21
-328.077
 31
0.0
  0
LINE
  5
AF8
330
17
100
AcDbEntity
  8
0
100
AcDbLine
 10
211.343
 20
-334.929
 30
0.0
 11
211.343
 21
-328.077
 31
0.0
  0
LINE
  5
AF9
330
17
100
AcDbEntity
  8
0
100
AcDbLine
 10
211.343
 20
-334.929
 30
0.0
 11
211.343
 21
-334.929
 31
0.0
  0
LINE
  5
AFA
330
17
100
AcDbEntity
  8
0
100
AcDbLine
 10
211.943
 20
-337.503
 30
0.0
 11
211.943
 21
-325.503
 31
0.0
  0
LINE
  5
AFB
330
17
100
AcDbEntity
  8
0
100
AcDbLine
 10
211.943
 20
-325.503
 30
0.0
 11
211.943
 21
-337.503
 31
0.0
  0
LINE
  5
AFC
330
17
100
AcDbEntity
  8
0
100
AcDbLine
 10
211.943
 20
-337.503
 30
0.0
 11
211.643
 21
-337.503
 31
0.0
  0
LINE
  5
AFD
330
17
100
AcDbEntity
  8
0
100
AcDbLine
 10
211.643
 20
-337.503
 30
0.0
 11
211.643
 21
-337.503
 31
0.0
  0
LINE
  5
AFE
330
17
100
AcDbEntity
  8
0
100
AcDbLine
 10
211.943
 20
-337.503
 30
0.0
 11
211.643
 21
-337.503
 31
0.0
  0
LINE
  5
AFF
330
17
100
AcDbEntity
  8
0
100
AcDbLine
 10
211.943
 20
-337.503
 30
0.0
 11
211.943
 21
-337.503
 31
0.0
  0
LINE
  5
B00
330
17
100
AcDbEntity
  8
0
100
AcDbLine
 10
211.643
 20
-325.503
 30
0.0
 11
211.643
 21
-325.503
 31
0.0
  0
LINE
  5
B01
330
17
100
AcDbEntity
  8
0
100
AcDbLine
 10
211.643
 20
-325.503
 30
0.0
 11
211.943
 21
-325.503
 31
0.0
  0
LINE
  5
B02
330
17
100
AcDbEntity
  8
0
100
AcDbLine
 10
211.943
 20
-325.503
 30
0.0
 11
211.943
 21
-325.503
 31
0.0
  0
LINE
  5
B03
330
17
100
AcDbEntity
  8
0
100
AcDbLine
 10
211.643
 20
-325.503
 30
0.0
 11
211.943
 21
-325.503
 31
0.0
  0
LINE
  5
B04
330
17
100
AcDbEntity
  8
0
100
AcDbLine
 10
312.934
 20
-266.541
 30
0.0
 11
313.234
 21
-269.361
 31
0.0
  0
LINE
  5
B05
330
17
100
AcDbEntity
  8
0
100
AcDbLine
 10
313.234
 20
-269.361
 30
0.0
 11
312.934
 21
-266.541
 31
0.0
  0
LINE
  5
B06
330
17
100
AcDbEntity
  8
0
100
AcDbLine
 10
313.234
 20
-247.361
 30
0.0
 11
313.534
 21
-247.361
 31
0.0
  0
LINE
  5
B07
330
17
100
AcDbEntity
  8
0
100
AcDbLine
 10
312.934
 20
-250.181
 30
0.0
 11
313.234
 21
-247.361
 31
0.0
  0
LINE
  5
B08
330
17
100
AcDbEntity
  8
0
100
AcDbLine
 10
312.934
 20
-250.181
 30
0.0
 11
313.234
 21
-247.361
 31
0.0
  0
LINE
  5
B09
330
17
100
AcDbEntity
  8
0
100
AcDbLine
 10
313.534
 20
-269.361
 30
0.0
 11
313.234
 21
-269.361
 31
0.0
  0
LINE
  5
B0A
330
17
100
AcDbEntity
  8
0
100
AcDbLine
 10
312.934
 20
-266.541
 30
0.0
 11
312.934
 21
-250.181
 31
0.0
  0
LINE
  5
B0B
330
17
100
AcDbEntity
  8
0
100
AcDbLine
 10
313.534
 20
-247.361
 30
0.0
 11
313.534
 21
-269.361
 31
0.0
  0
LINE
  5
B0C
330
17
100
AcDbEntity
  8
0
100
AcDbLine
 10
313.234
 20
-269.361
 30
0.0
 11
313.534
 21
-269.361
 31
0.0
  0
LINE
  5
B0D
330
17
100
AcDbEntity
  8
0
100
AcDbLine
 10
313.534
 20
-269.361
 30
0.0
 11
313.534
 21
-247.361
 31
0.0
  0
LINE
  5
B0E
330
17
100
AcDbEntity
  8
0
100
AcDbLine
 10
313.534
 20
-247.361
 30
0.0
 11
313.234
 21
-247.361
 31
0.0
  0
LINE
  5
B0F
330
17
100
AcDbEntity
  8
0
100
AcDbLine
 10
313.234
 20
-269.361
 30
0.0
 11
313.234
 21
-247.361
 31
0.0
  0
LINE
  5
B10
330
17
100
AcDbEntity
  8
0
100
AcDbLine
 10
236.132
 20
-164.547
 30
0.0
 11
236.316
 21
-166.272
 31
0.0
  0
LINE
  5
B11
330
17
100
AcDbEntity
  8
0
100
AcDbLine
 10
236.432
 20
-167.367
 30
0.0
 11
236.132
 21
-164.547
 31
0.0
  0
LINE
  5
B12
330
17
100
AcDbEntity
  8
0
100
AcDbLine
 10
236.432
 20
-145.367
 30
0.0
 11
236.732
 21
-145.367
 31
0.0
  0
LINE
  5
B13
330
17
100
AcDbEntity
  8
0
100
AcDbLine
 10
236.132
 20
-148.187
 30
0.0
 11
236.316
 21
-146.463
 31
0.0
  0
LINE
  5
B14
330
17
100
AcDbEntity
  8
0
100
AcDbLine
 10
236.132
 20
-148.187
 30
0.0
 11
236.432
 21
-145.367
 31
0.0
  0
LINE
  5
B15
330
17
100
AcDbEntity
  8
0
100
AcDbLine
 10
236.732
 20
-167.367
 30
0.0
 11
236.432
 21
-167.367
 31
0.0
  0
LINE
  5
B16
330
17
100
AcDbEntity
  8
0
100
AcDbLine
 10
236.132
 20
-164.547
 30
0.0
 11
236.132
 21
-148.187
 31
0.0
  0
LINE
  5
B17
330
17
100
AcDbEntity
  8
0
100
AcDbLine
 10
236.732
 20
-145.367
 30
0.0
 11
236.732
 21
-167.367
 31
0.0
  0
LINE
  5
B18
330
17
100
AcDbEntity
  8
0
100
AcDbLine
 10
325.786
 20
-384.001
 30
0.0
 11
325.786
 21
-384.013
 31
0.0
  0
LINE
  5
B19
330
17
100
AcDbEntity
  8
0
100
AcDbLine
 10
326.286
 20
-384.001
 30
0.0
 11
325.786
 21
-384.001
 31
0.0
  0
LINE
  5
B1A
330
17
100
AcDbEntity
  8
0
100
AcDbLine
 10
326.286
 20
-384.013
 30
0.0
 11
326.286
 21
-384.001
 31
0.0
  0
LINE
  5
B1B
330
17
100
AcDbEntity
  8
0
100
AcDbLine
 10
330.261
 20
-385.013
 30
0.0
 11
330.261
 21
-385.013
 31
0.0
  0
LINE
  5
B1C
330
17
100
AcDbEntity
  8
0
100
AcDbLine
 10
331.261
 20
-385.013
 30
0.0
 11
331.261
 21
-385.013
 31
0.0
  0
LINE
  5
B1D
330
17
100
AcDbEntity
  8
0
100
AcDbLine
 10
330.261
 20
-385.013
 30
0.0
 11
331.261
 21
-385.013
 31
0.0
  0
LINE
  5
B1E
330
17
100
AcDbEntity
  8
0
100
AcDbLine
 10
351.143
 20
-384.001
 30
0.0
 11
351.143
 21
-384.013
 31
0.0
  0
LINE
  5
B1F
330
17
100
AcDbEntity
  8
0
100
AcDbLine
 10
351.643
 20
-384.001
 30
0.0
 11
351.143
 21
-384.001
 31
0.0
  0
LINE
  5
B20
330
17
100
AcDbEntity
  8
0
100
AcDbLine
 10
351.643
 20
-384.013
 30
0.0
 11
351.643
 21
-384.001
 31
0.0
  0
LINE
  5
B21
330
17
100
AcDbEntity
  8
0
100
AcDbLine
 10
333.191
 20
-384.001
 30
0.0
 11
333.191
 21
-384.013
 31
0.0
  0
LINE
  5
B22
330
17
100
AcDbEntity
  8
0
100
AcDbLine
 10
333.691
 20
-384.001
 30
0.0
 11
333.191
 21
-384.001
 31
0.0
  0
LINE
  5
B23
330
17
100
AcDbEntity
  8
0
100
AcDbLine
 10
333.691
 20
-384.013
 30
0.0
 11
333.691
 21
-384.001
 31
0.0
  0
LINE
  5
B24
330
17
100
AcDbEntity
  8
0
100
AcDbLine
 10
335.485
 20
-384.001
 30
0.0
 11
335.485
 21
-384.013
 31
0.0
  0
LINE
  5
B25
330
17
100
AcDbEntity
  8
0
100
AcDbLine
 10
335.985
 20
-384.001
 30
0.0
 11
335.485
 21
-384.001
 31
0.0
  0
LINE
  5
B26
330
17
100
AcDbEntity
  8
0
100
AcDbLine
 10
335.985
 20
-384.013
 30
0.0
 11
335.985
 21
-384.001
 31
0.0
  0
LINE
  5
B27
330
17
100
AcDbEntity
  8
0
100
AcDbLine
 10
355.618
 20
-385.013
 30
0.0
 11
355.618
 21
-385.013
 31
0.0
  0
LINE
  5
B28
330
17
100
AcDbEntity
  8
0
100
AcDbLine
 10
356.618
 20
-385.013
 30
0.0
 11
356.618
 21
-385.013
 31
0.0
  0
LINE
  5
B29
330
17
100
AcDbEntity
  8
0
100
AcDbLine
 10
355.618
 20
-385.013
 30
0.0
 11
356.618
 21
-385.013
 31
0.0
  0
LINE
  5
B2A
330
17
100
AcDbEntity
  8
0
100
AcDbLine
 10
360.92
 20
-384.001
 30
0.0
 11
360.92
 21
-384.013
 31
0.0
  0
LINE
  5
B2B
330
17
100
AcDbEntity
  8
0
100
AcDbLine
 10
361.42
 20
-384.001
 30
0.0
 11
360.92
 21
-384.001
 31
0.0
  0
LINE
  5
B2C
330
17
100
AcDbEntity
  8
0
100
AcDbLine
 10
361.42
 20
-384.013
 30
0.0
 11
361.42
 21
-384.001
 31
0.0
  0
LINE
  5
B2D
330
17
100
AcDbEntity
  8
0
100
AcDbLine
 10
353.436
 20
-384.001
 30
0.0
 11
353.436
 21
-384.013
 31
0.0
  0
LINE
  5
B2E
330
17
100
AcDbEntity
  8
0
100
AcDbLine
 10
353.936
 20
-384.001
 30
0.0
 11
353.436
 21
-384.001
 31
0.0
  0
LINE
  5
B2F
330
17
100
AcDbEntity
  8
0
100
AcDbLine
 10
353.936
 20
-384.013
 30
0.0
 11
353.936
 21
-384.001
 31
0.0
  0
LINE
  5
B30
330
17
100
AcDbEntity
  8
0
100
AcDbLine
 10
376.578
 20
-384.001
 30
0.0
 11
376.578
 21
-384.013
 31
0.0
  0
LINE
  5
B31
330
17
100
AcDbEntity
  8
0
100
AcDbLine
 10
377.078
 20
-384.001
 30
0.0
 11
376.578
 21
-384.001
 31
0.0
  0
LINE
  5
B32
330
17
100
AcDbEntity
  8
0
100
AcDbLine
 10
377.078
 20
-384.013
 30
0.0
 11
377.078
 21
-384.001
 31
0.0
  0
LINE
  5
B33
330
17
100
AcDbEntity
  8
0
100
AcDbLine
 10
378.872
 20
-384.001
 30
0.0
 11
378.872
 21
-384.013
 31
0.0
  0
LINE
  5
B34
330
17
100
AcDbEntity
  8
0
100
AcDbLine
 10
379.372
 20
-384.001
 30
0.0
 11
378.872
 21
-384.001
 31
0.0
  0
LINE
  5
B35
330
17
100
AcDbEntity
  8
0
100
AcDbLine
 10
379.372
 20
-384.013
 30
0.0
 11
379.372
 21
-384.001
 31
0.0
  0
LINE
  5
B36
330
17
100
AcDbEntity
  8
0
100
AcDbLine
 10
358.626
 20
-384.001
 30
0.0
 11
358.626
 21
-384.013
 31
0.0
  0
LINE
  5
B37
330
17
100
AcDbEntity
  8
0
100
AcDbLine
 10
359.126
 20
-384.001
 30
0.0
 11
358.626
 21
-384.001
 31
0.0
  0
LINE
  5
B38
330
17
100
AcDbEntity
  8
0
100
AcDbLine
 10
359.126
 20
-384.013
 30
0.0
 11
359.126
 21
-384.001
 31
0.0
  0
LINE
  5
B39
330
17
100
AcDbEntity
  8
0
100
AcDbLine
 10
381.054
 20
-385.013
 30
0.0
 11
381.054
 21
-385.013
 31
0.0
  0
LINE
  5
B3A
330
17
100
AcDbEntity
  8
0
100
AcDbLine
 10
382.054
 20
-385.013
 30
0.0
 11
382.054
 21
-385.013
 31
0.0
  0
LINE
  5
B3B
330
17
100
AcDbEntity
  8
0
100
AcDbLine
 10
381.054
 20
-385.013
 30
0.0
 11
382.054
 21
-385.013
 31
0.0
  0
LINE
  5
B3C
330
17
100
AcDbEntity
  8
0
100
AcDbLine
 10
403.217
 20
-384.001
 30
0.0
 11
403.217
 21
-384.013
 31
0.0
  0
LINE
  5
B3D
330
17
100
AcDbEntity
  8
0
100
AcDbLine
 10
403.717
 20
-384.001
 30
0.0
 11
403.217
 21
-384.001
 31
0.0
  0
LINE
  5
B3E
330
17
100
AcDbEntity
  8
0
100
AcDbLine
 10
403.717
 20
-384.013
 30
0.0
 11
403.717
 21
-384.001
 31
0.0
  0
LINE
  5
B3F
330
17
100
AcDbEntity
  8
0
100
AcDbLine
 10
405.51
 20
-384.001
 30
0.0
 11
405.51
 21
-384.013
 31
0.0
  0
LINE
  5
B40
330
17
100
AcDbEntity
  8
0
100
AcDbLine
 10
406.01
 20
-384.001
 30
0.0
 11
405.51
 21
-384.001
 31
0.0
  0
LINE
  5
B41
330
17
100
AcDbEntity
  8
0
100
AcDbLine
 10
406.01
 20
-384.013
 30
0.0
 11
406.01
 21
-384.001
 31
0.0
  0
LINE
  5
B42
330
17
100
AcDbEntity
  8
0
100
AcDbLine
 10
386.689
 20
-384.001
 30
0.0
 11
386.689
 21
-384.013
 31
0.0
  0
LINE
  5
B43
330
17
100
AcDbEntity
  8
0
100
AcDbLine
 10
387.189
 20
-384.001
 30
0.0
 11
386.689
 21
-384.001
 31
0.0
  0
LINE
  5
B44
330
17
100
AcDbEntity
  8
0
100
AcDbLine
 10
387.189
 20
-384.013
 30
0.0
 11
387.189
 21
-384.001
 31
0.0
  0
LINE
  5
B45
330
17
100
AcDbEntity
  8
0
100
AcDbLine
 10
384.396
 20
-384.001
 30
0.0
 11
384.396
 21
-384.013
 31
0.0
  0
LINE
  5
B46
330
17
100
AcDbEntity
  8
0
100
AcDbLine
 10
384.896
 20
-384.001
 30
0.0
 11
384.396
 21
-384.001
 31
0.0
  0
LINE
  5
B47
330
17
100
AcDbEntity
  8
0
100
AcDbLine
 10
384.896
 20
-384.013
 30
0.0
 11
384.896
 21
-384.001
 31
0.0
  0
LINE
  5
B48
330
17
100
AcDbEntity
  8
0
100
AcDbLine
 10
301.315
 20
-384.001
 30
0.0
 11
301.315
 21
-384.013
 31
0.0
  0
LINE
  5
B49
330
17
100
AcDbEntity
  8
0
100
AcDbLine
 10
301.815
 20
-384.001
 30
0.0
 11
301.315
 21
-384.001
 31
0.0
  0
LINE
  5
B4A
330
17
100
AcDbEntity
  8
0
100
AcDbLine
 10
301.815
 20
-384.013
 30
0.0
 11
301.815
 21
-384.001
 31
0.0
  0
LINE
  5
B4B
330
17
100
AcDbEntity
  8
0
100
AcDbLine
 10
285.657
 20
-384.001
 30
0.0
 11
285.657
 21
-384.013
 31
0.0
  0
LINE
  5
B4C
330
17
100
AcDbEntity
  8
0
100
AcDbLine
 10
286.157
 20
-384.001
 30
0.0
 11
285.657
 21
-384.001
 31
0.0
  0
LINE
  5
B4D
330
17
100
AcDbEntity
  8
0
100
AcDbLine
 10
286.157
 20
-384.013
 30
0.0
 11
286.157
 21
-384.001
 31
0.0
  0
LINE
  5
B4E
330
17
100
AcDbEntity
  8
0
100
AcDbLine
 10
303.609
 20
-384.001
 30
0.0
 11
303.609
 21
-384.013
 31
0.0
  0
LINE
  5
B4F
330
17
100
AcDbEntity
  8
0
100
AcDbLine
 10
304.109
 20
-384.001
 30
0.0
 11
303.609
 21
-384.001
 31
0.0
  0
LINE
  5
B50
330
17
100
AcDbEntity
  8
0
100
AcDbLine
 10
304.109
 20
-384.013
 30
0.0
 11
304.109
 21
-384.001
 31
0.0
  0
LINE
  5
B51
330
17
100
AcDbEntity
  8
0
100
AcDbLine
 10
281.596
 20
-384.001
 30
0.0
 11
281.596
 21
-384.013
 31
0.0
  0
LINE
  5
B52
330
17
100
AcDbEntity
  8
0
100
AcDbLine
 10
282.096
 20
-384.001
 30
0.0
 11
281.596
 21
-384.001
 31
0.0
  0
LINE
  5
B53
330
17
100
AcDbEntity
  8
0
100
AcDbLine
 10
282.096
 20
-384.013
 30
0.0
 11
282.096
 21
-384.001
 31
0.0
  0
LINE
  5
B54
330
17
100
AcDbEntity
  8
0
100
AcDbLine
 10
283.363
 20
-384.001
 30
0.0
 11
283.363
 21
-384.013
 31
0.0
  0
LINE
  5
B55
330
17
100
AcDbEntity
  8
0
100
AcDbLine
 10
283.863
 20
-384.001
 30
0.0
 11
283.363
 21
-384.001
 31
0.0
  0
LINE
  5
B56
330
17
100
AcDbEntity
  8
0
100
AcDbLine
 10
283.863
 20
-384.013
 30
0.0
 11
283.863
 21
-384.001
 31
0.0
  0
LINE
  5
B57
330
17
100
AcDbEntity
  8
0
100
AcDbLine
 10
279.302
 20
-384.001
 30
0.0
 11
279.302
 21
-384.013
 31
0.0
  0
LINE
  5
B58
330
17
100
AcDbEntity
  8
0
100
AcDbLine
 10
279.802
 20
-384.001
 30
0.0
 11
279.302
 21
-384.001
 31
0.0
  0
LINE
  5
B59
330
17
100
AcDbEntity
  8
0
100
AcDbLine
 10
279.802
 20
-384.013
 30
0.0
 11
279.802
 21
-384.001
 31
0.0
  0
LINE
  5
B5A
330
17
100
AcDbEntity
  8
0
100
AcDbLine
 10
412.688
 20
-384.001
 30
0.0
 11
412.688
 21
-384.013
 31
0.0
  0
LINE
  5
B5B
330
17
100
AcDbEntity
  8
0
100
AcDbLine
 10
413.188
 20
-384.001
 30
0.0
 11
412.688
 21
-384.001
 31
0.0
  0
LINE
  5
B5C
330
17
100
AcDbEntity
  8
0
100
AcDbLine
 10
413.188
 20
-384.013
 30
0.0
 11
413.188
 21
-384.001
 31
0.0
  0
LINE
  5
B5D
330
17
100
AcDbEntity
  8
0
100
AcDbLine
 10
410.299
 20
-384.001
 30
0.0
 11
410.299
 21
-384.013
 31
0.0
  0
LINE
  5
B5E
330
17
100
AcDbEntity
  8
0
100
AcDbLine
 10
410.799
 20
-384.001
 30
0.0
 11
410.299
 21
-384.001
 31
0.0
  0
LINE
  5
B5F
330
17
100
AcDbEntity
  8
0
100
AcDbLine
 10
410.799
 20
-384.013
 30
0.0
 11
410.799
 21
-384.001
 31
0.0
  0
LINE
  5
B60
330
17
100
AcDbEntity
  8
0
100
AcDbLine
 10
414.477
 20
-385.013
 30
0.0
 11
414.477
 21
-385.013
 31
0.0
  0
LINE
  5
B61
330
17
100
AcDbEntity
  8
0
100
AcDbLine
 10
414.5
 20
-384.013
 30
0.0
 11
414.477
 21
-384.013
 31
0.0
  0
LINE
  5
B62
330
17
100
AcDbEntity
  8
0
100
AcDbLine
 10
414.477
 20
-385.013
 30
0.0
 11
414.5
 21
-385.013
 31
0.0
  0
LINE
  5
B63
330
17
100
AcDbEntity
  8
0
100
AcDbLine
 10
408.006
 20
-384.001
 30
0.0
 11
408.006
 21
-384.013
 31
0.0
  0
LINE
  5
B64
330
17
100
AcDbEntity
  8
0
100
AcDbLine
 10
408.506
 20
-384.001
 30
0.0
 11
408.006
 21
-384.001
 31
0.0
  0
LINE
  5
B65
330
17
100
AcDbEntity
  8
0
100
AcDbLine
 10
408.506
 20
-384.013
 30
0.0
 11
408.506
 21
-384.001
 31
0.0
  0
LINE
  5
B66
330
17
100
AcDbEntity
  8
0
100
AcDbLine
 10
51.7227
 20
-400.01
 30
0.0
 11
50.7227
 21
-400.01
 31
0.0
  0
LINE
  5
B67
330
17
100
AcDbEntity
  8
0
100
AcDbLine
 10
51.7227
 20
-327.76
 30
0.0
 11
50.7227
 21
-327.76
 31
0.0
  0
LINE
  5
B68
330
17
100
AcDbEntity
  8
0
100
AcDbLine
 10
50.7227
 20
-327.76
 30
0.0
 11
50.7227
 21
-400.01
 31
0.0
  0
LINE
  5
B69
330
17
100
AcDbEntity
  8
0
100
AcDbLine
 10
51.7227
 20
-327.76
 30
0.0
 11
51.7227
 21
-400.01
 31
0.0
  0
LINE
  5
B6A
330
17
100
AcDbEntity
  8
0
100
AcDbLine
 10
339.371
 20
-212.451
 30
0.0
 11
339.371
 21
-212.251
 31
0.0
  0
LINE
  5
B6B
330
17
100
AcDbEntity
  8
0
100
AcDbLine
 10
339.371
 20
-212.451
 30
0.0
 11
351.371
 21
-212.451
 31
0.0
  0
LINE
  5
B6C
330
17
100
AcDbEntity
  8
0
100
AcDbLine
 10
351.371
 20
-212.451
 30
0.0
 11
351.371
 21
-212.251
 31
0.0
  0
LINE
  5
B6D
330
17
100
AcDbEntity
  8
0
100
AcDbLine
 10
339.371
 20
-212.251
 30
0.0
 11
351.371
 21
-212.251
 31
0.0
  0
LINE
  5
B6E
330
17
100
AcDbEntity
  8
0
100
AcDbLine
 10
351.371
 20
-212.071
 30
0.0
 11
351.371
 21
-212.251
 31
0.0
  0
LINE
  5
B6F
330
17
100
AcDbEntity
  8
0
100
AcDbLine
 10
351.371
 20
-212.451
 30
0.0
 11
351.371
 21
-212.671
 31
0.0
  0
LINE
  5
B70
330
17
100
AcDbEntity
  8
0
100
AcDbLine
 10
351.371
 20
-212.071
 30
0.0
 11
351.371
 21
-212.671
 31
0.0
  0
LINE
  5
B71
330
17
100
AcDbEntity
  8
0
100
AcDbLine
 10
351.371
 20
-212.071
 30
0.0
 11
339.371
 21
-212.071
 31
0.0
  0
LINE
  5
B72
330
17
100
AcDbEntity
  8
0
100
AcDbLine
 10
339.371
 20
-212.071
 30
0.0
 11
338.371
 21
-212.071
 31
0.0
  0
LINE
  5
B73
330
17
100
AcDbEntity
  8
0
100
AcDbLine
 10
352.371
 20
-212.071
 30
0.0
 11
351.371
 21
-212.071
 31
0.0
  0
LINE
  5
B74
330
17
100
AcDbEntity
  8
0
100
AcDbLine
 10
351.371
 20
-212.671
 30
0.0
 11
352.371
 21
-212.671
 31
0.0
  0
LINE
  5
B75
330
17
100
AcDbEntity
  8
0
100
AcDbLine
 10
338.371
 20
-212.671
 30
0.0
 11
339.371
 21
-212.671
 31
0.0
  0
LINE
  5
B76
330
17
100
AcDbEntity
  8
0
100
AcDbLine
 10
351.371
 20
-212.671
 30
0.0
 11
339.371
 21
-212.671
 31
0.0
  0
LINE
  5
B77
330
17
100
AcDbEntity
  8
0
100
AcDbLine
 10
352.371
 20
-212.671
 30
0.0
 11
352.371
 21
-212.071
 31
0.0
  0
LINE
  5
B78
330
17
100
AcDbEntity
  8
0
100
AcDbLine
 10
352.371
 20
-212.671
 30
0.0
 11
338.371
 21
-212.671
 31
0.0
  0
LINE
  5
B79
330
17
100
AcDbEntity
  8
0
100
AcDbLine
 10
338.371
 20
-212.671
 30
0.0
 11
338.371
 21
-212.071
 31
0.0
  0
LINE
  5
B7A
330
17
100
AcDbEntity
  8
0
100
AcDbLine
 10
339.371
 20
-212.671
 30
0.0
 11
339.371
 21
-212.451
 31
0.0
  0
LINE
  5
B7B
330
17
100
AcDbEntity
  8
0
100
AcDbLine
 10
339.371
 20
-212.251
 30
0.0
 11
339.371
 21
-212.071
 31
0.0
  0
LINE
  5
B7C
330
17
100
AcDbEntity
  8
0
100
AcDbLine
 10
339.371
 20
-212.671
 30
0.0
 11
339.371
 21
-212.071
 31
0.0
  0
LINE
  5
B7D
330
17
100
AcDbEntity
  8
0
100
AcDbLine
 10
352.371
 20
-213.471
 30
0.0
 11
352.371
 21
-212.671
 31
0.0
  0
LINE
  5
B7E
330
17
100
AcDbEntity
  8
0
100
AcDbLine
 10
352.371
 20
-212.671
 30
0.0
 11
352.371
 21
-212.071
 31
0.0
  0
LINE
  5
B7F
330
17
100
AcDbEntity
  8
0
100
AcDbLine
 10
352.371
 20
-213.471
 30
0.0
 11
352.371
 21
-212.071
 31
0.0
  0
LINE
  5
B80
330
17
100
AcDbEntity
  8
0
100
AcDbLine
 10
352.371
 20
-213.471
 30
0.0
 11
338.371
 21
-213.471
 31
0.0
  0
LINE
  5
B81
330
17
100
AcDbEntity
  8
0
100
AcDbLine
 10
338.371
 20
-213.471
 30
0.0
 11
337.371
 21
-213.471
 31
0.0
  0
LINE
  5
B82
330
17
100
AcDbEntity
  8
0
100
AcDbLine
 10
353.371
 20
-213.471
 30
0.0
 11
352.371
 21
-213.471
 31
0.0
  0
LINE
  5
B83
330
17
100
AcDbEntity
  8
0
100
AcDbLine
 10
352.371
 20
-212.071
 30
0.0
 11
353.371
 21
-212.071
 31
0.0
  0
LINE
  5
B84
330
17
100
AcDbEntity
  8
0
100
AcDbLine
 10
337.371
 20
-212.071
 30
0.0
 11
338.371
 21
-212.071
 31
0.0
  0
LINE
  5
B85
330
17
100
AcDbEntity
  8
0
100
AcDbLine
 10
337.371
 20
-212.071
 30
0.0
 11
353.371
 21
-212.071
 31
0.0
  0
LINE
  5
B86
330
17
100
AcDbEntity
  8
0
100
AcDbLine
 10
337.371
 20
-213.471
 30
0.0
 11
353.371
 21
-213.471
 31
0.0
  0
LINE
  5
B87
330
17
100
AcDbEntity
  8
0
100
AcDbLine
 10
337.371
 20
-213.471
 30
0.0
 11
337.371
 21
-212.071
 31
0.0
  0
LINE
  5
B88
330
17
100
AcDbEntity
  8
0
100
AcDbLine
 10
338.371
 20
-212.071
 30
0.0
 11
338.371
 21
-212.671
 31
0.0
  0
LINE
  5
B89
330
17
100
AcDbEntity
  8
0
100
AcDbLine
 10
338.371
 20
-212.671
 30
0.0
 11
338.371
 21
-213.471
 31
0.0
  0
LINE
  5
B8A
330
17
100
AcDbEntity
  8
0
100
AcDbLine
 10
338.371
 20
-212.071
 30
0.0
 11
338.371
 21
-213.471
 31
0.0
  0
LINE
  5
B8B
330
17
100
AcDbEntity
  8
0
100
AcDbLine
 10
353.371
 20
-212.071
 30
0.0
 11
353.371
 21
-213.471
 31
0.0
  0
LINE
  5
B8C
330
17
100
AcDbEntity
  8
0
100
AcDbLine
 10
312.554
 20
-100.142
 30
0.0
 11
312.754
 21
-100.142
 31
0.0
  0
LINE
  5
B8D
330
17
100
AcDbEntity
  8
0
100
AcDbLine
 10
312.554
 20
-100.142
 30
0.0
 11
312.554
 21
-112.142
 31
0.0
  0
LINE
  5
B8E
330
17
100
AcDbEntity
  8
0
100
AcDbLine
 10
312.554
 20
-112.142
 30
0.0
 11
312.754
 21
-112.142
 31
0.0
  0
LINE
  5
B8F
330
17
100
AcDbEntity
  8
0
100
AcDbLine
 10
312.754
 20
-100.142
 30
0.0
 11
312.754
 21
-112.142
 31
0.0
  0
LINE
  5
B90
330
17
100
AcDbEntity
  8
0
100
AcDbLine
 10
312.934
 20
-112.142
 30
0.0
 11
312.754
 21
-112.142
 31
0.0
  0
LINE
  5
B91
330
17
100
AcDbEntity
  8
0
100
AcDbLine
 10
312.554
 20
-112.142
 30
0.0
 11
312.334
 21
-112.142
 31
0.0
  0
LINE
  5
B92
330
17
100
AcDbEntity
  8
0
100
AcDbLine
 10
312.934
 20
-112.142
 30
0.0
 11
312.334
 21
-112.142
 31
0.0
  0
LINE
  5
B93
330
17
100
AcDbEntity
  8
0
100
AcDbLine
 10
312.934
 20
-112.142
 30
0.0
 11
312.934
 21
-100.142
 31
0.0
  0
LINE
  5
B94
330
17
100
AcDbEntity
  8
0
100
AcDbLine
 10
312.934
 20
-100.142
 30
0.0
 11
312.934
 21
-99.1419
 31
0.0
  0
LINE
  5
B95
330
17
100
AcDbEntity
  8
0
100
AcDbLine
 10
312.934
 20
-113.142
 30
0.0
 11
312.934
 21
-112.142
 31
0.0
  0
LINE
  5
B96
330
17
100
AcDbEntity
  8
0
100
AcDbLine
 10
312.334
 20
-112.142
 30
0.0
 11
312.334
 21
-113.142
 31
0.0
  0
LINE
  5
B97
330
17
100
AcDbEntity
  8
0
100
AcDbLine
 10
312.334
 20
-99.1419
 30
0.0
 11
312.334
 21
-100.142
 31
0.0
  0
LINE
  5
B98
330
17
100
AcDbEntity
  8
0
100
AcDbLine
 10
312.334
 20
-112.142
 30
0.0
 11
312.334
 21
-100.142
 31
0.0
  0
LINE
  5
B99
330
17
100
AcDbEntity
  8
0
100
AcDbLine
 10
312.334
 20
-113.142
 30
0.0
 11
312.934
 21
-113.142
 31
0.0
  0
LINE
  5
B9A
330
17
100
AcDbEntity
  8
0
100
AcDbLine
 10
312.334
 20
-113.142
 30
0.0
 11
312.334
 21
-99.1419
 31
0.0
  0
LINE
  5
B9B
330
17
100
AcDbEntity
  8
0
100
AcDbLine
 10
312.334
 20
-99.1419
 30
0.0
 11
312.934
 21
-99.1419
 31
0.0
  0
LINE
  5
B9C
330
17
100
AcDbEntity
  8
0
100
AcDbLine
 10
312.334
 20
-100.142
 30
0.0
 11
312.554
 21
-100.142
 31
0.0
  0
LINE
  5
B9D
330
17
100
AcDbEntity
  8
0
100
AcDbLine
 10
312.754
 20
-100.142
 30
0.0
 11
312.934
 21
-100.142
 31
0.0
  0
LINE
  5
B9E
330
17
100
AcDbEntity
  8
0
100
AcDbLine
 10
312.334
 20
-100.142
 30
0.0
 11
312.934
 21
-100.142
 31
0.0
  0
LINE
  5
B9F
330
17
100
AcDbEntity
  8
0
100
AcDbLine
 10
311.534
 20
-113.142
 30
0.0
 11
312.334
 21
-113.142
 31
0.0
  0
LINE
  5
BA0
330
17
100
AcDbEntity
  8
0
100
AcDbLine
 10
312.334
 20
-113.142
 30
0.0
 11
312.934
 21
-113.142
 31
0.0
  0
LINE
  5
BA1
330
17
100
AcDbEntity
  8
0
100
AcDbLine
 10
311.534
 20
-113.142
 30
0.0
 11
312.934
 21
-113.142
 31
0.0
  0
LINE
  5
BA2
330
17
100
AcDbEntity
  8
0
100
AcDbLine
 10
311.534
 20
-113.142
 30
0.0
 11
311.534
 21
-99.1419
 31
0.0
  0
LINE
  5
BA3
330
17
100
AcDbEntity
  8
0
100
AcDbLine
 10
311.534
 20
-99.1419
 30
0.0
 11
311.534
 21
-98.1419
 31
0.0
  0
LINE
  5
BA4
330
17
100
AcDbEntity
  8
0
100
AcDbLine
 10
311.534
 20
-114.142
 30
0.0
 11
311.534
 21
-113.142
 31
0.0
  0
LINE
  5
BA5
330
17
100
AcDbEntity
  8
0
100
AcDbLine
 10
312.934
 20
-113.142
 30
0.0
 11
312.934
 21
-114.142
 31
0.0
  0
LINE
  5
BA6
330
17
100
AcDbEntity
  8
0
100
AcDbLine
 10
312.934
 20
-98.1419
 30
0.0
 11
312.934
 21
-99.1419
 31
0.0
  0
LINE
  5
BA7
330
17
100
AcDbEntity
  8
0
100
AcDbLine
 10
312.934
 20
-98.1419
 30
0.0
 11
312.934
 21
-114.142
 31
0.0
  0
LINE
  5
BA8
330
17
100
AcDbEntity
  8
0
100
AcDbLine
 10
311.534
 20
-98.1419
 30
0.0
 11
311.534
 21
-114.142
 31
0.0
  0
LINE
  5
BA9
330
17
100
AcDbEntity
  8
0
100
AcDbLine
 10
312.934
 20
-98.1419
 30
0.0
 11
312.934
 21
-98.1419
 31
0.0
  0
LINE
  5
BAA
330
17
100
AcDbEntity
  8
0
100
AcDbLine
 10
311.534
 20
-98.1419
 30
0.0
 11
312.934
 21
-98.1419
 31
0.0
  0
LINE
  5
BAB
330
17
100
AcDbEntity
  8
0
100
AcDbLine
 10
312.934
 20
-99.1419
 30
0.0
 11
312.334
 21
-99.1419
 31
0.0
  0
LINE
  5
BAC
330
17
100
AcDbEntity
  8
0
100
AcDbLine
 10
312.334
 20
-99.1419
 30
0.0
 11
311.534
 21
-99.1419
 31
0.0
  0
LINE
  5
BAD
330
17
100
AcDbEntity
  8
0
100
AcDbLine
 10
312.934
 20
-99.1419
 30
0.0
 11
311.534
 21
-99.1419
 31
0.0
  0
LINE
  5
BAE
330
17
100
AcDbEntity
  8
0
100
AcDbLine
 10
312.934
 20
-114.142
 30
0.0
 11
312.934
 21
-114.142
 31
0.0
  0
LINE
  5
BAF
330
17
100
AcDbEntity
  8
0
100
AcDbLine
 10
312.934
 20
-114.142
 30
0.0
 11
311.534
 21
-114.142
 31
0.0
  0
LINE
  5
BB0
330
17
100
AcDbEntity
  8
0
100
AcDbLine
 10
516.153
 20
-203.347
 30
0.0
 11
516.353
 21
-203.347
 31
0.0
  0
LINE
  5
BB1
330
17
100
AcDbEntity
  8
0
100
AcDbLine
 10
516.153
 20
-203.347
 30
0.0
 11
516.153
 21
-215.347
 31
0.0
  0
LINE
  5
BB2
330
17
100
AcDbEntity
  8
0
100
AcDbLine
 10
516.153
 20
-215.347
 30
0.0
 11
516.353
 21
-215.347
 31
0.0
  0
LINE
  5
BB3
330
17
100
AcDbEntity
  8
0
100
AcDbLine
 10
516.353
 20
-203.347
 30
0.0
 11
516.353
 21
-215.347
 31
0.0
  0
LINE
  5
BB4
330
17
100
AcDbEntity
  8
0
100
AcDbLine
 10
516.533
 20
-215.347
 30
0.0
 11
516.353
 21
-215.347
 31
0.0
  0
LINE
  5
BB5
330
17
100
AcDbEntity
  8
0
100
AcDbLine
 10
516.153
 20
-215.347
 30
0.0
 11
515.933
 21
-215.347
 31
0.0
  0
LINE
  5
BB6
330
17
100
AcDbEntity
  8
0
100
AcDbLine
 10
516.533
 20
-215.347
 30
0.0
 11
515.933
 21
-215.347
 31
0.0
  0
LINE
  5
BB7
330
17
100
AcDbEntity
  8
0
100
AcDbLine
 10
516.533
 20
-215.347
 30
0.0
 11
516.533
 21
-203.347
 31
0.0
  0
LINE
  5
BB8
330
17
100
AcDbEntity
  8
0
100
AcDbLine
 10
516.533
 20
-203.347
 30
0.0
 11
516.533
 21
-202.347
 31
0.0
  0
LINE
  5
BB9
330
17
100
AcDbEntity
  8
0
100
AcDbLine
 10
516.533
 20
-216.347
 30
0.0
 11
516.533
 21
-215.347
 31
0.0
  0
LINE
  5
BBA
330
17
100
AcDbEntity
  8
0
100
AcDbLine
 10
515.933
 20
-215.347
 30
0.0
 11
515.933
 21
-216.347
 31
0.0
  0
LINE
  5
BBB
330
17
100
AcDbEntity
  8
0
100
AcDbLine
 10
515.933
 20
-202.347
 30
0.0
 11
515.933
 21
-203.347
 31
0.0
  0
LINE
  5
BBC
330
17
100
AcDbEntity
  8
0
100
AcDbLine
 10
515.933
 20
-215.347
 30
0.0
 11
515.933
 21
-203.347
 31
0.0
  0
LINE
  5
BBD
330
17
100
AcDbEntity
  8
0
100
AcDbLine
 10
515.933
 20
-216.347
 30
0.0
 11
516.533
 21
-216.347
 31
0.0
  0
LINE
  5
BBE
330
17
100
AcDbEntity
  8
0
100
AcDbLine
 10
515.933
 20
-216.347
 30
0.0
 11
515.933
 21
-202.347
 31
0.0
  0
LINE
  5
BBF
330
17
100
AcDbEntity
  8
0
100
AcDbLine
 10
515.933
 20
-202.347
 30
0.0
 11
516.533
 21
-202.347
 31
0.0
  0
LINE
  5
BC0
330
17
100
AcDbEntity
  8
0
100
AcDbLine
 10
515.933
 20
-203.347
 30
0.0
 11
516.153
 21
-203.347
 31
0.0
  0
LINE
  5
BC1
330
17
100
AcDbEntity
  8
0
100
AcDbLine
 10
516.353
 20
-203.347
 30
0.0
 11
516.533
 21
-203.347
 31
0.0
  0
LINE
  5
BC2
330
17
100
AcDbEntity
  8
0
100
AcDbLine
 10
515.933
 20
-203.347
 30
0.0
 11
516.533
 21
-203.347
 31
0.0
  0
LINE
  5
BC3
330
17
100
AcDbEntity
  8
0
100
AcDbLine
 10
515.133
 20
-216.347
 30
0.0
 11
515.933
 21
-216.347
 31
0.0
  0
LINE
  5
BC4
330
17
100
AcDbEntity
  8
0
100
AcDbLine
 10
515.933
 20
-216.347
 30
0.0
 11
516.533
 21
-216.347
 31
0.0
  0
LINE
  5
BC5
330
17
100
AcDbEntity
  8
0
100
AcDbLine
 10
515.133
 20
-216.347
 30
0.0
 11
516.533
 21
-216.347
 31
0.0
  0
LINE
  5
BC6
330
17
100
AcDbEntity
  8
0
100
AcDbLine
 10
515.133
 20
-216.347
 30
0.0
 11
515.133
 21
-202.347
 31
0.0
  0
LINE
  5
BC7
330
17
100
AcDbEntity
  8
0
100
AcDbLine
 10
515.133
 20
-202.347
 30
0.0
 11
515.133
 21
-201.347
 31
0.0
  0
LINE
  5
BC8
330
17
100
AcDbEntity
  8
0
100
AcDbLine
 10
515.133
 20
-217.347
 30
0.0
 11
515.133
 21
-216.347
 31
0.0
  0
LINE
  5
BC9
330
17
100
AcDbEntity
  8
0
100
AcDbLine
 10
516.533
 20
-216.347
 30
0.0
 11
516.533
 21
-217.347
 31
0.0
  0
LINE
  5
BCA
330
17
100
AcDbEntity
  8
0
100
AcDbLine
 10
516.533
 20
-201.347
 30
0.0
 11
516.533
 21
-202.347
 31
0.0
  0
LINE
  5
BCB
330
17
100
AcDbEntity
  8
0
100
AcDbLine
 10
516.533
 20
-201.347
 30
0.0
 11
516.533
 21
-217.347
 31
0.0
  0
LINE
  5
BCC
330
17
100
AcDbEntity
  8
0
100
AcDbLine
 10
515.133
 20
-201.347
 30
0.0
 11
515.133
 21
-217.347
 31
0.0
  0
LINE
  5
BCD
330
17
100
AcDbEntity
  8
0
100
AcDbLine
 10
515.133
 20
-201.347
 30
0.0
 11
515.133
 21
-201.347
 31
0.0
  0
LINE
  5
BCE
330
17
100
AcDbEntity
  8
0
100
AcDbLine
 10
515.133
 20
-201.347
 30
0.0
 11
516.533
 21
-201.347
 31
0.0
  0
LINE
  5
BCF
330
17
100
AcDbEntity
  8
0
100
AcDbLine
 10
516.533
 20
-202.347
 30
0.0
 11
515.933
 21
-202.347
 31
0.0
  0
LINE
  5
BD0
330
17
100
AcDbEntity
  8
0
100
AcDbLine
 10
515.933
 20
-202.347
 30
0.0
 11
515.133
 21
-202.347
 31
0.0
  0
LINE
  5
BD1
330
17
100
AcDbEntity
  8
0
100
AcDbLine
 10
516.533
 20
-202.347
 30
0.0
 11
515.133
 21
-202.347
 31
0.0
  0
LINE
  5
BD2
330
17
100
AcDbEntity
  8
0
100
AcDbLine
 10
515.133
 20
-217.347
 30
0.0
 11
515.133
 21
-217.347
 31
0.0
  0
LINE
  5
BD3
330
17
100
AcDbEntity
  8
0
100
AcDbLine
 10
516.533
 20
-217.347
 30
0.0
 11
515.133
 21
-217.347
 31
0.0
  0
LINE
  5
BD4
330
17
100
AcDbEntity
  8
0
100
AcDbLine
 10
516.154
 20
-147.836
 30
0.0
 11
516.354
 21
-147.836
 31
0.0
  0
LINE
  5
BD5
330
17
100
AcDbEntity
  8
0
100
AcDbLine
 10
516.154
 20
-147.836
 30
0.0
 11
516.153
 21
-159.836
 31
0.0
  0
LINE
  5
BD6
330
17
100
AcDbEntity
  8
0
100
AcDbLine
 10
516.153
 20
-159.836
 30
0.0
 11
516.353
 21
-159.836
 31
0.0
  0
LINE
  5
BD7
330
17
100
AcDbEntity
  8
0
100
AcDbLine
 10
516.354
 20
-147.836
 30
0.0
 11
516.353
 21
-159.836
 31
0.0
  0
LINE
  5
BD8
330
17
100
AcDbEntity
  8
0
100
AcDbLine
 10
516.533
 20
-159.836
 30
0.0
 11
516.353
 21
-159.836
 31
0.0
  0
LINE
  5
BD9
330
17
100
AcDbEntity
  8
0
100
AcDbLine
 10
516.153
 20
-159.836
 30
0.0
 11
515.933
 21
-159.836
 31
0.0
  0
LINE
  5
BDA
330
17
100
AcDbEntity
  8
0
100
AcDbLine
 10
516.533
 20
-159.836
 30
0.0
 11
515.933
 21
-159.836
 31
0.0
  0
LINE
  5
BDB
330
17
100
AcDbEntity
  8
0
100
AcDbLine
 10
516.533
 20
-159.836
 30
0.0
 11
516.534
 21
-147.836
 31
0.0
  0
LINE
  5
BDC
330
17
100
AcDbEntity
  8
0
100
AcDbLine
 10
516.534
 20
-147.836
 30
0.0
 11
516.534
 21
-146.836
 31
0.0
  0
LINE
  5
BDD
330
17
100
AcDbEntity
  8
0
100
AcDbLine
 10
516.533
 20
-160.836
 30
0.0
 11
516.533
 21
-159.836
 31
0.0
  0
LINE
  5
BDE
330
17
100
AcDbEntity
  8
0
100
AcDbLine
 10
515.933
 20
-159.836
 30
0.0
 11
515.933
 21
-160.836
 31
0.0
  0
LINE
  5
BDF
330
17
100
AcDbEntity
  8
0
100
AcDbLine
 10
515.934
 20
-146.836
 30
0.0
 11
515.934
 21
-147.836
 31
0.0
  0
LINE
  5
BE0
330
17
100
AcDbEntity
  8
0
100
AcDbLine
 10
515.933
 20
-159.836
 30
0.0
 11
515.934
 21
-147.836
 31
0.0
  0
LINE
  5
BE1
330
17
100
AcDbEntity
  8
0
100
AcDbLine
 10
515.933
 20
-160.836
 30
0.0
 11
516.533
 21
-160.836
 31
0.0
  0
LINE
  5
BE2
330
17
100
AcDbEntity
  8
0
100
AcDbLine
 10
515.933
 20
-160.836
 30
0.0
 11
515.934
 21
-146.836
 31
0.0
  0
LINE
  5
BE3
330
17
100
AcDbEntity
  8
0
100
AcDbLine
 10
515.934
 20
-146.836
 30
0.0
 11
516.534
 21
-146.836
 31
0.0
  0
LINE
  5
BE4
330
17
100
AcDbEntity
  8
0
100
AcDbLine
 10
515.934
 20
-147.836
 30
0.0
 11
516.154
 21
-147.836
 31
0.0
  0
LINE
  5
BE5
330
17
100
AcDbEntity
  8
0
100
AcDbLine
 10
516.354
 20
-147.836
 30
0.0
 11
516.534
 21
-147.836
 31
0.0
  0
LINE
  5
BE6
330
17
100
AcDbEntity
  8
0
100
AcDbLine
 10
515.934
 20
-147.836
 30
0.0
 11
516.534
 21
-147.836
 31
0.0
  0
LINE
  5
BE7
330
17
100
AcDbEntity
  8
0
100
AcDbLine
 10
515.133
 20
-160.836
 30
0.0
 11
515.933
 21
-160.836
 31
0.0
  0
LINE
  5
BE8
330
17
100
AcDbEntity
  8
0
100
AcDbLine
 10
515.933
 20
-160.836
 30
0.0
 11
516.533
 21
-160.836
 31
0.0
  0
LINE
  5
BE9
330
17
100
AcDbEntity
  8
0
100
AcDbLine
 10
515.133
 20
-160.836
 30
0.0
 11
516.533
 21
-160.836
 31
0.0
  0
LINE
  5
BEA
330
17
100
AcDbEntity
  8
0
100
AcDbLine
 10
515.133
 20
-160.836
 30
0.0
 11
515.134
 21
-146.836
 31
0.0
  0
LINE
  5
BEB
330
17
100
AcDbEntity
  8
0
100
AcDbLine
 10
515.134
 20
-146.836
 30
0.0
 11
515.134
 21
-145.836
 31
0.0
  0
LINE
  5
BEC
330
17
100
AcDbEntity
  8
0
100
AcDbLine
 10
515.133
 20
-161.836
 30
0.0
 11
515.133
 21
-160.836
 31
0.0
  0
LINE
  5
BED
330
17
100
AcDbEntity
  8
0
100
AcDbLine
 10
516.533
 20
-160.836
 30
0.0
 11
516.533
 21
-161.836
 31
0.0
  0
LINE
  5
BEE
330
17
100
AcDbEntity
  8
0
100
AcDbLine
 10
516.534
 20
-145.836
 30
0.0
 11
516.534
 21
-146.836
 31
0.0
  0
LINE
  5
BEF
330
17
100
AcDbEntity
  8
0
100
AcDbLine
 10
516.534
 20
-145.836
 30
0.0
 11
516.533
 21
-161.836
 31
0.0
  0
LINE
  5
BF0
330
17
100
AcDbEntity
  8
0
100
AcDbLine
 10
515.134
 20
-145.836
 30
0.0
 11
515.133
 21
-161.836
 31
0.0
  0
LINE
  5
BF1
330
17
100
AcDbEntity
  8
0
100
AcDbLine
 10
515.134
 20
-145.836
 30
0.0
 11
516.534
 21
-145.836
 31
0.0
  0
LINE
  5
BF2
330
17
100
AcDbEntity
  8
0
100
AcDbLine
 10
516.534
 20
-146.836
 30
0.0
 11
515.934
 21
-146.836
 31
0.0
  0
LINE
  5
BF3
330
17
100
AcDbEntity
  8
0
100
AcDbLine
 10
515.934
 20
-146.836
 30
0.0
 11
515.134
 21
-146.836
 31
0.0
  0
LINE
  5
BF4
330
17
100
AcDbEntity
  8
0
100
AcDbLine
 10
516.534
 20
-146.836
 30
0.0
 11
515.134
 21
-146.836
 31
0.0
  0
LINE
  5
BF5
330
17
100
AcDbEntity
  8
0
100
AcDbLine
 10
516.533
 20
-161.836
 30
0.0
 11
515.133
 21
-161.836
 31
0.0
  0
LINE
  5
BF6
330
17
100
AcDbEntity
  8
0
100
AcDbLine
 10
54.5008
 20
-144.009
 30
0.0
 11
54.7008
 21
-144.009
 31
0.0
  0
LINE
  5
BF7
330
17
100
AcDbEntity
  8
0
100
AcDbLine
 10
54.5008
 20
-144.009
 30
0.0
 11
54.5008
 21
-156.009
 31
0.0
  0
LINE
  5
BF8
330
17
100
AcDbEntity
  8
0
100
AcDbLine
 10
54.5008
 20
-156.009
 30
0.0
 11
54.7008
 21
-156.009
 31
0.0
  0
LINE
  5
BF9
330
17
100
AcDbEntity
  8
0
100
AcDbLine
 10
54.7008
 20
-144.009
 30
0.0
 11
54.7008
 21
-156.009
 31
0.0
  0
LINE
  5
BFA
330
17
100
AcDbEntity
  8
0
100
AcDbLine
 10
54.8808
 20
-156.009
 30
0.0
 11
54.7008
 21
-156.009
 31
0.0
  0
LINE
  5
BFB
330
17
100
AcDbEntity
  8
0
100
AcDbLine
 10
54.5008
 20
-156.009
 30
0.0
 11
54.2808
 21
-156.009
 31
0.0
  0
LINE
  5
BFC
330
17
100
AcDbEntity
  8
0
100
AcDbLine
 10
54.8808
 20
-156.009
 30
0.0
 11
54.2808
 21
-156.009
 31
0.0
  0
LINE
  5
BFD
330
17
100
AcDbEntity
  8
0
100
AcDbLine
 10
54.8808
 20
-152.653
 30
0.0
 11
54.8808
 21
-144.009
 31
0.0
  0
LINE
  5
BFE
330
17
100
AcDbEntity
  8
0
100
AcDbLine
 10
54.8808
 20
-144.009
 30
0.0
 11
54.8808
 21
-143.009
 31
0.0
  0
LINE
  5
BFF
330
17
100
AcDbEntity
  8
0
100
AcDbLine
 10
54.8808
 20
-157.009
 30
0.0
 11
54.8808
 21
-156.009
 31
0.0
  0
LINE
  5
C00
330
17
100
AcDbEntity
  8
0
100
AcDbLine
 10
54.2808
 20
-156.009
 30
0.0
 11
54.2808
 21
-157.009
 31
0.0
  0
LINE
  5
C01
330
17
100
AcDbEntity
  8
0
100
AcDbLine
 10
54.2808
 20
-143.009
 30
0.0
 11
54.2808
 21
-144.009
 31
0.0
  0
LINE
  5
C02
330
17
100
AcDbEntity
  8
0
100
AcDbLine
 10
54.2808
 20
-156.009
 30
0.0
 11
54.2808
 21
-144.009
 31
0.0
  0
LINE
  5
C03
330
17
100
AcDbEntity
  8
0
100
AcDbLine
 10
54.2808
 20
-157.009
 30
0.0
 11
54.8808
 21
-157.009
 31
0.0
  0
LINE
  5
C04
330
17
100
AcDbEntity
  8
0
100
AcDbLine
 10
54.2808
 20
-157.009
 30
0.0
 11
54.2808
 21
-143.009
 31
0.0
  0
LINE
  5
C05
330
17
100
AcDbEntity
  8
0
100
AcDbLine
 10
54.2808
 20
-143.009
 30
0.0
 11
54.8808
 21
-143.009
 31
0.0
  0
LINE
  5
C06
330
17
100
AcDbEntity
  8
0
100
AcDbLine
 10
54.2808
 20
-144.009
 30
0.0
 11
54.5008
 21
-144.009
 31
0.0
  0
LINE
  5
C07
330
17
100
AcDbEntity
  8
0
100
AcDbLine
 10
54.7008
 20
-144.009
 30
0.0
 11
54.8808
 21
-144.009
 31
0.0
  0
LINE
  5
C08
330
17
100
AcDbEntity
  8
0
100
AcDbLine
 10
54.2808
 20
-144.009
 30
0.0
 11
54.8808
 21
-144.009
 31
0.0
  0
LINE
  5
C09
330
17
100
AcDbEntity
  8
0
100
AcDbLine
 10
53.4808
 20
-157.009
 30
0.0
 11
54.2808
 21
-157.009
 31
0.0
  0
LINE
  5
C0A
330
17
100
AcDbEntity
  8
0
100
AcDbLine
 10
54.2808
 20
-157.009
 30
0.0
 11
54.8808
 21
-157.009
 31
0.0
  0
LINE
  5
C0B
330
17
100
AcDbEntity
  8
0
100
AcDbLine
 10
53.4808
 20
-157.009
 30
0.0
 11
54.8808
 21
-157.009
 31
0.0
  0
LINE
  5
C0C
330
17
100
AcDbEntity
  8
0
100
AcDbLine
 10
53.4808
 20
-157.009
 30
0.0
 11
53.4808
 21
-143.009
 31
0.0
  0
LINE
  5
C0D
330
17
100
AcDbEntity
  8
0
100
AcDbLine
 10
53.4808
 20
-143.009
 30
0.0
 11
53.4808
 21
-142.009
 31
0.0
  0
LINE
  5
C0E
330
17
100
AcDbEntity
  8
0
100
AcDbLine
 10
53.4808
 20
-158.009
 30
0.0
 11
53.4808
 21
-157.009
 31
0.0
  0
LINE
  5
C0F
330
17
100
AcDbEntity
  8
0
100
AcDbLine
 10
54.8808
 20
-157.009
 30
0.0
 11
54.8808
 21
-158.009
 31
0.0
  0
LINE
  5
C10
330
17
100
AcDbEntity
  8
0
100
AcDbLine
 10
54.8808
 20
-142.009
 30
0.0
 11
54.8808
 21
-143.009
 31
0.0
  0
LINE
  5
C11
330
17
100
AcDbEntity
  8
0
100
AcDbLine
 10
54.8808
 20
-142.009
 30
0.0
 11
54.8808
 21
-152.653
 31
0.0
  0
LINE
  5
C12
330
17
100
AcDbEntity
  8
0
100
AcDbLine
 10
53.4808
 20
-142.009
 30
0.0
 11
53.4808
 21
-158.009
 31
0.0
  0
LINE
  5
C13
330
17
100
AcDbEntity
  8
0
100
AcDbLine
 10
54.8808
 20
-142.009
 30
0.0
 11
54.8808
 21
-142.009
 31
0.0
  0
LINE
  5
C14
330
17
100
AcDbEntity
  8
0
100
AcDbLine
 10
53.4808
 20
-142.009
 30
0.0
 11
54.8808
 21
-142.009
 31
0.0
  0
LINE
  5
C15
330
17
100
AcDbEntity
  8
0
100
AcDbLine
 10
54.8808
 20
-143.009
 30
0.0
 11
54.2808
 21
-143.009
 31
0.0
  0
LINE
  5
C16
330
17
100
AcDbEntity
  8
0
100
AcDbLine
 10
54.2808
 20
-143.009
 30
0.0
 11
53.4808
 21
-143.009
 31
0.0
  0
LINE
  5
C17
330
17
100
AcDbEntity
  8
0
100
AcDbLine
 10
54.8808
 20
-143.009
 30
0.0
 11
53.4808
 21
-143.009
 31
0.0
  0
LINE
  5
C18
330
17
100
AcDbEntity
  8
0
100
AcDbLine
 10
54.8808
 20
-158.009
 30
0.0
 11
54.8808
 21
-158.009
 31
0.0
  0
LINE
  5
C19
330
17
100
AcDbEntity
  8
0
100
AcDbLine
 10
54.8808
 20
-158.009
 30
0.0
 11
53.4808
 21
-158.009
 31
0.0
  0
LINE
  5
C1A
330
17
100
AcDbEntity
  8
0
100
AcDbLine
 10
54.5008
 20
-104.102
 30
0.0
 11
54.7008
 21
-104.102
 31
0.0
  0
LINE
  5
C1B
330
17
100
AcDbEntity
  8
0
100
AcDbLine
 10
54.5008
 20
-104.102
 30
0.0
 11
54.5008
 21
-116.102
 31
0.0
  0
LINE
  5
C1C
330
17
100
AcDbEntity
  8
0
100
AcDbLine
 10
54.5008
 20
-116.102
 30
0.0
 11
54.7008
 21
-116.102
 31
0.0
  0
LINE
  5
C1D
330
17
100
AcDbEntity
  8
0
100
AcDbLine
 10
54.7008
 20
-104.102
 30
0.0
 11
54.7008
 21
-116.102
 31
0.0
  0
LINE
  5
C1E
330
17
100
AcDbEntity
  8
0
100
AcDbLine
 10
54.8808
 20
-116.102
 30
0.0
 11
54.7008
 21
-116.102
 31
0.0
  0
LINE
  5
C1F
330
17
100
AcDbEntity
  8
0
100
AcDbLine
 10
54.5008
 20
-116.102
 30
0.0
 11
54.2808
 21
-116.102
 31
0.0
  0
LINE
  5
C20
330
17
100
AcDbEntity
  8
0
100
AcDbLine
 10
54.8808
 20
-116.102
 30
0.0
 11
54.2808
 21
-116.102
 31
0.0
  0
LINE
  5
C21
330
17
100
AcDbEntity
  8
0
100
AcDbLine
 10
54.8808
 20
-116.102
 30
0.0
 11
54.8808
 21
-104.102
 31
0.0
  0
LINE
  5
C22
330
17
100
AcDbEntity
  8
0
100
AcDbLine
 10
54.8808
 20
-104.102
 30
0.0
 11
54.8808
 21
-103.102
 31
0.0
  0
LINE
  5
C23
330
17
100
AcDbEntity
  8
0
100
AcDbLine
 10
54.8808
 20
-117.102
 30
0.0
 11
54.8808
 21
-116.102
 31
0.0
  0
LINE
  5
C24
330
17
100
AcDbEntity
  8
0
100
AcDbLine
 10
54.2808
 20
-116.102
 30
0.0
 11
54.2808
 21
-117.102
 31
0.0
  0
LINE
  5
C25
330
17
100
AcDbEntity
  8
0
100
AcDbLine
 10
54.2808
 20
-103.102
 30
0.0
 11
54.2808
 21
-104.102
 31
0.0
  0
LINE
  5
C26
330
17
100
AcDbEntity
  8
0
100
AcDbLine
 10
54.2808
 20
-116.102
 30
0.0
 11
54.2808
 21
-104.102
 31
0.0
  0
LINE
  5
C27
330
17
100
AcDbEntity
  8
0
100
AcDbLine
 10
54.2808
 20
-117.102
 30
0.0
 11
54.8808
 21
-117.102
 31
0.0
  0
LINE
  5
C28
330
17
100
AcDbEntity
  8
0
100
AcDbLine
 10
54.2808
 20
-117.102
 30
0.0
 11
54.2808
 21
-103.102
 31
0.0
  0
LINE
  5
C29
330
17
100
AcDbEntity
  8
0
100
AcDbLine
 10
54.2808
 20
-103.102
 30
0.0
 11
54.8808
 21
-103.102
 31
0.0
  0
LINE
  5
C2A
330
17
100
AcDbEntity
  8
0
100
AcDbLine
 10
54.2808
 20
-104.102
 30
0.0
 11
54.5008
 21
-104.102
 31
0.0
  0
LINE
  5
C2B
330
17
100
AcDbEntity
  8
0
100
AcDbLine
 10
54.7008
 20
-104.102
 30
0.0
 11
54.8808
 21
-104.102
 31
0.0
  0
LINE
  5
C2C
330
17
100
AcDbEntity
  8
0
100
AcDbLine
 10
54.2808
 20
-104.102
 30
0.0
 11
54.8808
 21
-104.102
 31
0.0
  0
LINE
  5
C2D
330
17
100
AcDbEntity
  8
0
100
AcDbLine
 10
53.4808
 20
-117.102
 30
0.0
 11
54.2808
 21
-117.102
 31
0.0
  0
LINE
  5
C2E
330
17
100
AcDbEntity
  8
0
100
AcDbLine
 10
54.2808
 20
-117.102
 30
0.0
 11
54.8808
 21
-117.102
 31
0.0
  0
LINE
  5
C2F
330
17
100
AcDbEntity
  8
0
100
AcDbLine
 10
53.4808
 20
-117.102
 30
0.0
 11
54.8808
 21
-117.102
 31
0.0
  0
LINE
  5
C30
330
17
100
AcDbEntity
  8
0
100
AcDbLine
 10
53.4808
 20
-117.102
 30
0.0
 11
53.4808
 21
-103.102
 31
0.0
  0
LINE
  5
C31
330
17
100
AcDbEntity
  8
0
100
AcDbLine
 10
53.4808
 20
-103.102
 30
0.0
 11
53.4808
 21
-102.102
 31
0.0
  0
LINE
  5
C32
330
17
100
AcDbEntity
  8
0
100
AcDbLine
 10
53.4808
 20
-118.102
 30
0.0
 11
53.4808
 21
-117.102
 31
0.0
  0
LINE
  5
C33
330
17
100
AcDbEntity
  8
0
100
AcDbLine
 10
54.8808
 20
-117.102
 30
0.0
 11
54.8808
 21
-118.102
 31
0.0
  0
LINE
  5
C34
330
17
100
AcDbEntity
  8
0
100
AcDbLine
 10
54.8808
 20
-102.102
 30
0.0
 11
54.8808
 21
-103.102
 31
0.0
  0
LINE
  5
C35
330
17
100
AcDbEntity
  8
0
100
AcDbLine
 10
54.8808
 20
-102.102
 30
0.0
 11
54.8808
 21
-118.102
 31
0.0
  0
LINE
  5
C36
330
17
100
AcDbEntity
  8
0
100
AcDbLine
 10
53.4808
 20
-102.102
 30
0.0
 11
53.4808
 21
-118.102
 31
0.0
  0
LINE
  5
C37
330
17
100
AcDbEntity
  8
0
100
AcDbLine
 10
53.4808
 20
-102.102
 30
0.0
 11
54.8808
 21
-102.102
 31
0.0
  0
LINE
  5
C38
330
17
100
AcDbEntity
  8
0
100
AcDbLine
 10
54.8808
 20
-103.102
 30
0.0
 11
54.2808
 21
-103.102
 31
0.0
  0
LINE
  5
C39
330
17
100
AcDbEntity
  8
0
100
AcDbLine
 10
54.2808
 20
-103.102
 30
0.0
 11
53.4808
 21
-103.102
 31
0.0
  0
LINE
  5
C3A
330
17
100
AcDbEntity
  8
0
100
AcDbLine
 10
54.8808
 20
-103.102
 30
0.0
 11
53.4808
 21
-103.102
 31
0.0
  0
LINE
  5
C3B
330
17
100
AcDbEntity
  8
0
100
AcDbLine
 10
54.8808
 20
-118.102
 30
0.0
 11
53.4808
 21
-118.102
 31
0.0
  0
LINE
  5
C3C
330
17
100
AcDbEntity
  8
0
100
AcDbLine
 10
515.513
 20
-283.983
 30
0.0
 11
515.313
 21
-283.983
 31
0.0
  0
LINE
  5
C3D
330
17
100
AcDbEntity
  8
0
100
AcDbLine
 10
515.513
 20
-283.983
 30
0.0
 11
515.513
 21
-271.983
 31
0.0
  0
LINE
  5
C3E
330
17
100
AcDbEntity
  8
0
100
AcDbLine
 10
515.513
 20
-271.983
 30
0.0
 11
515.313
 21
-271.983
 31
0.0
  0
LINE
  5
C3F
330
17
100
AcDbEntity
  8
0
100
AcDbLine
 10
515.313
 20
-283.983
 30
0.0
 11
515.313
 21
-271.983
 31
0.0
  0
LINE
  5
C40
330
17
100
AcDbEntity
  8
0
100
AcDbLine
 10
515.133
 20
-271.983
 30
0.0
 11
515.313
 21
-271.983
 31
0.0
  0
LINE
  5
C41
330
17
100
AcDbEntity
  8
0
100
AcDbLine
 10
515.513
 20
-271.983
 30
0.0
 11
515.733
 21
-271.983
 31
0.0
  0
LINE
  5
C42
330
17
100
AcDbEntity
  8
0
100
AcDbLine
 10
515.133
 20
-271.983
 30
0.0
 11
515.733
 21
-271.983
 31
0.0
  0
LINE
  5
C43
330
17
100
AcDbEntity
  8
0
100
AcDbLine
 10
515.133
 20
-271.983
 30
0.0
 11
515.133
 21
-283.983
 31
0.0
  0
LINE
  5
C44
330
17
100
AcDbEntity
  8
0
100
AcDbLine
 10
515.133
 20
-283.983
 30
0.0
 11
515.133
 21
-284.983
 31
0.0
  0
LINE
  5
C45
330
17
100
AcDbEntity
  8
0
100
AcDbLine
 10
515.133
 20
-270.983
 30
0.0
 11
515.133
 21
-271.983
 31
0.0
  0
LINE
  5
C46
330
17
100
AcDbEntity
  8
0
100
AcDbLine
 10
515.733
 20
-271.983
 30
0.0
 11
515.733
 21
-270.983
 31
0.0
  0
LINE
  5
C47
330
17
100
AcDbEntity
  8
0
100
AcDbLine
 10
515.733
 20
-284.983
 30
0.0
 11
515.733
 21
-283.983
 31
0.0
  0
LINE
  5
C48
330
17
100
AcDbEntity
  8
0
100
AcDbLine
 10
515.733
 20
-271.983
 30
0.0
 11
515.733
 21
-283.983
 31
0.0
  0
LINE
  5
C49
330
17
100
AcDbEntity
  8
0
100
AcDbLine
 10
515.733
 20
-270.983
 30
0.0
 11
515.133
 21
-270.983
 31
0.0
  0
LINE
  5
C4A
330
17
100
AcDbEntity
  8
0
100
AcDbLine
 10
515.733
 20
-270.983
 30
0.0
 11
515.733
 21
-284.983
 31
0.0
  0
LINE
  5
C4B
330
17
100
AcDbEntity
  8
0
100
AcDbLine
 10
515.733
 20
-284.983
 30
0.0
 11
515.133
 21
-284.983
 31
0.0
  0
LINE
  5
C4C
330
17
100
AcDbEntity
  8
0
100
AcDbLine
 10
515.733
 20
-283.983
 30
0.0
 11
515.513
 21
-283.983
 31
0.0
  0
LINE
  5
C4D
330
17
100
AcDbEntity
  8
0
100
AcDbLine
 10
515.313
 20
-283.983
 30
0.0
 11
515.133
 21
-283.983
 31
0.0
  0
LINE
  5
C4E
330
17
100
AcDbEntity
  8
0
100
AcDbLine
 10
515.733
 20
-283.983
 30
0.0
 11
515.133
 21
-283.983
 31
0.0
  0
LINE
  5
C4F
330
17
100
AcDbEntity
  8
0
100
AcDbLine
 10
516.533
 20
-270.983
 30
0.0
 11
515.733
 21
-270.983
 31
0.0
  0
LINE
  5
C50
330
17
100
AcDbEntity
  8
0
100
AcDbLine
 10
515.733
 20
-270.983
 30
0.0
 11
515.133
 21
-270.983
 31
0.0
  0
LINE
  5
C51
330
17
100
AcDbEntity
  8
0
100
AcDbLine
 10
516.533
 20
-270.983
 30
0.0
 11
515.133
 21
-270.983
 31
0.0
  0
LINE
  5
C52
330
17
100
AcDbEntity
  8
0
100
AcDbLine
 10
516.533
 20
-270.983
 30
0.0
 11
516.533
 21
-284.983
 31
0.0
  0
LINE
  5
C53
330
17
100
AcDbEntity
  8
0
100
AcDbLine
 10
516.533
 20
-284.983
 30
0.0
 11
516.533
 21
-285.983
 31
0.0
  0
LINE
  5
C54
330
17
100
AcDbEntity
  8
0
100
AcDbLine
 10
516.533
 20
-269.983
 30
0.0
 11
516.533
 21
-270.983
 31
0.0
  0
LINE
  5
C55
330
17
100
AcDbEntity
  8
0
100
AcDbLine
 10
515.133
 20
-270.983
 30
0.0
 11
515.133
 21
-269.983
 31
0.0
  0
LINE
  5
C56
330
17
100
AcDbEntity
  8
0
100
AcDbLine
 10
515.133
 20
-285.983
 30
0.0
 11
515.133
 21
-284.983
 31
0.0
  0
LINE
  5
C57
330
17
100
AcDbEntity
  8
0
100
AcDbLine
 10
515.133
 20
-285.983
 30
0.0
 11
515.133
 21
-269.983
 31
0.0
  0
LINE
  5
C58
330
17
100
AcDbEntity
  8
0
100
AcDbLine
 10
516.533
 20
-285.983
 30
0.0
 11
516.533
 21
-269.983
 31
0.0
  0
LINE
  5
C59
330
17
100
AcDbEntity
  8
0
100
AcDbLine
 10
516.533
 20
-285.983
 30
0.0
 11
515.133
 21
-285.983
 31
0.0
  0
LINE
  5
C5A
330
17
100
AcDbEntity
  8
0
100
AcDbLine
 10
515.133
 20
-284.983
 30
0.0
 11
515.733
 21
-284.983
 31
0.0
  0
LINE
  5
C5B
330
17
100
AcDbEntity
  8
0
100
AcDbLine
 10
515.733
 20
-284.983
 30
0.0
 11
516.533
 21
-284.983
 31
0.0
  0
LINE
  5
C5C
330
17
100
AcDbEntity
  8
0
100
AcDbLine
 10
515.133
 20
-284.983
 30
0.0
 11
516.533
 21
-284.983
 31
0.0
  0
LINE
  5
C5D
330
17
100
AcDbEntity
  8
0
100
AcDbLine
 10
515.133
 20
-269.983
 30
0.0
 11
516.533
 21
-269.983
 31
0.0
  0
LINE
  5
C5E
330
17
100
AcDbEntity
  8
0
100
AcDbLine
 10
516.913
 20
-248.155
 30
0.0
 11
516.713
 21
-248.155
 31
0.0
  0
LINE
  5
C5F
330
17
100
AcDbEntity
  8
0
100
AcDbLine
 10
516.913
 20
-248.155
 30
0.0
 11
516.913
 21
-236.155
 31
0.0
  0
LINE
  5
C60
330
17
100
AcDbEntity
  8
0
100
AcDbLine
 10
516.913
 20
-236.155
 30
0.0
 11
516.713
 21
-236.155
 31
0.0
  0
LINE
  5
C61
330
17
100
AcDbEntity
  8
0
100
AcDbLine
 10
516.713
 20
-248.155
 30
0.0
 11
516.713
 21
-236.155
 31
0.0
  0
LINE
  5
C62
330
17
100
AcDbEntity
  8
0
100
AcDbLine
 10
516.533
 20
-236.155
 30
0.0
 11
516.713
 21
-236.155
 31
0.0
  0
LINE
  5
C63
330
17
100
AcDbEntity
  8
0
100
AcDbLine
 10
516.913
 20
-236.155
 30
0.0
 11
517.133
 21
-236.155
 31
0.0
  0
LINE
  5
C64
330
17
100
AcDbEntity
  8
0
100
AcDbLine
 10
516.533
 20
-236.155
 30
0.0
 11
517.133
 21
-236.155
 31
0.0
  0
LINE
  5
C65
330
17
100
AcDbEntity
  8
0
100
AcDbLine
 10
516.533
 20
-236.155
 30
0.0
 11
516.533
 21
-248.155
 31
0.0
  0
LINE
  5
C66
330
17
100
AcDbEntity
  8
0
100
AcDbLine
 10
516.533
 20
-248.155
 30
0.0
 11
516.533
 21
-249.155
 31
0.0
  0
LINE
  5
C67
330
17
100
AcDbEntity
  8
0
100
AcDbLine
 10
516.533
 20
-235.155
 30
0.0
 11
516.533
 21
-236.155
 31
0.0
  0
LINE
  5
C68
330
17
100
AcDbEntity
  8
0
100
AcDbLine
 10
517.133
 20
-236.155
 30
0.0
 11
517.133
 21
-235.155
 31
0.0
  0
LINE
  5
C69
330
17
100
AcDbEntity
  8
0
100
AcDbLine
 10
517.133
 20
-249.155
 30
0.0
 11
517.133
 21
-248.155
 31
0.0
  0
LINE
  5
C6A
330
17
100
AcDbEntity
  8
0
100
AcDbLine
 10
517.133
 20
-236.155
 30
0.0
 11
517.133
 21
-248.155
 31
0.0
  0
LINE
  5
C6B
330
17
100
AcDbEntity
  8
0
100
AcDbLine
 10
517.133
 20
-235.155
 30
0.0
 11
516.533
 21
-235.155
 31
0.0
  0
LINE
  5
C6C
330
17
100
AcDbEntity
  8
0
100
AcDbLine
 10
517.133
 20
-235.155
 30
0.0
 11
517.133
 21
-249.155
 31
0.0
  0
LINE
  5
C6D
330
17
100
AcDbEntity
  8
0
100
AcDbLine
 10
517.133
 20
-249.155
 30
0.0
 11
516.533
 21
-249.155
 31
0.0
  0
LINE
  5
C6E
330
17
100
AcDbEntity
  8
0
100
AcDbLine
 10
517.133
 20
-248.155
 30
0.0
 11
516.913
 21
-248.155
 31
0.0
  0
LINE
  5
C6F
330
17
100
AcDbEntity
  8
0
100
AcDbLine
 10
516.713
 20
-248.155
 30
0.0
 11
516.533
 21
-248.155
 31
0.0
  0
LINE
  5
C70
330
17
100
AcDbEntity
  8
0
100
AcDbLine
 10
517.133
 20
-248.155
 30
0.0
 11
516.533
 21
-248.155
 31
0.0
  0
LINE
  5
C71
330
17
100
AcDbEntity
  8
0
100
AcDbLine
 10
517.933
 20
-235.155
 30
0.0
 11
517.133
 21
-235.155
 31
0.0
  0
LINE
  5
C72
330
17
100
AcDbEntity
  8
0
100
AcDbLine
 10
517.133
 20
-235.155
 30
0.0
 11
516.533
 21
-235.155
 31
0.0
  0
LINE
  5
C73
330
17
100
AcDbEntity
  8
0
100
AcDbLine
 10
517.933
 20
-235.155
 30
0.0
 11
516.533
 21
-235.155
 31
0.0
  0
LINE
  5
C74
330
17
100
AcDbEntity
  8
0
100
AcDbLine
 10
517.933
 20
-235.155
 30
0.0
 11
517.933
 21
-249.155
 31
0.0
  0
LINE
  5
C75
330
17
100
AcDbEntity
  8
0
100
AcDbLine
 10
517.933
 20
-249.155
 30
0.0
 11
517.933
 21
-250.155
 31
0.0
  0
LINE
  5
C76
330
17
100
AcDbEntity
  8
0
100
AcDbLine
 10
517.933
 20
-234.155
 30
0.0
 11
517.933
 21
-235.155
 31
0.0
  0
LINE
  5
C77
330
17
100
AcDbEntity
  8
0
100
AcDbLine
 10
516.533
 20
-235.155
 30
0.0
 11
516.533
 21
-234.155
 31
0.0
  0
LINE
  5
C78
330
17
100
AcDbEntity
  8
0
100
AcDbLine
 10
516.533
 20
-250.155
 30
0.0
 11
516.533
 21
-249.155
 31
0.0
  0
LINE
  5
C79
330
17
100
AcDbEntity
  8
0
100
AcDbLine
 10
516.533
 20
-250.155
 30
0.0
 11
516.533
 21
-234.155
 31
0.0
  0
LINE
  5
C7A
330
17
100
AcDbEntity
  8
0
100
AcDbLine
 10
517.933
 20
-250.155
 30
0.0
 11
517.933
 21
-234.155
 31
0.0
  0
LINE
  5
C7B
330
17
100
AcDbEntity
  8
0
100
AcDbLine
 10
517.933
 20
-250.155
 30
0.0
 11
516.533
 21
-250.155
 31
0.0
  0
LINE
  5
C7C
330
17
100
AcDbEntity
  8
0
100
AcDbLine
 10
516.533
 20
-249.155
 30
0.0
 11
517.133
 21
-249.155
 31
0.0
  0
LINE
  5
C7D
330
17
100
AcDbEntity
  8
0
100
AcDbLine
 10
517.133
 20
-249.155
 30
0.0
 11
517.933
 21
-249.155
 31
0.0
  0
LINE
  5
C7E
330
17
100
AcDbEntity
  8
0
100
AcDbLine
 10
516.533
 20
-249.155
 30
0.0
 11
517.933
 21
-249.155
 31
0.0
  0
LINE
  5
C7F
330
17
100
AcDbEntity
  8
0
100
AcDbLine
 10
516.533
 20
-234.155
 30
0.0
 11
517.933
 21
-234.155
 31
0.0
  0
LINE
  5
C80
330
17
100
AcDbEntity
  8
0
100
AcDbLine
 10
270.419
 20
-126.702
 30
0.0
 11
270.419
 21
-126.502
 31
0.0
  0
LINE
  5
C81
330
17
100
AcDbEntity
  8
0
100
AcDbLine
 10
257.919
 20
-126.702
 30
0.0
 11
257.919
 21
-126.502
 31
0.0
  0
LINE
  5
C82
330
17
100
AcDbEntity
  8
0
100
AcDbLine
 10
270.419
 20
-126.702
 30
0.0
 11
257.919
 21
-126.702
 31
0.0
  0
LINE
  5
C83
330
17
100
AcDbEntity
  8
0
100
AcDbLine
 10
270.419
 20
-126.702
 30
0.0
 11
257.919
 21
-126.702
 31
0.0
  0
LINE
  5
C84
330
17
100
AcDbEntity
  8
0
100
AcDbLine
 10
257.919
 20
-126.502
 30
0.0
 11
270.419
 21
-126.502
 31
0.0
  0
LINE
  5
C85
330
17
100
AcDbEntity
  8
0
100
AcDbLine
 10
257.919
 20
-126.502
 30
0.0
 11
270.419
 21
-126.502
 31
0.0
  0
LINE
  5
C86
330
17
100
AcDbEntity
  8
0
100
AcDbLine
 10
257.919
 20
-126.302
 30
0.0
 11
257.919
 21
-126.502
 31
0.0
  0
LINE
  5
C87
330
17
100
AcDbEntity
  8
0
100
AcDbLine
 10
257.919
 20
-126.702
 30
0.0
 11
257.919
 21
-126.502
 31
0.0
  0
LINE
  5
C88
330
17
100
AcDbEntity
  8
0
100
AcDbLine
 10
257.919
 20
-126.702
 30
0.0
 11
257.919
 21
-127.102
 31
0.0
  0
LINE
  5
C89
330
17
100
AcDbEntity
  8
0
100
AcDbLine
 10
270.419
 20
-127.102
 30
0.0
 11
270.419
 21
-126.702
 31
0.0
  0
LINE
  5
C8A
330
17
100
AcDbEntity
  8
0
100
AcDbLine
 10
270.419
 20
-126.502
 30
0.0
 11
270.419
 21
-126.702
 31
0.0
  0
LINE
  5
C8B
330
17
100
AcDbEntity
  8
0
100
AcDbLine
 10
270.419
 20
-126.502
 30
0.0
 11
270.419
 21
-126.302
 31
0.0
  0
LINE
  5
C8C
330
17
100
AcDbEntity
  8
0
100
AcDbLine
 10
257.919
 20
-127.102
 30
0.0
 11
257.919
 21
-126.302
 31
0.0
  0
LINE
  5
C8D
330
17
100
AcDbEntity
  8
0
100
AcDbLine
 10
270.419
 20
-127.102
 30
0.0
 11
270.419
 21
-126.302
 31
0.0
  0
LINE
  5
C8E
330
17
100
AcDbEntity
  8
0
100
AcDbLine
 10
256.919
 20
-127.102
 30
0.0
 11
256.919
 21
-126.302
 31
0.0
  0
LINE
  5
C8F
330
17
100
AcDbEntity
  8
0
100
AcDbLine
 10
257.919
 20
-127.102
 30
0.0
 11
270.419
 21
-127.102
 31
0.0
  0
LINE
  5
C90
330
17
100
AcDbEntity
  8
0
100
AcDbLine
 10
257.919
 20
-127.102
 30
0.0
 11
256.919
 21
-127.102
 31
0.0
  0
LINE
  5
C91
330
17
100
AcDbEntity
  8
0
100
AcDbLine
 10
256.919
 20
-127.102
 30
0.0
 11
271.419
 21
-127.102
 31
0.0
  0
LINE
  5
C92
330
17
100
AcDbEntity
  8
0
100
AcDbLine
 10
271.419
 20
-127.102
 30
0.0
 11
270.419
 21
-127.102
 31
0.0
  0
LINE
  5
C93
330
17
100
AcDbEntity
  8
0
100
AcDbLine
 10
270.419
 20
-126.302
 30
0.0
 11
271.419
 21
-126.302
 31
0.0
  0
LINE
  5
C94
330
17
100
AcDbEntity
  8
0
100
AcDbLine
 10
271.419
 20
-126.302
 30
0.0
 11
256.919
 21
-126.302
 31
0.0
  0
LINE
  5
C95
330
17
100
AcDbEntity
  8
0
100
AcDbLine
 10
256.919
 20
-126.302
 30
0.0
 11
257.919
 21
-126.302
 31
0.0
  0
LINE
  5
C96
330
17
100
AcDbEntity
  8
0
100
AcDbLine
 10
257.919
 20
-126.302
 30
0.0
 11
270.419
 21
-126.302
 31
0.0
  0
LINE
  5
C97
330
17
100
AcDbEntity
  8
0
100
AcDbLine
 10
284.919
 20
-126.702
 30
0.0
 11
284.919
 21
-126.502
 31
0.0
  0
LINE
  5
C98
330
17
100
AcDbEntity
  8
0
100
AcDbLine
 10
272.419
 20
-126.702
 30
0.0
 11
272.419
 21
-126.502
 31
0.0
  0
LINE
  5
C99
330
17
100
AcDbEntity
  8
0
100
AcDbLine
 10
284.919
 20
-126.702
 30
0.0
 11
272.419
 21
-126.702
 31
0.0
  0
LINE
  5
C9A
330
17
100
AcDbEntity
  8
0
100
AcDbLine
 10
284.919
 20
-126.702
 30
0.0
 11
272.419
 21
-126.702
 31
0.0
  0
LINE
  5
C9B
330
17
100
AcDbEntity
  8
0
100
AcDbLine
 10
272.419
 20
-126.502
 30
0.0
 11
284.919
 21
-126.502
 31
0.0
  0
LINE
  5
C9C
330
17
100
AcDbEntity
  8
0
100
AcDbLine
 10
272.419
 20
-126.502
 30
0.0
 11
284.919
 21
-126.502
 31
0.0
  0
LINE
  5
C9D
330
17
100
AcDbEntity
  8
0
100
AcDbLine
 10
272.419
 20
-126.302
 30
0.0
 11
272.419
 21
-126.502
 31
0.0
  0
LINE
  5
C9E
330
17
100
AcDbEntity
  8
0
100
AcDbLine
 10
272.419
 20
-126.702
 30
0.0
 11
272.419
 21
-126.502
 31
0.0
  0
LINE
  5
C9F
330
17
100
AcDbEntity
  8
0
100
AcDbLine
 10
272.419
 20
-126.702
 30
0.0
 11
272.419
 21
-127.102
 31
0.0
  0
LINE
  5
CA0
330
17
100
AcDbEntity
  8
0
100
AcDbLine
 10
271.419
 20
-127.102
 30
0.0
 11
271.419
 21
-126.302
 31
0.0
  0
LINE
  5
CA1
330
17
100
AcDbEntity
  8
0
100
AcDbLine
 10
284.919
 20
-127.102
 30
0.0
 11
284.919
 21
-126.702
 31
0.0
  0
LINE
  5
CA2
330
17
100
AcDbEntity
  8
0
100
AcDbLine
 10
284.919
 20
-126.502
 30
0.0
 11
284.919
 21
-126.702
 31
0.0
  0
LINE
  5
CA3
330
17
100
AcDbEntity
  8
0
100
AcDbLine
 10
284.919
 20
-126.502
 30
0.0
 11
284.919
 21
-126.302
 31
0.0
  0
LINE
  5
CA4
330
17
100
AcDbEntity
  8
0
100
AcDbLine
 10
272.419
 20
-127.102
 30
0.0
 11
272.419
 21
-126.302
 31
0.0
  0
LINE
  5
CA5
330
17
100
AcDbEntity
  8
0
100
AcDbLine
 10
284.919
 20
-127.102
 30
0.0
 11
284.919
 21
-126.302
 31
0.0
  0
LINE
  5
CA6
330
17
100
AcDbEntity
  8
0
100
AcDbLine
 10
285.919
 20
-127.102
 30
0.0
 11
285.919
 21
-126.302
 31
0.0
  0
LINE
  5
CA7
330
17
100
AcDbEntity
  8
0
100
AcDbLine
 10
272.419
 20
-127.102
 30
0.0
 11
284.919
 21
-127.102
 31
0.0
  0
LINE
  5
CA8
330
17
100
AcDbEntity
  8
0
100
AcDbLine
 10
272.419
 20
-127.102
 30
0.0
 11
271.419
 21
-127.102
 31
0.0
  0
LINE
  5
CA9
330
17
100
AcDbEntity
  8
0
100
AcDbLine
 10
271.419
 20
-127.102
 30
0.0
 11
285.919
 21
-127.102
 31
0.0
  0
LINE
  5
CAA
330
17
100
AcDbEntity
  8
0
100
AcDbLine
 10
285.919
 20
-127.102
 30
0.0
 11
284.919
 21
-127.102
 31
0.0
  0
LINE
  5
CAB
330
17
100
AcDbEntity
  8
0
100
AcDbLine
 10
284.919
 20
-126.302
 30
0.0
 11
285.919
 21
-126.302
 31
0.0
  0
LINE
  5
CAC
330
17
100
AcDbEntity
  8
0
100
AcDbLine
 10
271.419
 20
-126.302
 30
0.0
 11
285.919
 21
-126.302
 31
0.0
  0
LINE
  5
CAD
330
17
100
AcDbEntity
  8
0
100
AcDbLine
 10
271.419
 20
-126.302
 30
0.0
 11
272.419
 21
-126.302
 31
0.0
  0
LINE
  5
CAE
330
17
100
AcDbEntity
  8
0
100
AcDbLine
 10
272.419
 20
-126.302
 30
0.0
 11
284.919
 21
-126.302
 31
0.0
  0
LINE
  5
CAF
330
17
100
AcDbEntity
  8
0
100
AcDbLine
 10
256.919
 20
-127.102
 30
0.0
 11
256.919
 21
-126.302
 31
0.0
  0
LINE
  5
CB0
330
17
100
AcDbEntity
  8
0
100
AcDbLine
 10
256.919
 20
-127.102
 30
0.0
 11
256.919
 21
-127.702
 31
0.0
  0
LINE
  5
CB1
330
17
100
AcDbEntity
  8
0
100
AcDbLine
 10
255.919
 20
-127.702
 30
0.0
 11
255.919
 21
-126.302
 31
0.0
  0
LINE
  5
CB2
330
17
100
AcDbEntity
  8
0
100
AcDbLine
 10
285.919
 20
-127.702
 30
0.0
 11
285.919
 21
-127.102
 31
0.0
  0
LINE
  5
CB3
330
17
100
AcDbEntity
  8
0
100
AcDbLine
 10
285.919
 20
-126.302
 30
0.0
 11
285.919
 21
-127.102
 31
0.0
  0
LINE
  5
CB4
330
17
100
AcDbEntity
  8
0
100
AcDbLine
 10
256.919
 20
-127.702
 30
0.0
 11
256.919
 21
-126.302
 31
0.0
  0
LINE
  5
CB5
330
17
100
AcDbEntity
  8
0
100
AcDbLine
 10
285.919
 20
-127.702
 30
0.0
 11
285.919
 21
-126.302
 31
0.0
  0
LINE
  5
CB6
330
17
100
AcDbEntity
  8
0
100
AcDbLine
 10
286.919
 20
-126.302
 30
0.0
 11
286.919
 21
-127.702
 31
0.0
  0
LINE
  5
CB7
330
17
100
AcDbEntity
  8
0
100
AcDbLine
 10
256.919
 20
-127.702
 30
0.0
 11
285.919
 21
-127.702
 31
0.0
  0
LINE
  5
CB8
330
17
100
AcDbEntity
  8
0
100
AcDbLine
 10
256.919
 20
-127.702
 30
0.0
 11
255.919
 21
-127.702
 31
0.0
  0
LINE
  5
CB9
330
17
100
AcDbEntity
  8
0
100
AcDbLine
 10
255.919
 20
-127.702
 30
0.0
 11
286.919
 21
-127.702
 31
0.0
  0
LINE
  5
CBA
330
17
100
AcDbEntity
  8
0
100
AcDbLine
 10
286.919
 20
-127.702
 30
0.0
 11
285.919
 21
-127.702
 31
0.0
  0
LINE
  5
CBB
330
17
100
AcDbEntity
  8
0
100
AcDbLine
 10
285.919
 20
-126.302
 30
0.0
 11
286.919
 21
-126.302
 31
0.0
  0
LINE
  5
CBC
330
17
100
AcDbEntity
  8
0
100
AcDbLine
 10
255.919
 20
-126.302
 30
0.0
 11
286.919
 21
-126.302
 31
0.0
  0
LINE
  5
CBD
330
17
100
AcDbEntity
  8
0
100
AcDbLine
 10
255.919
 20
-126.302
 30
0.0
 11
256.919
 21
-126.302
 31
0.0
  0
LINE
  5
CBE
330
17
100
AcDbEntity
  8
0
100
AcDbLine
 10
256.919
 20
-126.302
 30
0.0
 11
285.919
 21
-126.302
 31
0.0
  0
LINE
  5
CBF
330
17
100
AcDbEntity
  8
0
100
AcDbLine
 10
348.96
 20
-95.7419
 30
0.0
 11
348.96
 21
-95.9419
 31
0.0
  0
LINE
  5
CC0
330
17
100
AcDbEntity
  8
0
100
AcDbLine
 10
361.46
 20
-95.7419
 30
0.0
 11
361.46
 21
-95.9419
 31
0.0
  0
LINE
  5
CC1
330
17
100
AcDbEntity
  8
0
100
AcDbLine
 10
348.96
 20
-95.7419
 30
0.0
 11
361.46
 21
-95.7419
 31
0.0
  0
LINE
  5
CC2
330
17
100
AcDbEntity
  8
0
100
AcDbLine
 10
348.96
 20
-95.7419
 30
0.0
 11
361.46
 21
-95.7419
 31
0.0
  0
LINE
  5
CC3
330
17
100
AcDbEntity
  8
0
100
AcDbLine
 10
361.46
 20
-95.9419
 30
0.0
 11
348.96
 21
-95.9419
 31
0.0
  0
LINE
  5
CC4
330
17
100
AcDbEntity
  8
0
100
AcDbLine
 10
361.46
 20
-95.9419
 30
0.0
 11
348.96
 21
-95.9419
 31
0.0
  0
LINE
  5
CC5
330
17
100
AcDbEntity
  8
0
100
AcDbLine
 10
361.46
 20
-96.1419
 30
0.0
 11
361.46
 21
-95.9419
 31
0.0
  0
LINE
  5
CC6
330
17
100
AcDbEntity
  8
0
100
AcDbLine
 10
361.46
 20
-95.7419
 30
0.0
 11
361.46
 21
-95.9419
 31
0.0
  0
LINE
  5
CC7
330
17
100
AcDbEntity
  8
0
100
AcDbLine
 10
361.46
 20
-95.7419
 30
0.0
 11
361.46
 21
-95.3419
 31
0.0
  0
LINE
  5
CC8
330
17
100
AcDbEntity
  8
0
100
AcDbLine
 10
348.96
 20
-95.3419
 30
0.0
 11
348.96
 21
-95.7419
 31
0.0
  0
LINE
  5
CC9
330
17
100
AcDbEntity
  8
0
100
AcDbLine
 10
348.96
 20
-95.9419
 30
0.0
 11
348.96
 21
-95.7419
 31
0.0
  0
LINE
  5
CCA
330
17
100
AcDbEntity
  8
0
100
AcDbLine
 10
348.96
 20
-95.9419
 30
0.0
 11
348.96
 21
-96.1419
 31
0.0
  0
LINE
  5
CCB
330
17
100
AcDbEntity
  8
0
100
AcDbLine
 10
361.46
 20
-95.3419
 30
0.0
 11
361.46
 21
-96.1419
 31
0.0
  0
LINE
  5
CCC
330
17
100
AcDbEntity
  8
0
100
AcDbLine
 10
348.96
 20
-95.3419
 30
0.0
 11
348.96
 21
-96.1419
 31
0.0
  0
LINE
  5
CCD
330
17
100
AcDbEntity
  8
0
100
AcDbLine
 10
362.46
 20
-95.3419
 30
0.0
 11
362.46
 21
-96.1419
 31
0.0
  0
LINE
  5
CCE
330
17
100
AcDbEntity
  8
0
100
AcDbLine
 10
361.46
 20
-95.3419
 30
0.0
 11
348.96
 21
-95.3419
 31
0.0
  0
LINE
  5
CCF
330
17
100
AcDbEntity
  8
0
100
AcDbLine
 10
361.46
 20
-95.3419
 30
0.0
 11
362.46
 21
-95.3419
 31
0.0
  0
LINE
  5
CD0
330
17
100
AcDbEntity
  8
0
100
AcDbLine
 10
362.46
 20
-95.3419
 30
0.0
 11
347.96
 21
-95.3419
 31
0.0
  0
LINE
  5
CD1
330
17
100
AcDbEntity
  8
0
100
AcDbLine
 10
347.96
 20
-95.3419
 30
0.0
 11
348.96
 21
-95.3419
 31
0.0
  0
LINE
  5
CD2
330
17
100
AcDbEntity
  8
0
100
AcDbLine
 10
348.96
 20
-96.1419
 30
0.0
 11
347.96
 21
-96.1419
 31
0.0
  0
LINE
  5
CD3
330
17
100
AcDbEntity
  8
0
100
AcDbLine
 10
347.96
 20
-96.1419
 30
0.0
 11
362.46
 21
-96.1419
 31
0.0
  0
LINE
  5
CD4
330
17
100
AcDbEntity
  8
0
100
AcDbLine
 10
362.46
 20
-96.1419
 30
0.0
 11
361.46
 21
-96.1419
 31
0.0
  0
LINE
  5
CD5
330
17
100
AcDbEntity
  8
0
100
AcDbLine
 10
361.46
 20
-96.1419
 30
0.0
 11
348.96
 21
-96.1419
 31
0.0
  0
LINE
  5
CD6
330
17
100
AcDbEntity
  8
0
100
AcDbLine
 10
334.46
 20
-95.7419
 30
0.0
 11
334.46
 21
-95.9419
 31
0.0
  0
LINE
  5
CD7
330
17
100
AcDbEntity
  8
0
100
AcDbLine
 10
346.96
 20
-95.7419
 30
0.0
 11
346.96
 21
-95.9419
 31
0.0
  0
LINE
  5
CD8
330
17
100
AcDbEntity
  8
0
100
AcDbLine
 10
334.46
 20
-95.7419
 30
0.0
 11
346.96
 21
-95.7419
 31
0.0
  0
LINE
  5
CD9
330
17
100
AcDbEntity
  8
0
100
AcDbLine
 10
334.46
 20
-95.7419
 30
0.0
 11
346.96
 21
-95.7419
 31
0.0
  0
LINE
  5
CDA
330
17
100
AcDbEntity
  8
0
100
AcDbLine
 10
346.96
 20
-95.9419
 30
0.0
 11
334.46
 21
-95.9419
 31
0.0
  0
LINE
  5
CDB
330
17
100
AcDbEntity
  8
0
100
AcDbLine
 10
346.96
 20
-95.9419
 30
0.0
 11
334.46
 21
-95.9419
 31
0.0
  0
LINE
  5
CDC
330
17
100
AcDbEntity
  8
0
100
AcDbLine
 10
346.96
 20
-96.1419
 30
0.0
 11
346.96
 21
-95.9419
 31
0.0
  0
LINE
  5
CDD
330
17
100
AcDbEntity
  8
0
100
AcDbLine
 10
346.96
 20
-95.7419
 30
0.0
 11
346.96
 21
-95.9419
 31
0.0
  0
LINE
  5
CDE
330
17
100
AcDbEntity
  8
0
100
AcDbLine
 10
346.96
 20
-95.7419
 30
0.0
 11
346.96
 21
-95.3419
 31
0.0
  0
LINE
  5
CDF
330
17
100
AcDbEntity
  8
0
100
AcDbLine
 10
347.96
 20
-95.3419
 30
0.0
 11
347.96
 21
-96.1419
 31
0.0
  0
LINE
  5
CE0
330
17
100
AcDbEntity
  8
0
100
AcDbLine
 10
334.46
 20
-95.3419
 30
0.0
 11
334.46
 21
-95.7419
 31
0.0
  0
LINE
  5
CE1
330
17
100
AcDbEntity
  8
0
100
AcDbLine
 10
334.46
 20
-95.9419
 30
0.0
 11
334.46
 21
-95.7419
 31
0.0
  0
LINE
  5
CE2
330
17
100
AcDbEntity
  8
0
100
AcDbLine
 10
334.46
 20
-95.9419
 30
0.0
 11
334.46
 21
-96.1419
 31
0.0
  0
LINE
  5
CE3
330
17
100
AcDbEntity
  8
0
100
AcDbLine
 10
346.96
 20
-95.3419
 30
0.0
 11
346.96
 21
-96.1419
 31
0.0
  0
LINE
  5
CE4
330
17
100
AcDbEntity
  8
0
100
AcDbLine
 10
334.46
 20
-95.3419
 30
0.0
 11
334.46
 21
-96.1419
 31
0.0
  0
LINE
  5
CE5
330
17
100
AcDbEntity
  8
0
100
AcDbLine
 10
333.46
 20
-95.3419
 30
0.0
 11
333.46
 21
-96.1419
 31
0.0
  0
LINE
  5
CE6
330
17
100
AcDbEntity
  8
0
100
AcDbLine
 10
346.96
 20
-95.3419
 30
0.0
 11
334.46
 21
-95.3419
 31
0.0
  0
LINE
  5
CE7
330
17
100
AcDbEntity
  8
0
100
AcDbLine
 10
346.96
 20
-95.3419
 30
0.0
 11
347.96
 21
-95.3419
 31
0.0
  0
LINE
  5
CE8
330
17
100
AcDbEntity
  8
0
100
AcDbLine
 10
347.96
 20
-95.3419
 30
0.0
 11
333.46
 21
-95.3419
 31
0.0
  0
LINE
  5
CE9
330
17
100
AcDbEntity
  8
0
100
AcDbLine
 10
333.46
 20
-95.3419
 30
0.0
 11
334.46
 21
-95.3419
 31
0.0
  0
LINE
  5
CEA
330
17
100
AcDbEntity
  8
0
100
AcDbLine
 10
334.46
 20
-96.1419
 30
0.0
 11
333.46
 21
-96.1419
 31
0.0
  0
LINE
  5
CEB
330
17
100
AcDbEntity
  8
0
100
AcDbLine
 10
347.96
 20
-96.1419
 30
0.0
 11
333.46
 21
-96.1419
 31
0.0
  0
LINE
  5
CEC
330
17
100
AcDbEntity
  8
0
100
AcDbLine
 10
347.96
 20
-96.1419
 30
0.0
 11
346.96
 21
-96.1419
 31
0.0
  0
LINE
  5
CED
330
17
100
AcDbEntity
  8
0
100
AcDbLine
 10
346.96
 20
-96.1419
 30
0.0
 11
334.46
 21
-96.1419
 31
0.0
  0
LINE
  5
CEE
330
17
100
AcDbEntity
  8
0
100
AcDbLine
 10
362.46
 20
-95.3419
 30
0.0
 11
362.46
 21
-96.1419
 31
0.0
  0
LINE
  5
CEF
330
17
100
AcDbEntity
  8
0
100
AcDbLine
 10
362.46
 20
-95.3419
 30
0.0
 11
362.46
 21
-94.7419
 31
0.0
  0
LINE
  5
CF0
330
17
100
AcDbEntity
  8
0
100
AcDbLine
 10
363.46
 20
-94.7419
 30
0.0
 11
363.46
 21
-96.1419
 31
0.0
  0
LINE
  5
CF1
330
17
100
AcDbEntity
  8
0
100
AcDbLine
 10
333.46
 20
-94.7419
 30
0.0
 11
333.46
 21
-95.3419
 31
0.0
  0
LINE
  5
CF2
330
17
100
AcDbEntity
  8
0
100
AcDbLine
 10
333.46
 20
-96.1419
 30
0.0
 11
333.46
 21
-95.3419
 31
0.0
  0
LINE
  5
CF3
330
17
100
AcDbEntity
  8
0
100
AcDbLine
 10
362.46
 20
-94.7419
 30
0.0
 11
362.46
 21
-96.1419
 31
0.0
  0
LINE
  5
CF4
330
17
100
AcDbEntity
  8
0
100
AcDbLine
 10
333.46
 20
-94.7419
 30
0.0
 11
333.46
 21
-96.1419
 31
0.0
  0
LINE
  5
CF5
330
17
100
AcDbEntity
  8
0
100
AcDbLine
 10
332.46
 20
-96.1419
 30
0.0
 11
332.46
 21
-94.7419
 31
0.0
  0
LINE
  5
CF6
330
17
100
AcDbEntity
  8
0
100
AcDbLine
 10
363.46
 20
-96.1419
 30
0.0
 11
363.46
 21
-96.1419
 31
0.0
  0
LINE
  5
CF7
330
17
100
AcDbEntity
  8
0
100
AcDbLine
 10
362.46
 20
-94.7419
 30
0.0
 11
333.46
 21
-94.7419
 31
0.0
  0
LINE
  5
CF8
330
17
100
AcDbEntity
  8
0
100
AcDbLine
 10
362.46
 20
-94.7419
 30
0.0
 11
363.46
 21
-94.7419
 31
0.0
  0
LINE
  5
CF9
330
17
100
AcDbEntity
  8
0
100
AcDbLine
 10
363.46
 20
-94.7419
 30
0.0
 11
332.46
 21
-94.7419
 31
0.0
  0
LINE
  5
CFA
330
17
100
AcDbEntity
  8
0
100
AcDbLine
 10
332.46
 20
-94.7419
 30
0.0
 11
333.46
 21
-94.7419
 31
0.0
  0
LINE
  5
CFB
330
17
100
AcDbEntity
  8
0
100
AcDbLine
 10
333.46
 20
-96.1419
 30
0.0
 11
332.46
 21
-96.1419
 31
0.0
  0
LINE
  5
CFC
330
17
100
AcDbEntity
  8
0
100
AcDbLine
 10
363.46
 20
-96.1419
 30
0.0
 11
332.46
 21
-96.1419
 31
0.0
  0
LINE
  5
CFD
330
17
100
AcDbEntity
  8
0
100
AcDbLine
 10
363.46
 20
-96.1419
 30
0.0
 11
362.46
 21
-96.1419
 31
0.0
  0
LINE
  5
CFE
330
17
100
AcDbEntity
  8
0
100
AcDbLine
 10
362.46
 20
-96.1419
 30
0.0
 11
333.46
 21
-96.1419
 31
0.0
  0
LINE
  5
CFF
330
17
100
AcDbEntity
  8
0
100
AcDbLine
 10
190.472
 20
-126.827
 30
0.0
 11
190.472
 21
-126.627
 31
0.0
  0
LINE
  5
D00
330
17
100
AcDbEntity
  8
0
100
AcDbLine
 10
177.972
 20
-126.827
 30
0.0
 11
177.972
 21
-126.627
 31
0.0
  0
LINE
  5
D01
330
17
100
AcDbEntity
  8
0
100
AcDbLine
 10
190.472
 20
-126.827
 30
0.0
 11
177.972
 21
-126.827
 31
0.0
  0
LINE
  5
D02
330
17
100
AcDbEntity
  8
0
100
AcDbLine
 10
190.472
 20
-126.827
 30
0.0
 11
177.972
 21
-126.827
 31
0.0
  0
LINE
  5
D03
330
17
100
AcDbEntity
  8
0
100
AcDbLine
 10
177.972
 20
-126.627
 30
0.0
 11
190.472
 21
-126.627
 31
0.0
  0
LINE
  5
D04
330
17
100
AcDbEntity
  8
0
100
AcDbLine
 10
177.972
 20
-126.627
 30
0.0
 11
190.472
 21
-126.627
 31
0.0
  0
LINE
  5
D05
330
17
100
AcDbEntity
  8
0
100
AcDbLine
 10
177.972
 20
-126.427
 30
0.0
 11
177.972
 21
-126.627
 31
0.0
  0
LINE
  5
D06
330
17
100
AcDbEntity
  8
0
100
AcDbLine
 10
177.972
 20
-126.827
 30
0.0
 11
177.972
 21
-126.627
 31
0.0
  0
LINE
  5
D07
330
17
100
AcDbEntity
  8
0
100
AcDbLine
 10
177.972
 20
-126.827
 30
0.0
 11
177.972
 21
-127.227
 31
0.0
  0
LINE
  5
D08
330
17
100
AcDbEntity
  8
0
100
AcDbLine
 10
190.472
 20
-127.227
 30
0.0
 11
190.472
 21
-126.827
 31
0.0
  0
LINE
  5
D09
330
17
100
AcDbEntity
  8
0
100
AcDbLine
 10
190.472
 20
-126.627
 30
0.0
 11
190.472
 21
-126.827
 31
0.0
  0
LINE
  5
D0A
330
17
100
AcDbEntity
  8
0
100
AcDbLine
 10
190.472
 20
-126.627
 30
0.0
 11
190.472
 21
-126.427
 31
0.0
  0
LINE
  5
D0B
330
17
100
AcDbEntity
  8
0
100
AcDbLine
 10
177.972
 20
-127.227
 30
0.0
 11
177.972
 21
-126.427
 31
0.0
  0
LINE
  5
D0C
330
17
100
AcDbEntity
  8
0
100
AcDbLine
 10
190.472
 20
-127.227
 30
0.0
 11
190.472
 21
-126.427
 31
0.0
  0
LINE
  5
D0D
330
17
100
AcDbEntity
  8
0
100
AcDbLine
 10
176.972
 20
-127.227
 30
0.0
 11
176.972
 21
-126.427
 31
0.0
  0
LINE
  5
D0E
330
17
100
AcDbEntity
  8
0
100
AcDbLine
 10
177.972
 20
-127.227
 30
0.0
 11
190.472
 21
-127.227
 31
0.0
  0
LINE
  5
D0F
330
17
100
AcDbEntity
  8
0
100
AcDbLine
 10
177.972
 20
-127.227
 30
0.0
 11
176.972
 21
-127.227
 31
0.0
  0
LINE
  5
D10
330
17
100
AcDbEntity
  8
0
100
AcDbLine
 10
176.972
 20
-127.227
 30
0.0
 11
191.472
 21
-127.227
 31
0.0
  0
LINE
  5
D11
330
17
100
AcDbEntity
  8
0
100
AcDbLine
 10
191.472
 20
-127.227
 30
0.0
 11
190.472
 21
-127.227
 31
0.0
  0
LINE
  5
D12
330
17
100
AcDbEntity
  8
0
100
AcDbLine
 10
190.472
 20
-126.427
 30
0.0
 11
191.472
 21
-126.427
 31
0.0
  0
LINE
  5
D13
330
17
100
AcDbEntity
  8
0
100
AcDbLine
 10
191.472
 20
-126.427
 30
0.0
 11
176.972
 21
-126.427
 31
0.0
  0
LINE
  5
D14
330
17
100
AcDbEntity
  8
0
100
AcDbLine
 10
176.972
 20
-126.427
 30
0.0
 11
177.972
 21
-126.427
 31
0.0
  0
LINE
  5
D15
330
17
100
AcDbEntity
  8
0
100
AcDbLine
 10
177.972
 20
-126.427
 30
0.0
 11
190.472
 21
-126.427
 31
0.0
  0
LINE
  5
D16
330
17
100
AcDbEntity
  8
0
100
AcDbLine
 10
204.972
 20
-126.827
 30
0.0
 11
204.972
 21
-126.627
 31
0.0
  0
LINE
  5
D17
330
17
100
AcDbEntity
  8
0
100
AcDbLine
 10
192.472
 20
-126.827
 30
0.0
 11
192.472
 21
-126.627
 31
0.0
  0
LINE
  5
D18
330
17
100
AcDbEntity
  8
0
100
AcDbLine
 10
204.972
 20
-126.827
 30
0.0
 11
192.472
 21
-126.827
 31
0.0
  0
LINE
  5
D19
330
17
100
AcDbEntity
  8
0
100
AcDbLine
 10
204.972
 20
-126.827
 30
0.0
 11
192.472
 21
-126.827
 31
0.0
  0
LINE
  5
D1A
330
17
100
AcDbEntity
  8
0
100
AcDbLine
 10
192.472
 20
-126.627
 30
0.0
 11
204.972
 21
-126.627
 31
0.0
  0
LINE
  5
D1B
330
17
100
AcDbEntity
  8
0
100
AcDbLine
 10
192.472
 20
-126.627
 30
0.0
 11
204.972
 21
-126.627
 31
0.0
  0
LINE
  5
D1C
330
17
100
AcDbEntity
  8
0
100
AcDbLine
 10
192.472
 20
-126.427
 30
0.0
 11
192.472
 21
-126.627
 31
0.0
  0
LINE
  5
D1D
330
17
100
AcDbEntity
  8
0
100
AcDbLine
 10
192.472
 20
-126.827
 30
0.0
 11
192.472
 21
-126.627
 31
0.0
  0
LINE
  5
D1E
330
17
100
AcDbEntity
  8
0
100
AcDbLine
 10
192.472
 20
-126.827
 30
0.0
 11
192.472
 21
-127.227
 31
0.0
  0
LINE
  5
D1F
330
17
100
AcDbEntity
  8
0
100
AcDbLine
 10
191.472
 20
-127.227
 30
0.0
 11
191.472
 21
-126.427
 31
0.0
  0
LINE
  5
D20
330
17
100
AcDbEntity
  8
0
100
AcDbLine
 10
204.972
 20
-127.227
 30
0.0
 11
204.972
 21
-126.827
 31
0.0
  0
LINE
  5
D21
330
17
100
AcDbEntity
  8
0
100
AcDbLine
 10
204.972
 20
-126.627
 30
0.0
 11
204.972
 21
-126.827
 31
0.0
  0
LINE
  5
D22
330
17
100
AcDbEntity
  8
0
100
AcDbLine
 10
204.972
 20
-126.627
 30
0.0
 11
204.972
 21
-126.427
 31
0.0
  0
LINE
  5
D23
330
17
100
AcDbEntity
  8
0
100
AcDbLine
 10
192.472
 20
-127.227
 30
0.0
 11
192.472
 21
-126.427
 31
0.0
  0
LINE
  5
D24
330
17
100
AcDbEntity
  8
0
100
AcDbLine
 10
204.972
 20
-127.227
 30
0.0
 11
204.972
 21
-126.427
 31
0.0
  0
LINE
  5
D25
330
17
100
AcDbEntity
  8
0
100
AcDbLine
 10
205.972
 20
-127.227
 30
0.0
 11
205.972
 21
-126.427
 31
0.0
  0
LINE
  5
D26
330
17
100
AcDbEntity
  8
0
100
AcDbLine
 10
192.472
 20
-127.227
 30
0.0
 11
204.972
 21
-127.227
 31
0.0
  0
LINE
  5
D27
330
17
100
AcDbEntity
  8
0
100
AcDbLine
 10
192.472
 20
-127.227
 30
0.0
 11
191.472
 21
-127.227
 31
0.0
  0
LINE
  5
D28
330
17
100
AcDbEntity
  8
0
100
AcDbLine
 10
191.472
 20
-127.227
 30
0.0
 11
205.972
 21
-127.227
 31
0.0
  0
LINE
  5
D29
330
17
100
AcDbEntity
  8
0
100
AcDbLine
 10
205.972
 20
-127.227
 30
0.0
 11
204.972
 21
-127.227
 31
0.0
  0
LINE
  5
D2A
330
17
100
AcDbEntity
  8
0
100
AcDbLine
 10
204.972
 20
-126.427
 30
0.0
 11
205.972
 21
-126.427
 31
0.0
  0
LINE
  5
D2B
330
17
100
AcDbEntity
  8
0
100
AcDbLine
 10
191.472
 20
-126.427
 30
0.0
 11
205.972
 21
-126.427
 31
0.0
  0
LINE
  5
D2C
330
17
100
AcDbEntity
  8
0
100
AcDbLine
 10
191.472
 20
-126.427
 30
0.0
 11
192.472
 21
-126.427
 31
0.0
  0
LINE
  5
D2D
330
17
100
AcDbEntity
  8
0
100
AcDbLine
 10
192.472
 20
-126.427
 30
0.0
 11
204.972
 21
-126.427
 31
0.0
  0
LINE
  5
D2E
330
17
100
AcDbEntity
  8
0
100
AcDbLine
 10
176.972
 20
-127.227
 30
0.0
 11
176.972
 21
-126.427
 31
0.0
  0
LINE
  5
D2F
330
17
100
AcDbEntity
  8
0
100
AcDbLine
 10
176.972
 20
-127.227
 30
0.0
 11
176.972
 21
-127.827
 31
0.0
  0
LINE
  5
D30
330
17
100
AcDbEntity
  8
0
100
AcDbLine
 10
175.972
 20
-127.827
 30
0.0
 11
175.972
 21
-126.427
 31
0.0
  0
LINE
  5
D31
330
17
100
AcDbEntity
  8
0
100
AcDbLine
 10
205.972
 20
-127.827
 30
0.0
 11
205.972
 21
-127.227
 31
0.0
  0
LINE
  5
D32
330
17
100
AcDbEntity
  8
0
100
AcDbLine
 10
205.972
 20
-126.427
 30
0.0
 11
205.972
 21
-127.227
 31
0.0
  0
LINE
  5
D33
330
17
100
AcDbEntity
  8
0
100
AcDbLine
 10
176.972
 20
-127.827
 30
0.0
 11
176.972
 21
-126.427
 31
0.0
  0
LINE
  5
D34
330
17
100
AcDbEntity
  8
0
100
AcDbLine
 10
205.972
 20
-127.827
 30
0.0
 11
205.972
 21
-126.427
 31
0.0
  0
LINE
  5
D35
330
17
100
AcDbEntity
  8
0
100
AcDbLine
 10
206.972
 20
-126.427
 30
0.0
 11
206.972
 21
-127.827
 31
0.0
  0
LINE
  5
D36
330
17
100
AcDbEntity
  8
0
100
AcDbLine
 10
176.972
 20
-127.827
 30
0.0
 11
205.972
 21
-127.827
 31
0.0
  0
LINE
  5
D37
330
17
100
AcDbEntity
  8
0
100
AcDbLine
 10
176.972
 20
-127.827
 30
0.0
 11
175.972
 21
-127.827
 31
0.0
  0
LINE
  5
D38
330
17
100
AcDbEntity
  8
0
100
AcDbLine
 10
175.972
 20
-127.827
 30
0.0
 11
206.972
 21
-127.827
 31
0.0
  0
LINE
  5
D39
330
17
100
AcDbEntity
  8
0
100
AcDbLine
 10
206.972
 20
-127.827
 30
0.0
 11
205.972
 21
-127.827
 31
0.0
  0
LINE
  5
D3A
330
17
100
AcDbEntity
  8
0
100
AcDbLine
 10
205.972
 20
-126.427
 30
0.0
 11
206.972
 21
-126.427
 31
0.0
  0
LINE
  5
D3B
330
17
100
AcDbEntity
  8
0
100
AcDbLine
 10
175.972
 20
-126.427
 30
0.0
 11
206.972
 21
-126.427
 31
0.0
  0
LINE
  5
D3C
330
17
100
AcDbEntity
  8
0
100
AcDbLine
 10
175.972
 20
-126.427
 30
0.0
 11
176.972
 21
-126.427
 31
0.0
  0
LINE
  5
D3D
330
17
100
AcDbEntity
  8
0
100
AcDbLine
 10
176.972
 20
-126.427
 30
0.0
 11
205.972
 21
-126.427
 31
0.0
  0
LINE
  5
D3E
330
17
100
AcDbEntity
  8
0
100
AcDbLine
 10
90.4365
 20
-339.818
 30
0.0
 11
90.6365
 21
-339.818
 31
0.0
  0
LINE
  5
D3F
330
17
100
AcDbEntity
  8
0
100
AcDbLine
 10
90.4365
 20
-327.318
 30
0.0
 11
90.6365
 21
-327.318
 31
0.0
  0
LINE
  5
D40
330
17
100
AcDbEntity
  8
0
100
AcDbLine
 10
90.4365
 20
-339.818
 30
0.0
 11
90.4365
 21
-327.318
 31
0.0
  0
LINE
  5
D41
330
17
100
AcDbEntity
  8
0
100
AcDbLine
 10
90.4365
 20
-339.818
 30
0.0
 11
90.4365
 21
-327.318
 31
0.0
  0
LINE
  5
D42
330
17
100
AcDbEntity
  8
0
100
AcDbLine
 10
90.6365
 20
-327.318
 30
0.0
 11
90.6365
 21
-339.818
 31
0.0
  0
LINE
  5
D43
330
17
100
AcDbEntity
  8
0
100
AcDbLine
 10
90.6365
 20
-327.318
 30
0.0
 11
90.6365
 21
-339.818
 31
0.0
  0
LINE
  5
D44
330
17
100
AcDbEntity
  8
0
100
AcDbLine
 10
90.8365
 20
-327.318
 30
0.0
 11
90.6365
 21
-327.318
 31
0.0
  0
LINE
  5
D45
330
17
100
AcDbEntity
  8
0
100
AcDbLine
 10
90.4365
 20
-327.318
 30
0.0
 11
90.6365
 21
-327.318
 31
0.0
  0
LINE
  5
D46
330
17
100
AcDbEntity
  8
0
100
AcDbLine
 10
90.4365
 20
-327.318
 30
0.0
 11
90.0365
 21
-327.318
 31
0.0
  0
LINE
  5
D47
330
17
100
AcDbEntity
  8
0
100
AcDbLine
 10
90.0365
 20
-339.818
 30
0.0
 11
90.4365
 21
-339.818
 31
0.0
  0
LINE
  5
D48
330
17
100
AcDbEntity
  8
0
100
AcDbLine
 10
90.6365
 20
-339.818
 30
0.0
 11
90.4365
 21
-339.818
 31
0.0
  0
LINE
  5
D49
330
17
100
AcDbEntity
  8
0
100
AcDbLine
 10
90.6365
 20
-339.818
 30
0.0
 11
90.8365
 21
-339.818
 31
0.0
  0
LINE
  5
D4A
330
17
100
AcDbEntity
  8
0
100
AcDbLine
 10
90.0365
 20
-327.318
 30
0.0
 11
90.8365
 21
-327.318
 31
0.0
  0
LINE
  5
D4B
330
17
100
AcDbEntity
  8
0
100
AcDbLine
 10
90.0365
 20
-339.818
 30
0.0
 11
90.8365
 21
-339.818
 31
0.0
  0
LINE
  5
D4C
330
17
100
AcDbEntity
  8
0
100
AcDbLine
 10
90.0365
 20
-326.318
 30
0.0
 11
90.8365
 21
-326.318
 31
0.0
  0
LINE
  5
D4D
330
17
100
AcDbEntity
  8
0
100
AcDbLine
 10
90.0365
 20
-327.318
 30
0.0
 11
90.0365
 21
-339.818
 31
0.0
  0
LINE
  5
D4E
330
17
100
AcDbEntity
  8
0
100
AcDbLine
 10
90.0365
 20
-327.318
 30
0.0
 11
90.0365
 21
-326.318
 31
0.0
  0
LINE
  5
D4F
330
17
100
AcDbEntity
  8
0
100
AcDbLine
 10
90.0365
 20
-326.318
 30
0.0
 11
90.0365
 21
-340.818
 31
0.0
  0
LINE
  5
D50
330
17
100
AcDbEntity
  8
0
100
AcDbLine
 10
90.0365
 20
-340.818
 30
0.0
 11
90.0365
 21
-339.818
 31
0.0
  0
LINE
  5
D51
330
17
100
AcDbEntity
  8
0
100
AcDbLine
 10
90.8365
 20
-339.818
 30
0.0
 11
90.8365
 21
-340.818
 31
0.0
  0
LINE
  5
D52
330
17
100
AcDbEntity
  8
0
100
AcDbLine
 10
90.8365
 20
-340.818
 30
0.0
 11
90.8365
 21
-326.318
 31
0.0
  0
LINE
  5
D53
330
17
100
AcDbEntity
  8
0
100
AcDbLine
 10
90.8365
 20
-326.318
 30
0.0
 11
90.8365
 21
-327.318
 31
0.0
  0
LINE
  5
D54
330
17
100
AcDbEntity
  8
0
100
AcDbLine
 10
90.8365
 20
-327.318
 30
0.0
 11
90.8365
 21
-339.818
 31
0.0
  0
LINE
  5
D55
330
17
100
AcDbEntity
  8
0
100
AcDbLine
 10
90.4365
 20
-354.318
 30
0.0
 11
90.6365
 21
-354.318
 31
0.0
  0
LINE
  5
D56
330
17
100
AcDbEntity
  8
0
100
AcDbLine
 10
90.4365
 20
-341.818
 30
0.0
 11
90.6365
 21
-341.818
 31
0.0
  0
LINE
  5
D57
330
17
100
AcDbEntity
  8
0
100
AcDbLine
 10
90.4365
 20
-354.318
 30
0.0
 11
90.4365
 21
-341.818
 31
0.0
  0
LINE
  5
D58
330
17
100
AcDbEntity
  8
0
100
AcDbLine
 10
90.4365
 20
-354.318
 30
0.0
 11
90.4365
 21
-341.818
 31
0.0
  0
LINE
  5
D59
330
17
100
AcDbEntity
  8
0
100
AcDbLine
 10
90.6365
 20
-341.818
 30
0.0
 11
90.6365
 21
-354.318
 31
0.0
  0
LINE
  5
D5A
330
17
100
AcDbEntity
  8
0
100
AcDbLine
 10
90.6365
 20
-341.818
 30
0.0
 11
90.6365
 21
-354.318
 31
0.0
  0
LINE
  5
D5B
330
17
100
AcDbEntity
  8
0
100
AcDbLine
 10
90.8365
 20
-341.818
 30
0.0
 11
90.6365
 21
-341.818
 31
0.0
  0
LINE
  5
D5C
330
17
100
AcDbEntity
  8
0
100
AcDbLine
 10
90.4365
 20
-341.818
 30
0.0
 11
90.6365
 21
-341.818
 31
0.0
  0
LINE
  5
D5D
330
17
100
AcDbEntity
  8
0
100
AcDbLine
 10
90.4365
 20
-341.818
 30
0.0
 11
90.0365
 21
-341.818
 31
0.0
  0
LINE
  5
D5E
330
17
100
AcDbEntity
  8
0
100
AcDbLine
 10
90.0365
 20
-340.818
 30
0.0
 11
90.8365
 21
-340.818
 31
0.0
  0
LINE
  5
D5F
330
17
100
AcDbEntity
  8
0
100
AcDbLine
 10
90.0365
 20
-354.318
 30
0.0
 11
90.4365
 21
-354.318
 31
0.0
  0
LINE
  5
D60
330
17
100
AcDbEntity
  8
0
100
AcDbLine
 10
90.6365
 20
-354.318
 30
0.0
 11
90.4365
 21
-354.318
 31
0.0
  0
LINE
  5
D61
330
17
100
AcDbEntity
  8
0
100
AcDbLine
 10
90.6365
 20
-354.318
 30
0.0
 11
90.8365
 21
-354.318
 31
0.0
  0
LINE
  5
D62
330
17
100
AcDbEntity
  8
0
100
AcDbLine
 10
90.0365
 20
-341.818
 30
0.0
 11
90.8365
 21
-341.818
 31
0.0
  0
LINE
  5
D63
330
17
100
AcDbEntity
  8
0
100
AcDbLine
 10
90.0365
 20
-354.318
 30
0.0
 11
90.8365
 21
-354.318
 31
0.0
  0
LINE
  5
D64
330
17
100
AcDbEntity
  8
0
100
AcDbLine
 10
90.0365
 20
-355.318
 30
0.0
 11
90.8365
 21
-355.318
 31
0.0
  0
LINE
  5
D65
330
17
100
AcDbEntity
  8
0
100
AcDbLine
 10
90.0365
 20
-341.818
 30
0.0
 11
90.0365
 21
-354.318
 31
0.0
  0
LINE
  5
D66
330
17
100
AcDbEntity
  8
0
100
AcDbLine
 10
90.0365
 20
-341.818
 30
0.0
 11
90.0365
 21
-340.818
 31
0.0
  0
LINE
  5
D67
330
17
100
AcDbEntity
  8
0
100
AcDbLine
 10
90.0365
 20
-340.818
 30
0.0
 11
90.0365
 21
-355.318
 31
0.0
  0
LINE
  5
D68
330
17
100
AcDbEntity
  8
0
100
AcDbLine
 10
90.0365
 20
-355.318
 30
0.0
 11
90.0365
 21
-354.318
 31
0.0
  0
LINE
  5
D69
330
17
100
AcDbEntity
  8
0
100
AcDbLine
 10
90.8365
 20
-354.318
 30
0.0
 11
90.8365
 21
-355.318
 31
0.0
  0
LINE
  5
D6A
330
17
100
AcDbEntity
  8
0
100
AcDbLine
 10
90.8365
 20
-340.818
 30
0.0
 11
90.8365
 21
-355.318
 31
0.0
  0
LINE
  5
D6B
330
17
100
AcDbEntity
  8
0
100
AcDbLine
 10
90.8365
 20
-340.818
 30
0.0
 11
90.8365
 21
-341.818
 31
0.0
  0
LINE
  5
D6C
330
17
100
AcDbEntity
  8
0
100
AcDbLine
 10
90.8365
 20
-341.818
 30
0.0
 11
90.8365
 21
-354.318
 31
0.0
  0
LINE
  5
D6D
330
17
100
AcDbEntity
  8
0
100
AcDbLine
 10
90.0365
 20
-326.318
 30
0.0
 11
90.8365
 21
-326.318
 31
0.0
  0
LINE
  5
D6E
330
17
100
AcDbEntity
  8
0
100
AcDbLine
 10
90.0365
 20
-326.318
 30
0.0
 11
89.4365
 21
-326.318
 31
0.0
  0
LINE
  5
D6F
330
17
100
AcDbEntity
  8
0
100
AcDbLine
 10
89.4365
 20
-325.318
 30
0.0
 11
90.8365
 21
-325.318
 31
0.0
  0
LINE
  5
D70
330
17
100
AcDbEntity
  8
0
100
AcDbLine
 10
89.4365
 20
-355.318
 30
0.0
 11
90.0365
 21
-355.318
 31
0.0
  0
LINE
  5
D71
330
17
100
AcDbEntity
  8
0
100
AcDbLine
 10
90.8365
 20
-355.318
 30
0.0
 11
90.0365
 21
-355.318
 31
0.0
  0
LINE
  5
D72
330
17
100
AcDbEntity
  8
0
100
AcDbLine
 10
89.4365
 20
-326.318
 30
0.0
 11
90.8365
 21
-326.318
 31
0.0
  0
LINE
  5
D73
330
17
100
AcDbEntity
  8
0
100
AcDbLine
 10
89.4365
 20
-355.318
 30
0.0
 11
90.8365
 21
-355.318
 31
0.0
  0
LINE
  5
D74
330
17
100
AcDbEntity
  8
0
100
AcDbLine
 10
90.8365
 20
-356.318
 30
0.0
 11
89.4365
 21
-356.318
 31
0.0
  0
LINE
  5
D75
330
17
100
AcDbEntity
  8
0
100
AcDbLine
 10
90.6719
 20
-356.318
 30
0.0
 11
90.8365
 21
-356.318
 31
0.0
  0
LINE
  5
D76
330
17
100
AcDbEntity
  8
0
100
AcDbLine
 10
90.6719
 20
-325.318
 30
0.0
 11
90.8365
 21
-325.318
 31
0.0
  0
LINE
  5
D77
330
17
100
AcDbEntity
  8
0
100
AcDbLine
 10
89.4365
 20
-326.318
 30
0.0
 11
89.4365
 21
-355.318
 31
0.0
  0
LINE
  5
D78
330
17
100
AcDbEntity
  8
0
100
AcDbLine
 10
89.4365
 20
-326.318
 30
0.0
 11
89.4365
 21
-325.318
 31
0.0
  0
LINE
  5
D79
330
17
100
AcDbEntity
  8
0
100
AcDbLine
 10
89.4365
 20
-325.318
 30
0.0
 11
89.4365
 21
-356.318
 31
0.0
  0
LINE
  5
D7A
330
17
100
AcDbEntity
  8
0
100
AcDbLine
 10
89.4365
 20
-356.318
 30
0.0
 11
89.4365
 21
-355.318
 31
0.0
  0
LINE
  5
D7B
330
17
100
AcDbEntity
  8
0
100
AcDbLine
 10
90.8365
 20
-355.318
 30
0.0
 11
90.8365
 21
-356.318
 31
0.0
  0
LINE
  5
D7C
330
17
100
AcDbEntity
  8
0
100
AcDbLine
 10
90.8365
 20
-325.318
 30
0.0
 11
90.8365
 21
-356.318
 31
0.0
  0
LINE
  5
D7D
330
17
100
AcDbEntity
  8
0
100
AcDbLine
 10
90.8365
 20
-325.318
 30
0.0
 11
90.8365
 21
-326.318
 31
0.0
  0
LINE
  5
D7E
330
17
100
AcDbEntity
  8
0
100
AcDbLine
 10
90.8365
 20
-326.318
 30
0.0
 11
90.8365
 21
-355.318
 31
0.0
  0
LINE
  5
D7F
330
17
100
AcDbEntity
  8
0
100
AcDbLine
 10
418.7
 20
-238.941
 30
0.0
 11
418.9
 21
-238.941
 31
0.0
  0
LINE
  5
D80
330
17
100
AcDbEntity
  8
0
100
AcDbLine
 10
418.7
 20
-226.441
 30
0.0
 11
418.9
 21
-226.441
 31
0.0
  0
LINE
  5
D81
330
17
100
AcDbEntity
  8
0
100
AcDbLine
 10
418.7
 20
-238.941
 30
0.0
 11
418.7
 21
-226.441
 31
0.0
  0
LINE
  5
D82
330
17
100
AcDbEntity
  8
0
100
AcDbLine
 10
418.7
 20
-238.941
 30
0.0
 11
418.7
 21
-226.441
 31
0.0
  0
LINE
  5
D83
330
17
100
AcDbEntity
  8
0
100
AcDbLine
 10
418.9
 20
-226.441
 30
0.0
 11
418.9
 21
-238.941
 31
0.0
  0
LINE
  5
D84
330
17
100
AcDbEntity
  8
0
100
AcDbLine
 10
418.9
 20
-226.441
 30
0.0
 11
418.9
 21
-238.941
 31
0.0
  0
LINE
  5
D85
330
17
100
AcDbEntity
  8
0
100
AcDbLine
 10
419.1
 20
-226.441
 30
0.0
 11
418.9
 21
-226.441
 31
0.0
  0
LINE
  5
D86
330
17
100
AcDbEntity
  8
0
100
AcDbLine
 10
418.7
 20
-226.441
 30
0.0
 11
418.9
 21
-226.441
 31
0.0
  0
LINE
  5
D87
330
17
100
AcDbEntity
  8
0
100
AcDbLine
 10
418.7
 20
-226.441
 30
0.0
 11
418.3
 21
-226.441
 31
0.0
  0
LINE
  5
D88
330
17
100
AcDbEntity
  8
0
100
AcDbLine
 10
418.3
 20
-238.941
 30
0.0
 11
418.7
 21
-238.941
 31
0.0
  0
LINE
  5
D89
330
17
100
AcDbEntity
  8
0
100
AcDbLine
 10
418.9
 20
-238.941
 30
0.0
 11
418.7
 21
-238.941
 31
0.0
  0
LINE
  5
D8A
330
17
100
AcDbEntity
  8
0
100
AcDbLine
 10
418.9
 20
-238.941
 30
0.0
 11
419.1
 21
-238.941
 31
0.0
  0
LINE
  5
D8B
330
17
100
AcDbEntity
  8
0
100
AcDbLine
 10
418.3
 20
-226.441
 30
0.0
 11
419.1
 21
-226.441
 31
0.0
  0
LINE
  5
D8C
330
17
100
AcDbEntity
  8
0
100
AcDbLine
 10
418.3
 20
-238.941
 30
0.0
 11
419.1
 21
-238.941
 31
0.0
  0
LINE
  5
D8D
330
17
100
AcDbEntity
  8
0
100
AcDbLine
 10
418.3
 20
-225.441
 30
0.0
 11
419.1
 21
-225.441
 31
0.0
  0
LINE
  5
D8E
330
17
100
AcDbEntity
  8
0
100
AcDbLine
 10
418.3
 20
-226.441
 30
0.0
 11
418.3
 21
-238.941
 31
0.0
  0
LINE
  5
D8F
330
17
100
AcDbEntity
  8
0
100
AcDbLine
 10
418.3
 20
-226.441
 30
0.0
 11
418.3
 21
-225.441
 31
0.0
  0
LINE
  5
D90
330
17
100
AcDbEntity
  8
0
100
AcDbLine
 10
418.3
 20
-225.441
 30
0.0
 11
418.3
 21
-239.941
 31
0.0
  0
LINE
  5
D91
330
17
100
AcDbEntity
  8
0
100
AcDbLine
 10
418.3
 20
-239.941
 30
0.0
 11
418.3
 21
-238.941
 31
0.0
  0
LINE
  5
D92
330
17
100
AcDbEntity
  8
0
100
AcDbLine
 10
419.1
 20
-238.941
 30
0.0
 11
419.1
 21
-239.941
 31
0.0
  0
LINE
  5
D93
330
17
100
AcDbEntity
  8
0
100
AcDbLine
 10
419.1
 20
-239.941
 30
0.0
 11
419.1
 21
-225.441
 31
0.0
  0
LINE
  5
D94
330
17
100
AcDbEntity
  8
0
100
AcDbLine
 10
419.1
 20
-225.441
 30
0.0
 11
419.1
 21
-226.441
 31
0.0
  0
LINE
  5
D95
330
17
100
AcDbEntity
  8
0
100
AcDbLine
 10
419.1
 20
-226.441
 30
0.0
 11
419.1
 21
-238.941
 31
0.0
  0
LINE
  5
D96
330
17
100
AcDbEntity
  8
0
100
AcDbLine
 10
418.7
 20
-253.441
 30
0.0
 11
418.9
 21
-253.441
 31
0.0
  0
LINE
  5
D97
330
17
100
AcDbEntity
  8
0
100
AcDbLine
 10
418.7
 20
-240.941
 30
0.0
 11
418.9
 21
-240.941
 31
0.0
  0
LINE
  5
D98
330
17
100
AcDbEntity
  8
0
100
AcDbLine
 10
418.7
 20
-253.441
 30
0.0
 11
418.7
 21
-240.941
 31
0.0
  0
LINE
  5
D99
330
17
100
AcDbEntity
  8
0
100
AcDbLine
 10
418.7
 20
-253.441
 30
0.0
 11
418.7
 21
-240.941
 31
0.0
  0
LINE
  5
D9A
330
17
100
AcDbEntity
  8
0
100
AcDbLine
 10
418.9
 20
-240.941
 30
0.0
 11
418.9
 21
-253.441
 31
0.0
  0
LINE
  5
D9B
330
17
100
AcDbEntity
  8
0
100
AcDbLine
 10
418.9
 20
-240.941
 30
0.0
 11
418.9
 21
-253.441
 31
0.0
  0
LINE
  5
D9C
330
17
100
AcDbEntity
  8
0
100
AcDbLine
 10
419.1
 20
-240.941
 30
0.0
 11
418.9
 21
-240.941
 31
0.0
  0
LINE
  5
D9D
330
17
100
AcDbEntity
  8
0
100
AcDbLine
 10
418.7
 20
-240.941
 30
0.0
 11
418.9
 21
-240.941
 31
0.0
  0
LINE
  5
D9E
330
17
100
AcDbEntity
  8
0
100
AcDbLine
 10
418.7
 20
-240.941
 30
0.0
 11
418.3
 21
-240.941
 31
0.0
  0
LINE
  5
D9F
330
17
100
AcDbEntity
  8
0
100
AcDbLine
 10
418.3
 20
-239.941
 30
0.0
 11
419.1
 21
-239.941
 31
0.0
  0
LINE
  5
DA0
330
17
100
AcDbEntity
  8
0
100
AcDbLine
 10
418.3
 20
-253.441
 30
0.0
 11
418.7
 21
-253.441
 31
0.0
  0
LINE
  5
DA1
330
17
100
AcDbEntity
  8
0
100
AcDbLine
 10
418.9
 20
-253.441
 30
0.0
 11
418.7
 21
-253.441
 31
0.0
  0
LINE
  5
DA2
330
17
100
AcDbEntity
  8
0
100
AcDbLine
 10
418.9
 20
-253.441
 30
0.0
 11
419.1
 21
-253.441
 31
0.0
  0
LINE
  5
DA3
330
17
100
AcDbEntity
  8
0
100
AcDbLine
 10
418.3
 20
-240.941
 30
0.0
 11
419.1
 21
-240.941
 31
0.0
  0
LINE
  5
DA4
330
17
100
AcDbEntity
  8
0
100
AcDbLine
 10
418.3
 20
-253.441
 30
0.0
 11
419.1
 21
-253.441
 31
0.0
  0
LINE
  5
DA5
330
17
100
AcDbEntity
  8
0
100
AcDbLine
 10
418.3
 20
-254.441
 30
0.0
 11
419.1
 21
-254.441
 31
0.0
  0
LINE
  5
DA6
330
17
100
AcDbEntity
  8
0
100
AcDbLine
 10
418.3
 20
-240.941
 30
0.0
 11
418.3
 21
-253.441
 31
0.0
  0
LINE
  5
DA7
330
17
100
AcDbEntity
  8
0
100
AcDbLine
 10
418.3
 20
-240.941
 30
0.0
 11
418.3
 21
-239.941
 31
0.0
  0
LINE
  5
DA8
330
17
100
AcDbEntity
  8
0
100
AcDbLine
 10
418.3
 20
-239.941
 30
0.0
 11
418.3
 21
-254.441
 31
0.0
  0
LINE
  5
DA9
330
17
100
AcDbEntity
  8
0
100
AcDbLine
 10
418.3
 20
-254.441
 30
0.0
 11
418.3
 21
-253.441
 31
0.0
  0
LINE
  5
DAA
330
17
100
AcDbEntity
  8
0
100
AcDbLine
 10
419.1
 20
-253.441
 30
0.0
 11
419.1
 21
-254.441
 31
0.0
  0
LINE
  5
DAB
330
17
100
AcDbEntity
  8
0
100
AcDbLine
 10
419.1
 20
-239.941
 30
0.0
 11
419.1
 21
-254.441
 31
0.0
  0
LINE
  5
DAC
330
17
100
AcDbEntity
  8
0
100
AcDbLine
 10
419.1
 20
-239.941
 30
0.0
 11
419.1
 21
-240.941
 31
0.0
  0
LINE
  5
DAD
330
17
100
AcDbEntity
  8
0
100
AcDbLine
 10
419.1
 20
-240.941
 30
0.0
 11
419.1
 21
-253.441
 31
0.0
  0
LINE
  5
DAE
330
17
100
AcDbEntity
  8
0
100
AcDbLine
 10
418.3
 20
-225.441
 30
0.0
 11
419.1
 21
-225.441
 31
0.0
  0
LINE
  5
DAF
330
17
100
AcDbEntity
  8
0
100
AcDbLine
 10
418.3
 20
-225.441
 30
0.0
 11
417.7
 21
-225.441
 31
0.0
  0
LINE
  5
DB0
330
17
100
AcDbEntity
  8
0
100
AcDbLine
 10
417.7
 20
-224.441
 30
0.0
 11
419.1
 21
-224.441
 31
0.0
  0
LINE
  5
DB1
330
17
100
AcDbEntity
  8
0
100
AcDbLine
 10
417.7
 20
-254.441
 30
0.0
 11
418.3
 21
-254.441
 31
0.0
  0
LINE
  5
DB2
330
17
100
AcDbEntity
  8
0
100
AcDbLine
 10
419.1
 20
-254.441
 30
0.0
 11
418.3
 21
-254.441
 31
0.0
  0
LINE
  5
DB3
330
17
100
AcDbEntity
  8
0
100
AcDbLine
 10
417.7
 20
-225.441
 30
0.0
 11
419.1
 21
-225.441
 31
0.0
  0
LINE
  5
DB4
330
17
100
AcDbEntity
  8
0
100
AcDbLine
 10
417.7
 20
-254.441
 30
0.0
 11
419.1
 21
-254.441
 31
0.0
  0
LINE
  5
DB5
330
17
100
AcDbEntity
  8
0
100
AcDbLine
 10
419.1
 20
-255.441
 30
0.0
 11
417.7
 21
-255.441
 31
0.0
  0
LINE
  5
DB6
330
17
100
AcDbEntity
  8
0
100
AcDbLine
 10
417.7
 20
-225.441
 30
0.0
 11
417.7
 21
-254.441
 31
0.0
  0
LINE
  5
DB7
330
17
100
AcDbEntity
  8
0
100
AcDbLine
 10
417.7
 20
-225.441
 30
0.0
 11
417.7
 21
-224.441
 31
0.0
  0
LINE
  5
DB8
330
17
100
AcDbEntity
  8
0
100
AcDbLine
 10
417.7
 20
-224.441
 30
0.0
 11
417.7
 21
-255.441
 31
0.0
  0
LINE
  5
DB9
330
17
100
AcDbEntity
  8
0
100
AcDbLine
 10
417.7
 20
-255.441
 30
0.0
 11
417.7
 21
-254.441
 31
0.0
  0
LINE
  5
DBA
330
17
100
AcDbEntity
  8
0
100
AcDbLine
 10
419.1
 20
-254.441
 30
0.0
 11
419.1
 21
-255.441
 31
0.0
  0
LINE
  5
DBB
330
17
100
AcDbEntity
  8
0
100
AcDbLine
 10
419.1
 20
-224.441
 30
0.0
 11
419.1
 21
-255.441
 31
0.0
  0
LINE
  5
DBC
330
17
100
AcDbEntity
  8
0
100
AcDbLine
 10
419.1
 20
-224.441
 30
0.0
 11
419.1
 21
-225.441
 31
0.0
  0
LINE
  5
DBD
330
17
100
AcDbEntity
  8
0
100
AcDbLine
 10
419.1
 20
-225.441
 30
0.0
 11
419.1
 21
-254.441
 31
0.0
  0
LINE
  5
DBE
330
17
100
AcDbEntity
  8
0
100
AcDbLine
 10
439.134
 20
-95.1419
 30
0.0
 11
439.134
 21
-94.9419
 31
0.0
  0
LINE
  5
DBF
330
17
100
AcDbEntity
  8
0
100
AcDbLine
 10
426.634
 20
-95.1419
 30
0.0
 11
426.634
 21
-94.9419
 31
0.0
  0
LINE
  5
DC0
330
17
100
AcDbEntity
  8
0
100
AcDbLine
 10
439.134
 20
-95.1419
 30
0.0
 11
426.634
 21
-95.1419
 31
0.0
  0
LINE
  5
DC1
330
17
100
AcDbEntity
  8
0
100
AcDbLine
 10
439.134
 20
-95.1419
 30
0.0
 11
426.634
 21
-95.1419
 31
0.0
  0
LINE
  5
DC2
330
17
100
AcDbEntity
  8
0
100
AcDbLine
 10
426.634
 20
-94.9419
 30
0.0
 11
439.134
 21
-94.9419
 31
0.0
  0
LINE
  5
DC3
330
17
100
AcDbEntity
  8
0
100
AcDbLine
 10
426.634
 20
-94.9419
 30
0.0
 11
439.134
 21
-94.9419
 31
0.0
  0
LINE
  5
DC4
330
17
100
AcDbEntity
  8
0
100
AcDbLine
 10
426.634
 20
-94.7419
 30
0.0
 11
426.634
 21
-94.9419
 31
0.0
  0
LINE
  5
DC5
330
17
100
AcDbEntity
  8
0
100
AcDbLine
 10
426.634
 20
-95.1419
 30
0.0
 11
426.634
 21
-94.9419
 31
0.0
  0
LINE
  5
DC6
330
17
100
AcDbEntity
  8
0
100
AcDbLine
 10
426.634
 20
-95.1419
 30
0.0
 11
426.634
 21
-95.5419
 31
0.0
  0
LINE
  5
DC7
330
17
100
AcDbEntity
  8
0
100
AcDbLine
 10
439.134
 20
-95.5419
 30
0.0
 11
439.134
 21
-95.1419
 31
0.0
  0
LINE
  5
DC8
330
17
100
AcDbEntity
  8
0
100
AcDbLine
 10
439.134
 20
-94.9419
 30
0.0
 11
439.134
 21
-95.1419
 31
0.0
  0
LINE
  5
DC9
330
17
100
AcDbEntity
  8
0
100
AcDbLine
 10
439.134
 20
-94.9419
 30
0.0
 11
439.134
 21
-94.7419
 31
0.0
  0
LINE
  5
DCA
330
17
100
AcDbEntity
  8
0
100
AcDbLine
 10
426.634
 20
-95.5419
 30
0.0
 11
426.634
 21
-94.7419
 31
0.0
  0
LINE
  5
DCB
330
17
100
AcDbEntity
  8
0
100
AcDbLine
 10
439.134
 20
-95.5419
 30
0.0
 11
439.134
 21
-94.7419
 31
0.0
  0
LINE
  5
DCC
330
17
100
AcDbEntity
  8
0
100
AcDbLine
 10
425.634
 20
-95.5419
 30
0.0
 11
425.634
 21
-94.7419
 31
0.0
  0
LINE
  5
DCD
330
17
100
AcDbEntity
  8
0
100
AcDbLine
 10
426.634
 20
-95.5419
 30
0.0
 11
439.134
 21
-95.5419
 31
0.0
  0
LINE
  5
DCE
330
17
100
AcDbEntity
  8
0
100
AcDbLine
 10
426.634
 20
-95.5419
 30
0.0
 11
425.634
 21
-95.5419
 31
0.0
  0
LINE
  5
DCF
330
17
100
AcDbEntity
  8
0
100
AcDbLine
 10
425.634
 20
-95.5419
 30
0.0
 11
440.134
 21
-95.5419
 31
0.0
  0
LINE
  5
DD0
330
17
100
AcDbEntity
  8
0
100
AcDbLine
 10
440.134
 20
-95.5419
 30
0.0
 11
439.134
 21
-95.5419
 31
0.0
  0
LINE
  5
DD1
330
17
100
AcDbEntity
  8
0
100
AcDbLine
 10
439.134
 20
-94.7419
 30
0.0
 11
440.134
 21
-94.7419
 31
0.0
  0
LINE
  5
DD2
330
17
100
AcDbEntity
  8
0
100
AcDbLine
 10
440.134
 20
-94.7419
 30
0.0
 11
425.634
 21
-94.7419
 31
0.0
  0
LINE
  5
DD3
330
17
100
AcDbEntity
  8
0
100
AcDbLine
 10
425.634
 20
-94.7419
 30
0.0
 11
426.634
 21
-94.7419
 31
0.0
  0
LINE
  5
DD4
330
17
100
AcDbEntity
  8
0
100
AcDbLine
 10
426.634
 20
-94.7419
 30
0.0
 11
439.134
 21
-94.7419
 31
0.0
  0
LINE
  5
DD5
330
17
100
AcDbEntity
  8
0
100
AcDbLine
 10
453.634
 20
-95.1419
 30
0.0
 11
453.634
 21
-94.9419
 31
0.0
  0
LINE
  5
DD6
330
17
100
AcDbEntity
  8
0
100
AcDbLine
 10
441.134
 20
-95.1419
 30
0.0
 11
441.134
 21
-94.9419
 31
0.0
  0
LINE
  5
DD7
330
17
100
AcDbEntity
  8
0
100
AcDbLine
 10
453.634
 20
-95.1419
 30
0.0
 11
441.134
 21
-95.1419
 31
0.0
  0
LINE
  5
DD8
330
17
100
AcDbEntity
  8
0
100
AcDbLine
 10
453.634
 20
-95.1419
 30
0.0
 11
441.134
 21
-95.1419
 31
0.0
  0
LINE
  5
DD9
330
17
100
AcDbEntity
  8
0
100
AcDbLine
 10
441.134
 20
-94.9419
 30
0.0
 11
453.634
 21
-94.9419
 31
0.0
  0
LINE
  5
DDA
330
17
100
AcDbEntity
  8
0
100
AcDbLine
 10
441.134
 20
-94.9419
 30
0.0
 11
453.634
 21
-94.9419
 31
0.0
  0
LINE
  5
DDB
330
17
100
AcDbEntity
  8
0
100
AcDbLine
 10
441.134
 20
-94.7419
 30
0.0
 11
441.134
 21
-94.9419
 31
0.0
  0
LINE
  5
DDC
330
17
100
AcDbEntity
  8
0
100
AcDbLine
 10
441.134
 20
-95.1419
 30
0.0
 11
441.134
 21
-94.9419
 31
0.0
  0
LINE
  5
DDD
330
17
100
AcDbEntity
  8
0
100
AcDbLine
 10
441.134
 20
-95.1419
 30
0.0
 11
441.134
 21
-95.5419
 31
0.0
  0
LINE
  5
DDE
330
17
100
AcDbEntity
  8
0
100
AcDbLine
 10
440.134
 20
-95.5419
 30
0.0
 11
440.134
 21
-94.7419
 31
0.0
  0
LINE
  5
DDF
330
17
100
AcDbEntity
  8
0
100
AcDbLine
 10
453.634
 20
-95.5419
 30
0.0
 11
453.634
 21
-95.1419
 31
0.0
  0
LINE
  5
DE0
330
17
100
AcDbEntity
  8
0
100
AcDbLine
 10
453.634
 20
-94.9419
 30
0.0
 11
453.634
 21
-95.1419
 31
0.0
  0
LINE
  5
DE1
330
17
100
AcDbEntity
  8
0
100
AcDbLine
 10
453.634
 20
-94.9419
 30
0.0
 11
453.634
 21
-94.7419
 31
0.0
  0
LINE
  5
DE2
330
17
100
AcDbEntity
  8
0
100
AcDbLine
 10
441.134
 20
-95.5419
 30
0.0
 11
441.134
 21
-94.7419
 31
0.0
  0
LINE
  5
DE3
330
17
100
AcDbEntity
  8
0
100
AcDbLine
 10
453.634
 20
-95.5419
 30
0.0
 11
453.634
 21
-94.7419
 31
0.0
  0
LINE
  5
DE4
330
17
100
AcDbEntity
  8
0
100
AcDbLine
 10
454.634
 20
-95.5419
 30
0.0
 11
454.634
 21
-94.7419
 31
0.0
  0
LINE
  5
DE5
330
17
100
AcDbEntity
  8
0
100
AcDbLine
 10
441.134
 20
-95.5419
 30
0.0
 11
453.634
 21
-95.5419
 31
0.0
  0
LINE
  5
DE6
330
17
100
AcDbEntity
  8
0
100
AcDbLine
 10
441.134
 20
-95.5419
 30
0.0
 11
440.134
 21
-95.5419
 31
0.0
  0
LINE
  5
DE7
330
17
100
AcDbEntity
  8
0
100
AcDbLine
 10
440.134
 20
-95.5419
 30
0.0
 11
454.634
 21
-95.5419
 31
0.0
  0
LINE
  5
DE8
330
17
100
AcDbEntity
  8
0
100
AcDbLine
 10
454.634
 20
-95.5419
 30
0.0
 11
453.634
 21
-95.5419
 31
0.0
  0
LINE
  5
DE9
330
17
100
AcDbEntity
  8
0
100
AcDbLine
 10
453.634
 20
-94.7419
 30
0.0
 11
454.634
 21
-94.7419
 31
0.0
  0
LINE
  5
DEA
330
17
100
AcDbEntity
  8
0
100
AcDbLine
 10
440.134
 20
-94.7419
 30
0.0
 11
454.634
 21
-94.7419
 31
0.0
  0
LINE
  5
DEB
330
17
100
AcDbEntity
  8
0
100
AcDbLine
 10
440.134
 20
-94.7419
 30
0.0
 11
441.134
 21
-94.7419
 31
0.0
  0
LINE
  5
DEC
330
17
100
AcDbEntity
  8
0
100
AcDbLine
 10
441.134
 20
-94.7419
 30
0.0
 11
453.634
 21
-94.7419
 31
0.0
  0
LINE
  5
DED
330
17
100
AcDbEntity
  8
0
100
AcDbLine
 10
425.634
 20
-95.5419
 30
0.0
 11
425.634
 21
-94.7419
 31
0.0
  0
LINE
  5
DEE
330
17
100
AcDbEntity
  8
0
100
AcDbLine
 10
425.634
 20
-95.5419
 30
0.0
 11
425.634
 21
-96.1419
 31
0.0
  0
LINE
  5
DEF
330
17
100
AcDbEntity
  8
0
100
AcDbLine
 10
424.634
 20
-96.1419
 30
0.0
 11
424.634
 21
-94.7419
 31
0.0
  0
LINE
  5
DF0
330
17
100
AcDbEntity
  8
0
100
AcDbLine
 10
454.634
 20
-96.1419
 30
0.0
 11
454.634
 21
-95.5419
 31
0.0
  0
LINE
  5
DF1
330
17
100
AcDbEntity
  8
0
100
AcDbLine
 10
454.634
 20
-94.7419
 30
0.0
 11
454.634
 21
-95.5419
 31
0.0
  0
LINE
  5
DF2
330
17
100
AcDbEntity
  8
0
100
AcDbLine
 10
425.634
 20
-96.1419
 30
0.0
 11
425.634
 21
-94.7419
 31
0.0
  0
LINE
  5
DF3
330
17
100
AcDbEntity
  8
0
100
AcDbLine
 10
454.634
 20
-96.1419
 30
0.0
 11
454.634
 21
-94.7419
 31
0.0
  0
LINE
  5
DF4
330
17
100
AcDbEntity
  8
0
100
AcDbLine
 10
455.634
 20
-94.7419
 30
0.0
 11
455.634
 21
-96.1419
 31
0.0
  0
LINE
  5
DF5
330
17
100
AcDbEntity
  8
0
100
AcDbLine
 10
455.634
 20
-96.1419
 30
0.0
 11
455.634
 21
-96.1419
 31
0.0
  0
LINE
  5
DF6
330
17
100
AcDbEntity
  8
0
100
AcDbLine
 10
424.634
 20
-96.1419
 30
0.0
 11
424.634
 21
-96.1419
 31
0.0
  0
LINE
  5
DF7
330
17
100
AcDbEntity
  8
0
100
AcDbLine
 10
425.634
 20
-96.1419
 30
0.0
 11
454.634
 21
-96.1419
 31
0.0
  0
LINE
  5
DF8
330
17
100
AcDbEntity
  8
0
100
AcDbLine
 10
425.634
 20
-96.1419
 30
0.0
 11
424.634
 21
-96.1419
 31
0.0
  0
LINE
  5
DF9
330
17
100
AcDbEntity
  8
0
100
AcDbLine
 10
424.634
 20
-96.1419
 30
0.0
 11
455.634
 21
-96.1419
 31
0.0
  0
LINE
  5
DFA
330
17
100
AcDbEntity
  8
0
100
AcDbLine
 10
455.634
 20
-96.1419
 30
0.0
 11
454.634
 21
-96.1419
 31
0.0
  0
LINE
  5
DFB
330
17
100
AcDbEntity
  8
0
100
AcDbLine
 10
454.634
 20
-94.7419
 30
0.0
 11
455.634
 21
-94.7419
 31
0.0
  0
LINE
  5
DFC
330
17
100
AcDbEntity
  8
0
100
AcDbLine
 10
424.634
 20
-94.7419
 30
0.0
 11
455.634
 21
-94.7419
 31
0.0
  0
LINE
  5
DFD
330
17
100
AcDbEntity
  8
0
100
AcDbLine
 10
424.634
 20
-94.7419
 30
0.0
 11
425.634
 21
-94.7419
 31
0.0
  0
LINE
  5
DFE
330
17
100
AcDbEntity
  8
0
100
AcDbLine
 10
425.634
 20
-94.7419
 30
0.0
 11
454.634
 21
-94.7419
 31
0.0
  0
LINE
  5
DFF
330
17
100
AcDbEntity
  8
0
100
AcDbLine
 10
493.701
 20
-95.7419
 30
0.0
 11
493.701
 21
-95.9419
 31
0.0
  0
LINE
  5
E00
330
17
100
AcDbEntity
  8
0
100
AcDbLine
 10
506.201
 20
-95.7419
 30
0.0
 11
506.201
 21
-95.9419
 31
0.0
  0
LINE
  5
E01
330
17
100
AcDbEntity
  8
0
100
AcDbLine
 10
493.701
 20
-95.7419
 30
0.0
 11
506.201
 21
-95.7419
 31
0.0
  0
LINE
  5
E02
330
17
100
AcDbEntity
  8
0
100
AcDbLine
 10
493.701
 20
-95.7419
 30
0.0
 11
506.201
 21
-95.7419
 31
0.0
  0
LINE
  5
E03
330
17
100
AcDbEntity
  8
0
100
AcDbLine
 10
506.201
 20
-95.9419
 30
0.0
 11
493.701
 21
-95.9419
 31
0.0
  0
LINE
  5
E04
330
17
100
AcDbEntity
  8
0
100
AcDbLine
 10
506.201
 20
-95.9419
 30
0.0
 11
493.701
 21
-95.9419
 31
0.0
  0
LINE
  5
E05
330
17
100
AcDbEntity
  8
0
100
AcDbLine
 10
506.201
 20
-96.1419
 30
0.0
 11
506.201
 21
-95.9419
 31
0.0
  0
LINE
  5
E06
330
17
100
AcDbEntity
  8
0
100
AcDbLine
 10
506.201
 20
-95.7419
 30
0.0
 11
506.201
 21
-95.9419
 31
0.0
  0
LINE
  5
E07
330
17
100
AcDbEntity
  8
0
100
AcDbLine
 10
506.201
 20
-95.7419
 30
0.0
 11
506.201
 21
-95.3419
 31
0.0
  0
LINE
  5
E08
330
17
100
AcDbEntity
  8
0
100
AcDbLine
 10
493.701
 20
-95.3419
 30
0.0
 11
493.701
 21
-95.7419
 31
0.0
  0
LINE
  5
E09
330
17
100
AcDbEntity
  8
0
100
AcDbLine
 10
493.701
 20
-95.9419
 30
0.0
 11
493.701
 21
-95.7419
 31
0.0
  0
LINE
  5
E0A
330
17
100
AcDbEntity
  8
0
100
AcDbLine
 10
493.701
 20
-95.9419
 30
0.0
 11
493.701
 21
-96.1419
 31
0.0
  0
LINE
  5
E0B
330
17
100
AcDbEntity
  8
0
100
AcDbLine
 10
506.201
 20
-95.3419
 30
0.0
 11
506.201
 21
-96.1419
 31
0.0
  0
LINE
  5
E0C
330
17
100
AcDbEntity
  8
0
100
AcDbLine
 10
493.701
 20
-95.3419
 30
0.0
 11
493.701
 21
-96.1419
 31
0.0
  0
LINE
  5
E0D
330
17
100
AcDbEntity
  8
0
100
AcDbLine
 10
507.201
 20
-95.3419
 30
0.0
 11
507.201
 21
-96.1419
 31
0.0
  0
LINE
  5
E0E
330
17
100
AcDbEntity
  8
0
100
AcDbLine
 10
506.201
 20
-95.3419
 30
0.0
 11
493.701
 21
-95.3419
 31
0.0
  0
LINE
  5
E0F
330
17
100
AcDbEntity
  8
0
100
AcDbLine
 10
506.201
 20
-95.3419
 30
0.0
 11
507.201
 21
-95.3419
 31
0.0
  0
LINE
  5
E10
330
17
100
AcDbEntity
  8
0
100
AcDbLine
 10
507.201
 20
-95.3419
 30
0.0
 11
492.701
 21
-95.3419
 31
0.0
  0
LINE
  5
E11
330
17
100
AcDbEntity
  8
0
100
AcDbLine
 10
492.701
 20
-95.3419
 30
0.0
 11
493.701
 21
-95.3419
 31
0.0
  0
LINE
  5
E12
330
17
100
AcDbEntity
  8
0
100
AcDbLine
 10
493.701
 20
-96.1419
 30
0.0
 11
492.701
 21
-96.1419
 31
0.0
  0
LINE
  5
E13
330
17
100
AcDbEntity
  8
0
100
AcDbLine
 10
492.701
 20
-96.1419
 30
0.0
 11
507.201
 21
-96.1419
 31
0.0
  0
LINE
  5
E14
330
17
100
AcDbEntity
  8
0
100
AcDbLine
 10
507.201
 20
-96.1419
 30
0.0
 11
506.201
 21
-96.1419
 31
0.0
  0
LINE
  5
E15
330
17
100
AcDbEntity
  8
0
100
AcDbLine
 10
506.201
 20
-96.1419
 30
0.0
 11
493.701
 21
-96.1419
 31
0.0
  0
LINE
  5
E16
330
17
100
AcDbEntity
  8
0
100
AcDbLine
 10
479.201
 20
-95.7419
 30
0.0
 11
479.201
 21
-95.9419
 31
0.0
  0
LINE
  5
E17
330
17
100
AcDbEntity
  8
0
100
AcDbLine
 10
491.701
 20
-95.7419
 30
0.0
 11
491.701
 21
-95.9419
 31
0.0
  0
LINE
  5
E18
330
17
100
AcDbEntity
  8
0
100
AcDbLine
 10
479.201
 20
-95.7419
 30
0.0
 11
491.701
 21
-95.7419
 31
0.0
  0
LINE
  5
E19
330
17
100
AcDbEntity
  8
0
100
AcDbLine
 10
479.201
 20
-95.7419
 30
0.0
 11
491.701
 21
-95.7419
 31
0.0
  0
LINE
  5
E1A
330
17
100
AcDbEntity
  8
0
100
AcDbLine
 10
491.701
 20
-95.9419
 30
0.0
 11
479.201
 21
-95.9419
 31
0.0
  0
LINE
  5
E1B
330
17
100
AcDbEntity
  8
0
100
AcDbLine
 10
491.701
 20
-95.9419
 30
0.0
 11
479.201
 21
-95.9419
 31
0.0
  0
LINE
  5
E1C
330
17
100
AcDbEntity
  8
0
100
AcDbLine
 10
491.701
 20
-96.1419
 30
0.0
 11
491.701
 21
-95.9419
 31
0.0
  0
LINE
  5
E1D
330
17
100
AcDbEntity
  8
0
100
AcDbLine
 10
491.701
 20
-95.7419
 30
0.0
 11
491.701
 21
-95.9419
 31
0.0
  0
LINE
  5
E1E
330
17
100
AcDbEntity
  8
0
100
AcDbLine
 10
491.701
 20
-95.7419
 30
0.0
 11
491.701
 21
-95.3419
 31
0.0
  0
LINE
  5
E1F
330
17
100
AcDbEntity
  8
0
100
AcDbLine
 10
492.701
 20
-95.3419
 30
0.0
 11
492.701
 21
-96.1419
 31
0.0
  0
LINE
  5
E20
330
17
100
AcDbEntity
  8
0
100
AcDbLine
 10
479.201
 20
-95.3419
 30
0.0
 11
479.201
 21
-95.7419
 31
0.0
  0
LINE
  5
E21
330
17
100
AcDbEntity
  8
0
100
AcDbLine
 10
479.201
 20
-95.9419
 30
0.0
 11
479.201
 21
-95.7419
 31
0.0
  0
LINE
  5
E22
330
17
100
AcDbEntity
  8
0
100
AcDbLine
 10
479.201
 20
-95.9419
 30
0.0
 11
479.201
 21
-96.1419
 31
0.0
  0
LINE
  5
E23
330
17
100
AcDbEntity
  8
0
100
AcDbLine
 10
491.701
 20
-95.3419
 30
0.0
 11
491.701
 21
-96.1419
 31
0.0
  0
LINE
  5
E24
330
17
100
AcDbEntity
  8
0
100
AcDbLine
 10
479.201
 20
-95.3419
 30
0.0
 11
479.201
 21
-96.1419
 31
0.0
  0
LINE
  5
E25
330
17
100
AcDbEntity
  8
0
100
AcDbLine
 10
478.201
 20
-95.3419
 30
0.0
 11
478.201
 21
-96.1419
 31
0.0
  0
LINE
  5
E26
330
17
100
AcDbEntity
  8
0
100
AcDbLine
 10
491.701
 20
-95.3419
 30
0.0
 11
479.201
 21
-95.3419
 31
0.0
  0
LINE
  5
E27
330
17
100
AcDbEntity
  8
0
100
AcDbLine
 10
491.701
 20
-95.3419
 30
0.0
 11
492.701
 21
-95.3419
 31
0.0
  0
LINE
  5
E28
330
17
100
AcDbEntity
  8
0
100
AcDbLine
 10
492.701
 20
-95.3419
 30
0.0
 11
478.201
 21
-95.3419
 31
0.0
  0
LINE
  5
E29
330
17
100
AcDbEntity
  8
0
100
AcDbLine
 10
478.201
 20
-95.3419
 30
0.0
 11
479.201
 21
-95.3419
 31
0.0
  0
LINE
  5
E2A
330
17
100
AcDbEntity
  8
0
100
AcDbLine
 10
479.201
 20
-96.1419
 30
0.0
 11
478.201
 21
-96.1419
 31
0.0
  0
LINE
  5
E2B
330
17
100
AcDbEntity
  8
0
100
AcDbLine
 10
492.701
 20
-96.1419
 30
0.0
 11
478.201
 21
-96.1419
 31
0.0
  0
LINE
  5
E2C
330
17
100
AcDbEntity
  8
0
100
AcDbLine
 10
492.701
 20
-96.1419
 30
0.0
 11
491.701
 21
-96.1419
 31
0.0
  0
LINE
  5
E2D
330
17
100
AcDbEntity
  8
0
100
AcDbLine
 10
491.701
 20
-96.1419
 30
0.0
 11
479.201
 21
-96.1419
 31
0.0
  0
LINE
  5
E2E
330
17
100
AcDbEntity
  8
0
100
AcDbLine
 10
507.201
 20
-95.3419
 30
0.0
 11
507.201
 21
-96.1419
 31
0.0
  0
LINE
  5
E2F
330
17
100
AcDbEntity
  8
0
100
AcDbLine
 10
507.201
 20
-95.3419
 30
0.0
 11
507.201
 21
-94.7419
 31
0.0
  0
LINE
  5
E30
330
17
100
AcDbEntity
  8
0
100
AcDbLine
 10
508.201
 20
-94.7419
 30
0.0
 11
508.201
 21
-96.1419
 31
0.0
  0
LINE
  5
E31
330
17
100
AcDbEntity
  8
0
100
AcDbLine
 10
478.201
 20
-94.7419
 30
0.0
 11
478.201
 21
-95.3419
 31
0.0
  0
LINE
  5
E32
330
17
100
AcDbEntity
  8
0
100
AcDbLine
 10
478.201
 20
-96.1419
 30
0.0
 11
478.201
 21
-95.3419
 31
0.0
  0
LINE
  5
E33
330
17
100
AcDbEntity
  8
0
100
AcDbLine
 10
507.201
 20
-94.7419
 30
0.0
 11
507.201
 21
-96.1419
 31
0.0
  0
LINE
  5
E34
330
17
100
AcDbEntity
  8
0
100
AcDbLine
 10
478.201
 20
-94.7419
 30
0.0
 11
478.201
 21
-96.1419
 31
0.0
  0
LINE
  5
E35
330
17
100
AcDbEntity
  8
0
100
AcDbLine
 10
477.201
 20
-96.1419
 30
0.0
 11
477.201
 21
-94.7419
 31
0.0
  0
LINE
  5
E36
330
17
100
AcDbEntity
  8
0
100
AcDbLine
 10
507.201
 20
-94.7419
 30
0.0
 11
478.201
 21
-94.7419
 31
0.0
  0
LINE
  5
E37
330
17
100
AcDbEntity
  8
0
100
AcDbLine
 10
507.201
 20
-94.7419
 30
0.0
 11
508.201
 21
-94.7419
 31
0.0
  0
LINE
  5
E38
330
17
100
AcDbEntity
  8
0
100
AcDbLine
 10
508.201
 20
-94.7419
 30
0.0
 11
477.201
 21
-94.7419
 31
0.0
  0
LINE
  5
E39
330
17
100
AcDbEntity
  8
0
100
AcDbLine
 10
477.201
 20
-94.7419
 30
0.0
 11
478.201
 21
-94.7419
 31
0.0
  0
LINE
  5
E3A
330
17
100
AcDbEntity
  8
0
100
AcDbLine
 10
478.201
 20
-96.1419
 30
0.0
 11
477.201
 21
-96.1419
 31
0.0
  0
LINE
  5
E3B
330
17
100
AcDbEntity
  8
0
100
AcDbLine
 10
508.201
 20
-96.1419
 30
0.0
 11
477.201
 21
-96.1419
 31
0.0
  0
LINE
  5
E3C
330
17
100
AcDbEntity
  8
0
100
AcDbLine
 10
508.201
 20
-96.1419
 30
0.0
 11
507.201
 21
-96.1419
 31
0.0
  0
LINE
  5
E3D
330
17
100
AcDbEntity
  8
0
100
AcDbLine
 10
507.201
 20
-96.1419
 30
0.0
 11
478.201
 21
-96.1419
 31
0.0
  0
LINE
  5
E3E
330
17
100
AcDbEntity
  8
0
100
AcDbLine
 10
54.4808
 20
-192.129
 30
0.0
 11
54.6808
 21
-192.129
 31
0.0
  0
LINE
  5
E3F
330
17
100
AcDbEntity
  8
0
100
AcDbLine
 10
54.4808
 20
-179.629
 30
0.0
 11
54.6808
 21
-179.629
 31
0.0
  0
LINE
  5
E40
330
17
100
AcDbEntity
  8
0
100
AcDbLine
 10
54.4808
 20
-192.129
 30
0.0
 11
54.4808
 21
-179.629
 31
0.0
  0
LINE
  5
E41
330
17
100
AcDbEntity
  8
0
100
AcDbLine
 10
54.4808
 20
-192.129
 30
0.0
 11
54.4808
 21
-179.629
 31
0.0
  0
LINE
  5
E42
330
17
100
AcDbEntity
  8
0
100
AcDbLine
 10
54.6808
 20
-179.629
 30
0.0
 11
54.6808
 21
-192.129
 31
0.0
  0
LINE
  5
E43
330
17
100
AcDbEntity
  8
0
100
AcDbLine
 10
54.6808
 20
-179.629
 30
0.0
 11
54.6808
 21
-192.129
 31
0.0
  0
LINE
  5
E44
330
17
100
AcDbEntity
  8
0
100
AcDbLine
 10
54.8808
 20
-179.629
 30
0.0
 11
54.6808
 21
-179.629
 31
0.0
  0
LINE
  5
E45
330
17
100
AcDbEntity
  8
0
100
AcDbLine
 10
54.4808
 20
-179.629
 30
0.0
 11
54.6808
 21
-179.629
 31
0.0
  0
LINE
  5
E46
330
17
100
AcDbEntity
  8
0
100
AcDbLine
 10
54.4808
 20
-179.629
 30
0.0
 11
54.0808
 21
-179.629
 31
0.0
  0
LINE
  5
E47
330
17
100
AcDbEntity
  8
0
100
AcDbLine
 10
54.0808
 20
-192.129
 30
0.0
 11
54.4808
 21
-192.129
 31
0.0
  0
LINE
  5
E48
330
17
100
AcDbEntity
  8
0
100
AcDbLine
 10
54.6808
 20
-192.129
 30
0.0
 11
54.4808
 21
-192.129
 31
0.0
  0
LINE
  5
E49
330
17
100
AcDbEntity
  8
0
100
AcDbLine
 10
54.6808
 20
-192.129
 30
0.0
 11
54.8808
 21
-192.129
 31
0.0
  0
LINE
  5
E4A
330
17
100
AcDbEntity
  8
0
100
AcDbLine
 10
54.0808
 20
-179.629
 30
0.0
 11
54.8808
 21
-179.629
 31
0.0
  0
LINE
  5
E4B
330
17
100
AcDbEntity
  8
0
100
AcDbLine
 10
54.0808
 20
-192.129
 30
0.0
 11
54.8808
 21
-192.129
 31
0.0
  0
LINE
  5
E4C
330
17
100
AcDbEntity
  8
0
100
AcDbLine
 10
54.0808
 20
-178.629
 30
0.0
 11
54.8808
 21
-178.629
 31
0.0
  0
LINE
  5
E4D
330
17
100
AcDbEntity
  8
0
100
AcDbLine
 10
54.0808
 20
-179.629
 30
0.0
 11
54.0808
 21
-192.129
 31
0.0
  0
LINE
  5
E4E
330
17
100
AcDbEntity
  8
0
100
AcDbLine
 10
54.0808
 20
-179.629
 30
0.0
 11
54.0808
 21
-178.629
 31
0.0
  0
LINE
  5
E4F
330
17
100
AcDbEntity
  8
0
100
AcDbLine
 10
54.0808
 20
-178.629
 30
0.0
 11
54.0808
 21
-193.129
 31
0.0
  0
LINE
  5
E50
330
17
100
AcDbEntity
  8
0
100
AcDbLine
 10
54.0808
 20
-193.129
 30
0.0
 11
54.0808
 21
-192.129
 31
0.0
  0
LINE
  5
E51
330
17
100
AcDbEntity
  8
0
100
AcDbLine
 10
54.8808
 20
-192.129
 30
0.0
 11
54.8808
 21
-193.129
 31
0.0
  0
LINE
  5
E52
330
17
100
AcDbEntity
  8
0
100
AcDbLine
 10
54.8808
 20
-193.129
 30
0.0
 11
54.8808
 21
-178.629
 31
0.0
  0
LINE
  5
E53
330
17
100
AcDbEntity
  8
0
100
AcDbLine
 10
54.8808
 20
-178.629
 30
0.0
 11
54.8808
 21
-179.629
 31
0.0
  0
LINE
  5
E54
330
17
100
AcDbEntity
  8
0
100
AcDbLine
 10
54.8808
 20
-179.629
 30
0.0
 11
54.8808
 21
-192.129
 31
0.0
  0
LINE
  5
E55
330
17
100
AcDbEntity
  8
0
100
AcDbLine
 10
54.4808
 20
-206.629
 30
0.0
 11
54.6808
 21
-206.629
 31
0.0
  0
LINE
  5
E56
330
17
100
AcDbEntity
  8
0
100
AcDbLine
 10
54.4808
 20
-194.129
 30
0.0
 11
54.6808
 21
-194.129
 31
0.0
  0
LINE
  5
E57
330
17
100
AcDbEntity
  8
0
100
AcDbLine
 10
54.4808
 20
-206.629
 30
0.0
 11
54.4808
 21
-194.129
 31
0.0
  0
LINE
  5
E58
330
17
100
AcDbEntity
  8
0
100
AcDbLine
 10
54.4808
 20
-206.629
 30
0.0
 11
54.4808
 21
-194.129
 31
0.0
  0
LINE
  5
E59
330
17
100
AcDbEntity
  8
0
100
AcDbLine
 10
54.6808
 20
-194.129
 30
0.0
 11
54.6808
 21
-206.629
 31
0.0
  0
LINE
  5
E5A
330
17
100
AcDbEntity
  8
0
100
AcDbLine
 10
54.6808
 20
-194.129
 30
0.0
 11
54.6808
 21
-206.629
 31
0.0
  0
LINE
  5
E5B
330
17
100
AcDbEntity
  8
0
100
AcDbLine
 10
54.8808
 20
-194.129
 30
0.0
 11
54.6808
 21
-194.129
 31
0.0
  0
LINE
  5
E5C
330
17
100
AcDbEntity
  8
0
100
AcDbLine
 10
54.4808
 20
-194.129
 30
0.0
 11
54.6808
 21
-194.129
 31
0.0
  0
LINE
  5
E5D
330
17
100
AcDbEntity
  8
0
100
AcDbLine
 10
54.4808
 20
-194.129
 30
0.0
 11
54.0808
 21
-194.129
 31
0.0
  0
LINE
  5
E5E
330
17
100
AcDbEntity
  8
0
100
AcDbLine
 10
54.0808
 20
-193.129
 30
0.0
 11
54.8808
 21
-193.129
 31
0.0
  0
LINE
  5
E5F
330
17
100
AcDbEntity
  8
0
100
AcDbLine
 10
54.0808
 20
-206.629
 30
0.0
 11
54.4808
 21
-206.629
 31
0.0
  0
LINE
  5
E60
330
17
100
AcDbEntity
  8
0
100
AcDbLine
 10
54.6808
 20
-206.629
 30
0.0
 11
54.4808
 21
-206.629
 31
0.0
  0
LINE
  5
E61
330
17
100
AcDbEntity
  8
0
100
AcDbLine
 10
54.6808
 20
-206.629
 30
0.0
 11
54.8808
 21
-206.629
 31
0.0
  0
LINE
  5
E62
330
17
100
AcDbEntity
  8
0
100
AcDbLine
 10
54.0808
 20
-194.129
 30
0.0
 11
54.8808
 21
-194.129
 31
0.0
  0
LINE
  5
E63
330
17
100
AcDbEntity
  8
0
100
AcDbLine
 10
54.0808
 20
-206.629
 30
0.0
 11
54.8808
 21
-206.629
 31
0.0
  0
LINE
  5
E64
330
17
100
AcDbEntity
  8
0
100
AcDbLine
 10
54.0808
 20
-207.629
 30
0.0
 11
54.8808
 21
-207.629
 31
0.0
  0
LINE
  5
E65
330
17
100
AcDbEntity
  8
0
100
AcDbLine
 10
54.0808
 20
-194.129
 30
0.0
 11
54.0808
 21
-206.629
 31
0.0
  0
LINE
  5
E66
330
17
100
AcDbEntity
  8
0
100
AcDbLine
 10
54.0808
 20
-194.129
 30
0.0
 11
54.0808
 21
-193.129
 31
0.0
  0
LINE
  5
E67
330
17
100
AcDbEntity
  8
0
100
AcDbLine
 10
54.0808
 20
-193.129
 30
0.0
 11
54.0808
 21
-207.629
 31
0.0
  0
LINE
  5
E68
330
17
100
AcDbEntity
  8
0
100
AcDbLine
 10
54.0808
 20
-207.629
 30
0.0
 11
54.0808
 21
-206.629
 31
0.0
  0
LINE
  5
E69
330
17
100
AcDbEntity
  8
0
100
AcDbLine
 10
54.8808
 20
-206.629
 30
0.0
 11
54.8808
 21
-207.629
 31
0.0
  0
LINE
  5
E6A
330
17
100
AcDbEntity
  8
0
100
AcDbLine
 10
54.8808
 20
-193.129
 30
0.0
 11
54.8808
 21
-207.629
 31
0.0
  0
LINE
  5
E6B
330
17
100
AcDbEntity
  8
0
100
AcDbLine
 10
54.8808
 20
-193.129
 30
0.0
 11
54.8808
 21
-194.129
 31
0.0
  0
LINE
  5
E6C
330
17
100
AcDbEntity
  8
0
100
AcDbLine
 10
54.8808
 20
-194.129
 30
0.0
 11
54.8808
 21
-206.629
 31
0.0
  0
LINE
  5
E6D
330
17
100
AcDbEntity
  8
0
100
AcDbLine
 10
54.0808
 20
-178.629
 30
0.0
 11
54.8808
 21
-178.629
 31
0.0
  0
LINE
  5
E6E
330
17
100
AcDbEntity
  8
0
100
AcDbLine
 10
54.0808
 20
-178.629
 30
0.0
 11
53.4808
 21
-178.629
 31
0.0
  0
LINE
  5
E6F
330
17
100
AcDbEntity
  8
0
100
AcDbLine
 10
53.4808
 20
-177.629
 30
0.0
 11
54.8808
 21
-177.629
 31
0.0
  0
LINE
  5
E70
330
17
100
AcDbEntity
  8
0
100
AcDbLine
 10
53.4808
 20
-207.629
 30
0.0
 11
54.0808
 21
-207.629
 31
0.0
  0
LINE
  5
E71
330
17
100
AcDbEntity
  8
0
100
AcDbLine
 10
54.8808
 20
-207.629
 30
0.0
 11
54.0808
 21
-207.629
 31
0.0
  0
LINE
  5
E72
330
17
100
AcDbEntity
  8
0
100
AcDbLine
 10
53.4808
 20
-178.629
 30
0.0
 11
54.8808
 21
-178.629
 31
0.0
  0
LINE
  5
E73
330
17
100
AcDbEntity
  8
0
100
AcDbLine
 10
53.4808
 20
-207.629
 30
0.0
 11
54.8808
 21
-207.629
 31
0.0
  0
LINE
  5
E74
330
17
100
AcDbEntity
  8
0
100
AcDbLine
 10
54.8808
 20
-208.629
 30
0.0
 11
53.4808
 21
-208.629
 31
0.0
  0
LINE
  5
E75
330
17
100
AcDbEntity
  8
0
100
AcDbLine
 10
54.8808
 20
-208.629
 30
0.0
 11
54.8808
 21
-208.629
 31
0.0
  0
LINE
  5
E76
330
17
100
AcDbEntity
  8
0
100
AcDbLine
 10
54.8808
 20
-177.629
 30
0.0
 11
54.8808
 21
-177.629
 31
0.0
  0
LINE
  5
E77
330
17
100
AcDbEntity
  8
0
100
AcDbLine
 10
53.4808
 20
-178.629
 30
0.0
 11
53.4808
 21
-207.629
 31
0.0
  0
LINE
  5
E78
330
17
100
AcDbEntity
  8
0
100
AcDbLine
 10
53.4808
 20
-178.629
 30
0.0
 11
53.4808
 21
-177.629
 31
0.0
  0
LINE
  5
E79
330
17
100
AcDbEntity
  8
0
100
AcDbLine
 10
53.4808
 20
-177.629
 30
0.0
 11
53.4808
 21
-208.629
 31
0.0
  0
LINE
  5
E7A
330
17
100
AcDbEntity
  8
0
100
AcDbLine
 10
53.4808
 20
-208.629
 30
0.0
 11
53.4808
 21
-207.629
 31
0.0
  0
LINE
  5
E7B
330
17
100
AcDbEntity
  8
0
100
AcDbLine
 10
54.8808
 20
-207.629
 30
0.0
 11
54.8808
 21
-208.629
 31
0.0
  0
LINE
  5
E7C
330
17
100
AcDbEntity
  8
0
100
AcDbLine
 10
54.8808
 20
-177.629
 30
0.0
 11
54.8808
 21
-208.629
 31
0.0
  0
LINE
  5
E7D
330
17
100
AcDbEntity
  8
0
100
AcDbLine
 10
54.8808
 20
-177.629
 30
0.0
 11
54.8808
 21
-178.629
 31
0.0
  0
LINE
  5
E7E
330
17
100
AcDbEntity
  8
0
100
AcDbLine
 10
54.8808
 20
-178.629
 30
0.0
 11
54.8808
 21
-207.629
 31
0.0
  0
LINE
  5
E7F
330
17
100
AcDbEntity
  8
0
100
AcDbLine
 10
53.6808
 20
-327.76
 30
0.0
 11
53.6808
 21
-400.01
 31
0.0
  0
LINE
  5
E80
330
17
100
AcDbEntity
  8
0
100
AcDbLine
 10
50.0808
 20
-327.76
 30
0.0
 11
53.6808
 21
-327.76
 31
0.0
  0
LINE
  5
E81
330
17
100
AcDbEntity
  8
0
100
AcDbLine
 10
50.0808
 20
-400.01
 30
0.0
 11
50.0808
 21
-327.76
 31
0.0
  0
LINE
  5
E82
330
17
100
AcDbEntity
  8
0
100
AcDbLine
 10
53.6808
 20
-400.01
 30
0.0
 11
51.7227
 21
-400.01
 31
0.0
  0
LINE
  5
E83
330
17
100
AcDbEntity
  8
0
100
AcDbLine
 10
50.7227
 20
-400.01
 30
0.0
 11
50.0808
 21
-400.01
 31
0.0
  0
LINE
  5
E84
330
17
100
AcDbEntity
  8
0
100
AcDbLine
 10
54.6808
 20
-242.513
 30
0.0
 11
54.4808
 21
-242.513
 31
0.0
  0
LINE
  5
E85
330
17
100
AcDbEntity
  8
0
100
AcDbLine
 10
54.6808
 20
-225.846
 30
0.0
 11
54.4808
 21
-225.846
 31
0.0
  0
LINE
  5
E86
330
17
100
AcDbEntity
  8
0
100
AcDbLine
 10
54.6808
 20
-242.513
 30
0.0
 11
54.6808
 21
-225.846
 31
0.0
  0
LINE
  5
E87
330
17
100
AcDbEntity
  8
0
100
AcDbLine
 10
54.6808
 20
-242.513
 30
0.0
 11
54.6808
 21
-225.846
 31
0.0
  0
LINE
  5
E88
330
17
100
AcDbEntity
  8
0
100
AcDbLine
 10
54.4808
 20
-225.846
 30
0.0
 11
54.4808
 21
-242.513
 31
0.0
  0
LINE
  5
E89
330
17
100
AcDbEntity
  8
0
100
AcDbLine
 10
54.4808
 20
-225.846
 30
0.0
 11
54.4808
 21
-242.513
 31
0.0
  0
LINE
  5
E8A
330
17
100
AcDbEntity
  8
0
100
AcDbLine
 10
54.2808
 20
-225.846
 30
0.0
 11
54.4808
 21
-225.846
 31
0.0
  0
LINE
  5
E8B
330
17
100
AcDbEntity
  8
0
100
AcDbLine
 10
54.6808
 20
-225.846
 30
0.0
 11
54.4808
 21
-225.846
 31
0.0
  0
LINE
  5
E8C
330
17
100
AcDbEntity
  8
0
100
AcDbLine
 10
54.6808
 20
-225.846
 30
0.0
 11
54.8808
 21
-225.846
 31
0.0
  0
LINE
  5
E8D
330
17
100
AcDbEntity
  8
0
100
AcDbLine
 10
54.8808
 20
-242.513
 30
0.0
 11
54.6808
 21
-242.513
 31
0.0
  0
LINE
  5
E8E
330
17
100
AcDbEntity
  8
0
100
AcDbLine
 10
54.4808
 20
-242.513
 30
0.0
 11
54.6808
 21
-242.513
 31
0.0
  0
LINE
  5
E8F
330
17
100
AcDbEntity
  8
0
100
AcDbLine
 10
54.4808
 20
-242.513
 30
0.0
 11
54.2808
 21
-242.513
 31
0.0
  0
LINE
  5
E90
330
17
100
AcDbEntity
  8
0
100
AcDbLine
 10
54.8808
 20
-225.846
 30
0.0
 11
54.2808
 21
-225.846
 31
0.0
  0
LINE
  5
E91
330
17
100
AcDbEntity
  8
0
100
AcDbLine
 10
54.8808
 20
-242.513
 30
0.0
 11
54.2808
 21
-242.513
 31
0.0
  0
LINE
  5
E92
330
17
100
AcDbEntity
  8
0
100
AcDbLine
 10
54.2808
 20
-243.713
 30
0.0
 11
54.8808
 21
-243.713
 31
0.0
  0
LINE
  5
E93
330
17
100
AcDbEntity
  8
0
100
AcDbLine
 10
54.8808
 20
-243.713
 30
0.0
 11
54.2808
 21
-243.713
 31
0.0
  0
LINE
  5
E94
330
17
100
AcDbEntity
  8
0
100
AcDbLine
 10
54.2808
 20
-224.646
 30
0.0
 11
54.8808
 21
-224.646
 31
0.0
  0
LINE
  5
E95
330
17
100
AcDbEntity
  8
0
100
AcDbLine
 10
54.8808
 20
-225.846
 30
0.0
 11
54.8808
 21
-242.513
 31
0.0
  0
LINE
  5
E96
330
17
100
AcDbEntity
  8
0
100
AcDbLine
 10
54.8808
 20
-225.846
 30
0.0
 11
54.8808
 21
-224.646
 31
0.0
  0
LINE
  5
E97
330
17
100
AcDbEntity
  8
0
100
AcDbLine
 10
54.8808
 20
-243.713
 30
0.0
 11
54.8808
 21
-224.646
 31
0.0
  0
LINE
  5
E98
330
17
100
AcDbEntity
  8
0
100
AcDbLine
 10
54.8808
 20
-243.713
 30
0.0
 11
54.8808
 21
-242.513
 31
0.0
  0
LINE
  5
E99
330
17
100
AcDbEntity
  8
0
100
AcDbLine
 10
54.2808
 20
-242.513
 30
0.0
 11
54.2808
 21
-243.713
 31
0.0
  0
LINE
  5
E9A
330
17
100
AcDbEntity
  8
0
100
AcDbLine
 10
54.2808
 20
-224.646
 30
0.0
 11
54.2808
 21
-225.846
 31
0.0
  0
LINE
  5
E9B
330
17
100
AcDbEntity
  8
0
100
AcDbLine
 10
54.2808
 20
-224.646
 30
0.0
 11
54.2808
 21
-225.846
 31
0.0
  0
LINE
  5
E9C
330
17
100
AcDbEntity
  8
0
100
AcDbLine
 10
54.2808
 20
-225.846
 30
0.0
 11
54.2808
 21
-242.513
 31
0.0
  0
LINE
  5
E9D
330
17
100
AcDbEntity
  8
0
100
AcDbLine
 10
54.0808
 20
-261.579
 30
0.0
 11
53.8808
 21
-261.579
 31
0.0
  0
LINE
  5
E9E
330
17
100
AcDbEntity
  8
0
100
AcDbLine
 10
54.0808
 20
-244.913
 30
0.0
 11
53.8808
 21
-244.913
 31
0.0
  0
LINE
  5
E9F
330
17
100
AcDbEntity
  8
0
100
AcDbLine
 10
54.0808
 20
-261.579
 30
0.0
 11
54.0808
 21
-244.913
 31
0.0
  0
LINE
  5
EA0
330
17
100
AcDbEntity
  8
0
100
AcDbLine
 10
54.0808
 20
-261.579
 30
0.0
 11
54.0808
 21
-244.913
 31
0.0
  0
LINE
  5
EA1
330
17
100
AcDbEntity
  8
0
100
AcDbLine
 10
53.8808
 20
-244.913
 30
0.0
 11
53.8808
 21
-261.579
 31
0.0
  0
LINE
  5
EA2
330
17
100
AcDbEntity
  8
0
100
AcDbLine
 10
53.8808
 20
-244.913
 30
0.0
 11
53.8808
 21
-261.579
 31
0.0
  0
LINE
  5
EA3
330
17
100
AcDbEntity
  8
0
100
AcDbLine
 10
53.6808
 20
-244.913
 30
0.0
 11
53.8808
 21
-244.913
 31
0.0
  0
LINE
  5
EA4
330
17
100
AcDbEntity
  8
0
100
AcDbLine
 10
54.0808
 20
-244.913
 30
0.0
 11
53.8808
 21
-244.913
 31
0.0
  0
LINE
  5
EA5
330
17
100
AcDbEntity
  8
0
100
AcDbLine
 10
54.0808
 20
-244.913
 30
0.0
 11
54.2808
 21
-244.913
 31
0.0
  0
LINE
  5
EA6
330
17
100
AcDbEntity
  8
0
100
AcDbLine
 10
54.2808
 20
-243.713
 30
0.0
 11
53.6808
 21
-243.713
 31
0.0
  0
LINE
  5
EA7
330
17
100
AcDbEntity
  8
0
100
AcDbLine
 10
54.2808
 20
-261.579
 30
0.0
 11
54.0808
 21
-261.579
 31
0.0
  0
LINE
  5
EA8
330
17
100
AcDbEntity
  8
0
100
AcDbLine
 10
53.8808
 20
-261.579
 30
0.0
 11
54.0808
 21
-261.579
 31
0.0
  0
LINE
  5
EA9
330
17
100
AcDbEntity
  8
0
100
AcDbLine
 10
53.8808
 20
-261.579
 30
0.0
 11
53.6808
 21
-261.579
 31
0.0
  0
LINE
  5
EAA
330
17
100
AcDbEntity
  8
0
100
AcDbLine
 10
54.2808
 20
-244.913
 30
0.0
 11
53.6808
 21
-244.913
 31
0.0
  0
LINE
  5
EAB
330
17
100
AcDbEntity
  8
0
100
AcDbLine
 10
54.2808
 20
-261.579
 30
0.0
 11
53.6808
 21
-261.579
 31
0.0
  0
LINE
  5
EAC
330
17
100
AcDbEntity
  8
0
100
AcDbLine
 10
53.6808
 20
-262.779
 30
0.0
 11
54.2808
 21
-262.779
 31
0.0
  0
LINE
  5
EAD
330
17
100
AcDbEntity
  8
0
100
AcDbLine
 10
54.2808
 20
-262.779
 30
0.0
 11
53.6808
 21
-262.779
 31
0.0
  0
LINE
  5
EAE
330
17
100
AcDbEntity
  8
0
100
AcDbLine
 10
54.2808
 20
-243.713
 30
0.0
 11
53.6808
 21
-243.713
 31
0.0
  0
LINE
  5
EAF
330
17
100
AcDbEntity
  8
0
100
AcDbLine
 10
54.2808
 20
-244.913
 30
0.0
 11
54.2808
 21
-261.579
 31
0.0
  0
LINE
  5
EB0
330
17
100
AcDbEntity
  8
0
100
AcDbLine
 10
54.2808
 20
-244.913
 30
0.0
 11
54.2808
 21
-243.713
 31
0.0
  0
LINE
  5
EB1
330
17
100
AcDbEntity
  8
0
100
AcDbLine
 10
54.2808
 20
-243.713
 30
0.0
 11
54.2808
 21
-262.779
 31
0.0
  0
LINE
  5
EB2
330
17
100
AcDbEntity
  8
0
100
AcDbLine
 10
54.2808
 20
-262.779
 30
0.0
 11
54.2808
 21
-261.579
 31
0.0
  0
LINE
  5
EB3
330
17
100
AcDbEntity
  8
0
100
AcDbLine
 10
53.6808
 20
-261.579
 30
0.0
 11
53.6808
 21
-262.779
 31
0.0
  0
LINE
  5
EB4
330
17
100
AcDbEntity
  8
0
100
AcDbLine
 10
53.6808
 20
-243.713
 30
0.0
 11
53.6808
 21
-262.779
 31
0.0
  0
LINE
  5
EB5
330
17
100
AcDbEntity
  8
0
100
AcDbLine
 10
53.6808
 20
-243.713
 30
0.0
 11
53.6808
 21
-244.913
 31
0.0
  0
LINE
  5
EB6
330
17
100
AcDbEntity
  8
0
100
AcDbLine
 10
53.6808
 20
-244.913
 30
0.0
 11
53.6808
 21
-261.579
 31
0.0
  0
LINE
  5
EB7
330
17
100
AcDbEntity
  8
0
100
AcDbLine
 10
53.4808
 20
-280.646
 30
0.0
 11
53.2808
 21
-280.646
 31
0.0
  0
LINE
  5
EB8
330
17
100
AcDbEntity
  8
0
100
AcDbLine
 10
53.4808
 20
-263.979
 30
0.0
 11
53.2808
 21
-263.979
 31
0.0
  0
LINE
  5
EB9
330
17
100
AcDbEntity
  8
0
100
AcDbLine
 10
53.4808
 20
-280.646
 30
0.0
 11
53.4808
 21
-263.979
 31
0.0
  0
LINE
  5
EBA
330
17
100
AcDbEntity
  8
0
100
AcDbLine
 10
53.4808
 20
-280.646
 30
0.0
 11
53.4808
 21
-263.979
 31
0.0
  0
LINE
  5
EBB
330
17
100
AcDbEntity
  8
0
100
AcDbLine
 10
53.2808
 20
-263.979
 30
0.0
 11
53.2808
 21
-280.646
 31
0.0
  0
LINE
  5
EBC
330
17
100
AcDbEntity
  8
0
100
AcDbLine
 10
53.2808
 20
-263.979
 30
0.0
 11
53.2808
 21
-280.646
 31
0.0
  0
LINE
  5
EBD
330
17
100
AcDbEntity
  8
0
100
AcDbLine
 10
53.0808
 20
-263.979
 30
0.0
 11
53.2808
 21
-263.979
 31
0.0
  0
LINE
  5
EBE
330
17
100
AcDbEntity
  8
0
100
AcDbLine
 10
53.4808
 20
-263.979
 30
0.0
 11
53.2808
 21
-263.979
 31
0.0
  0
LINE
  5
EBF
330
17
100
AcDbEntity
  8
0
100
AcDbLine
 10
53.4808
 20
-263.979
 30
0.0
 11
53.6808
 21
-263.979
 31
0.0
  0
LINE
  5
EC0
330
17
100
AcDbEntity
  8
0
100
AcDbLine
 10
53.6808
 20
-262.779
 30
0.0
 11
53.0808
 21
-262.779
 31
0.0
  0
LINE
  5
EC1
330
17
100
AcDbEntity
  8
0
100
AcDbLine
 10
53.6808
 20
-280.646
 30
0.0
 11
53.4808
 21
-280.646
 31
0.0
  0
LINE
  5
EC2
330
17
100
AcDbEntity
  8
0
100
AcDbLine
 10
53.2808
 20
-280.646
 30
0.0
 11
53.4808
 21
-280.646
 31
0.0
  0
LINE
  5
EC3
330
17
100
AcDbEntity
  8
0
100
AcDbLine
 10
53.2808
 20
-280.646
 30
0.0
 11
53.0808
 21
-280.646
 31
0.0
  0
LINE
  5
EC4
330
17
100
AcDbEntity
  8
0
100
AcDbLine
 10
53.6808
 20
-263.979
 30
0.0
 11
53.0808
 21
-263.979
 31
0.0
  0
LINE
  5
EC5
330
17
100
AcDbEntity
  8
0
100
AcDbLine
 10
53.6808
 20
-280.646
 30
0.0
 11
53.0808
 21
-280.646
 31
0.0
  0
LINE
  5
EC6
330
17
100
AcDbEntity
  8
0
100
AcDbLine
 10
53.6808
 20
-281.846
 30
0.0
 11
53.0808
 21
-281.846
 31
0.0
  0
LINE
  5
EC7
330
17
100
AcDbEntity
  8
0
100
AcDbLine
 10
53.6808
 20
-262.779
 30
0.0
 11
53.0808
 21
-262.779
 31
0.0
  0
LINE
  5
EC8
330
17
100
AcDbEntity
  8
0
100
AcDbLine
 10
53.6808
 20
-263.979
 30
0.0
 11
53.6808
 21
-280.646
 31
0.0
  0
LINE
  5
EC9
330
17
100
AcDbEntity
  8
0
100
AcDbLine
 10
53.6808
 20
-263.979
 30
0.0
 11
53.6808
 21
-262.779
 31
0.0
  0
LINE
  5
ECA
330
17
100
AcDbEntity
  8
0
100
AcDbLine
 10
53.6808
 20
-262.779
 30
0.0
 11
53.6808
 21
-281.846
 31
0.0
  0
LINE
  5
ECB
330
17
100
AcDbEntity
  8
0
100
AcDbLine
 10
53.6808
 20
-281.846
 30
0.0
 11
53.6808
 21
-280.646
 31
0.0
  0
LINE
  5
ECC
330
17
100
AcDbEntity
  8
0
100
AcDbLine
 10
53.0808
 20
-280.646
 30
0.0
 11
53.0808
 21
-281.846
 31
0.0
  0
LINE
  5
ECD
330
17
100
AcDbEntity
  8
0
100
AcDbLine
 10
53.0808
 20
-262.779
 30
0.0
 11
53.0808
 21
-281.846
 31
0.0
  0
LINE
  5
ECE
330
17
100
AcDbEntity
  8
0
100
AcDbLine
 10
53.0808
 20
-262.779
 30
0.0
 11
53.0808
 21
-263.979
 31
0.0
  0
LINE
  5
ECF
330
17
100
AcDbEntity
  8
0
100
AcDbLine
 10
53.0808
 20
-263.979
 30
0.0
 11
53.0808
 21
-280.646
 31
0.0
  0
LINE
  5
ED0
330
17
100
AcDbEntity
  8
0
100
AcDbLine
 10
54.8808
 20
-281.846
 30
0.0
 11
53.6808
 21
-281.846
 31
0.0
  0
LINE
  5
ED1
330
17
100
AcDbEntity
  8
0
100
AcDbLine
 10
53.0808
 20
-281.846
 30
0.0
 11
53.6808
 21
-281.846
 31
0.0
  0
LINE
  5
ED2
330
17
100
AcDbEntity
  8
0
100
AcDbLine
 10
54.8808
 20
-281.846
 30
0.0
 11
53.0808
 21
-281.846
 31
0.0
  0
LINE
  5
ED3
330
17
100
AcDbEntity
  8
0
100
AcDbLine
 10
53.0808
 20
-283.246
 30
0.0
 11
54.8808
 21
-283.246
 31
0.0
  0
LINE
  5
ED4
330
17
100
AcDbEntity
  8
0
100
AcDbLine
 10
54.8808
 20
-283.246
 30
0.0
 11
54.8808
 21
-283.246
 31
0.0
  0
LINE
  5
ED5
330
17
100
AcDbEntity
  8
0
100
AcDbLine
 10
54.8808
 20
-281.846
 30
0.0
 11
54.8808
 21
-224.646
 31
0.0
  0
LINE
  5
ED6
330
17
100
AcDbEntity
  8
0
100
AcDbLine
 10
54.8808
 20
-224.646
 30
0.0
 11
54.8808
 21
-223.246
 31
0.0
  0
LINE
  5
ED7
330
17
100
AcDbEntity
  8
0
100
AcDbLine
 10
54.8808
 20
-283.246
 30
0.0
 11
54.8808
 21
-223.246
 31
0.0
  0
LINE
  5
ED8
330
17
100
AcDbEntity
  8
0
100
AcDbLine
 10
54.8808
 20
-283.246
 30
0.0
 11
54.8808
 21
-281.846
 31
0.0
  0
LINE
  5
ED9
330
17
100
AcDbEntity
  8
0
100
AcDbLine
 10
54.8808
 20
-223.246
 30
0.0
 11
53.0808
 21
-223.246
 31
0.0
  0
LINE
  5
EDA
330
17
100
AcDbEntity
  8
0
100
AcDbLine
 10
54.8808
 20
-223.246
 30
0.0
 11
54.8808
 21
-223.246
 31
0.0
  0
LINE
  5
EDB
330
17
100
AcDbEntity
  8
0
100
AcDbLine
 10
54.8808
 20
-224.646
 30
0.0
 11
53.0808
 21
-224.646
 31
0.0
  0
LINE
  5
EDC
330
17
100
AcDbEntity
  8
0
100
AcDbLine
 10
53.0808
 20
-224.646
 30
0.0
 11
54.2808
 21
-224.646
 31
0.0
  0
LINE
  5
EDD
330
17
100
AcDbEntity
  8
0
100
AcDbLine
 10
54.8808
 20
-224.646
 30
0.0
 11
54.2808
 21
-224.646
 31
0.0
  0
LINE
  5
EDE
330
17
100
AcDbEntity
  8
0
100
AcDbLine
 10
53.0808
 20
-281.846
 30
0.0
 11
53.0808
 21
-283.246
 31
0.0
  0
LINE
  5
EDF
330
17
100
AcDbEntity
  8
0
100
AcDbLine
 10
53.0808
 20
-223.246
 30
0.0
 11
53.0808
 21
-283.246
 31
0.0
  0
LINE
  5
EE0
330
17
100
AcDbEntity
  8
0
100
AcDbLine
 10
53.0808
 20
-223.246
 30
0.0
 11
53.0808
 21
-224.646
 31
0.0
  0
LINE
  5
EE1
330
17
100
AcDbEntity
  8
0
100
AcDbLine
 10
53.0808
 20
-224.646
 30
0.0
 11
53.0808
 21
-281.846
 31
0.0
  0
LINE
  5
EE2
330
17
100
AcDbEntity
  8
0
100
AcDbLine
 10
168.364
 20
-519.383
 30
0.0
 11
153.709
 21
-519.383
 31
0.0
  0
LINE
  5
EE3
330
17
100
AcDbEntity
  8
0
100
AcDbLine
 10
168.364
 20
-524.454
 30
0.0
 11
168.364
 21
-519.383
 31
0.0
  0
LINE
  5
EE4
330
17
100
AcDbEntity
  8
0
100
AcDbLine
 10
153.709
 20
-524.454
 30
0.0
 11
168.364
 21
-524.454
 31
0.0
  0
LINE
  5
EE5
330
17
100
AcDbEntity
  8
0
100
AcDbLine
 10
153.709
 20
-519.383
 30
0.0
 11
153.709
 21
-524.454
 31
0.0
  0
LINE
  5
EE6
330
17
100
AcDbEntity
  8
0
100
AcDbLine
 10
65.0549
 20
-524.454
 30
0.0
 11
65.0549
 21
-519.383
 31
0.0
  0
LINE
  5
EE7
330
17
100
AcDbEntity
  8
0
100
AcDbLine
 10
50.3996
 20
-524.454
 30
0.0
 11
65.0549
 21
-524.454
 31
0.0
  0
LINE
  5
EE8
330
17
100
AcDbEntity
  8
0
100
AcDbLine
 10
50.3996
 20
-519.383
 30
0.0
 11
50.3996
 21
-524.454
 31
0.0
  0
LINE
  5
EE9
330
17
100
AcDbEntity
  8
0
100
AcDbLine
 10
65.0549
 20
-519.383
 30
0.0
 11
50.3996
 21
-519.383
 31
0.0
  0
LINE
  5
EEA
330
17
100
AcDbEntity
  8
0
100
AcDbLine
 10
153.709
 20
-546.286
 30
0.0
 11
153.709
 21
-524.454
 31
0.0
  0
LINE
  5
EEB
330
17
100
AcDbEntity
  8
0
100
AcDbLine
 10
158.309
 20
-546.286
 30
0.0
 11
153.709
 21
-546.286
 31
0.0
  0
LINE
  5
EEC
330
17
100
AcDbEntity
  8
0
100
AcDbLine
 10
158.309
 20
-524.454
 30
0.0
 11
158.309
 21
-546.286
 31
0.0
  0
LINE
  5
EED
330
17
100
AcDbEntity
  8
0
100
AcDbLine
 10
153.709
 20
-524.454
 30
0.0
 11
153.709
 21
-524.454
 31
0.0
  0
LINE
  5
EEE
330
17
100
AcDbEntity
  8
0
100
AcDbLine
 10
60.4549
 20
-546.286
 30
0.0
 11
60.4549
 21
-524.454
 31
0.0
  0
LINE
  5
EEF
330
17
100
AcDbEntity
  8
0
100
AcDbLine
 10
65.0549
 20
-546.286
 30
0.0
 11
60.4549
 21
-546.286
 31
0.0
  0
LINE
  5
EF0
330
17
100
AcDbEntity
  8
0
100
AcDbLine
 10
65.0549
 20
-524.454
 30
0.0
 11
65.0549
 21
-546.286
 31
0.0
  0
LINE
  5
EF1
330
17
100
AcDbEntity
  8
0
100
AcDbLine
 10
153.709
 20
-534.155
 30
0.0
 11
65.0549
 21
-534.155
 31
0.0
  0
LINE
  5
EF2
330
17
100
AcDbEntity
  8
0
100
AcDbLine
 10
153.709
 20
-529.555
 30
0.0
 11
153.709
 21
-534.155
 31
0.0
  0
LINE
  5
EF3
330
17
100
AcDbEntity
  8
0
100
AcDbLine
 10
65.0549
 20
-529.555
 30
0.0
 11
153.709
 21
-529.555
 31
0.0
  0
LINE
  5
EF4
330
17
100
AcDbEntity
  8
0
100
AcDbLine
 10
65.0549
 20
-534.155
 30
0.0
 11
65.0549
 21
-529.555
 31
0.0
  0
LINE
  5
EF5
330
17
100
AcDbEntity
  8
0
100
AcDbLine
 10
153.709
 20
-546.286
 30
0.0
 11
65.0549
 21
-546.286
 31
0.0
  0
LINE
  5
EF6
330
17
100
AcDbEntity
  8
0
100
AcDbLine
 10
153.709
 20
-541.686
 30
0.0
 11
153.709
 21
-546.286
 31
0.0
  0
LINE
  5
EF7
330
17
100
AcDbEntity
  8
0
100
AcDbLine
 10
65.0549
 20
-541.686
 30
0.0
 11
153.709
 21
-541.686
 31
0.0
  0
LINE
  5
EF8
330
17
100
AcDbEntity
  8
0
100
AcDbLine
 10
65.0549
 20
-546.286
 30
0.0
 11
65.0549
 21
-541.686
 31
0.0
  0
LINE
  5
EF9
330
17
100
AcDbEntity
  8
0
100
AcDbLine
 10
251.671
 20
-78.3633
 30
0.0
 11
191.671
 21
-78.3633
 31
0.0
  0
LINE
  5
EFA
330
17
100
AcDbEntity
  8
0
100
AcDbLine
 10
251.671
 20
-78.3633
 30
0.0
 11
251.671
 21
-58.3633
 31
0.0
  0
LINE
  5
EFB
330
17
100
AcDbEntity
  8
0
100
AcDbLine
 10
251.671
 20
-58.3633
 30
0.0
 11
191.671
 21
-58.3633
 31
0.0
  0
LINE
  5
EFC
330
17
100
AcDbEntity
  8
0
100
AcDbLine
 10
191.671
 20
-58.3633
 30
0.0
 11
191.671
 21
-78.3633
 31
0.0
  0
LINE
  5
EFD
330
17
100
AcDbEntity
  8
0
100
AcDbLine
 10
276.516
 20
-78.3633
 30
0.0
 11
256.516
 21
-78.3633
 31
0.0
  0
LINE
  5
EFE
330
17
100
AcDbEntity
  8
0
100
AcDbLine
 10
276.516
 20
-78.3633
 30
0.0
 11
276.516
 21
-58.3633
 31
0.0
  0
LINE
  5
EFF
330
17
100
AcDbEntity
  8
0
100
AcDbLine
 10
276.516
 20
-58.3633
 30
0.0
 11
256.516
 21
-58.3633
 31
0.0
  0
LINE
  5
F00
330
17
100
AcDbEntity
  8
0
100
AcDbLine
 10
256.516
 20
-58.3633
 30
0.0
 11
256.516
 21
-78.3633
 31
0.0
  0
LINE
  5
F01
330
17
100
AcDbEntity
  8
0
100
AcDbLine
 10
13.5277
 20
-522.086
 30
0.0
 11
3.52769
 21
-522.086
 31
0.0
  0
LINE
  5
F02
330
17
100
AcDbEntity
  8
0
100
AcDbLine
 10
13.5277
 20
-522.086
 30
0.0
 11
13.5277
 21
-516.086
 31
0.0
  0
LINE
  5
F03
330
17
100
AcDbEntity
  8
0
100
AcDbLine
 10
13.5277
 20
-516.086
 30
0.0
 11
3.52769
 21
-516.086
 31
0.0
  0
LINE
  5
F04
330
17
100
AcDbEntity
  8
0
100
AcDbLine
 10
3.52769
 20
-516.086
 30
0.0
 11
3.52769
 21
-522.086
 31
0.0
  0
LINE
  5
F05
330
17
100
AcDbEntity
  8
0
100
AcDbLine
 10
104.927
 20
-164.653
 30
0.0
 11
86.7275
 21
-164.653
 31
0.0
  0
LINE
  5
F06
330
17
100
AcDbEntity
  8
0
100
AcDbLine
 10
104.927
 20
-152.653
 30
0.0
 11
104.927
 21
-150.053
 31
0.0
  0
LINE
  5
F07
330
17
100
AcDbEntity
  8
0
100
AcDbLine
 10
104.927
 20
-150.053
 30
0.0
 11
104.927
 21
-164.653
 31
0.0
  0
LINE
  5
F08
330
17
100
AcDbEntity
  8
0
100
AcDbLine
 10
104.927
 20
-150.053
 30
0.0
 11
86.7275
 21
-150.053
 31
0.0
  0
LINE
  5
F09
330
17
100
AcDbEntity
  8
0
100
AcDbLine
 10
86.7275
 20
-150.053
 30
0.0
 11
104.927
 21
-150.053
 31
0.0
  0
LINE
  5
F0A
330
17
100
AcDbEntity
  8
0
100
AcDbLine
 10
86.7275
 20
-150.053
 30
0.0
 11
86.7275
 21
-152.653
 31
0.0
  0
LINE
  5
F0B
330
17
100
AcDbEntity
  8
0
100
AcDbLine
 10
86.7275
 20
-164.653
 30
0.0
 11
86.7275
 21
-150.053
 31
0.0
  0
LINE
  5
F0C
330
17
100
AcDbEntity
  8
0
100
AcDbLine
 10
105.163
 20
-166.653
 30
0.0
 11
105.163
 21
-178.653
 31
0.0
  0
LINE
  5
F0D
330
17
100
AcDbEntity
  8
0
100
AcDbLine
 10
105.163
 20
-178.653
 30
0.0
 11
54.8808
 21
-178.653
 31
0.0
  0
LINE
  5
F0E
330
17
100
AcDbEntity
  8
0
100
AcDbLine
 10
54.8808
 20
-166.653
 30
0.0
 11
54.8808
 21
-178.653
 31
0.0
  0
LINE
  5
F0F
330
17
100
AcDbEntity
  8
0
100
AcDbLine
 10
54.8808
 20
-195.08
 30
0.0
 11
105.163
 21
-195.08
 31
0.0
  0
LINE
  5
F10
330
17
100
AcDbEntity
  8
0
100
AcDbLine
 10
105.163
 20
-195.08
 30
0.0
 11
105.163
 21
-207.08
 31
0.0
  0
LINE
  5
F11
330
17
100
AcDbEntity
  8
0
100
AcDbLine
 10
105.163
 20
-207.08
 30
0.0
 11
54.8808
 21
-207.08
 31
0.0
  0
LINE
  5
F12
330
17
100
AcDbEntity
  8
0
100
AcDbLine
 10
54.8808
 20
-195.08
 30
0.0
 11
54.8808
 21
-207.08
 31
0.0
  0
LINE
  5
F13
330
17
100
AcDbEntity
  8
0
100
AcDbLine
 10
248.132
 20
-130.302
 30
0.0
 11
248.132
 21
-180.584
 31
0.0
  0
LINE
  5
F14
330
17
100
AcDbEntity
  8
0
100
AcDbLine
 10
248.132
 20
-180.584
 30
0.0
 11
236.132
 21
-180.584
 31
0.0
  0
LINE
  5
F15
330
17
100
AcDbEntity
  8
0
100
AcDbLine
 10
236.132
 20
-180.584
 30
0.0
 11
236.132
 21
-161.501
 31
0.0
  0
LINE
  5
F16
330
17
100
AcDbEntity
  8
0
100
AcDbLine
 10
248.132
 20
-130.302
 30
0.0
 11
236.132
 21
-130.302
 31
0.0
  0
LINE
  5
F17
330
17
100
AcDbEntity
  8
0
100
AcDbLine
 10
122.563
 20
-139.735
 30
0.0
 11
122.563
 21
-103.735
 31
0.0
  0
LINE
  5
F18
330
17
100
AcDbEntity
  8
0
100
AcDbLine
 10
124.563
 20
-103.735
 30
0.0
 11
124.563
 21
-139.735
 31
0.0
  0
LINE
  5
F19
330
17
100
AcDbEntity
  8
0
100
AcDbLine
 10
122.563
 20
-103.735
 30
0.0
 11
122.563
 21
-103.735
 31
0.0
  0
LINE
  5
F1A
330
17
100
AcDbEntity
  8
0
100
AcDbLine
 10
122.563
 20
-103.735
 30
0.0
 11
124.563
 21
-103.735
 31
0.0
  0
LINE
  5
F1B
330
17
100
AcDbEntity
  8
0
100
AcDbLine
 10
124.563
 20
-103.735
 30
0.0
 11
122.563
 21
-103.735
 31
0.0
  0
LINE
  5
F1C
330
17
100
AcDbEntity
  8
0
100
AcDbLine
 10
122.563
 20
-103.735
 30
0.0
 11
122.563
 21
-139.735
 31
0.0
  0
LINE
  5
F1D
330
17
100
AcDbEntity
  8
0
100
AcDbLine
 10
124.563
 20
-139.735
 30
0.0
 11
122.563
 21
-139.735
 31
0.0
  0
LINE
  5
F1E
330
17
100
AcDbEntity
  8
0
100
AcDbLine
 10
122.563
 20
-139.735
 30
0.0
 11
122.563
 21
-139.735
 31
0.0
  0
LINE
  5
F1F
330
17
100
AcDbEntity
  8
0
100
AcDbLine
 10
124.563
 20
-139.735
 30
0.0
 11
122.563
 21
-139.735
 31
0.0
  0
LINE
  5
F20
330
17
100
AcDbEntity
  8
0
100
AcDbLine
 10
332.771
 20
-200.442
 30
0.0
 11
332.771
 21
-210.442
 31
0.0
  0
LINE
  5
F21
330
17
100
AcDbEntity
  8
0
100
AcDbLine
 10
332.771
 20
-210.442
 30
0.0
 11
337.371
 21
-210.442
 31
0.0
  0
LINE
  5
F22
330
17
100
AcDbEntity
  8
0
100
AcDbLine
 10
337.371
 20
-200.442
 30
0.0
 11
337.371
 21
-210.442
 31
0.0
  0
LINE
  5
F23
330
17
100
AcDbEntity
  8
0
100
AcDbLine
 10
332.771
 20
-200.442
 30
0.0
 11
337.371
 21
-200.442
 31
0.0
  0
LINE
  5
F24
330
17
100
AcDbEntity
  8
0
100
AcDbLine
 10
72.6833
 20
-213.08
 30
0.0
 11
66.6833
 21
-213.08
 31
0.0
  0
LINE
  5
F25
330
17
100
AcDbEntity
  8
0
100
AcDbLine
 10
72.6833
 20
-213.08
 30
0.0
 11
72.6833
 21
-207.08
 31
0.0
  0
LINE
  5
F26
330
17
100
AcDbEntity
  8
0
100
AcDbLine
 10
66.6833
 20
-207.08
 30
0.0
 11
66.6833
 21
-213.08
 31
0.0
  0
LINE
  5
F27
330
17
100
AcDbEntity
  8
0
100
AcDbLine
 10
82.178
 20
-213.08
 30
0.0
 11
76.178
 21
-213.08
 31
0.0
  0
LINE
  5
F28
330
17
100
AcDbEntity
  8
0
100
AcDbLine
 10
82.178
 20
-213.08
 30
0.0
 11
82.178
 21
-207.08
 31
0.0
  0
LINE
  5
F29
330
17
100
AcDbEntity
  8
0
100
AcDbLine
 10
76.178
 20
-207.08
 30
0.0
 11
76.178
 21
-213.08
 31
0.0
  0
LINE
  5
F2A
330
17
100
AcDbEntity
  8
0
100
AcDbLine
 10
92.0463
 20
-213.08
 30
0.0
 11
86.0463
 21
-213.08
 31
0.0
  0
LINE
  5
F2B
330
17
100
AcDbEntity
  8
0
100
AcDbLine
 10
92.0463
 20
-213.08
 30
0.0
 11
92.0463
 21
-207.08
 31
0.0
  0
LINE
  5
F2C
330
17
100
AcDbEntity
  8
0
100
AcDbLine
 10
86.0463
 20
-207.08
 30
0.0
 11
86.0463
 21
-213.08
 31
0.0
  0
LINE
  5
F2D
330
17
100
AcDbEntity
  8
0
100
AcDbLine
 10
168.167
 20
-417.277
 30
0.0
 11
214.167
 21
-417.277
 31
0.0
  0
LINE
  5
F2E
330
17
100
AcDbEntity
  8
0
100
AcDbLine
 10
168.167
 20
-411.277
 30
0.0
 11
214.167
 21
-411.277
 31
0.0
  0
LINE
  5
F2F
330
17
100
AcDbEntity
  8
0
100
AcDbLine
 10
168.167
 20
-417.277
 30
0.0
 11
168.167
 21
-411.277
 31
0.0
  0
LINE
  5
F30
330
17
100
AcDbEntity
  8
0
100
AcDbLine
 10
168.167
 20
-411.277
 30
0.0
 11
168.167
 21
-405.277
 31
0.0
  0
LINE
  5
F31
330
17
100
AcDbEntity
  8
0
100
AcDbLine
 10
214.167
 20
-411.277
 30
0.0
 11
214.167
 21
-405.277
 31
0.0
  0
LINE
  5
F32
330
17
100
AcDbEntity
  8
0
100
AcDbLine
 10
214.167
 20
-417.277
 30
0.0
 11
214.167
 21
-411.277
 31
0.0
  0
LINE
  5
F33
330
17
100
AcDbEntity
  8
0
100
AcDbLine
 10
168.167
 20
-412.611
 30
0.0
 11
168.167
 21
-518.486
 31
0.0
  0
LINE
  5
F34
330
17
100
AcDbEntity
  8
0
100
AcDbLine
 10
550.736
 20
-412.611
 30
0.0
 11
214.167
 21
-412.611
 31
0.0
  0
LINE
  5
F35
330
17
100
AcDbEntity
  8
0
100
AcDbLine
 10
168.167
 20
-412.611
 30
0.0
 11
168.167
 21
-412.611
 31
0.0
  0
LINE
  5
F36
330
17
100
AcDbEntity
  8
0
100
AcDbLine
 10
550.736
 20
-518.486
 30
0.0
 11
550.736
 21
-412.611
 31
0.0
  0
LINE
  5
F37
330
17
100
AcDbEntity
  8
0
100
AcDbLine
 10
472.302
 20
-518.486
 30
0.0
 11
550.736
 21
-518.486
 31
0.0
  0
LINE
  5
F38
330
17
100
AcDbEntity
  8
0
100
AcDbLine
 10
461.365
 20
-520.218
 30
0.0
 11
472.302
 21
-518.486
 31
0.0
  0
LINE
  5
F39
330
17
100
AcDbEntity
  8
0
100
AcDbLine
 10
451.498
 20
-525.246
 30
0.0
 11
461.365
 21
-520.218
 31
0.0
  0
LINE
  5
F3A
330
17
100
AcDbEntity
  8
0
100
AcDbLine
 10
443.667
 20
-533.076
 30
0.0
 11
451.498
 21
-525.246
 31
0.0
  0
LINE
  5
F3B
330
17
100
AcDbEntity
  8
0
100
AcDbLine
 10
438.64
 20
-542.944
 30
0.0
 11
443.667
 21
-533.076
 31
0.0
  0
LINE
  5
F3C
330
17
100
AcDbEntity
  8
0
100
AcDbLine
 10
436.907
 20
-553.881
 30
0.0
 11
438.64
 21
-542.944
 31
0.0
  0
LINE
  5
F3D
330
17
100
AcDbEntity
  8
0
100
AcDbLine
 10
436.907
 20
-574.217
 30
0.0
 11
436.907
 21
-569.269
 31
0.0
  0
LINE
  5
F3E
330
17
100
AcDbEntity
  8
0
100
AcDbLine
 10
436.907
 20
-565.632
 30
0.0
 11
436.907
 21
-553.881
 31
0.0
  0
LINE
  5
F3F
330
17
100
AcDbEntity
  8
0
100
AcDbLine
 10
354.786
 20
-574.217
 30
0.0
 11
367.406
 21
-574.217
 31
0.0
  0
LINE
  5
F40
330
17
100
AcDbEntity
  8
0
100
AcDbLine
 10
368.113
 20
-574.217
 30
0.0
 11
377.471
 21
-574.217
 31
0.0
  0
LINE
  5
F41
330
17
100
AcDbEntity
  8
0
100
AcDbLine
 10
428.294
 20
-574.217
 30
0.0
 11
436.907
 21
-574.217
 31
0.0
  0
LINE
  5
F42
330
17
100
AcDbEntity
  8
0
100
AcDbLine
 10
354.786
 20
-553.881
 30
0.0
 11
354.786
 21
-574.217
 31
0.0
  0
LINE
  5
F43
330
17
100
AcDbEntity
  8
0
100
AcDbLine
 10
353.054
 20
-542.944
 30
0.0
 11
354.786
 21
-553.881
 31
0.0
  0
LINE
  5
F44
330
17
100
AcDbEntity
  8
0
100
AcDbLine
 10
348.026
 20
-533.076
 30
0.0
 11
353.054
 21
-542.944
 31
0.0
  0
LINE
  5
F45
330
17
100
AcDbEntity
  8
0
100
AcDbLine
 10
340.196
 20
-525.246
 30
0.0
 11
348.026
 21
-533.076
 31
0.0
  0
LINE
  5
F46
330
17
100
AcDbEntity
  8
0
100
AcDbLine
 10
330.329
 20
-520.218
 30
0.0
 11
340.196
 21
-525.246
 31
0.0
  0
LINE
  5
F47
330
17
100
AcDbEntity
  8
0
100
AcDbLine
 10
319.391
 20
-518.486
 30
0.0
 11
330.329
 21
-520.218
 31
0.0
  0
LINE
  5
F48
330
17
100
AcDbEntity
  8
0
100
AcDbLine
 10
168.167
 20
-518.486
 30
0.0
 11
319.391
 21
-518.486
 31
0.0
  0
LINE
  5
F49
330
17
100
AcDbEntity
  8
0
100
AcDbLine
 10
61.3588
 20
1.12922
 30
0.0
 11
61.3588
 21
-28.8708
 31
0.0
  0
LINE
  5
F4A
330
17
100
AcDbEntity
  8
0
100
AcDbLine
 10
57.7588
 20
1.12923
 30
0.0
 11
61.3588
 21
1.12922
 31
0.0
  0
LINE
  5
F4B
330
17
100
AcDbEntity
  8
0
100
AcDbLine
 10
57.7588
 20
-28.8708
 30
0.0
 11
57.7588
 21
1.12923
 31
0.0
  0
LINE
  5
F4C
330
17
100
AcDbEntity
  8
0
100
AcDbLine
 10
61.3588
 20
-28.8708
 30
0.0
 11
57.7588
 21
-28.8708
 31
0.0
  0
LINE
  5
F4D
330
17
100
AcDbEntity
  8
0
100
AcDbLine
 10
55.9215
 20
-417.277
 30
0.0
 11
85.9215
 21
-417.277
 31
0.0
  0
LINE
  5
F4E
330
17
100
AcDbEntity
  8
0
100
AcDbLine
 10
55.9215
 20
-411.277
 30
0.0
 11
85.9215
 21
-411.277
 31
0.0
  0
LINE
  5
F4F
330
17
100
AcDbEntity
  8
0
100
AcDbLine
 10
55.9215
 20
-417.277
 30
0.0
 11
55.9215
 21
-411.277
 31
0.0
  0
LINE
  5
F50
330
17
100
AcDbEntity
  8
0
100
AcDbLine
 10
55.9215
 20
-411.277
 30
0.0
 11
55.9215
 21
-405.277
 31
0.0
  0
LINE
  5
F51
330
17
100
AcDbEntity
  8
0
100
AcDbLine
 10
85.9215
 20
-411.277
 30
0.0
 11
85.9215
 21
-405.277
 31
0.0
  0
LINE
  5
F52
330
17
100
AcDbEntity
  8
0
100
AcDbLine
 10
85.9215
 20
-417.277
 30
0.0
 11
85.9215
 21
-411.277
 31
0.0
  0
LINE
  5
F53
330
17
100
AcDbEntity
  8
0
100
AcDbLine
 10
130.262
 20
-79.5419
 30
0.0
 11
100.262
 21
-79.5419
 31
0.0
  0
LINE
  5
F54
330
17
100
AcDbEntity
  8
0
100
AcDbLine
 10
130.262
 20
-85.5419
 30
0.0
 11
100.262
 21
-85.5419
 31
0.0
  0
LINE
  5
F55
330
17
100
AcDbEntity
  8
0
100
AcDbLine
 10
124.563
 20
-91.5419
 30
0.0
 11
104.563
 21
-91.5419
 31
0.0
  0
LINE
  5
F56
330
17
100
AcDbEntity
  8
0
100
AcDbLine
 10
130.262
 20
-79.5419
 30
0.0
 11
130.262
 21
-85.5419
 31
0.0
  0
LINE
  5
F57
330
17
100
AcDbEntity
  8
0
100
AcDbLine
 10
130.262
 20
-85.5419
 30
0.0
 11
130.262
 21
-91.5419
 31
0.0
  0
LINE
  5
F58
330
17
100
AcDbEntity
  8
0
100
AcDbLine
 10
100.262
 20
-85.5419
 30
0.0
 11
100.262
 21
-91.5419
 31
0.0
  0
LINE
  5
F59
330
17
100
AcDbEntity
  8
0
100
AcDbLine
 10
100.262
 20
-79.5419
 30
0.0
 11
100.262
 21
-85.5419
 31
0.0
  0
LINE
  5
F5A
330
17
100
AcDbEntity
  8
0
100
AcDbLine
 10
396.034
 20
-144.442
 30
0.0
 11
396.034
 21
-146.442
 31
0.0
  0
LINE
  5
F5B
330
17
100
AcDbEntity
  8
0
100
AcDbLine
 10
418.034
 20
-146.442
 30
0.0
 11
396.034
 21
-146.442
 31
0.0
  0
LINE
  5
F5C
330
17
100
AcDbEntity
  8
0
100
AcDbLine
 10
418.034
 20
-144.442
 30
0.0
 11
418.034
 21
-146.442
 31
0.0
  0
LINE
  5
F5D
330
17
100
AcDbEntity
  8
0
100
AcDbLine
 10
418.034
 20
-144.442
 30
0.0
 11
396.034
 21
-144.442
 31
0.0
  0
LINE
  5
F5E
330
17
100
AcDbEntity
  8
0
100
AcDbLine
 10
376.034
 20
-96.1419
 30
0.0
 11
378.034
 21
-96.1419
 31
0.0
  0
LINE
  5
F5F
330
17
100
AcDbEntity
  8
0
100
AcDbLine
 10
376.034
 20
-146.442
 30
0.0
 11
376.034
 21
-96.1419
 31
0.0
  0
LINE
  5
F60
330
17
100
AcDbEntity
  8
0
100
AcDbLine
 10
376.034
 20
-146.442
 30
0.0
 11
378.034
 21
-146.442
 31
0.0
  0
LINE
  5
F61
330
17
100
AcDbEntity
  8
0
100
AcDbLine
 10
378.034
 20
-96.1419
 30
0.0
 11
378.034
 21
-146.442
 31
0.0
  0
LINE
  5
F62
330
17
100
AcDbEntity
  8
0
100
AcDbLine
 10
378.034
 20
-163.842
 30
0.0
 11
378.034
 21
-175.842
 31
0.0
  0
LINE
  5
F63
330
17
100
AcDbEntity
  8
0
100
AcDbLine
 10
378.034
 20
-163.842
 30
0.0
 11
376.034
 21
-163.842
 31
0.0
  0
LINE
  5
F64
330
17
100
AcDbEntity
  8
0
100
AcDbLine
 10
376.034
 20
-175.842
 30
0.0
 11
376.034
 21
-163.842
 31
0.0
  0
LINE
  5
F65
330
17
100
AcDbEntity
  8
0
100
AcDbLine
 10
378.034
 20
-175.842
 30
0.0
 11
376.034
 21
-175.842
 31
0.0
  0
LINE
  5
F66
330
17
100
AcDbEntity
  8
0
100
AcDbLine
 10
85.505
 20
-250.697
 30
0.0
 11
85.505
 21
-259.697
 31
0.0
  0
LINE
  5
F67
330
17
100
AcDbEntity
  8
0
100
AcDbLine
 10
85.505
 20
-250.697
 30
0.0
 11
77.505
 21
-250.697
 31
0.0
  0
LINE
  5
F68
330
17
100
AcDbEntity
  8
0
100
AcDbLine
 10
85.505
 20
-259.697
 30
0.0
 11
77.505
 21
-259.697
 31
0.0
  0
LINE
  5
F69
330
17
100
AcDbEntity
  8
0
100
AcDbLine
 10
77.505
 20
-250.697
 30
0.0
 11
77.505
 21
-259.697
 31
0.0
  0
LINE
  5
F6A
330
17
100
AcDbEntity
  8
0
100
AcDbLine
 10
76.505
 20
-250.697
 30
0.0
 11
76.505
 21
-259.697
 31
0.0
  0
LINE
  5
F6B
330
17
100
AcDbEntity
  8
0
100
AcDbLine
 10
76.505
 20
-250.697
 30
0.0
 11
77.505
 21
-250.697
 31
0.0
  0
LINE
  5
F6C
330
17
100
AcDbEntity
  8
0
100
AcDbLine
 10
76.505
 20
-259.697
 30
0.0
 11
77.505
 21
-259.697
 31
0.0
  0
LINE
  5
F6D
330
17
100
AcDbEntity
  8
0
100
AcDbLine
 10
135.532
 20
-259.697
 30
0.0
 11
135.532
 21
-250.697
 31
0.0
  0
LINE
  5
F6E
330
17
100
AcDbEntity
  8
0
100
AcDbLine
 10
135.532
 20
-259.697
 30
0.0
 11
143.532
 21
-259.697
 31
0.0
  0
LINE
  5
F6F
330
17
100
AcDbEntity
  8
0
100
AcDbLine
 10
135.532
 20
-250.697
 30
0.0
 11
143.532
 21
-250.697
 31
0.0
  0
LINE
  5
F70
330
17
100
AcDbEntity
  8
0
100
AcDbLine
 10
143.532
 20
-259.697
 30
0.0
 11
143.532
 21
-250.697
 31
0.0
  0
LINE
  5
F71
330
17
100
AcDbEntity
  8
0
100
AcDbLine
 10
144.532
 20
-259.697
 30
0.0
 11
144.532
 21
-250.697
 31
0.0
  0
LINE
  5
F72
330
17
100
AcDbEntity
  8
0
100
AcDbLine
 10
144.532
 20
-259.697
 30
0.0
 11
143.532
 21
-259.697
 31
0.0
  0
LINE
  5
F73
330
17
100
AcDbEntity
  8
0
100
AcDbLine
 10
144.532
 20
-250.697
 30
0.0
 11
143.532
 21
-250.697
 31
0.0
  0
LINE
  5
F74
330
17
100
AcDbEntity
  8
0
100
AcDbLine
 10
100.634
 20
-276.115
 30
0.0
 11
100.634
 21
-277.115
 31
0.0
  0
LINE
  5
F75
330
17
100
AcDbEntity
  8
0
100
AcDbLine
 10
100.634
 20
-276.115
 30
0.0
 11
91.6344
 21
-276.115
 31
0.0
  0
LINE
  5
F76
330
17
100
AcDbEntity
  8
0
100
AcDbLine
 10
91.6344
 20
-276.115
 30
0.0
 11
91.6344
 21
-277.115
 31
0.0
  0
LINE
  5
F77
330
17
100
AcDbEntity
  8
0
100
AcDbLine
 10
91.6344
 20
-277.115
 30
0.0
 11
100.634
 21
-277.115
 31
0.0
  0
LINE
  5
F78
330
17
100
AcDbEntity
  8
0
100
AcDbLine
 10
100.634
 20
-268.115
 30
0.0
 11
100.634
 21
-276.115
 31
0.0
  0
LINE
  5
F79
330
17
100
AcDbEntity
  8
0
100
AcDbLine
 10
100.634
 20
-268.115
 30
0.0
 11
91.6344
 21
-268.115
 31
0.0
  0
LINE
  5
F7A
330
17
100
AcDbEntity
  8
0
100
AcDbLine
 10
91.6344
 20
-268.115
 30
0.0
 11
91.6344
 21
-276.115
 31
0.0
  0
LINE
  5
F7B
330
17
100
AcDbEntity
  8
0
100
AcDbLine
 10
120.437
 20
-234.279
 30
0.0
 11
120.437
 21
-233.279
 31
0.0
  0
LINE
  5
F7C
330
17
100
AcDbEntity
  8
0
100
AcDbLine
 10
120.437
 20
-234.279
 30
0.0
 11
129.437
 21
-234.279
 31
0.0
  0
LINE
  5
F7D
330
17
100
AcDbEntity
  8
0
100
AcDbLine
 10
129.437
 20
-234.279
 30
0.0
 11
129.437
 21
-233.279
 31
0.0
  0
LINE
  5
F7E
330
17
100
AcDbEntity
  8
0
100
AcDbLine
 10
129.437
 20
-233.279
 30
0.0
 11
120.437
 21
-233.279
 31
0.0
  0
LINE
  5
F7F
330
17
100
AcDbEntity
  8
0
100
AcDbLine
 10
120.437
 20
-242.279
 30
0.0
 11
120.437
 21
-234.279
 31
0.0
  0
LINE
  5
F80
330
17
100
AcDbEntity
  8
0
100
AcDbLine
 10
120.437
 20
-242.279
 30
0.0
 11
129.437
 21
-242.279
 31
0.0
  0
LINE
  5
F81
330
17
100
AcDbEntity
  8
0
100
AcDbLine
 10
129.437
 20
-242.279
 30
0.0
 11
129.437
 21
-234.279
 31
0.0
  0
LINE
  5
F82
330
17
100
AcDbEntity
  8
0
100
AcDbLine
 10
120.437
 20
-268.115
 30
0.0
 11
129.437
 21
-268.115
 31
0.0
  0
LINE
  5
F83
330
17
100
AcDbEntity
  8
0
100
AcDbLine
 10
120.437
 20
-268.115
 30
0.0
 11
120.437
 21
-276.115
 31
0.0
  0
LINE
  5
F84
330
17
100
AcDbEntity
  8
0
100
AcDbLine
 10
129.437
 20
-268.115
 30
0.0
 11
129.437
 21
-276.115
 31
0.0
  0
LINE
  5
F85
330
17
100
AcDbEntity
  8
0
100
AcDbLine
 10
120.437
 20
-276.115
 30
0.0
 11
129.437
 21
-276.115
 31
0.0
  0
LINE
  5
F86
330
17
100
AcDbEntity
  8
0
100
AcDbLine
 10
120.437
 20
-277.115
 30
0.0
 11
129.437
 21
-277.115
 31
0.0
  0
LINE
  5
F87
330
17
100
AcDbEntity
  8
0
100
AcDbLine
 10
120.437
 20
-277.115
 30
0.0
 11
120.437
 21
-276.115
 31
0.0
  0
LINE
  5
F88
330
17
100
AcDbEntity
  8
0
100
AcDbLine
 10
129.437
 20
-277.115
 30
0.0
 11
129.437
 21
-276.115
 31
0.0
  0
LINE
  5
F89
330
17
100
AcDbEntity
  8
0
100
AcDbLine
 10
105.989
 20
-234.279
 30
0.0
 11
105.989
 21
-233.279
 31
0.0
  0
LINE
  5
F8A
330
17
100
AcDbEntity
  8
0
100
AcDbLine
 10
105.989
 20
-234.279
 30
0.0
 11
114.989
 21
-234.279
 31
0.0
  0
LINE
  5
F8B
330
17
100
AcDbEntity
  8
0
100
AcDbLine
 10
114.989
 20
-234.279
 30
0.0
 11
114.989
 21
-233.279
 31
0.0
  0
LINE
  5
F8C
330
17
100
AcDbEntity
  8
0
100
AcDbLine
 10
114.989
 20
-233.279
 30
0.0
 11
105.989
 21
-233.279
 31
0.0
  0
LINE
  5
F8D
330
17
100
AcDbEntity
  8
0
100
AcDbLine
 10
105.989
 20
-242.279
 30
0.0
 11
105.989
 21
-234.279
 31
0.0
  0
LINE
  5
F8E
330
17
100
AcDbEntity
  8
0
100
AcDbLine
 10
105.989
 20
-242.279
 30
0.0
 11
114.989
 21
-242.279
 31
0.0
  0
LINE
  5
F8F
330
17
100
AcDbEntity
  8
0
100
AcDbLine
 10
114.989
 20
-242.279
 30
0.0
 11
114.989
 21
-234.279
 31
0.0
  0
LINE
  5
F90
330
17
100
AcDbEntity
  8
0
100
AcDbLine
 10
106.082
 20
-268.115
 30
0.0
 11
115.082
 21
-268.115
 31
0.0
  0
LINE
  5
F91
330
17
100
AcDbEntity
  8
0
100
AcDbLine
 10
106.082
 20
-268.115
 30
0.0
 11
106.082
 21
-276.115
 31
0.0
  0
LINE
  5
F92
330
17
100
AcDbEntity
  8
0
100
AcDbLine
 10
115.082
 20
-268.115
 30
0.0
 11
115.082
 21
-276.115
 31
0.0
  0
LINE
  5
F93
330
17
100
AcDbEntity
  8
0
100
AcDbLine
 10
106.082
 20
-276.115
 30
0.0
 11
115.082
 21
-276.115
 31
0.0
  0
LINE
  5
F94
330
17
100
AcDbEntity
  8
0
100
AcDbLine
 10
106.082
 20
-277.115
 30
0.0
 11
115.082
 21
-277.115
 31
0.0
  0
LINE
  5
F95
330
17
100
AcDbEntity
  8
0
100
AcDbLine
 10
106.082
 20
-277.115
 30
0.0
 11
106.082
 21
-276.115
 31
0.0
  0
LINE
  5
F96
330
17
100
AcDbEntity
  8
0
100
AcDbLine
 10
115.082
 20
-277.115
 30
0.0
 11
115.082
 21
-276.115
 31
0.0
  0
LINE
  5
F97
330
17
100
AcDbEntity
  8
0
100
AcDbLine
 10
91.6344
 20
-234.279
 30
0.0
 11
91.6344
 21
-233.279
 31
0.0
  0
LINE
  5
F98
330
17
100
AcDbEntity
  8
0
100
AcDbLine
 10
91.6344
 20
-234.279
 30
0.0
 11
100.634
 21
-234.279
 31
0.0
  0
LINE
  5
F99
330
17
100
AcDbEntity
  8
0
100
AcDbLine
 10
100.634
 20
-234.279
 30
0.0
 11
100.634
 21
-233.279
 31
0.0
  0
LINE
  5
F9A
330
17
100
AcDbEntity
  8
0
100
AcDbLine
 10
100.634
 20
-233.279
 30
0.0
 11
91.6344
 21
-233.279
 31
0.0
  0
LINE
  5
F9B
330
17
100
AcDbEntity
  8
0
100
AcDbLine
 10
91.6344
 20
-242.279
 30
0.0
 11
91.6344
 21
-234.279
 31
0.0
  0
LINE
  5
F9C
330
17
100
AcDbEntity
  8
0
100
AcDbLine
 10
91.6344
 20
-242.279
 30
0.0
 11
100.634
 21
-242.279
 31
0.0
  0
LINE
  5
F9D
330
17
100
AcDbEntity
  8
0
100
AcDbLine
 10
100.634
 20
-242.279
 30
0.0
 11
100.634
 21
-234.279
 31
0.0
  0
LINE
  5
F9E
330
17
100
AcDbEntity
  8
0
100
AcDbLine
 10
86.4347
 20
-243.286
 30
0.0
 11
86.4347
 21
-267.265
 31
0.0
  0
LINE
  5
F9F
330
17
100
AcDbEntity
  8
0
100
AcDbLine
 10
86.4347
 20
-243.286
 30
0.0
 11
134.435
 21
-243.286
 31
0.0
  0
LINE
  5
FA0
330
17
100
AcDbEntity
  8
0
100
AcDbLine
 10
134.435
 20
-243.286
 30
0.0
 11
134.435
 21
-267.265
 31
0.0
  0
LINE
  5
FA1
330
17
100
AcDbEntity
  8
0
100
AcDbLine
 10
134.435
 20
-267.265
 30
0.0
 11
86.4347
 21
-267.265
 31
0.0
  0
LINE
  5
FA2
330
17
100
AcDbEntity
  8
0
100
AcDbLine
 10
37.8321
 20
-32.4708
 30
0.0
 11
37.8321
 21
-28.8708
 31
0.0
  0
LINE
  5
FA3
330
17
100
AcDbEntity
  8
0
100
AcDbLine
 10
23.6328
 20
-28.8708
 30
0.0
 11
37.8321
 21
-28.8708
 31
0.0
  0
LINE
  5
FA4
330
17
100
AcDbEntity
  8
0
100
AcDbLine
 10
23.3895
 20
-32.4708
 30
0.0
 11
23.6328
 21
-28.8708
 31
0.0
  0
LINE
  5
FA5
330
17
100
AcDbEntity
  8
0
100
AcDbLine
 10
37.8321
 20
-32.4708
 30
0.0
 11
23.3895
 21
-32.4708
 31
0.0
  0
LINE
  5
FA6
330
17
100
AcDbEntity
  8
0
100
AcDbLine
 10
61.3588
 20
-28.8708
 30
0.0
 11
61.3588
 21
-32.4708
 31
0.0
  0
LINE
  5
FA7
330
17
100
AcDbEntity
  8
0
100
AcDbLine
 10
57.8321
 20
-28.8708
 30
0.0
 11
61.3588
 21
-28.8708
 31
0.0
  0
LINE
  5
FA8
330
17
100
AcDbEntity
  8
0
100
AcDbLine
 10
57.8321
 20
-28.8708
 30
0.0
 11
57.8321
 21
-32.4708
 31
0.0
  0
LINE
  5
FA9
330
17
100
AcDbEntity
  8
0
100
AcDbLine
 10
61.3588
 20
-32.4708
 30
0.0
 11
57.8321
 21
-32.4708
 31
0.0
  0
LINE
  5
FAA
330
17
100
AcDbEntity
  8
0
100
AcDbLine
 10
276.082
 20
-405.277
 30
0.0
 11
274.928
 21
-404.123
 31
0.0
  0
LINE
  5
FAB
330
17
100
AcDbEntity
  8
0
100
AcDbLine
 10
273.928
 20
-403.123
 30
0.0
 11
272.482
 21
-401.677
 31
0.0
  0
LINE
  5
FAC
330
17
100
AcDbEntity
  8
0
100
AcDbLine
 10
272.482
 20
-401.677
 30
0.0
 11
272.482
 21
-382.536
 31
0.0
  0
LINE
  5
FAD
330
17
100
AcDbEntity
  8
0
100
AcDbLine
 10
272.482
 20
-382.536
 30
0.0
 11
276.082
 21
-382.536
 31
0.0
  0
LINE
  5
FAE
330
17
100
AcDbEntity
  8
0
100
AcDbLine
 10
276.082
 20
-382.536
 30
0.0
 11
276.082
 21
-384.013
 31
0.0
  0
LINE
  5
FAF
330
17
100
AcDbEntity
  8
0
100
AcDbLine
 10
276.082
 20
-385.013
 30
0.0
 11
276.082
 21
-405.277
 31
0.0
  0
LINE
  5
FB0
330
17
100
AcDbEntity
  8
0
100
AcDbLine
 10
50.0808
 20
-524.454
 30
0.0
 11
50.0808
 21
-405.277
 31
0.0
  0
LINE
  5
FB1
330
17
100
AcDbEntity
  8
0
100
AcDbLine
 10
153.709
 20
-524.454
 30
0.0
 11
50.0808
 21
-524.454
 31
0.0
  0
LINE
  5
FB2
330
17
100
AcDbEntity
  8
0
100
AcDbLine
 10
168.078
 20
-405.277
 30
0.0
 11
168.078
 21
-519.383
 31
0.0
  0
LINE
  5
FB3
330
17
100
AcDbEntity
  8
0
100
AcDbLine
 10
215.229
 20
-405.277
 30
0.0
 11
50.0808
 21
-405.277
 31
0.0
  0
LINE
  5
FB4
330
17
100
AcDbEntity
  8
0
100
AcDbLine
 10
262.796
 20
-349.108
 30
0.0
 11
262.796
 21
-401.677
 31
0.0
  0
LINE
  5
FB5
330
17
100
AcDbEntity
  8
0
100
AcDbLine
 10
414.5
 20
-349.108
 30
0.0
 11
262.796
 21
-349.108
 31
0.0
  0
LINE
  5
FB6
330
17
100
AcDbEntity
  8
0
100
AcDbLine
 10
414.5
 20
-301.68
 30
0.0
 11
414.5
 21
-349.108
 31
0.0
  0
LINE
  5
FB7
330
17
100
AcDbEntity
  8
0
100
AcDbLine
 10
312.934
 20
-301.68
 30
0.0
 11
393.071
 21
-301.68
 31
0.0
  0
LINE
  5
FB8
330
17
100
AcDbEntity
  8
0
100
AcDbLine
 10
246.933
 20
-345.968
 30
0.0
 11
246.933
 21
-345.968
 31
0.0
  0
LINE
  5
FB9
330
17
100
AcDbEntity
  8
0
100
AcDbLine
 10
246.933
 20
-352.473
 30
0.0
 11
246.933
 21
-352.473
 31
0.0
  0
LINE
  5
FBA
330
17
100
AcDbEntity
  8
0
100
AcDbLine
 10
179.494
 20
-365.856
 30
0.0
 11
203.494
 21
-365.856
 31
0.0
  0
LINE
  5
FBB
330
17
100
AcDbEntity
  8
0
100
AcDbLine
 10
175.26
 20
-381.28
 30
0.0
 11
175.26
 21
-365.856
 31
0.0
  0
LINE
  5
FBC
330
17
100
AcDbEntity
  8
0
100
AcDbLine
 10
90.6719
 20
-381.28
 30
0.0
 11
175.26
 21
-381.28
 31
0.0
  0
LINE
  5
FBD
330
17
100
AcDbEntity
  8
0
100
AcDbLine
 10
49.9813
 20
-301.68
 30
0.0
 11
50.2808
 21
-301.68
 31
0.0
  0
LINE
  5
FBE
330
17
100
AcDbEntity
  8
0
100
AcDbLine
 10
50.0808
 20
-405.277
 30
0.0
 11
49.9813
 21
-301.68
 31
0.0
  0
LINE
  5
FBF
330
17
100
AcDbEntity
  8
0
100
AcDbLine
 10
246.933
 20
-345.968
 30
0.0
 11
246.933
 21
-352.473
 31
0.0
  0
LINE
  5
FC0
330
17
100
AcDbEntity
  8
0
100
AcDbLine
 10
231.646
 20
-361.256
 30
0.0
 11
246.933
 21
-345.968
 31
0.0
  0
LINE
  5
FC1
330
17
100
AcDbEntity
  8
0
100
AcDbLine
 10
238.151
 20
-361.256
 30
0.0
 11
231.646
 21
-361.256
 31
0.0
  0
LINE
  5
FC2
330
17
100
AcDbEntity
  8
0
100
AcDbLine
 10
246.933
 20
-352.473
 30
0.0
 11
238.151
 21
-361.256
 31
0.0
  0
LINE
  5
FC3
330
17
100
AcDbEntity
  8
0
100
AcDbLine
 10
274.952
 20
-404.123
 30
0.0
 11
215.229
 21
-404.123
 31
0.0
  0
LINE
  5
FC4
330
17
100
AcDbEntity
  8
0
100
AcDbLine
 10
215.229
 20
-404.123
 30
0.0
 11
215.229
 21
-403.123
 31
0.0
  0
LINE
  5
FC5
330
17
100
AcDbEntity
  8
0
100
AcDbLine
 10
273.952
 20
-403.123
 30
0.0
 11
215.229
 21
-403.123
 31
0.0
  0
LINE
  5
FC6
330
17
100
AcDbEntity
  8
0
100
AcDbLine
 10
273.952
 20
-403.123
 30
0.0
 11
274.952
 21
-404.123
 31
0.0
  0
LINE
  5
FC7
330
17
100
AcDbEntity
  8
0
100
AcDbLine
 10
215.229
 20
-405.277
 30
0.0
 11
215.229
 21
-401.677
 31
0.0
  0
LINE
  5
FC8
330
17
100
AcDbEntity
  8
0
100
AcDbLine
 10
215.229
 20
-401.677
 30
0.0
 11
272.482
 21
-401.677
 31
0.0
  0
LINE
  5
FC9
330
17
100
AcDbEntity
  8
0
100
AcDbLine
 10
272.482
 20
-401.677
 30
0.0
 11
273.928
 21
-403.123
 31
0.0
  0
LINE
  5
FCA
330
17
100
AcDbEntity
  8
0
100
AcDbLine
 10
274.928
 20
-404.123
 30
0.0
 11
276.082
 21
-405.277
 31
0.0
  0
LINE
  5
FCB
330
17
100
AcDbEntity
  8
0
100
AcDbLine
 10
276.082
 20
-405.277
 30
0.0
 11
215.229
 21
-405.277
 31
0.0
  0
LINE
  5
FCC
330
17
100
AcDbEntity
  8
0
100
AcDbLine
 10
263.324
 20
-401.677
 30
0.0
 11
263.324
 21
-349.108
 31
0.0
  0
LINE
  5
FCD
330
17
100
AcDbEntity
  8
0
100
AcDbLine
 10
272.482
 20
-401.677
 30
0.0
 11
272.482
 21
-401.677
 31
0.0
  0
LINE
  5
FCE
330
17
100
AcDbEntity
  8
0
100
AcDbLine
 10
414.5
 20
-387.013
 30
0.0
 11
276.082
 21
-387.013
 31
0.0
  0
LINE
  5
FCF
330
17
100
AcDbEntity
  8
0
100
AcDbLine
 10
263.324
 20
-349.108
 30
0.0
 11
414.5
 21
-349.108
 31
0.0
  0
LINE
  5
FD0
330
17
100
AcDbEntity
  8
0
100
AcDbLine
 10
37.1526
 20
-309.169
 30
0.0
 11
37.2023
 21
-327.992
 31
0.0
  0
LINE
  5
FD1
330
17
100
AcDbEntity
  8
0
100
AcDbLine
 10
6.05204
 20
-309.169
 30
0.0
 11
37.1526
 21
-309.169
 31
0.0
  0
LINE
  5
FD2
330
17
100
AcDbEntity
  8
0
100
AcDbLine
 10
37.2023
 20
-327.992
 30
0.0
 11
4.7087
 21
-327.364
 31
0.0
  0
LINE
  5
FD3
330
17
100
AcDbEntity
  8
0
100
AcDbLine
 10
515.133
 20
-161.836
 30
0.0
 11
515.133
 21
-145.836
 31
0.0
  0
LINE
  5
FD4
330
17
100
AcDbEntity
  8
0
100
AcDbLine
 10
519.733
 20
-161.836
 30
0.0
 11
519.733
 21
-145.836
 31
0.0
  0
LINE
  5
FD5
330
17
100
AcDbEntity
  8
0
100
AcDbLine
 10
515.133
 20
-201.347
 30
0.0
 11
519.733
 21
-201.347
 31
0.0
  0
LINE
  5
FD6
330
17
100
AcDbEntity
  8
0
100
AcDbLine
 10
519.733
 20
-161.836
 30
0.0
 11
519.733
 21
-201.347
 31
0.0
  0
LINE
  5
FD7
330
17
100
AcDbEntity
  8
0
100
AcDbLine
 10
519.733
 20
-161.836
 30
0.0
 11
515.133
 21
-161.836
 31
0.0
  0
LINE
  5
FD8
330
17
100
AcDbEntity
  8
0
100
AcDbLine
 10
515.133
 20
-161.836
 30
0.0
 11
515.133
 21
-201.347
 31
0.0
  0
LINE
  5
FD9
330
17
100
AcDbEntity
  8
0
100
AcDbLine
 10
515.133
 20
-217.347
 30
0.0
 11
515.133
 21
-216.347
 31
0.0
  0
LINE
  5
FDA
330
17
100
AcDbEntity
  8
0
100
AcDbLine
 10
515.133
 20
-202.347
 30
0.0
 11
515.133
 21
-201.347
 31
0.0
  0
LINE
  5
FDB
330
17
100
AcDbEntity
  8
0
100
AcDbLine
 10
519.733
 20
-217.347
 30
0.0
 11
519.733
 21
-201.347
 31
0.0
  0
LINE
  5
FDC
330
17
100
AcDbEntity
  8
0
100
AcDbLine
 10
519.733
 20
-217.347
 30
0.0
 11
515.133
 21
-217.347
 31
0.0
  0
LINE
  5
FDD
330
17
100
AcDbEntity
  8
0
100
AcDbLine
 10
515.133
 20
-217.347
 30
0.0
 11
515.133
 21
-234.155
 31
0.0
  0
LINE
  5
FDE
330
17
100
AcDbEntity
  8
0
100
AcDbLine
 10
519.733
 20
-234.155
 30
0.0
 11
515.133
 21
-234.155
 31
0.0
  0
LINE
  5
FDF
330
17
100
AcDbEntity
  8
0
100
AcDbLine
 10
519.733
 20
-217.347
 30
0.0
 11
519.733
 21
-234.155
 31
0.0
  0
LINE
  5
FE0
330
17
100
AcDbEntity
  8
0
100
AcDbLine
 10
515.133
 20
-234.155
 30
0.0
 11
515.133
 21
-250.155
 31
0.0
  0
LINE
  5
FE1
330
17
100
AcDbEntity
  8
0
100
AcDbLine
 10
519.733
 20
-234.155
 30
0.0
 11
519.733
 21
-250.155
 31
0.0
  0
LINE
  5
FE2
330
17
100
AcDbEntity
  8
0
100
AcDbLine
 10
519.733
 20
-250.155
 30
0.0
 11
519.733
 21
-269.983
 31
0.0
  0
LINE
  5
FE3
330
17
100
AcDbEntity
  8
0
100
AcDbLine
 10
515.133
 20
-250.155
 30
0.0
 11
519.733
 21
-250.155
 31
0.0
  0
LINE
  5
FE4
330
17
100
AcDbEntity
  8
0
100
AcDbLine
 10
515.133
 20
-250.155
 30
0.0
 11
515.133
 21
-269.983
 31
0.0
  0
LINE
  5
FE5
330
17
100
AcDbEntity
  8
0
100
AcDbLine
 10
519.733
 20
-269.983
 30
0.0
 11
515.133
 21
-269.983
 31
0.0
  0
LINE
  5
FE6
330
17
100
AcDbEntity
  8
0
100
AcDbLine
 10
515.133
 20
-269.983
 30
0.0
 11
515.133
 21
-285.983
 31
0.0
  0
LINE
  5
FE7
330
17
100
AcDbEntity
  8
0
100
AcDbLine
 10
519.733
 20
-269.983
 30
0.0
 11
519.733
 21
-285.983
 31
0.0
  0
LINE
  5
FE8
330
17
100
AcDbEntity
  8
0
100
AcDbLine
 10
515.133
 20
-392.613
 30
0.0
 11
519.733
 21
-392.613
 31
0.0
  0
LINE
  5
FE9
330
17
100
AcDbEntity
  8
0
100
AcDbLine
 10
519.733
 20
-285.983
 30
0.0
 11
519.733
 21
-392.613
 31
0.0
  0
LINE
  5
FEA
330
17
100
AcDbEntity
  8
0
100
AcDbLine
 10
515.133
 20
-285.983
 30
0.0
 11
519.733
 21
-285.983
 31
0.0
  0
LINE
  5
FEB
330
17
100
AcDbEntity
  8
0
100
AcDbLine
 10
515.133
 20
-285.983
 30
0.0
 11
515.133
 21
-392.613
 31
0.0
  0
LINE
  5
FEC
330
17
100
AcDbEntity
  8
0
100
AcDbLine
 10
515.134
 20
-96.1419
 30
0.0
 11
515.133
 21
-145.836
 31
0.0
  0
LINE
  5
FED
330
17
100
AcDbEntity
  8
0
100
AcDbLine
 10
515.133
 20
-145.836
 30
0.0
 11
519.733
 21
-145.836
 31
0.0
  0
LINE
  5
FEE
330
17
100
AcDbEntity
  8
0
100
AcDbLine
 10
519.734
 20
-96.1419
 30
0.0
 11
519.733
 21
-145.836
 31
0.0
  0
LINE
  5
FEF
330
17
100
AcDbEntity
  8
0
100
AcDbLine
 10
515.134
 20
-96.1419
 30
0.0
 11
519.734
 21
-96.1419
 31
0.0
  0
LINE
  5
FF0
330
17
100
AcDbEntity
  8
0
100
AcDbLine
 10
445.233
 20
-249.213
 30
0.0
 11
515.133
 21
-249.213
 31
0.0
  0
LINE
  5
FF1
330
17
100
AcDbEntity
  8
0
100
AcDbLine
 10
274.052
 20
-384.113
 30
0.0
 11
274.052
 21
-384.113
 31
0.0
  0
LINE
  5
FF2
330
17
100
AcDbEntity
  8
0
100
AcDbLine
 10
273.952
 20
-384.013
 30
0.0
 11
414.477
 21
-384.013
 31
0.0
  0
LINE
  5
FF3
330
17
100
AcDbEntity
  8
0
100
AcDbLine
 10
414.477
 20
-384.013
 30
0.0
 11
414.477
 21
-385.013
 31
0.0
  0
LINE
  5
FF4
330
17
100
AcDbEntity
  8
0
100
AcDbLine
 10
274.952
 20
-385.013
 30
0.0
 11
414.477
 21
-385.013
 31
0.0
  0
LINE
  5
FF5
330
17
100
AcDbEntity
  8
0
100
AcDbLine
 10
274.952
 20
-385.013
 30
0.0
 11
273.952
 21
-384.013
 31
0.0
  0
LINE
  5
FF6
330
17
100
AcDbEntity
  8
0
100
AcDbLine
 10
484.133
 20
-392.613
 30
0.0
 11
484.133
 21
-388.013
 31
0.0
  0
LINE
  5
FF7
330
17
100
AcDbEntity
  8
0
100
AcDbLine
 10
484.133
 20
-388.013
 30
0.0
 11
450.1
 21
-388.013
 31
0.0
  0
LINE
  5
FF8
330
17
100
AcDbEntity
  8
0
100
AcDbLine
 10
450.1
 20
-388.013
 30
0.0
 11
450.1
 21
-392.613
 31
0.0
  0
LINE
  5
FF9
330
17
100
AcDbEntity
  8
0
100
AcDbLine
 10
484.133
 20
-392.613
 30
0.0
 11
450.1
 21
-392.613
 31
0.0
  0
LINE
  5
FFA
330
17
100
AcDbEntity
  8
0
100
AcDbLine
 10
419.1
 20
-392.613
 30
0.0
 11
450.1
 21
-392.613
 31
0.0
  0
LINE
  5
FFB
330
17
100
AcDbEntity
  8
0
100
AcDbLine
 10
414.5
 20
-388.013
 30
0.0
 11
414.5
 21
-392.613
 31
0.0
  0
LINE
  5
FFC
330
17
100
AcDbEntity
  8
0
100
AcDbLine
 10
419.1
 20
-392.613
 30
0.0
 11
414.5
 21
-392.613
 31
0.0
  0
LINE
  5
FFD
330
17
100
AcDbEntity
  8
0
100
AcDbLine
 10
419.1
 20
-392.613
 30
0.0
 11
419.1
 21
-388.013
 31
0.0
  0
LINE
  5
FFE
330
17
100
AcDbEntity
  8
0
100
AcDbLine
 10
419.1
 20
-388.013
 30
0.0
 11
414.5
 21
-388.013
 31
0.0
  0
LINE
  5
FFF
330
17
100
AcDbEntity
  8
0
100
AcDbLine
 10
484.133
 20
-388.013
 30
0.0
 11
515.133
 21
-388.013
 31
0.0
  0
LINE
  5
1000
330
17
100
AcDbEntity
  8
0
100
AcDbLine
 10
484.133
 20
-392.613
 30
0.0
 11
515.133
 21
-392.613
 31
0.0
  0
LINE
  5
1001
330
17
100
AcDbEntity
  8
0
100
AcDbLine
 10
443.233
 20
-247.91
 30
0.0
 11
443.233
 21
-305.813
 31
0.0
  0
LINE
  5
1002
330
17
100
AcDbEntity
  8
0
100
AcDbLine
 10
443.233
 20
-305.813
 30
0.0
 11
445.233
 21
-305.813
 31
0.0
  0
LINE
  5
1003
330
17
100
AcDbEntity
  8
0
100
AcDbLine
 10
445.233
 20
-247.91
 30
0.0
 11
445.233
 21
-305.813
 31
0.0
  0
LINE
  5
1004
330
17
100
AcDbEntity
  8
0
100
AcDbLine
 10
443.233
 20
-247.91
 30
0.0
 11
445.233
 21
-247.91
 31
0.0
  0
LINE
  5
1005
330
17
100
AcDbEntity
  8
0
100
AcDbLine
 10
477.834
 20
-227.91
 30
0.0
 11
445.233
 21
-227.91
 31
0.0
  0
LINE
  5
1006
330
17
100
AcDbEntity
  8
0
100
AcDbLine
 10
477.834
 20
-225.91
 30
0.0
 11
477.834
 21
-227.91
 31
0.0
  0
LINE
  5
1007
330
17
100
AcDbEntity
  8
0
100
AcDbLine
 10
445.233
 20
-225.91
 30
0.0
 11
477.834
 21
-225.91
 31
0.0
  0
LINE
  5
1008
330
17
100
AcDbEntity
  8
0
100
AcDbLine
 10
445.233
 20
-227.91
 30
0.0
 11
445.233
 21
-225.91
 31
0.0
  0
LINE
  5
1009
330
17
100
AcDbEntity
  8
0
100
AcDbLine
 10
445.233
 20
-180.442
 30
0.0
 11
445.233
 21
-227.91
 31
0.0
  0
LINE
  5
100A
330
17
100
AcDbEntity
  8
0
100
AcDbLine
 10
443.233
 20
-180.442
 30
0.0
 11
445.233
 21
-180.442
 31
0.0
  0
LINE
  5
100B
330
17
100
AcDbEntity
  8
0
100
AcDbLine
 10
443.233
 20
-227.91
 30
0.0
 11
443.233
 21
-180.442
 31
0.0
  0
LINE
  5
100C
330
17
100
AcDbEntity
  8
0
100
AcDbLine
 10
445.233
 20
-227.91
 30
0.0
 11
443.233
 21
-227.91
 31
0.0
  0
LINE
  5
100D
330
17
100
AcDbEntity
  8
0
100
AcDbLine
 10
274.852
 20
-404.023
 30
0.0
 11
274.852
 21
-404.023
 31
0.0
  0
LINE
  5
100E
330
17
100
AcDbEntity
  8
0
100
AcDbLine
 10
273.952
 20
-403.124
 30
0.0
 11
273.952
 21
-384.013
 31
0.0
  0
LINE
  5
100F
330
17
100
AcDbEntity
  8
0
100
AcDbLine
 10
273.952
 20
-384.013
 30
0.0
 11
274.952
 21
-385.013
 31
0.0
  0
LINE
  5
1010
330
17
100
AcDbEntity
  8
0
100
AcDbLine
 10
274.952
 20
-404.123
 30
0.0
 11
274.952
 21
-385.013
 31
0.0
  0
LINE
  5
1011
330
17
100
AcDbEntity
  8
0
100
AcDbLine
 10
274.952
 20
-404.123
 30
0.0
 11
273.952
 21
-403.124
 31
0.0
  0
LINE
  5
1012
330
17
100
AcDbEntity
  8
0
100
AcDbLine
 10
238.151
 20
-361.256
 30
0.0
 11
233.551
 21
-365.856
 31
0.0
  0
LINE
  5
1013
330
17
100
AcDbEntity
  8
0
100
AcDbLine
 10
203.494
 20
-361.256
 30
0.0
 11
238.151
 21
-361.256
 31
0.0
  0
LINE
  5
1014
330
17
100
AcDbEntity
  8
0
100
AcDbLine
 10
203.494
 20
-361.256
 30
0.0
 11
203.494
 21
-365.856
 31
0.0
  0
LINE
  5
1015
330
17
100
AcDbEntity
  8
0
100
AcDbLine
 10
233.551
 20
-365.856
 30
0.0
 11
203.494
 21
-365.856
 31
0.0
  0
LINE
  5
1016
330
17
100
AcDbEntity
  8
0
100
AcDbLine
 10
179.494
 20
-365.856
 30
0.0
 11
175.26
 21
-365.856
 31
0.0
  0
LINE
  5
1017
330
17
100
AcDbEntity
  8
0
100
AcDbLine
 10
179.494
 20
-365.856
 30
0.0
 11
179.494
 21
-361.256
 31
0.0
  0
LINE
  5
1018
330
17
100
AcDbEntity
  8
0
100
AcDbLine
 10
175.26
 20
-361.256
 30
0.0
 11
179.494
 21
-361.256
 31
0.0
  0
LINE
  5
1019
330
17
100
AcDbEntity
  8
0
100
AcDbLine
 10
175.26
 20
-365.856
 30
0.0
 11
175.26
 21
-361.256
 31
0.0
  0
LINE
  5
101A
330
17
100
AcDbEntity
  8
0
100
AcDbLine
 10
183.582
 20
-7.81054
 30
0.0
 11
187.094
 21
-4.47041
 31
0.0
  0
LINE
  5
101B
330
17
100
AcDbEntity
  8
0
100
AcDbLine
 10
536.689
 20
-35.0091
 30
0.0
 11
183.582
 21
-7.81054
 31
0.0
  0
LINE
  5
101C
330
17
100
AcDbEntity
  8
0
100
AcDbLine
 10
539.936
 20
-31.6485
 30
0.0
 11
536.689
 21
-35.0091
 31
0.0
  0
LINE
  5
101D
330
17
100
AcDbEntity
  8
0
100
AcDbLine
 10
187.094
 20
-4.47041
 30
0.0
 11
539.936
 21
-31.6485
 31
0.0
  0
LINE
  5
101E
330
17
100
AcDbEntity
  8
0
100
AcDbLine
 10
179.066
 20
161.426
 30
0.0
 11
182.555
 21
165.633
 31
0.0
  0
LINE
  5
101F
330
17
100
AcDbEntity
  8
0
100
AcDbLine
 10
183.582
 20
-7.81054
 30
0.0
 11
179.066
 21
161.426
 31
0.0
  0
LINE
  5
1020
330
17
100
AcDbEntity
  8
0
100
AcDbLine
 10
187.094
 20
-4.4704
 30
0.0
 11
183.582
 21
-7.81054
 31
0.0
  0
LINE
  5
1021
330
17
100
AcDbEntity
  8
0
100
AcDbLine
 10
182.555
 20
165.633
 30
0.0
 11
187.094
 21
-4.4704
 31
0.0
  0
LINE
  5
1022
330
17
100
AcDbEntity
  8
0
100
AcDbLine
 10
536.689
 20
-35.0091
 30
0.0
 11
539.936
 21
-31.6485
 31
0.0
  0
LINE
  5
1023
330
17
100
AcDbEntity
  8
0
100
AcDbLine
 10
593.418
 20
-543.024
 30
0.0
 11
536.689
 21
-35.0091
 31
0.0
  0
LINE
  5
1024
330
17
100
AcDbEntity
  8
0
100
AcDbLine
 10
597.382
 20
-546.088
 30
0.0
 11
593.418
 21
-543.024
 31
0.0
  0
LINE
  5
1025
330
17
100
AcDbEntity
  8
0
100
AcDbLine
 10
539.936
 20
-31.6485
 30
0.0
 11
597.382
 21
-546.088
 31
0.0
  0
LINE
  5
1026
330
17
100
AcDbEntity
  8
0
100
AcDbLine
 10
50.0311
 20
-328.308
 30
0.0
 11
37.2023
 21
-327.992
 31
0.0
  0
LINE
  5
1027
330
17
100
AcDbEntity
  8
0
100
AcDbLine
 10
50.0311
 20
-309.485
 30
0.0
 11
50.0311
 21
-328.308
 31
0.0
  0
LINE
  5
1028
330
17
100
AcDbEntity
  8
0
100
AcDbLine
 10
49.9813
 20
-202.73
 30
0.0
 11
50.0311
 21
-309.485
 31
0.0
  0
LINE
  5
1029
330
17
100
AcDbEntity
  8
0
100
AcDbLine
 10
13.9107
 20
-202.73
 30
0.0
 11
49.9813
 21
-202.73
 31
0.0
  0
LINE
  5
102A
330
17
100
AcDbEntity
  8
0
100
AcDbLine
 10
37.2023
 20
-309.169
 30
0.0
 11
6.07427
 21
-308.868
 31
0.0
  0
LINE
  5
102B
330
17
100
AcDbEntity
  8
0
100
AcDbLine
 10
37.2023
 20
-327.992
 30
0.0
 11
37.2023
 21
-309.169
 31
0.0
  0
LINE
  5
102C
330
17
100
AcDbEntity
  8
0
100
AcDbLine
 10
66.8808
 20
-152.653
 30
0.0
 11
54.8808
 21
-152.653
 31
0.0
  0
LINE
  5
102D
330
17
100
AcDbEntity
  8
0
100
AcDbLine
 10
54.8808
 20
-96.1419
 30
0.0
 11
54.8808
 21
-152.653
 31
0.0
  0
LINE
  5
102E
330
17
100
AcDbEntity
  8
0
100
AcDbLine
 10
66.8808
 20
-96.1419
 30
0.0
 11
66.8808
 21
-152.653
 31
0.0
  0
LINE
  5
102F
330
17
100
AcDbEntity
  8
0
100
AcDbLine
 10
164.733
 20
-405.277
 30
0.0
 11
85.9215
 21
-405.277
 31
0.0
  0
LINE
  5
1030
330
17
100
AcDbEntity
  8
0
100
AcDbLine
 10
164.733
 20
-401.677
 30
0.0
 11
164.733
 21
-405.277
 31
0.0
  0
LINE
  5
1031
330
17
100
AcDbEntity
  8
0
100
AcDbLine
 10
85.9215
 20
-401.677
 30
0.0
 11
164.733
 21
-401.677
 31
0.0
  0
LINE
  5
1032
330
17
100
AcDbEntity
  8
0
100
AcDbLine
 10
85.9215
 20
-405.277
 30
0.0
 11
85.9215
 21
-401.677
 31
0.0
  0
LINE
  5
1033
330
17
100
AcDbEntity
  8
0
100
AcDbLine
 10
85.9215
 20
-404.123
 30
0.0
 11
85.9215
 21
-403.123
 31
0.0
  0
LINE
  5
1034
330
17
100
AcDbEntity
  8
0
100
AcDbLine
 10
164.533
 20
-404.123
 30
0.0
 11
164.533
 21
-403.123
 31
0.0
  0
LINE
  5
1035
330
17
100
AcDbEntity
  8
0
100
AcDbLine
 10
164.533
 20
-403.123
 30
0.0
 11
85.9215
 21
-403.123
 31
0.0
  0
LINE
  5
1036
330
17
100
AcDbEntity
  8
0
100
AcDbLine
 10
164.533
 20
-404.123
 30
0.0
 11
85.9215
 21
-404.123
 31
0.0
  0
LINE
  5
1037
330
17
100
AcDbEntity
  8
0
100
AcDbLine
 10
105.163
 20
-152.653
 30
0.0
 11
105.163
 21
-164.653
 31
0.0
  0
LINE
  5
1038
330
17
100
AcDbEntity
  8
0
100
AcDbLine
 10
54.8808
 20
-152.653
 30
0.0
 11
54.8808
 21
-158.009
 31
0.0
  0
LINE
  5
1039
330
17
100
AcDbEntity
  8
0
100
AcDbLine
 10
54.8808
 20
-164.653
 30
0.0
 11
105.163
 21
-164.653
 31
0.0
  0
LINE
  5
103A
330
17
100
AcDbEntity
  8
0
100
AcDbLine
 10
54.8808
 20
-152.653
 30
0.0
 11
105.163
 21
-152.653
 31
0.0
  0
LINE
  5
103B
330
17
100
AcDbEntity
  8
0
100
AcDbLine
 10
66.8808
 20
-108.142
 30
0.0
 11
66.8808
 21
-96.1419
 31
0.0
  0
LINE
  5
103C
330
17
100
AcDbEntity
  8
0
100
AcDbLine
 10
104.563
 20
-108.142
 30
0.0
 11
104.563
 21
-96.1419
 31
0.0
  0
LINE
  5
103D
330
17
100
AcDbEntity
  8
0
100
AcDbLine
 10
104.563
 20
-108.142
 30
0.0
 11
66.8808
 21
-108.142
 31
0.0
  0
LINE
  5
103E
330
17
100
AcDbEntity
  8
0
100
AcDbLine
 10
465.378
 20
-376.013
 30
0.0
 11
465.378
 21
-388.013
 31
0.0
  0
LINE
  5
103F
330
17
100
AcDbEntity
  8
0
100
AcDbLine
 10
418.734
 20
-376.013
 30
0.0
 11
418.734
 21
-384.518
 31
0.0
  0
LINE
  5
1040
330
17
100
AcDbEntity
  8
0
100
AcDbLine
 10
419.1
 20
-388.013
 30
0.0
 11
450.1
 21
-388.013
 31
0.0
  0
LINE
  5
1041
330
17
100
AcDbEntity
  8
0
100
AcDbLine
 10
418.734
 20
-376.013
 30
0.0
 11
465.378
 21
-376.013
 31
0.0
  0
LINE
  5
1042
330
17
100
AcDbEntity
  8
0
100
AcDbLine
 10
430.734
 20
-376.013
 30
0.0
 11
418.734
 21
-376.013
 31
0.0
  0
LINE
  5
1043
330
17
100
AcDbEntity
  8
0
100
AcDbLine
 10
430.734
 20
-334.413
 30
0.0
 11
419.1
 21
-334.413
 31
0.0
  0
LINE
  5
1044
330
17
100
AcDbEntity
  8
0
100
AcDbLine
 10
418.734
 20
-353.518
 30
0.0
 11
418.734
 21
-376.013
 31
0.0
  0
LINE
  5
1045
330
17
100
AcDbEntity
  8
0
100
AcDbLine
 10
430.734
 20
-334.413
 30
0.0
 11
430.734
 21
-376.013
 31
0.0
  0
LINE
  5
1046
330
17
100
AcDbEntity
  8
0
100
AcDbLine
 10
66.1996
 20
-128.664
 30
0.0
 11
66.1996
 21
-132.831
 31
0.0
  0
LINE
  5
1047
330
17
100
AcDbEntity
  8
0
100
AcDbLine
 10
66.1996
 20
-132.831
 30
0.0
 11
65.6434
 21
-132.759
 31
0.0
  0
LINE
  5
1048
330
17
100
AcDbEntity
  8
0
100
AcDbLine
 10
66.1996
 20
-128.664
 30
0.0
 11
65.6434
 21
-128.736
 31
0.0
  0
LINE
  5
1049
330
17
100
AcDbEntity
  8
0
100
AcDbLine
 10
57.4197
 20
-136.983
 30
0.0
 11
58.9308
 21
-137.609
 31
0.0
  0
LINE
  5
104A
330
17
100
AcDbEntity
  8
0
100
AcDbLine
 10
56.7937
 20
-135.472
 30
0.0
 11
57.4197
 21
-133.961
 31
0.0
  0
LINE
  5
104B
330
17
100
AcDbEntity
  8
0
100
AcDbLine
 10
60.442
 20
-133.961
 30
0.0
 11
58.9308
 21
-133.335
 31
0.0
  0
LINE
  5
104C
330
17
100
AcDbEntity
  8
0
100
AcDbLine
 10
60.442
 20
-133.961
 30
0.0
 11
61.068
 21
-135.472
 31
0.0
  0
LINE
  5
104D
330
17
100
AcDbEntity
  8
0
100
AcDbLine
 10
57.4197
 20
-127.535
 30
0.0
 11
58.9308
 21
-128.161
 31
0.0
  0
LINE
  5
104E
330
17
100
AcDbEntity
  8
0
100
AcDbLine
 10
57.4197
 20
-127.535
 30
0.0
 11
56.7937
 21
-126.023
 31
0.0
  0
LINE
  5
104F
330
17
100
AcDbEntity
  8
0
100
AcDbLine
 10
56.7937
 20
-126.023
 30
0.0
 11
57.4197
 21
-124.512
 31
0.0
  0
LINE
  5
1050
330
17
100
AcDbEntity
  8
0
100
AcDbLine
 10
57.4197
 20
-124.512
 30
0.0
 11
58.9308
 21
-123.886
 31
0.0
  0
LINE
  5
1051
330
17
100
AcDbEntity
  8
0
100
AcDbLine
 10
60.442
 20
-127.535
 30
0.0
 11
61.068
 21
-126.023
 31
0.0
  0
LINE
  5
1052
330
17
100
AcDbEntity
  8
0
100
AcDbLine
 10
62.7315
 20
-126.776
 30
0.0
 11
64.4433
 21
-127.309
 31
0.0
  0
LINE
  5
1053
330
17
100
AcDbEntity
  8
0
100
AcDbLine
 10
66.5636
 20
-124.764
 30
0.0
 11
65.7301
 21
-123.177
 31
0.0
  0
LINE
  5
1054
330
17
100
AcDbEntity
  8
0
100
AcDbLine
 10
66.5636
 20
-124.764
 30
0.0
 11
66.0306
 21
-126.476
 31
0.0
  0
LINE
  5
1055
330
17
100
AcDbEntity
  8
0
100
AcDbLine
 10
62.4357
 20
-138.024
 30
0.0
 11
64.0256
 21
-138.852
 31
0.0
  0
LINE
  5
1056
330
17
100
AcDbEntity
  8
0
100
AcDbLine
 10
61.8974
 20
-136.314
 30
0.0
 11
62.7259
 21
-134.724
 31
0.0
  0
LINE
  5
1057
330
17
100
AcDbEntity
  8
0
100
AcDbLine
 10
66.0259
 20
-135.014
 30
0.0
 11
64.436
 21
-134.185
 31
0.0
  0
LINE
  5
1058
330
17
100
AcDbEntity
  8
0
100
AcDbLine
 10
66.0259
 20
-135.014
 30
0.0
 11
66.5643
 21
-136.724
 31
0.0
  0
LINE
  5
1059
330
17
100
AcDbEntity
  8
0
100
AcDbLine
 10
58.9308
 20
-123.886
 30
0.0
 11
60.442
 21
-124.512
 31
0.0
  0
LINE
  5
105A
330
17
100
AcDbEntity
  8
0
100
AcDbLine
 10
56.7937
 20
-135.472
 30
0.0
 11
57.4197
 21
-136.983
 31
0.0
  0
LINE
  5
105B
330
17
100
AcDbEntity
  8
0
100
AcDbLine
 10
58.9308
 20
-128.161
 30
0.0
 11
60.442
 21
-127.535
 31
0.0
  0
LINE
  5
105C
330
17
100
AcDbEntity
  8
0
100
AcDbLine
 10
58.9308
 20
-133.335
 30
0.0
 11
57.4197
 21
-133.961
 31
0.0
  0
LINE
  5
105D
330
17
100
AcDbEntity
  8
0
100
AcDbLine
 10
61.8974
 20
-136.314
 30
0.0
 11
62.4357
 21
-138.024
 31
0.0
  0
LINE
  5
105E
330
17
100
AcDbEntity
  8
0
100
AcDbLine
 10
61.068
 20
-126.023
 30
0.0
 11
60.442
 21
-124.512
 31
0.0
  0
LINE
  5
105F
330
17
100
AcDbEntity
  8
0
100
AcDbLine
 10
58.9308
 20
-137.609
 30
0.0
 11
60.442
 21
-136.983
 31
0.0
  0
LINE
  5
1060
330
17
100
AcDbEntity
  8
0
100
AcDbLine
 10
64.436
 20
-134.185
 30
0.0
 11
62.7259
 21
-134.724
 31
0.0
  0
LINE
  5
1061
330
17
100
AcDbEntity
  8
0
100
AcDbLine
 10
60.442
 20
-136.983
 30
0.0
 11
61.068
 21
-135.472
 31
0.0
  0
LINE
  5
1062
330
17
100
AcDbEntity
  8
0
100
AcDbLine
 10
64.0256
 20
-138.852
 30
0.0
 11
65.7357
 21
-138.314
 31
0.0
  0
LINE
  5
1063
330
17
100
AcDbEntity
  8
0
100
AcDbLine
 10
61.898
 20
-125.189
 30
0.0
 11
62.4311
 21
-123.477
 31
0.0
  0
LINE
  5
1064
330
17
100
AcDbEntity
  8
0
100
AcDbLine
 10
65.7357
 20
-138.314
 30
0.0
 11
66.5643
 21
-136.724
 31
0.0
  0
LINE
  5
1065
330
17
100
AcDbEntity
  8
0
100
AcDbLine
 10
65.7301
 20
-123.177
 30
0.0
 11
64.0184
 21
-122.644
 31
0.0
  0
LINE
  5
1066
330
17
100
AcDbEntity
  8
0
100
AcDbLine
 10
61.898
 20
-125.189
 30
0.0
 11
62.7315
 21
-126.776
 31
0.0
  0
LINE
  5
1067
330
17
100
AcDbEntity
  8
0
100
AcDbLine
 10
65.6434
 20
-128.736
 30
0.0
 11
65.6434
 21
-132.759
 31
0.0
  0
LINE
  5
1068
330
17
100
AcDbEntity
  8
0
100
AcDbLine
 10
66.8808
 20
-139.748
 30
0.0
 11
66.8808
 21
-121.748
 31
0.0
  0
LINE
  5
1069
330
17
100
AcDbEntity
  8
0
100
AcDbLine
 10
56.2808
 20
-139.748
 30
0.0
 11
66.8808
 21
-139.748
 31
0.0
  0
LINE
  5
106A
330
17
100
AcDbEntity
  8
0
100
AcDbLine
 10
64.4433
 20
-127.309
 30
0.0
 11
66.0306
 21
-126.476
 31
0.0
  0
LINE
  5
106B
330
17
100
AcDbEntity
  8
0
100
AcDbLine
 10
64.0184
 20
-122.644
 30
0.0
 11
62.4311
 21
-123.477
 31
0.0
  0
LINE
  5
106C
330
17
100
AcDbEntity
  8
0
100
AcDbLine
 10
56.2808
 20
-139.748
 30
0.0
 11
56.2808
 21
-121.748
 31
0.0
  0
LINE
  5
106D
330
17
100
AcDbEntity
  8
0
100
AcDbLine
 10
56.2808
 20
-121.748
 30
0.0
 11
66.8808
 21
-121.748
 31
0.0
  0
LINE
  5
106E
330
17
100
AcDbEntity
  8
0
100
AcDbLine
 10
-21.311
 20
-630.889
 30
0.0
 11
22.8743
 21
-32.4327
 31
0.0
  0
LINE
  5
106F
330
17
100
AcDbEntity
  8
0
100
AcDbLine
 10
-17.7208
 20
-631.154
 30
0.0
 11
-21.311
 21
-630.889
 31
0.0
  0
LINE
  5
1070
330
17
100
AcDbEntity
  8
0
100
AcDbLine
 10
26.4645
 20
-32.6978
 30
0.0
 11
-17.7208
 21
-631.154
 31
0.0
  0
LINE
  5
1071
330
17
100
AcDbEntity
  8
0
100
AcDbLine
 10
22.8743
 20
-32.4327
 30
0.0
 11
26.4645
 21
-32.6978
 31
0.0
  0
LINE
  5
1072
330
17
100
AcDbEntity
  8
0
100
AcDbLine
 10
129.163
 20
-96.1419
 30
0.0
 11
129.163
 21
-205.08
 31
0.0
  0
LINE
  5
1073
330
17
100
AcDbEntity
  8
0
100
AcDbLine
 10
124.563
 20
-96.1419
 30
0.0
 11
129.163
 21
-96.1419
 31
0.0
  0
LINE
  5
1074
330
17
100
AcDbEntity
  8
0
100
AcDbLine
 10
124.563
 20
-205.08
 30
0.0
 11
124.563
 21
-96.1419
 31
0.0
  0
LINE
  5
1075
330
17
100
AcDbEntity
  8
0
100
AcDbLine
 10
129.163
 20
-205.08
 30
0.0
 11
124.563
 21
-205.08
 31
0.0
  0
LINE
  5
1076
330
17
100
AcDbEntity
  8
0
100
AcDbLine
 10
247.204
 20
-207.312
 30
0.0
 11
167.686
 21
-207.312
 31
0.0
  0
LINE
  5
1077
330
17
100
AcDbEntity
  8
0
100
AcDbLine
 10
247.204
 20
-202.712
 30
0.0
 11
247.204
 21
-207.312
 31
0.0
  0
LINE
  5
1078
330
17
100
AcDbEntity
  8
0
100
AcDbLine
 10
167.686
 20
-202.712
 30
0.0
 11
247.204
 21
-202.712
 31
0.0
  0
LINE
  5
1079
330
17
100
AcDbEntity
  8
0
100
AcDbLine
 10
167.686
 20
-207.312
 30
0.0
 11
167.686
 21
-202.712
 31
0.0
  0
LINE
  5
107A
330
17
100
AcDbEntity
  8
0
100
AcDbLine
 10
477.834
 20
-198.442
 30
0.0
 11
477.834
 21
-227.908
 31
0.0
  0
LINE
  5
107B
330
17
100
AcDbEntity
  8
0
100
AcDbLine
 10
477.834
 20
-227.908
 30
0.0
 11
479.834
 21
-227.908
 31
0.0
  0
LINE
  5
107C
330
17
100
AcDbEntity
  8
0
100
AcDbLine
 10
479.834
 20
-198.442
 30
0.0
 11
479.834
 21
-227.908
 31
0.0
  0
LINE
  5
107D
330
17
100
AcDbEntity
  8
0
100
AcDbLine
 10
477.834
 20
-198.442
 30
0.0
 11
479.834
 21
-198.442
 31
0.0
  0
LINE
  5
107E
330
17
100
AcDbEntity
  8
0
100
AcDbLine
 10
308.334
 20
-114.142
 30
0.0
 11
308.334
 21
-98.1419
 31
0.0
  0
LINE
  5
107F
330
17
100
AcDbEntity
  8
0
100
AcDbLine
 10
312.934
 20
-114.142
 30
0.0
 11
312.934
 21
-113.142
 31
0.0
  0
LINE
  5
1080
330
17
100
AcDbEntity
  8
0
100
AcDbLine
 10
312.934
 20
-99.1419
 30
0.0
 11
312.934
 21
-98.1419
 31
0.0
  0
LINE
  5
1081
330
17
100
AcDbEntity
  8
0
100
AcDbLine
 10
308.334
 20
-180.442
 30
0.0
 11
312.934
 21
-180.442
 31
0.0
  0
LINE
  5
1082
330
17
100
AcDbEntity
  8
0
100
AcDbLine
 10
312.934
 20
-114.142
 30
0.0
 11
312.934
 21
-180.442
 31
0.0
  0
LINE
  5
1083
330
17
100
AcDbEntity
  8
0
100
AcDbLine
 10
312.934
 20
-114.142
 30
0.0
 11
308.334
 21
-114.142
 31
0.0
  0
LINE
  5
1084
330
17
100
AcDbEntity
  8
0
100
AcDbLine
 10
308.334
 20
-114.142
 30
0.0
 11
308.334
 21
-180.442
 31
0.0
  0
LINE
  5
1085
330
17
100
AcDbEntity
  8
0
100
AcDbLine
 10
308.334
 20
-96.1419
 30
0.0
 11
308.334
 21
-98.1419
 31
0.0
  0
LINE
  5
1086
330
17
100
AcDbEntity
  8
0
100
AcDbLine
 10
308.334
 20
-98.1419
 30
0.0
 11
312.934
 21
-98.1419
 31
0.0
  0
LINE
  5
1087
330
17
100
AcDbEntity
  8
0
100
AcDbLine
 10
312.934
 20
-96.1419
 30
0.0
 11
312.934
 21
-98.1419
 31
0.0
  0
LINE
  5
1088
330
17
100
AcDbEntity
  8
0
100
AcDbLine
 10
308.334
 20
-96.1419
 30
0.0
 11
312.934
 21
-96.1419
 31
0.0
  0
LINE
  5
1089
330
17
100
AcDbEntity
  8
0
100
AcDbLine
 10
26.4645
 20
-32.6978
 30
0.0
 11
22.8743
 21
-32.4327
 31
0.0
  0
LINE
  5
108A
330
17
100
AcDbEntity
  8
0
100
AcDbLine
 10
28.962
 20
1.12923
 30
0.0
 11
26.4645
 21
-32.6978
 31
0.0
  0
LINE
  5
108B
330
17
100
AcDbEntity
  8
0
100
AcDbLine
 10
25.618
 20
4.72924
 30
0.0
 11
28.962
 21
1.12923
 31
0.0
  0
LINE
  5
108C
330
17
100
AcDbEntity
  8
0
100
AcDbLine
 10
22.8743
 20
-32.4327
 30
0.0
 11
25.618
 21
4.72924
 31
0.0
  0
LINE
  5
108D
330
17
100
AcDbEntity
  8
0
100
AcDbLine
 10
312.934
 20
-215.042
 30
0.0
 11
312.934
 21
-301.68
 31
0.0
  0
LINE
  5
108E
330
17
100
AcDbEntity
  8
0
100
AcDbLine
 10
308.334
 20
-215.042
 30
0.0
 11
312.934
 21
-215.042
 31
0.0
  0
LINE
  5
108F
330
17
100
AcDbEntity
  8
0
100
AcDbLine
 10
308.334
 20
-301.68
 30
0.0
 11
308.334
 21
-215.042
 31
0.0
  0
LINE
  5
1090
330
17
100
AcDbEntity
  8
0
100
AcDbLine
 10
312.934
 20
-301.68
 30
0.0
 11
308.334
 21
-301.68
 31
0.0
  0
LINE
  5
1091
330
17
100
AcDbEntity
  8
0
100
AcDbLine
 10
356.034
 20
-180.442
 30
0.0
 11
356.034
 21
-175.842
 31
0.0
  0
LINE
  5
1092
330
17
100
AcDbEntity
  8
0
100
AcDbLine
 10
356.034
 20
-175.842
 30
0.0
 11
312.934
 21
-175.842
 31
0.0
  0
LINE
  5
1093
330
17
100
AcDbEntity
  8
0
100
AcDbLine
 10
312.934
 20
-175.842
 30
0.0
 11
312.934
 21
-180.442
 31
0.0
  0
LINE
  5
1094
330
17
100
AcDbEntity
  8
0
100
AcDbLine
 10
356.034
 20
-180.442
 30
0.0
 11
312.934
 21
-180.442
 31
0.0
  0
LINE
  5
1095
330
17
100
AcDbEntity
  8
0
100
AcDbLine
 10
423.233
 20
-180.442
 30
0.0
 11
423.233
 21
-175.842
 31
0.0
  0
LINE
  5
1096
330
17
100
AcDbEntity
  8
0
100
AcDbLine
 10
423.233
 20
-175.842
 30
0.0
 11
376.034
 21
-175.842
 31
0.0
  0
LINE
  5
1097
330
17
100
AcDbEntity
  8
0
100
AcDbLine
 10
376.034
 20
-175.842
 30
0.0
 11
376.034
 21
-180.442
 31
0.0
  0
LINE
  5
1098
330
17
100
AcDbEntity
  8
0
100
AcDbLine
 10
423.233
 20
-180.442
 30
0.0
 11
376.034
 21
-180.442
 31
0.0
  0
LINE
  5
1099
330
17
100
AcDbEntity
  8
0
100
AcDbLine
 10
596.868
 20
-542.525
 30
0.0
 11
597.382
 21
-546.088
 31
0.0
  0
LINE
  5
109A
330
17
100
AcDbEntity
  8
0
100
AcDbLine
 10
426.5
 20
-567.135
 30
0.0
 11
596.868
 21
-542.525
 31
0.0
  0
LINE
  5
109B
330
17
100
AcDbEntity
  8
0
100
AcDbLine
 10
426.5
 20
-567.135
 30
0.0
 11
427.015
 21
-570.698
 31
0.0
  0
LINE
  5
109C
330
17
100
AcDbEntity
  8
0
100
AcDbLine
 10
597.382
 20
-546.088
 30
0.0
 11
427.015
 21
-570.698
 31
0.0
  0
LINE
  5
109D
330
17
100
AcDbEntity
  8
0
100
AcDbLine
 10
426.5
 20
-567.135
 30
0.0
 11
426.005
 21
-567.206
 31
0.0
  0
LINE
  5
109E
330
17
100
AcDbEntity
  8
0
100
AcDbLine
 10
425.313
 20
-567.306
 30
0.0
 11
368.304
 21
-575.541
 31
0.0
  0
LINE
  5
109F
330
17
100
AcDbEntity
  8
0
100
AcDbLine
 10
367.611
 20
-575.641
 30
0.0
 11
367.117
 21
-575.713
 31
0.0
  0
LINE
  5
10A0
330
17
100
AcDbEntity
  8
0
100
AcDbLine
 10
367.631
 20
-579.276
 30
0.0
 11
427.015
 21
-570.698
 31
0.0
  0
LINE
  5
10A1
330
17
100
AcDbEntity
  8
0
100
AcDbLine
 10
367.631
 20
-579.276
 30
0.0
 11
367.117
 21
-575.713
 31
0.0
  0
LINE
  5
10A2
330
17
100
AcDbEntity
  8
0
100
AcDbLine
 10
220.522
 20
-596.888
 30
0.0
 11
367.117
 21
-575.713
 31
0.0
  0
LINE
  5
10A3
330
17
100
AcDbEntity
  8
0
100
AcDbLine
 10
220.522
 20
-600.526
 30
0.0
 11
220.522
 21
-596.888
 31
0.0
  0
LINE
  5
10A4
330
17
100
AcDbEntity
  8
0
100
AcDbLine
 10
367.631
 20
-579.276
 30
0.0
 11
220.522
 21
-600.526
 31
0.0
  0
LINE
  5
10A5
330
17
100
AcDbEntity
  8
0
100
AcDbLine
 10
422.634
 20
-96.1419
 30
0.0
 11
422.634
 21
-175.842
 31
0.0
  0
LINE
  5
10A6
330
17
100
AcDbEntity
  8
0
100
AcDbLine
 10
418.034
 20
-96.1419
 30
0.0
 11
422.634
 21
-96.1419
 31
0.0
  0
LINE
  5
10A7
330
17
100
AcDbEntity
  8
0
100
AcDbLine
 10
418.034
 20
-175.842
 30
0.0
 11
418.034
 21
-96.1419
 31
0.0
  0
LINE
  5
10A8
330
17
100
AcDbEntity
  8
0
100
AcDbLine
 10
422.634
 20
-175.842
 30
0.0
 11
418.034
 21
-175.842
 31
0.0
  0
LINE
  5
10A9
330
17
100
AcDbEntity
  8
0
100
AcDbLine
 10
105.163
 20
-166.653
 30
0.0
 11
105.163
 21
-164.653
 31
0.0
  0
LINE
  5
10AA
330
17
100
AcDbEntity
  8
0
100
AcDbLine
 10
105.163
 20
-164.653
 30
0.0
 11
54.8808
 21
-164.653
 31
0.0
  0
LINE
  5
10AB
330
17
100
AcDbEntity
  8
0
100
AcDbLine
 10
54.8808
 20
-164.653
 30
0.0
 11
54.8808
 21
-166.653
 31
0.0
  0
LINE
  5
10AC
330
17
100
AcDbEntity
  8
0
100
AcDbLine
 10
105.163
 20
-166.653
 30
0.0
 11
54.8808
 21
-166.653
 31
0.0
  0
LINE
  5
10AD
330
17
100
AcDbEntity
  8
0
100
AcDbLine
 10
163.086
 20
-150.802
 30
0.0
 11
129.163
 21
-150.802
 31
0.0
  0
LINE
  5
10AE
330
17
100
AcDbEntity
  8
0
100
AcDbLine
 10
163.086
 20
-148.802
 30
0.0
 11
163.086
 21
-150.802
 31
0.0
  0
LINE
  5
10AF
330
17
100
AcDbEntity
  8
0
100
AcDbLine
 10
129.163
 20
-148.802
 30
0.0
 11
163.086
 21
-148.802
 31
0.0
  0
LINE
  5
10B0
330
17
100
AcDbEntity
  8
0
100
AcDbLine
 10
129.163
 20
-150.802
 30
0.0
 11
129.163
 21
-148.802
 31
0.0
  0
LINE
  5
10B1
330
17
100
AcDbEntity
  8
0
100
AcDbLine
 10
459.834
 20
-310.413
 30
0.0
 11
459.834
 21
-305.813
 31
0.0
  0
LINE
  5
10B2
330
17
100
AcDbEntity
  8
0
100
AcDbLine
 10
459.834
 20
-305.813
 30
0.0
 11
443.233
 21
-305.813
 31
0.0
  0
LINE
  5
10B3
330
17
100
AcDbEntity
  8
0
100
AcDbLine
 10
443.233
 20
-305.813
 30
0.0
 11
443.233
 21
-310.413
 31
0.0
  0
LINE
  5
10B4
330
17
100
AcDbEntity
  8
0
100
AcDbLine
 10
459.834
 20
-310.413
 30
0.0
 11
443.233
 21
-310.413
 31
0.0
  0
LINE
  5
10B5
330
17
100
AcDbEntity
  8
0
100
AcDbLine
 10
477.834
 20
-305.813
 30
0.0
 11
477.834
 21
-310.413
 31
0.0
  0
LINE
  5
10B6
330
17
100
AcDbEntity
  8
0
100
AcDbLine
 10
515.133
 20
-310.413
 30
0.0
 11
477.834
 21
-310.413
 31
0.0
  0
LINE
  5
10B7
330
17
100
AcDbEntity
  8
0
100
AcDbLine
 10
515.133
 20
-305.813
 30
0.0
 11
515.133
 21
-310.413
 31
0.0
  0
LINE
  5
10B8
330
17
100
AcDbEntity
  8
0
100
AcDbLine
 10
515.133
 20
-305.813
 30
0.0
 11
477.834
 21
-305.813
 31
0.0
  0
LINE
  5
10B9
330
17
100
AcDbEntity
  8
0
100
AcDbLine
 10
175.26
 20
-352.53
 30
0.0
 11
170.66
 21
-352.53
 31
0.0
  0
LINE
  5
10BA
330
17
100
AcDbEntity
  8
0
100
AcDbLine
 10
170.66
 20
-352.53
 30
0.0
 11
170.66
 21
-376.68
 31
0.0
  0
LINE
  5
10BB
330
17
100
AcDbEntity
  8
0
100
AcDbLine
 10
170.66
 20
-376.68
 30
0.0
 11
175.26
 21
-376.68
 31
0.0
  0
LINE
  5
10BC
330
17
100
AcDbEntity
  8
0
100
AcDbLine
 10
175.26
 20
-352.53
 30
0.0
 11
175.26
 21
-376.68
 31
0.0
  0
LINE
  5
10BD
330
17
100
AcDbEntity
  8
0
100
AcDbLine
 10
170.66
 20
-328.53
 30
0.0
 11
175.26
 21
-328.53
 31
0.0
  0
LINE
  5
10BE
330
17
100
AcDbEntity
  8
0
100
AcDbLine
 10
175.26
 20
-297.08
 30
0.0
 11
175.26
 21
-328.53
 31
0.0
  0
LINE
  5
10BF
330
17
100
AcDbEntity
  8
0
100
AcDbLine
 10
170.66
 20
-297.08
 30
0.0
 11
175.26
 21
-297.08
 31
0.0
  0
LINE
  5
10C0
330
17
100
AcDbEntity
  8
0
100
AcDbLine
 10
170.66
 20
-297.08
 30
0.0
 11
170.66
 21
-328.53
 31
0.0
  0
LINE
  5
10C1
330
17
100
AcDbEntity
  8
0
100
AcDbLine
 10
477.834
 20
-305.27
 30
0.0
 11
477.834
 21
-305.813
 31
0.0
  0
LINE
  5
10C2
330
17
100
AcDbEntity
  8
0
100
AcDbLine
 10
477.834
 20
-305.813
 30
0.0
 11
479.834
 21
-305.813
 31
0.0
  0
LINE
  5
10C3
330
17
100
AcDbEntity
  8
0
100
AcDbLine
 10
479.834
 20
-305.27
 30
0.0
 11
479.834
 21
-305.813
 31
0.0
  0
LINE
  5
10C4
330
17
100
AcDbEntity
  8
0
100
AcDbLine
 10
477.834
 20
-305.27
 30
0.0
 11
479.834
 21
-305.27
 31
0.0
  0
LINE
  5
10C5
330
17
100
AcDbEntity
  8
0
100
AcDbLine
 10
479.834
 20
-265.813
 30
0.0
 11
479.834
 21
-287.27
 31
0.0
  0
LINE
  5
10C6
330
17
100
AcDbEntity
  8
0
100
AcDbLine
 10
477.834
 20
-265.813
 30
0.0
 11
479.834
 21
-265.813
 31
0.0
  0
LINE
  5
10C7
330
17
100
AcDbEntity
  8
0
100
AcDbLine
 10
477.834
 20
-265.813
 30
0.0
 11
477.834
 21
-287.27
 31
0.0
  0
LINE
  5
10C8
330
17
100
AcDbEntity
  8
0
100
AcDbLine
 10
479.834
 20
-287.27
 30
0.0
 11
477.834
 21
-287.27
 31
0.0
  0
LINE
  5
10C9
330
17
100
AcDbEntity
  8
0
100
AcDbLine
 10
515.133
 20
-265.813
 30
0.0
 11
445.233
 21
-265.813
 31
0.0
  0
LINE
  5
10CA
330
17
100
AcDbEntity
  8
0
100
AcDbLine
 10
515.133
 20
-261.213
 30
0.0
 11
515.133
 21
-265.813
 31
0.0
  0
LINE
  5
10CB
330
17
100
AcDbEntity
  8
0
100
AcDbLine
 10
445.233
 20
-261.213
 30
0.0
 11
515.133
 21
-261.213
 31
0.0
  0
LINE
  5
10CC
330
17
100
AcDbEntity
  8
0
100
AcDbLine
 10
445.233
 20
-265.813
 30
0.0
 11
445.233
 21
-261.213
 31
0.0
  0
LINE
  5
10CD
330
17
100
AcDbEntity
  8
0
100
AcDbLine
 10
333.071
 20
-301.68
 30
0.0
 11
333.071
 21
-297.08
 31
0.0
  0
LINE
  5
10CE
330
17
100
AcDbEntity
  8
0
100
AcDbLine
 10
333.071
 20
-297.08
 30
0.0
 11
312.934
 21
-297.08
 31
0.0
  0
LINE
  5
10CF
330
17
100
AcDbEntity
  8
0
100
AcDbLine
 10
312.934
 20
-297.08
 30
0.0
 11
312.934
 21
-301.68
 31
0.0
  0
LINE
  5
10D0
330
17
100
AcDbEntity
  8
0
100
AcDbLine
 10
333.071
 20
-301.68
 30
0.0
 11
312.934
 21
-301.68
 31
0.0
  0
LINE
  5
10D1
330
17
100
AcDbEntity
  8
0
100
AcDbLine
 10
393.071
 20
-297.08
 30
0.0
 11
393.071
 21
-301.68
 31
0.0
  0
LINE
  5
10D2
330
17
100
AcDbEntity
  8
0
100
AcDbLine
 10
414.5
 20
-301.68
 30
0.0
 11
393.071
 21
-301.68
 31
0.0
  0
LINE
  5
10D3
330
17
100
AcDbEntity
  8
0
100
AcDbLine
 10
414.5
 20
-297.08
 30
0.0
 11
414.5
 21
-301.68
 31
0.0
  0
LINE
  5
10D4
330
17
100
AcDbEntity
  8
0
100
AcDbLine
 10
414.5
 20
-297.08
 30
0.0
 11
393.071
 21
-297.08
 31
0.0
  0
LINE
  5
10D5
330
17
100
AcDbEntity
  8
0
100
AcDbLine
 10
142.432
 20
-174.951
 30
0.0
 11
142.432
 21
-172.951
 31
0.0
  0
LINE
  5
10D6
330
17
100
AcDbEntity
  8
0
100
AcDbLine
 10
142.432
 20
-172.951
 30
0.0
 11
129.163
 21
-172.951
 31
0.0
  0
LINE
  5
10D7
330
17
100
AcDbEntity
  8
0
100
AcDbLine
 10
129.163
 20
-172.951
 30
0.0
 11
129.163
 21
-174.951
 31
0.0
  0
LINE
  5
10D8
330
17
100
AcDbEntity
  8
0
100
AcDbLine
 10
142.432
 20
-174.951
 30
0.0
 11
129.163
 21
-174.951
 31
0.0
  0
LINE
  5
10D9
330
17
100
AcDbEntity
  8
0
100
AcDbLine
 10
162.432
 20
-172.951
 30
0.0
 11
162.432
 21
-174.951
 31
0.0
  0
LINE
  5
10DA
330
17
100
AcDbEntity
  8
0
100
AcDbLine
 10
163.086
 20
-174.951
 30
0.0
 11
162.432
 21
-174.951
 31
0.0
  0
LINE
  5
10DB
330
17
100
AcDbEntity
  8
0
100
AcDbLine
 10
163.086
 20
-172.951
 30
0.0
 11
163.086
 21
-174.951
 31
0.0
  0
LINE
  5
10DC
330
17
100
AcDbEntity
  8
0
100
AcDbLine
 10
163.086
 20
-172.951
 30
0.0
 11
162.432
 21
-172.951
 31
0.0
  0
LINE
  5
10DD
330
17
100
AcDbEntity
  8
0
100
AcDbLine
 10
119.261
 20
-376.68
 30
0.0
 11
150.261
 21
-376.68
 31
0.0
  0
LINE
  5
10DE
330
17
100
AcDbEntity
  8
0
100
AcDbLine
 10
119.261
 20
-381.28
 30
0.0
 11
150.261
 21
-381.28
 31
0.0
  0
LINE
  5
10DF
330
17
100
AcDbEntity
  8
0
100
AcDbLine
 10
90.6719
 20
-376.68
 30
0.0
 11
90.6719
 21
-381.28
 31
0.0
  0
LINE
  5
10E0
330
17
100
AcDbEntity
  8
0
100
AcDbLine
 10
119.261
 20
-381.28
 30
0.0
 11
90.6719
 21
-381.28
 31
0.0
  0
LINE
  5
10E1
330
17
100
AcDbEntity
  8
0
100
AcDbLine
 10
119.261
 20
-381.28
 30
0.0
 11
119.261
 21
-376.68
 31
0.0
  0
LINE
  5
10E2
330
17
100
AcDbEntity
  8
0
100
AcDbLine
 10
119.261
 20
-376.68
 30
0.0
 11
90.6719
 21
-376.68
 31
0.0
  0
LINE
  5
10E3
330
17
100
AcDbEntity
  8
0
100
AcDbLine
 10
175.26
 20
-376.68
 30
0.0
 11
150.261
 21
-376.68
 31
0.0
  0
LINE
  5
10E4
330
17
100
AcDbEntity
  8
0
100
AcDbLine
 10
150.261
 20
-376.68
 30
0.0
 11
150.261
 21
-381.28
 31
0.0
  0
LINE
  5
10E5
330
17
100
AcDbEntity
  8
0
100
AcDbLine
 10
175.26
 20
-381.28
 30
0.0
 11
150.261
 21
-381.28
 31
0.0
  0
LINE
  5
10E6
330
17
100
AcDbEntity
  8
0
100
AcDbLine
 10
175.26
 20
-376.68
 30
0.0
 11
175.26
 21
-381.28
 31
0.0
  0
LINE
  5
10E7
330
17
100
AcDbEntity
  8
0
100
AcDbLine
 10
143.086
 20
-207.08
 30
0.0
 11
143.086
 21
-205.08
 31
0.0
  0
LINE
  5
10E8
330
17
100
AcDbEntity
  8
0
100
AcDbLine
 10
143.086
 20
-205.08
 30
0.0
 11
124.563
 21
-205.08
 31
0.0
  0
LINE
  5
10E9
330
17
100
AcDbEntity
  8
0
100
AcDbLine
 10
124.563
 20
-205.08
 30
0.0
 11
124.563
 21
-207.08
 31
0.0
  0
LINE
  5
10EA
330
17
100
AcDbEntity
  8
0
100
AcDbLine
 10
143.086
 20
-207.08
 30
0.0
 11
124.563
 21
-207.08
 31
0.0
  0
LINE
  5
10EB
330
17
100
AcDbEntity
  8
0
100
AcDbLine
 10
163.086
 20
-205.08
 30
0.0
 11
163.086
 21
-207.08
 31
0.0
  0
LINE
  5
10EC
330
17
100
AcDbEntity
  8
0
100
AcDbLine
 10
163.686
 20
-207.08
 30
0.0
 11
163.086
 21
-207.08
 31
0.0
  0
LINE
  5
10ED
330
17
100
AcDbEntity
  8
0
100
AcDbLine
 10
163.686
 20
-205.08
 30
0.0
 11
163.686
 21
-207.08
 31
0.0
  0
LINE
  5
10EE
330
17
100
AcDbEntity
  8
0
100
AcDbLine
 10
163.686
 20
-205.08
 30
0.0
 11
163.086
 21
-205.08
 31
0.0
  0
LINE
  5
10EF
330
17
100
AcDbEntity
  8
0
100
AcDbLine
 10
306.934
 20
-297.08
 30
0.0
 11
306.934
 21
-301.68
 31
0.0
  0
LINE
  5
10F0
330
17
100
AcDbEntity
  8
0
100
AcDbLine
 10
308.334
 20
-301.68
 30
0.0
 11
306.934
 21
-301.68
 31
0.0
  0
LINE
  5
10F1
330
17
100
AcDbEntity
  8
0
100
AcDbLine
 10
308.334
 20
-297.08
 30
0.0
 11
308.334
 21
-301.68
 31
0.0
  0
LINE
  5
10F2
330
17
100
AcDbEntity
  8
0
100
AcDbLine
 10
308.334
 20
-297.08
 30
0.0
 11
306.934
 21
-297.08
 31
0.0
  0
LINE
  5
10F3
330
17
100
AcDbEntity
  8
0
100
AcDbLine
 10
86.0719
 20
-356.318
 30
0.0
 11
86.0719
 21
-325.318
 31
0.0
  0
LINE
  5
10F4
330
17
100
AcDbEntity
  8
0
100
AcDbLine
 10
90.6719
 20
-356.318
 30
0.0
 11
90.6719
 21
-355.318
 31
0.0
  0
LINE
  5
10F5
330
17
100
AcDbEntity
  8
0
100
AcDbLine
 10
90.6719
 20
-326.318
 30
0.0
 11
90.6719
 21
-325.318
 31
0.0
  0
LINE
  5
10F6
330
17
100
AcDbEntity
  8
0
100
AcDbLine
 10
86.0719
 20
-381.28
 30
0.0
 11
90.6719
 21
-381.28
 31
0.0
  0
LINE
  5
10F7
330
17
100
AcDbEntity
  8
0
100
AcDbLine
 10
90.6719
 20
-356.318
 30
0.0
 11
90.6719
 21
-381.28
 31
0.0
  0
LINE
  5
10F8
330
17
100
AcDbEntity
  8
0
100
AcDbLine
 10
90.6719
 20
-356.318
 30
0.0
 11
86.0719
 21
-356.318
 31
0.0
  0
LINE
  5
10F9
330
17
100
AcDbEntity
  8
0
100
AcDbLine
 10
86.0719
 20
-356.318
 30
0.0
 11
86.0719
 21
-381.28
 31
0.0
  0
LINE
  5
10FA
330
17
100
AcDbEntity
  8
0
100
AcDbLine
 10
86.0719
 20
-301.68
 30
0.0
 11
86.0719
 21
-325.318
 31
0.0
  0
LINE
  5
10FB
330
17
100
AcDbEntity
  8
0
100
AcDbLine
 10
86.0719
 20
-325.318
 30
0.0
 11
90.6719
 21
-325.318
 31
0.0
  0
LINE
  5
10FC
330
17
100
AcDbEntity
  8
0
100
AcDbLine
 10
90.6719
 20
-301.68
 30
0.0
 11
90.6719
 21
-325.318
 31
0.0
  0
LINE
  5
10FD
330
17
100
AcDbEntity
  8
0
100
AcDbLine
 10
86.0719
 20
-301.68
 30
0.0
 11
90.6719
 21
-301.68
 31
0.0
  0
LINE
  5
10FE
330
17
100
AcDbEntity
  8
0
100
AcDbLine
 10
206.579
 20
-319.191
 30
0.0
 11
206.579
 21
-313.191
 31
0.0
  0
LINE
  5
10FF
330
17
100
AcDbEntity
  8
0
100
AcDbLine
 10
211.179
 20
-319.191
 30
0.0
 11
211.179
 21
-313.191
 31
0.0
  0
LINE
  5
1100
330
17
100
AcDbEntity
  8
0
100
AcDbLine
 10
211.179
 20
-319.191
 30
0.0
 11
206.579
 21
-319.191
 31
0.0
  0
LINE
  5
1101
330
17
100
AcDbEntity
  8
0
100
AcDbLine
 10
206.579
 20
-319.191
 30
0.0
 11
206.579
 21
-343.634
 31
0.0
  0
LINE
  5
1102
330
17
100
AcDbEntity
  8
0
100
AcDbLine
 10
206.579
 20
-343.634
 30
0.0
 11
211.179
 21
-343.634
 31
0.0
  0
LINE
  5
1103
330
17
100
AcDbEntity
  8
0
100
AcDbLine
 10
211.179
 20
-319.191
 30
0.0
 11
211.179
 21
-343.634
 31
0.0
  0
LINE
  5
1104
330
17
100
AcDbEntity
  8
0
100
AcDbLine
 10
206.579
 20
-349.634
 30
0.0
 11
206.579
 21
-343.634
 31
0.0
  0
LINE
  5
1105
330
17
100
AcDbEntity
  8
0
100
AcDbLine
 10
211.179
 20
-349.634
 30
0.0
 11
211.179
 21
-343.634
 31
0.0
  0
LINE
  5
1106
330
17
100
AcDbEntity
  8
0
100
AcDbLine
 10
206.579
 20
-361.256
 30
0.0
 11
211.179
 21
-361.256
 31
0.0
  0
LINE
  5
1107
330
17
100
AcDbEntity
  8
0
100
AcDbLine
 10
211.179
 20
-349.634
 30
0.0
 11
211.179
 21
-361.256
 31
0.0
  0
LINE
  5
1108
330
17
100
AcDbEntity
  8
0
100
AcDbLine
 10
211.179
 20
-349.634
 30
0.0
 11
206.579
 21
-349.634
 31
0.0
  0
LINE
  5
1109
330
17
100
AcDbEntity
  8
0
100
AcDbLine
 10
206.579
 20
-349.634
 30
0.0
 11
206.579
 21
-361.256
 31
0.0
  0
LINE
  5
110A
330
17
100
AcDbEntity
  8
0
100
AcDbLine
 10
206.579
 20
-297.08
 30
0.0
 11
206.579
 21
-313.191
 31
0.0
  0
LINE
  5
110B
330
17
100
AcDbEntity
  8
0
100
AcDbLine
 10
206.579
 20
-313.191
 30
0.0
 11
211.179
 21
-313.191
 31
0.0
  0
LINE
  5
110C
330
17
100
AcDbEntity
  8
0
100
AcDbLine
 10
211.179
 20
-297.08
 30
0.0
 11
211.179
 21
-313.191
 31
0.0
  0
LINE
  5
110D
330
17
100
AcDbEntity
  8
0
100
AcDbLine
 10
206.579
 20
-297.08
 30
0.0
 11
211.179
 21
-297.08
 31
0.0
  0
LINE
  5
110E
330
17
100
AcDbEntity
  8
0
100
AcDbLine
 10
167.686
 20
-148.802
 30
0.0
 11
163.086
 21
-148.802
 31
0.0
  0
LINE
  5
110F
330
17
100
AcDbEntity
  8
0
100
AcDbLine
 10
163.086
 20
-148.802
 30
0.0
 11
163.086
 21
-207.312
 31
0.0
  0
LINE
  5
1110
330
17
100
AcDbEntity
  8
0
100
AcDbLine
 10
163.086
 20
-207.312
 30
0.0
 11
167.686
 21
-207.312
 31
0.0
  0
LINE
  5
1111
330
17
100
AcDbEntity
  8
0
100
AcDbLine
 10
167.686
 20
-148.802
 30
0.0
 11
167.686
 21
-207.312
 31
0.0
  0
LINE
  5
1112
330
17
100
AcDbEntity
  8
0
100
AcDbLine
 10
163.086
 20
-130.802
 30
0.0
 11
167.686
 21
-130.802
 31
0.0
  0
LINE
  5
1113
330
17
100
AcDbEntity
  8
0
100
AcDbLine
 10
167.686
 20
-91.5419
 30
0.0
 11
167.686
 21
-130.802
 31
0.0
  0
LINE
  5
1114
330
17
100
AcDbEntity
  8
0
100
AcDbLine
 10
163.086
 20
-91.5419
 30
0.0
 11
167.686
 21
-91.5419
 31
0.0
  0
LINE
  5
1115
330
17
100
AcDbEntity
  8
0
100
AcDbLine
 10
163.086
 20
-91.5419
 30
0.0
 11
163.086
 21
-130.802
 31
0.0
  0
LINE
  5
1116
330
17
100
AcDbEntity
  8
0
100
AcDbLine
 10
231.532
 20
-183.312
 30
0.0
 11
236.132
 21
-183.312
 31
0.0
  0
LINE
  5
1117
330
17
100
AcDbEntity
  8
0
100
AcDbLine
 10
236.132
 20
-130.302
 30
0.0
 11
236.132
 21
-183.312
 31
0.0
  0
LINE
  5
1118
330
17
100
AcDbEntity
  8
0
100
AcDbLine
 10
231.532
 20
-130.302
 30
0.0
 11
236.132
 21
-130.302
 31
0.0
  0
LINE
  5
1119
330
17
100
AcDbEntity
  8
0
100
AcDbLine
 10
231.532
 20
-130.302
 30
0.0
 11
231.532
 21
-183.312
 31
0.0
  0
LINE
  5
111A
330
17
100
AcDbEntity
  8
0
100
AcDbLine
 10
54.8808
 20
-283.246
 30
0.0
 11
50.2808
 21
-283.246
 31
0.0
  0
LINE
  5
111B
330
17
100
AcDbEntity
  8
0
100
AcDbLine
 10
50.2808
 20
-283.246
 30
0.0
 11
50.2808
 21
-297.08
 31
0.0
  0
LINE
  5
111C
330
17
100
AcDbEntity
  8
0
100
AcDbLine
 10
50.2808
 20
-297.08
 30
0.0
 11
54.8808
 21
-297.08
 31
0.0
  0
LINE
  5
111D
330
17
100
AcDbEntity
  8
0
100
AcDbLine
 10
54.8808
 20
-283.246
 30
0.0
 11
54.8808
 21
-297.08
 31
0.0
  0
LINE
  5
111E
330
17
100
AcDbEntity
  8
0
100
AcDbLine
 10
50.2808
 20
-118.102
 30
0.0
 11
50.2808
 21
-102.102
 31
0.0
  0
LINE
  5
111F
330
17
100
AcDbEntity
  8
0
100
AcDbLine
 10
54.8808
 20
-118.102
 30
0.0
 11
54.8808
 21
-102.102
 31
0.0
  0
LINE
  5
1120
330
17
100
AcDbEntity
  8
0
100
AcDbLine
 10
54.8808
 20
-118.102
 30
0.0
 11
50.2808
 21
-118.102
 31
0.0
  0
LINE
  5
1121
330
17
100
AcDbEntity
  8
0
100
AcDbLine
 10
50.2808
 20
-118.102
 30
0.0
 11
50.2808
 21
-142.009
 31
0.0
  0
LINE
  5
1122
330
17
100
AcDbEntity
  8
0
100
AcDbLine
 10
50.2808
 20
-142.009
 30
0.0
 11
54.8808
 21
-142.009
 31
0.0
  0
LINE
  5
1123
330
17
100
AcDbEntity
  8
0
100
AcDbLine
 10
54.8808
 20
-118.102
 30
0.0
 11
54.8808
 21
-142.009
 31
0.0
  0
LINE
  5
1124
330
17
100
AcDbEntity
  8
0
100
AcDbLine
 10
50.2808
 20
-158.009
 30
0.0
 11
50.2808
 21
-142.009
 31
0.0
  0
LINE
  5
1125
330
17
100
AcDbEntity
  8
0
100
AcDbLine
 10
54.8808
 20
-143.009
 30
0.0
 11
54.8808
 21
-142.009
 31
0.0
  0
LINE
  5
1126
330
17
100
AcDbEntity
  8
0
100
AcDbLine
 10
54.8808
 20
-158.009
 30
0.0
 11
50.2808
 21
-158.009
 31
0.0
  0
LINE
  5
1127
330
17
100
AcDbEntity
  8
0
100
AcDbLine
 10
50.2808
 20
-158.009
 30
0.0
 11
50.2808
 21
-177.629
 31
0.0
  0
LINE
  5
1128
330
17
100
AcDbEntity
  8
0
100
AcDbLine
 10
50.2808
 20
-177.629
 30
0.0
 11
54.8808
 21
-177.629
 31
0.0
  0
LINE
  5
1129
330
17
100
AcDbEntity
  8
0
100
AcDbLine
 10
54.8808
 20
-158.009
 30
0.0
 11
54.8808
 21
-177.629
 31
0.0
  0
LINE
  5
112A
330
17
100
AcDbEntity
  8
0
100
AcDbLine
 10
50.2808
 20
-208.629
 30
0.0
 11
50.2808
 21
-177.629
 31
0.0
  0
LINE
  5
112B
330
17
100
AcDbEntity
  8
0
100
AcDbLine
 10
54.8808
 20
-208.629
 30
0.0
 11
54.8808
 21
-207.629
 31
0.0
  0
LINE
  5
112C
330
17
100
AcDbEntity
  8
0
100
AcDbLine
 10
54.8808
 20
-178.629
 30
0.0
 11
54.8808
 21
-177.629
 31
0.0
  0
LINE
  5
112D
330
17
100
AcDbEntity
  8
0
100
AcDbLine
 10
50.2808
 20
-223.246
 30
0.0
 11
54.8808
 21
-223.246
 31
0.0
  0
LINE
  5
112E
330
17
100
AcDbEntity
  8
0
100
AcDbLine
 10
54.8808
 20
-208.629
 30
0.0
 11
54.8808
 21
-223.246
 31
0.0
  0
LINE
  5
112F
330
17
100
AcDbEntity
  8
0
100
AcDbLine
 10
54.8808
 20
-208.629
 30
0.0
 11
50.2808
 21
-208.629
 31
0.0
  0
LINE
  5
1130
330
17
100
AcDbEntity
  8
0
100
AcDbLine
 10
50.2808
 20
-208.629
 30
0.0
 11
50.2808
 21
-223.246
 31
0.0
  0
LINE
  5
1131
330
17
100
AcDbEntity
  8
0
100
AcDbLine
 10
50.2808
 20
-91.5419
 30
0.0
 11
50.2808
 21
-102.102
 31
0.0
  0
LINE
  5
1132
330
17
100
AcDbEntity
  8
0
100
AcDbLine
 10
50.2808
 20
-102.102
 30
0.0
 11
54.8808
 21
-102.102
 31
0.0
  0
LINE
  5
1133
330
17
100
AcDbEntity
  8
0
100
AcDbLine
 10
54.8808
 20
-91.5419
 30
0.0
 11
54.8808
 21
-102.102
 31
0.0
  0
LINE
  5
1134
330
17
100
AcDbEntity
  8
0
100
AcDbLine
 10
50.2808
 20
-91.5419
 30
0.0
 11
54.8808
 21
-91.5419
 31
0.0
  0
LINE
  5
1135
330
17
100
AcDbEntity
  8
0
100
AcDbLine
 10
414.5
 20
-210.442
 30
0.0
 11
414.5
 21
-215.042
 31
0.0
  0
LINE
  5
1136
330
17
100
AcDbEntity
  8
0
100
AcDbLine
 10
353.371
 20
-210.442
 30
0.0
 11
414.5
 21
-210.442
 31
0.0
  0
LINE
  5
1137
330
17
100
AcDbEntity
  8
0
100
AcDbLine
 10
353.371
 20
-210.442
 30
0.0
 11
353.371
 21
-215.042
 31
0.0
  0
LINE
  5
1138
330
17
100
AcDbEntity
  8
0
100
AcDbLine
 10
414.5
 20
-215.042
 30
0.0
 11
353.371
 21
-215.042
 31
0.0
  0
LINE
  5
1139
330
17
100
AcDbEntity
  8
0
100
AcDbLine
 10
337.371
 20
-215.042
 30
0.0
 11
353.371
 21
-215.042
 31
0.0
  0
LINE
  5
113A
330
17
100
AcDbEntity
  8
0
100
AcDbLine
 10
353.371
 20
-210.442
 30
0.0
 11
337.371
 21
-210.442
 31
0.0
  0
LINE
  5
113B
330
17
100
AcDbEntity
  8
0
100
AcDbLine
 10
337.371
 20
-215.042
 30
0.0
 11
337.371
 21
-210.442
 31
0.0
  0
LINE
  5
113C
330
17
100
AcDbEntity
  8
0
100
AcDbLine
 10
332.617
 20
-210.442
 30
0.0
 11
337.371
 21
-210.442
 31
0.0
  0
LINE
  5
113D
330
17
100
AcDbEntity
  8
0
100
AcDbLine
 10
332.617
 20
-210.442
 30
0.0
 11
332.617
 21
-215.042
 31
0.0
  0
LINE
  5
113E
330
17
100
AcDbEntity
  8
0
100
AcDbLine
 10
337.371
 20
-215.042
 30
0.0
 11
332.617
 21
-215.042
 31
0.0
  0
LINE
  5
113F
330
17
100
AcDbEntity
  8
0
100
AcDbLine
 10
312.617
 20
-215.042
 30
0.0
 11
308.334
 21
-215.042
 31
0.0
  0
LINE
  5
1140
330
17
100
AcDbEntity
  8
0
100
AcDbLine
 10
312.617
 20
-215.042
 30
0.0
 11
312.617
 21
-210.442
 31
0.0
  0
LINE
  5
1141
330
17
100
AcDbEntity
  8
0
100
AcDbLine
 10
308.334
 20
-210.442
 30
0.0
 11
312.617
 21
-210.442
 31
0.0
  0
LINE
  5
1142
330
17
100
AcDbEntity
  8
0
100
AcDbLine
 10
308.334
 20
-215.042
 30
0.0
 11
308.334
 21
-210.442
 31
0.0
  0
LINE
  5
1143
330
17
100
AcDbEntity
  8
0
100
AcDbLine
 10
255.919
 20
-130.302
 30
0.0
 11
286.919
 21
-130.302
 31
0.0
  0
LINE
  5
1144
330
17
100
AcDbEntity
  8
0
100
AcDbLine
 10
255.919
 20
-125.702
 30
0.0
 11
286.919
 21
-125.702
 31
0.0
  0
LINE
  5
1145
330
17
100
AcDbEntity
  8
0
100
AcDbLine
 10
255.919
 20
-130.302
 30
0.0
 11
255.919
 21
-125.702
 31
0.0
  0
LINE
  5
1146
330
17
100
AcDbEntity
  8
0
100
AcDbLine
 10
255.919
 20
-125.702
 30
0.0
 11
206.972
 21
-125.702
 31
0.0
  0
LINE
  5
1147
330
17
100
AcDbEntity
  8
0
100
AcDbLine
 10
206.972
 20
-125.702
 30
0.0
 11
206.972
 21
-130.302
 31
0.0
  0
LINE
  5
1148
330
17
100
AcDbEntity
  8
0
100
AcDbLine
 10
255.919
 20
-130.302
 30
0.0
 11
206.972
 21
-130.302
 31
0.0
  0
LINE
  5
1149
330
17
100
AcDbEntity
  8
0
100
AcDbLine
 10
175.972
 20
-130.302
 30
0.0
 11
206.972
 21
-130.302
 31
0.0
  0
LINE
  5
114A
330
17
100
AcDbEntity
  8
0
100
AcDbLine
 10
175.972
 20
-125.702
 30
0.0
 11
206.972
 21
-125.702
 31
0.0
  0
LINE
  5
114B
330
17
100
AcDbEntity
  8
0
100
AcDbLine
 10
175.972
 20
-130.302
 30
0.0
 11
175.972
 21
-125.702
 31
0.0
  0
LINE
  5
114C
330
17
100
AcDbEntity
  8
0
100
AcDbLine
 10
175.972
 20
-125.702
 30
0.0
 11
167.686
 21
-125.702
 31
0.0
  0
LINE
  5
114D
330
17
100
AcDbEntity
  8
0
100
AcDbLine
 10
167.686
 20
-125.702
 30
0.0
 11
167.686
 21
-130.302
 31
0.0
  0
LINE
  5
114E
330
17
100
AcDbEntity
  8
0
100
AcDbLine
 10
175.972
 20
-130.302
 30
0.0
 11
167.686
 21
-130.302
 31
0.0
  0
LINE
  5
114F
330
17
100
AcDbEntity
  8
0
100
AcDbLine
 10
308.634
 20
-125.702
 30
0.0
 11
286.919
 21
-125.702
 31
0.0
  0
LINE
  5
1150
330
17
100
AcDbEntity
  8
0
100
AcDbLine
 10
286.919
 20
-125.702
 30
0.0
 11
286.919
 21
-130.302
 31
0.0
  0
LINE
  5
1151
330
17
100
AcDbEntity
  8
0
100
AcDbLine
 10
308.634
 20
-130.302
 30
0.0
 11
286.919
 21
-130.302
 31
0.0
  0
LINE
  5
1152
330
17
100
AcDbEntity
  8
0
100
AcDbLine
 10
308.634
 20
-125.702
 30
0.0
 11
308.634
 21
-130.302
 31
0.0
  0
LINE
  5
1153
330
17
100
AcDbEntity
  8
0
100
AcDbLine
 10
515.134
 20
-227.908
 30
0.0
 11
479.834
 21
-227.908
 31
0.0
  0
LINE
  5
1154
330
17
100
AcDbEntity
  8
0
100
AcDbLine
 10
515.134
 20
-223.308
 30
0.0
 11
515.134
 21
-227.908
 31
0.0
  0
LINE
  5
1155
330
17
100
AcDbEntity
  8
0
100
AcDbLine
 10
479.834
 20
-223.308
 30
0.0
 11
515.134
 21
-223.308
 31
0.0
  0
LINE
  5
1156
330
17
100
AcDbEntity
  8
0
100
AcDbLine
 10
479.834
 20
-227.908
 30
0.0
 11
479.834
 21
-223.308
 31
0.0
  0
LINE
  5
1157
330
17
100
AcDbEntity
  8
0
100
AcDbLine
 10
104.563
 20
-96.1419
 30
0.0
 11
104.563
 21
-91.5419
 31
0.0
  0
LINE
  5
1158
330
17
100
AcDbEntity
  8
0
100
AcDbLine
 10
104.563
 20
-91.5419
 30
0.0
 11
54.8808
 21
-91.5419
 31
0.0
  0
LINE
  5
1159
330
17
100
AcDbEntity
  8
0
100
AcDbLine
 10
54.8808
 20
-91.5419
 30
0.0
 11
54.8808
 21
-96.1419
 31
0.0
  0
LINE
  5
115A
330
17
100
AcDbEntity
  8
0
100
AcDbLine
 10
104.563
 20
-96.1419
 30
0.0
 11
54.8808
 21
-96.1419
 31
0.0
  0
LINE
  5
115B
330
17
100
AcDbEntity
  8
0
100
AcDbLine
 10
163.086
 20
-91.5419
 30
0.0
 11
124.563
 21
-91.5419
 31
0.0
  0
LINE
  5
115C
330
17
100
AcDbEntity
  8
0
100
AcDbLine
 10
124.563
 20
-91.5419
 30
0.0
 11
124.563
 21
-96.1419
 31
0.0
  0
LINE
  5
115D
330
17
100
AcDbEntity
  8
0
100
AcDbLine
 10
163.086
 20
-96.1419
 30
0.0
 11
124.563
 21
-96.1419
 31
0.0
  0
LINE
  5
115E
330
17
100
AcDbEntity
  8
0
100
AcDbLine
 10
163.086
 20
-91.5419
 30
0.0
 11
163.086
 21
-96.1419
 31
0.0
  0
LINE
  5
115F
330
17
100
AcDbEntity
  8
0
100
AcDbLine
 10
150.66
 20
-301.68
 30
0.0
 11
50.2808
 21
-301.68
 31
0.0
  0
LINE
  5
1160
330
17
100
AcDbEntity
  8
0
100
AcDbLine
 10
150.66
 20
-301.68
 30
0.0
 11
150.66
 21
-297.08
 31
0.0
  0
LINE
  5
1161
330
17
100
AcDbEntity
  8
0
100
AcDbLine
 10
50.2808
 20
-297.08
 30
0.0
 11
150.66
 21
-297.08
 31
0.0
  0
LINE
  5
1162
330
17
100
AcDbEntity
  8
0
100
AcDbLine
 10
50.2808
 20
-301.68
 30
0.0
 11
50.2808
 21
-297.08
 31
0.0
  0
LINE
  5
1163
330
17
100
AcDbEntity
  8
0
100
AcDbLine
 10
362.699
 20
-215.042
 30
0.0
 11
362.699
 21
-233.042
 31
0.0
  0
LINE
  5
1164
330
17
100
AcDbEntity
  8
0
100
AcDbLine
 10
356.699
 20
-215.042
 30
0.0
 11
356.699
 21
-233.042
 31
0.0
  0
LINE
  5
1165
330
17
100
AcDbEntity
  8
0
100
AcDbLine
 10
350.699
 20
-215.042
 30
0.0
 11
350.699
 21
-233.042
 31
0.0
  0
LINE
  5
1166
330
17
100
AcDbEntity
  8
0
100
AcDbLine
 10
382.166
 20
-215.042
 30
0.0
 11
382.166
 21
-233.042
 31
0.0
  0
LINE
  5
1167
330
17
100
AcDbEntity
  8
0
100
AcDbLine
 10
344.699
 20
-215.042
 30
0.0
 11
344.699
 21
-233.042
 31
0.0
  0
LINE
  5
1168
330
17
100
AcDbEntity
  8
0
100
AcDbLine
 10
338.699
 20
-215.042
 30
0.0
 11
338.699
 21
-233.042
 31
0.0
  0
LINE
  5
1169
330
17
100
AcDbEntity
  8
0
100
AcDbLine
 10
374.699
 20
-215.042
 30
0.0
 11
374.699
 21
-233.042
 31
0.0
  0
LINE
  5
116A
330
17
100
AcDbEntity
  8
0
100
AcDbLine
 10
374.699
 20
-215.042
 30
0.0
 11
374.699
 21
-233.042
 31
0.0
  0
LINE
  5
116B
330
17
100
AcDbEntity
  8
0
100
AcDbLine
 10
368.699
 20
-215.042
 30
0.0
 11
368.699
 21
-233.042
 31
0.0
  0
LINE
  5
116C
330
17
100
AcDbEntity
  8
0
100
AcDbLine
 10
382.166
 20
-215.042
 30
0.0
 11
374.699
 21
-215.042
 31
0.0
  0
LINE
  5
116D
330
17
100
AcDbEntity
  8
0
100
AcDbLine
 10
338.699
 20
-233.042
 30
0.0
 11
344.699
 21
-233.042
 31
0.0
  0
LINE
  5
116E
330
17
100
AcDbEntity
  8
0
100
AcDbLine
 10
344.699
 20
-233.042
 30
0.0
 11
350.699
 21
-233.042
 31
0.0
  0
LINE
  5
116F
330
17
100
AcDbEntity
  8
0
100
AcDbLine
 10
350.699
 20
-233.042
 30
0.0
 11
356.699
 21
-233.042
 31
0.0
  0
LINE
  5
1170
330
17
100
AcDbEntity
  8
0
100
AcDbLine
 10
356.699
 20
-233.042
 30
0.0
 11
362.699
 21
-233.042
 31
0.0
  0
LINE
  5
1171
330
17
100
AcDbEntity
  8
0
100
AcDbLine
 10
362.699
 20
-233.042
 30
0.0
 11
368.699
 21
-233.042
 31
0.0
  0
LINE
  5
1172
330
17
100
AcDbEntity
  8
0
100
AcDbLine
 10
368.699
 20
-233.042
 30
0.0
 11
374.699
 21
-233.042
 31
0.0
  0
LINE
  5
1173
330
17
100
AcDbEntity
  8
0
100
AcDbLine
 10
374.699
 20
-233.042
 30
0.0
 11
382.166
 21
-233.042
 31
0.0
  0
LINE
  5
1174
330
17
100
AcDbEntity
  8
0
100
AcDbLine
 10
382.166
 20
-233.042
 30
0.0
 11
344.699
 21
-233.042
 31
0.0
  0
LINE
  5
1175
330
17
100
AcDbEntity
  8
0
100
AcDbLine
 10
443.233
 20
-287.158
 30
0.0
 11
443.233
 21
-291.758
 31
0.0
  0
LINE
  5
1176
330
17
100
AcDbEntity
  8
0
100
AcDbLine
 10
439.575
 20
-287.158
 30
0.0
 11
443.233
 21
-287.158
 31
0.0
  0
LINE
  5
1177
330
17
100
AcDbEntity
  8
0
100
AcDbLine
 10
439.575
 20
-287.158
 30
0.0
 11
439.575
 21
-291.758
 31
0.0
  0
LINE
  5
1178
330
17
100
AcDbEntity
  8
0
100
AcDbLine
 10
443.233
 20
-291.758
 30
0.0
 11
439.575
 21
-291.758
 31
0.0
  0
LINE
  5
1179
330
17
100
AcDbEntity
  8
0
100
AcDbLine
 10
419.575
 20
-291.758
 30
0.0
 11
419.1
 21
-291.758
 31
0.0
  0
LINE
  5
117A
330
17
100
AcDbEntity
  8
0
100
AcDbLine
 10
419.575
 20
-291.758
 30
0.0
 11
419.575
 21
-287.158
 31
0.0
  0
LINE
  5
117B
330
17
100
AcDbEntity
  8
0
100
AcDbLine
 10
419.1
 20
-287.158
 30
0.0
 11
419.575
 21
-287.158
 31
0.0
  0
LINE
  5
117C
330
17
100
AcDbEntity
  8
0
100
AcDbLine
 10
419.1
 20
-291.758
 30
0.0
 11
419.1
 21
-287.158
 31
0.0
  0
LINE
  5
117D
330
17
100
AcDbEntity
  8
0
100
AcDbLine
 10
242.334
 20
-297.08
 30
0.0
 11
242.334
 21
-301.68
 31
0.0
  0
LINE
  5
117E
330
17
100
AcDbEntity
  8
0
100
AcDbLine
 10
242.166
 20
-297.08
 30
0.0
 11
242.334
 21
-297.08
 31
0.0
  0
LINE
  5
117F
330
17
100
AcDbEntity
  8
0
100
AcDbLine
 10
242.166
 20
-297.08
 30
0.0
 11
242.166
 21
-301.68
 31
0.0
  0
LINE
  5
1180
330
17
100
AcDbEntity
  8
0
100
AcDbLine
 10
242.334
 20
-301.68
 30
0.0
 11
242.166
 21
-301.68
 31
0.0
  0
LINE
  5
1181
330
17
100
AcDbEntity
  8
0
100
AcDbLine
 10
224.166
 20
-301.68
 30
0.0
 11
211.179
 21
-301.68
 31
0.0
  0
LINE
  5
1182
330
17
100
AcDbEntity
  8
0
100
AcDbLine
 10
224.166
 20
-301.68
 30
0.0
 11
224.166
 21
-297.08
 31
0.0
  0
LINE
  5
1183
330
17
100
AcDbEntity
  8
0
100
AcDbLine
 10
211.179
 20
-297.08
 30
0.0
 11
224.166
 21
-297.08
 31
0.0
  0
LINE
  5
1184
330
17
100
AcDbEntity
  8
0
100
AcDbLine
 10
211.179
 20
-301.68
 30
0.0
 11
211.179
 21
-297.08
 31
0.0
  0
LINE
  5
1185
330
17
100
AcDbEntity
  8
0
100
AcDbLine
 10
242.334
 20
-297.08
 30
0.0
 11
246.934
 21
-297.08
 31
0.0
  0
LINE
  5
1186
330
17
100
AcDbEntity
  8
0
100
AcDbLine
 10
242.334
 20
-307.907
 30
0.0
 11
242.334
 21
-297.08
 31
0.0
  0
LINE
  5
1187
330
17
100
AcDbEntity
  8
0
100
AcDbLine
 10
242.334
 20
-307.907
 30
0.0
 11
246.934
 21
-307.907
 31
0.0
  0
LINE
  5
1188
330
17
100
AcDbEntity
  8
0
100
AcDbLine
 10
246.934
 20
-297.08
 30
0.0
 11
246.934
 21
-307.907
 31
0.0
  0
LINE
  5
1189
330
17
100
AcDbEntity
  8
0
100
AcDbLine
 10
246.934
 20
-338.907
 30
0.0
 11
246.934
 21
-307.907
 31
0.0
  0
LINE
  5
118A
330
17
100
AcDbEntity
  8
0
100
AcDbLine
 10
242.334
 20
-307.907
 30
0.0
 11
242.334
 21
-338.907
 31
0.0
  0
LINE
  5
118B
330
17
100
AcDbEntity
  8
0
100
AcDbLine
 10
246.934
 20
-338.907
 30
0.0
 11
242.334
 21
-338.907
 31
0.0
  0
LINE
  5
118C
330
17
100
AcDbEntity
  8
0
100
AcDbLine
 10
242.334
 20
-350.568
 30
0.0
 11
242.334
 21
-338.907
 31
0.0
  0
LINE
  5
118D
330
17
100
AcDbEntity
  8
0
100
AcDbLine
 10
246.934
 20
-345.968
 30
0.0
 11
242.334
 21
-350.568
 31
0.0
  0
LINE
  5
118E
330
17
100
AcDbEntity
  8
0
100
AcDbLine
 10
246.934
 20
-338.907
 30
0.0
 11
246.934
 21
-345.968
 31
0.0
  0
LINE
  5
118F
330
17
100
AcDbEntity
  8
0
100
AcDbLine
 10
419.1
 20
-255.441
 30
0.0
 11
419.1
 21
-224.441
 31
0.0
  0
LINE
  5
1190
330
17
100
AcDbEntity
  8
0
100
AcDbLine
 10
414.5
 20
-255.441
 30
0.0
 11
414.5
 21
-224.441
 31
0.0
  0
LINE
  5
1191
330
17
100
AcDbEntity
  8
0
100
AcDbLine
 10
419.1
 20
-255.441
 30
0.0
 11
414.5
 21
-255.441
 31
0.0
  0
LINE
  5
1192
330
17
100
AcDbEntity
  8
0
100
AcDbLine
 10
414.5
 20
-255.441
 30
0.0
 11
414.5
 21
-353.518
 31
0.0
  0
LINE
  5
1193
330
17
100
AcDbEntity
  8
0
100
AcDbLine
 10
414.5
 20
-353.518
 30
0.0
 11
419.1
 21
-353.518
 31
0.0
  0
LINE
  5
1194
330
17
100
AcDbEntity
  8
0
100
AcDbLine
 10
419.1
 20
-255.441
 30
0.0
 11
419.1
 21
-353.518
 31
0.0
  0
LINE
  5
1195
330
17
100
AcDbEntity
  8
0
100
AcDbLine
 10
419.1
 20
-376.013
 30
0.0
 11
419.1
 21
-376.013
 31
0.0
  0
LINE
  5
1196
330
17
100
AcDbEntity
  8
0
100
AcDbLine
 10
414.5
 20
-384.518
 30
0.0
 11
414.5
 21
-353.518
 31
0.0
  0
LINE
  5
1197
330
17
100
AcDbEntity
  8
0
100
AcDbLine
 10
419.1
 20
-384.518
 30
0.0
 11
414.5
 21
-384.518
 31
0.0
  0
LINE
  5
1198
330
17
100
AcDbEntity
  8
0
100
AcDbLine
 10
414.5
 20
-384.518
 30
0.0
 11
414.5
 21
-388.013
 31
0.0
  0
LINE
  5
1199
330
17
100
AcDbEntity
  8
0
100
AcDbLine
 10
414.5
 20
-388.013
 30
0.0
 11
419.1
 21
-388.013
 31
0.0
  0
LINE
  5
119A
330
17
100
AcDbEntity
  8
0
100
AcDbLine
 10
419.1
 20
-384.518
 30
0.0
 11
419.1
 21
-388.013
 31
0.0
  0
LINE
  5
119B
330
17
100
AcDbEntity
  8
0
100
AcDbLine
 10
414.5
 20
-210.442
 30
0.0
 11
414.5
 21
-224.441
 31
0.0
  0
LINE
  5
119C
330
17
100
AcDbEntity
  8
0
100
AcDbLine
 10
414.5
 20
-224.441
 30
0.0
 11
419.1
 21
-224.441
 31
0.0
  0
LINE
  5
119D
330
17
100
AcDbEntity
  8
0
100
AcDbLine
 10
419.1
 20
-210.442
 30
0.0
 11
419.1
 21
-224.441
 31
0.0
  0
LINE
  5
119E
330
17
100
AcDbEntity
  8
0
100
AcDbLine
 10
414.5
 20
-210.442
 30
0.0
 11
419.1
 21
-210.442
 31
0.0
  0
LINE
  5
119F
330
17
100
AcDbEntity
  8
0
100
AcDbLine
 10
477.201
 20
-96.1419
 30
0.0
 11
508.201
 21
-96.1419
 31
0.0
  0
LINE
  5
11A0
330
17
100
AcDbEntity
  8
0
100
AcDbLine
 10
477.201
 20
-91.5419
 30
0.0
 11
508.201
 21
-91.5419
 31
0.0
  0
LINE
  5
11A1
330
17
100
AcDbEntity
  8
0
100
AcDbLine
 10
477.201
 20
-96.1419
 30
0.0
 11
477.201
 21
-91.5419
 31
0.0
  0
LINE
  5
11A2
330
17
100
AcDbEntity
  8
0
100
AcDbLine
 10
477.201
 20
-91.5419
 30
0.0
 11
455.634
 21
-91.5419
 31
0.0
  0
LINE
  5
11A3
330
17
100
AcDbEntity
  8
0
100
AcDbLine
 10
455.634
 20
-91.5419
 30
0.0
 11
455.634
 21
-96.1419
 31
0.0
  0
LINE
  5
11A4
330
17
100
AcDbEntity
  8
0
100
AcDbLine
 10
477.201
 20
-96.1419
 30
0.0
 11
455.634
 21
-96.1419
 31
0.0
  0
LINE
  5
11A5
330
17
100
AcDbEntity
  8
0
100
AcDbLine
 10
424.634
 20
-96.1419
 30
0.0
 11
425.634
 21
-96.1419
 31
0.0
  0
LINE
  5
11A6
330
17
100
AcDbEntity
  8
0
100
AcDbLine
 10
454.634
 20
-96.1419
 30
0.0
 11
455.634
 21
-96.1419
 31
0.0
  0
LINE
  5
11A7
330
17
100
AcDbEntity
  8
0
100
AcDbLine
 10
424.634
 20
-91.5419
 30
0.0
 11
455.634
 21
-91.5419
 31
0.0
  0
LINE
  5
11A8
330
17
100
AcDbEntity
  8
0
100
AcDbLine
 10
424.634
 20
-96.1419
 30
0.0
 11
424.634
 21
-91.5419
 31
0.0
  0
LINE
  5
11A9
330
17
100
AcDbEntity
  8
0
100
AcDbLine
 10
424.634
 20
-91.5419
 30
0.0
 11
363.46
 21
-91.5419
 31
0.0
  0
LINE
  5
11AA
330
17
100
AcDbEntity
  8
0
100
AcDbLine
 10
363.46
 20
-91.5419
 30
0.0
 11
363.46
 21
-96.1419
 31
0.0
  0
LINE
  5
11AB
330
17
100
AcDbEntity
  8
0
100
AcDbLine
 10
424.634
 20
-96.1419
 30
0.0
 11
363.46
 21
-96.1419
 31
0.0
  0
LINE
  5
11AC
330
17
100
AcDbEntity
  8
0
100
AcDbLine
 10
332.46
 20
-91.5419
 30
0.0
 11
363.46
 21
-91.5419
 31
0.0
  0
LINE
  5
11AD
330
17
100
AcDbEntity
  8
0
100
AcDbLine
 10
362.46
 20
-96.1419
 30
0.0
 11
363.46
 21
-96.1419
 31
0.0
  0
LINE
  5
11AE
330
17
100
AcDbEntity
  8
0
100
AcDbLine
 10
332.46
 20
-96.1419
 30
0.0
 11
332.46
 21
-91.5419
 31
0.0
  0
LINE
  5
11AF
330
17
100
AcDbEntity
  8
0
100
AcDbLine
 10
332.46
 20
-91.5419
 30
0.0
 11
308.334
 21
-91.5419
 31
0.0
  0
LINE
  5
11B0
330
17
100
AcDbEntity
  8
0
100
AcDbLine
 10
308.334
 20
-91.5419
 30
0.0
 11
308.334
 21
-96.1419
 31
0.0
  0
LINE
  5
11B1
330
17
100
AcDbEntity
  8
0
100
AcDbLine
 10
332.46
 20
-96.1419
 30
0.0
 11
308.334
 21
-96.1419
 31
0.0
  0
LINE
  5
11B2
330
17
100
AcDbEntity
  8
0
100
AcDbLine
 10
519.734
 20
-91.5419
 30
0.0
 11
508.201
 21
-91.5419
 31
0.0
  0
LINE
  5
11B3
330
17
100
AcDbEntity
  8
0
100
AcDbLine
 10
508.201
 20
-91.5419
 30
0.0
 11
508.201
 21
-96.1419
 31
0.0
  0
LINE
  5
11B4
330
17
100
AcDbEntity
  8
0
100
AcDbLine
 10
519.734
 20
-96.1419
 30
0.0
 11
508.201
 21
-96.1419
 31
0.0
  0
LINE
  5
11B5
330
17
100
AcDbEntity
  8
0
100
AcDbLine
 10
519.734
 20
-91.5419
 30
0.0
 11
519.734
 21
-96.1419
 31
0.0
  0
LINE
  5
11B6
330
17
100
AcDbEntity
  8
0
100
AcDbLine
 10
206.579
 20
-297.08
 30
0.0
 11
206.579
 21
-301.68
 31
0.0
  0
LINE
  5
11B7
330
17
100
AcDbEntity
  8
0
100
AcDbLine
 10
203.116
 20
-297.08
 30
0.0
 11
206.579
 21
-297.08
 31
0.0
  0
LINE
  5
11B8
330
17
100
AcDbEntity
  8
0
100
AcDbLine
 10
203.116
 20
-297.08
 30
0.0
 11
203.116
 21
-301.68
 31
0.0
  0
LINE
  5
11B9
330
17
100
AcDbEntity
  8
0
100
AcDbLine
 10
206.579
 20
-301.68
 30
0.0
 11
203.116
 21
-301.68
 31
0.0
  0
LINE
  5
11BA
330
17
100
AcDbEntity
  8
0
100
AcDbLine
 10
179.116
 20
-301.68
 30
0.0
 11
175.26
 21
-301.68
 31
0.0
  0
LINE
  5
11BB
330
17
100
AcDbEntity
  8
0
100
AcDbLine
 10
179.116
 20
-301.68
 30
0.0
 11
179.116
 21
-297.08
 31
0.0
  0
LINE
  5
11BC
330
17
100
AcDbEntity
  8
0
100
AcDbLine
 10
175.26
 20
-297.08
 30
0.0
 11
179.116
 21
-297.08
 31
0.0
  0
LINE
  5
11BD
330
17
100
AcDbEntity
  8
0
100
AcDbLine
 10
175.26
 20
-301.68
 30
0.0
 11
175.26
 21
-297.08
 31
0.0
  0
LINE
  5
11BE
330
17
100
AcDbEntity
  8
0
100
AcDbLine
 10
459.834
 20
-180.442
 30
0.0
 11
459.834
 21
-175.842
 31
0.0
  0
LINE
  5
11BF
330
17
100
AcDbEntity
  8
0
100
AcDbLine
 10
459.834
 20
-175.842
 30
0.0
 11
443.233
 21
-175.842
 31
0.0
  0
LINE
  5
11C0
330
17
100
AcDbEntity
  8
0
100
AcDbLine
 10
443.233
 20
-175.842
 30
0.0
 11
443.233
 21
-180.442
 31
0.0
  0
LINE
  5
11C1
330
17
100
AcDbEntity
  8
0
100
AcDbLine
 10
459.834
 20
-180.442
 30
0.0
 11
443.233
 21
-180.442
 31
0.0
  0
LINE
  5
11C2
330
17
100
AcDbEntity
  8
0
100
AcDbLine
 10
477.834
 20
-175.842
 30
0.0
 11
477.834
 21
-180.442
 31
0.0
  0
LINE
  5
11C3
330
17
100
AcDbEntity
  8
0
100
AcDbLine
 10
515.134
 20
-180.442
 30
0.0
 11
477.834
 21
-180.442
 31
0.0
  0
LINE
  5
11C4
330
17
100
AcDbEntity
  8
0
100
AcDbLine
 10
515.134
 20
-175.842
 30
0.0
 11
515.134
 21
-180.442
 31
0.0
  0
LINE
  5
11C5
330
17
100
AcDbEntity
  8
0
100
AcDbLine
 10
515.134
 20
-175.842
 30
0.0
 11
477.834
 21
-175.842
 31
0.0
  0
LINE
  5
11C6
330
17
100
AcDbEntity
  8
0
100
AcDbLine
 10
339.37061309814453
 20
-212.2991943359375
 30
0.0
 11
339.37061309814453
 21
-212.45086669921875
 31
0.0
  0
LINE
  5
11C7
330
17
100
AcDbEntity
  8
0
100
AcDbLine
 10
351.3705825805664
 20
-212.40257263183594
 30
0.0
 11
351.3705825805664
 21
-212.4509048461914
 31
0.0
  0
LINE
  5
11C8
330
17
100
AcDbEntity
  8
0
100
AcDbLine
 10
339.37061309814453
 20
-212.2509002685547
 30
0.0
 11
339.37061309814453
 21
-212.2991943359375
 31
0.0
  0
LINE
  5
11C9
330
17
100
AcDbEntity
  8
0
100
AcDbLine
 10
351.3705825805664
 20
-212.2509002685547
 30
0.0
 11
351.3705825805664
 21
-212.40257263183594
 31
0.0
  0
LINE
  5
11CA
330
17
100
AcDbEntity
  8
0
100
AcDbLine
 10
348.47267150878906
 20
-212.2509002685547
 30
0.0
 11
351.3705825805664
 21
-212.2509002685547
 31
0.0
  0
LINE
  5
11CB
330
17
100
AcDbEntity
  8
0
100
AcDbLine
 10
339.37061309814453
 20
-212.2509002685547
 30
0.0
 11
348.47267150878906
 21
-212.2509002685547
 31
0.0
  0
LINE
  5
11CC
330
17
100
AcDbEntity
  8
0
100
AcDbLine
 10
351.3705825805664
 20
-212.07088470458984
 30
0.0
 11
351.3705825805664
 21
-212.21576690673828
 31
0.0
  0
LINE
  5
11CD
330
17
100
AcDbEntity
  8
0
100
AcDbLine
 10
351.3705825805664
 20
-212.07088470458984
 30
0.0
 11
351.60160064697266
 21
-212.07088470458984
 31
0.0
  0
LINE
  5
11CE
330
17
100
AcDbEntity
  8
0
100
AcDbLine
 10
351.3705825805664
 20
-212.21576690673828
 30
0.0
 11
351.3705825805664
 21
-212.6708984375
 31
0.0
  0
LINE
  5
11CF
330
17
100
AcDbEntity
  8
0
100
AcDbLine
 10
351.3705825805664
 20
-212.6708984375
 30
0.0
 11
351.60160064697266
 21
-212.6708984375
 31
0.0
  0
LINE
  5
11D0
330
17
100
AcDbEntity
  8
0
100
AcDbLine
 10
338.37059020996094
 20
-212.51304626464844
 30
0.0
 11
338.37059020996094
 21
-212.6708984375
 31
0.0
  0
LINE
  5
11D1
330
17
100
AcDbEntity
  8
0
100
AcDbLine
 10
338.37059020996094
 20
-212.6708984375
 30
0.0
 11
338.64505767822266
 21
-212.6708984375
 31
0.0
  0
LINE
  5
11D2
330
17
100
AcDbEntity
  8
0
100
AcDbLine
 10
351.60160064697266
 20
-212.6708984375
 30
0.0
 11
352.37060546875
 21
-212.6708984375
 31
0.0
  0
LINE
  5
11D3
330
17
100
AcDbEntity
  8
0
100
AcDbLine
 10
352.37060546875
 20
-212.51304626464844
 30
0.0
 11
352.37060546875
 21
-212.6708984375
 31
0.0
  0
LINE
  5
11D4
330
17
100
AcDbEntity
  8
0
100
AcDbLine
 10
338.64505767822266
 20
-212.6708984375
 30
0.0
 11
339.37061309814453
 21
-212.6708984375
 31
0.0
  0
LINE
  5
11D5
330
17
100
AcDbEntity
  8
0
100
AcDbLine
 10
339.1395950317383
 20
-212.07088470458984
 30
0.0
 11
339.37061309814453
 21
-212.07088470458984
 31
0.0
  0
LINE
  5
11D6
330
17
100
AcDbEntity
  8
0
100
AcDbLine
 10
339.37061309814453
 20
-212.07088470458984
 30
0.0
 11
339.37061309814453
 21
-212.5259780883789
 31
0.0
  0
LINE
  5
11D7
330
17
100
AcDbEntity
  8
0
100
AcDbLine
 10
339.37061309814453
 20
-212.5259780883789
 30
0.0
 11
339.37061309814453
 21
-212.6708984375
 31
0.0
  0
LINE
  5
11D8
330
17
100
AcDbEntity
  8
0
100
AcDbLine
 10
352.37060546875
 20
-213.10264587402344
 30
0.0
 11
352.37060546875
 21
-213.47087860107422
 31
0.0
  0
LINE
  5
11D9
330
17
100
AcDbEntity
  8
0
100
AcDbLine
 10
352.37060546875
 20
-213.47087860107422
 30
0.0
 11
352.6231002807617
 21
-213.47087860107422
 31
0.0
  0
LINE
  5
11DA
330
17
100
AcDbEntity
  8
0
100
AcDbLine
 10
352.37060546875
 20
-212.07088470458984
 30
0.0
 11
352.37060546875
 21
-212.51304626464844
 31
0.0
  0
LINE
  5
11DB
330
17
100
AcDbEntity
  8
0
100
AcDbLine
 10
352.37060546875
 20
-212.07088470458984
 30
0.0
 11
352.37060546875
 21
-213.10264587402344
 31
0.0
  0
LINE
  5
11DC
330
17
100
AcDbEntity
  8
0
100
AcDbLine
 10
351.60160064697266
 20
-212.07088470458984
 30
0.0
 11
352.37060546875
 21
-212.07088470458984
 31
0.0
  0
LINE
  5
11DD
330
17
100
AcDbEntity
  8
0
100
AcDbLine
 10
352.37060546875
 20
-212.07088470458984
 30
0.0
 11
352.6231002807617
 21
-212.07088470458984
 31
0.0
  0
LINE
  5
11DE
330
17
100
AcDbEntity
  8
0
100
AcDbLine
 10
337.37060546875
 20
-213.47087860107422
 30
0.0
 11
338.1180953979492
 21
-213.47087860107422
 31
0.0
  0
LINE
  5
11DF
330
17
100
AcDbEntity
  8
0
100
AcDbLine
 10
337.37060546875
 20
-212.07088470458984
 30
0.0
 11
337.6631164550781
 21
-212.07088470458984
 31
0.0
  0
LINE
  5
11E0
330
17
100
AcDbEntity
  8
0
100
AcDbLine
 10
337.37060546875
 20
-212.07088470458984
 30
0.0
 11
337.37060546875
 21
-213.0771255493164
 31
0.0
  0
LINE
  5
11E1
330
17
100
AcDbEntity
  8
0
100
AcDbLine
 10
337.37060546875
 20
-213.0771255493164
 30
0.0
 11
337.37060546875
 21
-213.47087860107422
 31
0.0
  0
LINE
  5
11E2
330
17
100
AcDbEntity
  8
0
100
AcDbLine
 10
338.1180953979492
 20
-213.47087860107422
 30
0.0
 11
338.37059020996094
 21
-213.47087860107422
 31
0.0
  0
LINE
  5
11E3
330
17
100
AcDbEntity
  8
0
100
AcDbLine
 10
338.37059020996094
 20
-212.07088470458984
 30
0.0
 11
338.37059020996094
 21
-212.51304626464844
 31
0.0
  0
LINE
  5
11E4
330
17
100
AcDbEntity
  8
0
100
AcDbLine
 10
337.6631164550781
 20
-212.07088470458984
 30
0.0
 11
338.37059020996094
 21
-212.07088470458984
 31
0.0
  0
LINE
  5
11E5
330
17
100
AcDbEntity
  8
0
100
AcDbLine
 10
338.37059020996094
 20
-212.07088470458984
 30
0.0
 11
339.1395950317383
 21
-212.07088470458984
 31
0.0
  0
LINE
  5
11E6
330
17
100
AcDbEntity
  8
0
100
AcDbLine
 10
338.37059020996094
 20
-212.07088470458984
 30
0.0
 11
338.37059020996094
 21
-212.43911743164062
 31
0.0
  0
LINE
  5
11E7
330
17
100
AcDbEntity
  8
0
100
AcDbLine
 10
338.37059020996094
 20
-212.43911743164062
 30
0.0
 11
338.37059020996094
 21
-213.47087860107422
 31
0.0
  0
LINE
  5
11E8
330
17
100
AcDbEntity
  8
0
100
AcDbLine
 10
352.6231002807617
 20
-213.47087860107422
 30
0.0
 11
353.37059020996094
 21
-213.47087860107422
 31
0.0
  0
LINE
  5
11E9
330
17
100
AcDbEntity
  8
0
100
AcDbLine
 10
352.6231002807617
 20
-212.07088470458984
 30
0.0
 11
353.37059020996094
 21
-212.07088470458984
 31
0.0
  0
LINE
  5
11EA
330
17
100
AcDbEntity
  8
0
100
AcDbLine
 10
353.37059020996094
 20
-212.07088470458984
 30
0.0
 11
353.37059020996094
 21
-212.46463775634766
 31
0.0
  0
LINE
  5
11EB
330
17
100
AcDbEntity
  8
0
100
AcDbLine
 10
353.37059020996094
 20
-212.46463775634766
 30
0.0
 11
353.37059020996094
 21
-213.47087860107422
 31
0.0
  0
LINE
  5
11EC
330
17
100
AcDbEntity
  8
0
100
AcDbLine
 10
312.70530700683594
 20
-100.1419448852539
 30
0.0
 11
312.5536346435547
 21
-100.1419448852539
 31
0.0
  0
LINE
  5
11ED
330
17
100
AcDbEntity
  8
0
100
AcDbLine
 10
312.6019287109375
 20
-112.14191436767578
 30
0.0
 11
312.55359649658203
 21
-112.14191436767578
 31
0.0
  0
LINE
  5
11EE
330
17
100
AcDbEntity
  8
0
100
AcDbLine
 10
312.75360107421875
 20
-100.1419448852539
 30
0.0
 11
312.70530700683594
 21
-100.1419448852539
 31
0.0
  0
LINE
  5
11EF
330
17
100
AcDbEntity
  8
0
100
AcDbLine
 10
312.75360107421875
 20
-112.14191436767578
 30
0.0
 11
312.6019287109375
 21
-112.14191436767578
 31
0.0
  0
LINE
  5
11F0
330
17
100
AcDbEntity
  8
0
100
AcDbLine
 10
312.75360107421875
 20
-109.2440414428711
 30
0.0
 11
312.75360107421875
 21
-112.14191436767578
 31
0.0
  0
LINE
  5
11F1
330
17
100
AcDbEntity
  8
0
100
AcDbLine
 10
312.75360107421875
 20
-100.1419448852539
 30
0.0
 11
312.75360107421875
 21
-109.2440414428711
 31
0.0
  0
LINE
  5
11F2
330
17
100
AcDbEntity
  8
0
100
AcDbLine
 10
312.9336166381836
 20
-112.14191436767578
 30
0.0
 11
312.78873443603516
 21
-112.14191436767578
 31
0.0
  0
LINE
  5
11F3
330
17
100
AcDbEntity
  8
0
100
AcDbLine
 10
312.9336166381836
 20
-112.14191436767578
 30
0.0
 11
312.9336166381836
 21
-112.37293243408203
 31
0.0
  0
LINE
  5
11F4
330
17
100
AcDbEntity
  8
0
100
AcDbLine
 10
312.78873443603516
 20
-112.14191436767578
 30
0.0
 11
312.33360290527344
 21
-112.14191436767578
 31
0.0
  0
LINE
  5
11F5
330
17
100
AcDbEntity
  8
0
100
AcDbLine
 10
312.33360290527344
 20
-112.14191436767578
 30
0.0
 11
312.33360290527344
 21
-112.37293243408203
 31
0.0
  0
LINE
  5
11F6
330
17
100
AcDbEntity
  8
0
100
AcDbLine
 10
312.491455078125
 20
-99.14192199707031
 30
0.0
 11
312.33360290527344
 21
-99.14192199707031
 31
0.0
  0
LINE
  5
11F7
330
17
100
AcDbEntity
  8
0
100
AcDbLine
 10
312.33360290527344
 20
-99.14192199707031
 30
0.0
 11
312.33360290527344
 21
-99.41638946533203
 31
0.0
  0
LINE
  5
11F8
330
17
100
AcDbEntity
  8
0
100
AcDbLine
 10
312.33360290527344
 20
-112.37293243408203
 30
0.0
 11
312.33360290527344
 21
-113.14193725585938
 31
0.0
  0
LINE
  5
11F9
330
17
100
AcDbEntity
  8
0
100
AcDbLine
 10
312.49141693115234
 20
-113.14193725585938
 30
0.0
 11
312.33360290527344
 21
-113.14193725585938
 31
0.0
  0
LINE
  5
11FA
330
17
100
AcDbEntity
  8
0
100
AcDbLine
 10
312.33360290527344
 20
-99.41638946533203
 30
0.0
 11
312.33360290527344
 21
-100.1419448852539
 31
0.0
  0
LINE
  5
11FB
330
17
100
AcDbEntity
  8
0
100
AcDbLine
 10
312.9336166381836
 20
-99.91092681884766
 30
0.0
 11
312.9336166381836
 21
-100.1419448852539
 31
0.0
  0
LINE
  5
11FC
330
17
100
AcDbEntity
  8
0
100
AcDbLine
 10
312.9336166381836
 20
-100.1419448852539
 30
0.0
 11
312.47852325439453
 21
-100.1419448852539
 31
0.0
  0
LINE
  5
11FD
330
17
100
AcDbEntity
  8
0
100
AcDbLine
 10
312.47852325439453
 20
-100.1419448852539
 30
0.0
 11
312.33360290527344
 21
-100.1419448852539
 31
0.0
  0
LINE
  5
11FE
330
17
100
AcDbEntity
  8
0
100
AcDbLine
 10
311.90185546875
 20
-113.14193725585938
 30
0.0
 11
311.5336227416992
 21
-113.14193725585938
 31
0.0
  0
LINE
  5
11FF
330
17
100
AcDbEntity
  8
0
100
AcDbLine
 10
311.5336227416992
 20
-113.14193725585938
 30
0.0
 11
311.5336227416992
 21
-113.3944320678711
 31
0.0
  0
LINE
  5
1200
330
17
100
AcDbEntity
  8
0
100
AcDbLine
 10
312.9336166381836
 20
-113.14193725585938
 30
0.0
 11
312.49141693115234
 21
-113.14193725585938
 31
0.0
  0
LINE
  5
1201
330
17
100
AcDbEntity
  8
0
100
AcDbLine
 10
312.9336166381836
 20
-113.14193725585938
 30
0.0
 11
311.90185546875
 21
-113.14193725585938
 31
0.0
  0
LINE
  5
1202
330
17
100
AcDbEntity
  8
0
100
AcDbLine
 10
312.9336166381836
 20
-112.37293243408203
 30
0.0
 11
312.9336166381836
 21
-113.14193725585938
 31
0.0
  0
LINE
  5
1203
330
17
100
AcDbEntity
  8
0
100
AcDbLine
 10
312.9336166381836
 20
-113.14193725585938
 30
0.0
 11
312.9336166381836
 21
-113.3944320678711
 31
0.0
  0
LINE
  5
1204
330
17
100
AcDbEntity
  8
0
100
AcDbLine
 10
311.5336227416992
 20
-98.14193725585938
 30
0.0
 11
311.5336227416992
 21
-98.8894271850586
 31
0.0
  0
LINE
  5
1205
330
17
100
AcDbEntity
  8
0
100
AcDbLine
 10
312.9336166381836
 20
-98.14193725585938
 30
0.0
 11
312.9336166381836
 21
-98.4344482421875
 31
0.0
  0
LINE
  5
1206
330
17
100
AcDbEntity
  8
0
100
AcDbLine
 10
312.9336166381836
 20
-98.14193725585938
 30
0.0
 11
311.92737579345703
 21
-98.14193725585938
 31
0.0
  0
LINE
  5
1207
330
17
100
AcDbEntity
  8
0
100
AcDbLine
 10
311.92737579345703
 20
-98.14193725585938
 30
0.0
 11
311.5336227416992
 21
-98.14193725585938
 31
0.0
  0
LINE
  5
1208
330
17
100
AcDbEntity
  8
0
100
AcDbLine
 10
311.5336227416992
 20
-98.8894271850586
 30
0.0
 11
311.5336227416992
 21
-99.14192199707031
 31
0.0
  0
LINE
  5
1209
330
17
100
AcDbEntity
  8
0
100
AcDbLine
 10
312.9336166381836
 20
-99.14192199707031
 30
0.0
 11
312.491455078125
 21
-99.14192199707031
 31
0.0
  0
LINE
  5
120A
330
17
100
AcDbEntity
  8
0
100
AcDbLine
 10
312.9336166381836
 20
-98.4344482421875
 30
0.0
 11
312.9336166381836
 21
-99.14192199707031
 31
0.0
  0
LINE
  5
120B
330
17
100
AcDbEntity
  8
0
100
AcDbLine
 10
312.9336166381836
 20
-99.14192199707031
 30
0.0
 11
312.9336166381836
 21
-99.91092681884766
 31
0.0
  0
LINE
  5
120C
330
17
100
AcDbEntity
  8
0
100
AcDbLine
 10
312.9336166381836
 20
-99.14192199707031
 30
0.0
 11
312.5653839111328
 21
-99.14192199707031
 31
0.0
  0
LINE
  5
120D
330
17
100
AcDbEntity
  8
0
100
AcDbLine
 10
312.5653839111328
 20
-99.14192199707031
 30
0.0
 11
311.5336227416992
 21
-99.14192199707031
 31
0.0
  0
LINE
  5
120E
330
17
100
AcDbEntity
  8
0
100
AcDbLine
 10
311.5336227416992
 20
-113.3944320678711
 30
0.0
 11
311.5336227416992
 21
-114.14192199707031
 31
0.0
  0
LINE
  5
120F
330
17
100
AcDbEntity
  8
0
100
AcDbLine
 10
312.9336166381836
 20
-113.3944320678711
 30
0.0
 11
312.9336166381836
 21
-114.14192199707031
 31
0.0
  0
LINE
  5
1210
330
17
100
AcDbEntity
  8
0
100
AcDbLine
 10
312.9336166381836
 20
-114.14192199707031
 30
0.0
 11
312.5398635864258
 21
-114.14192199707031
 31
0.0
  0
LINE
  5
1211
330
17
100
AcDbEntity
  8
0
100
AcDbLine
 10
312.5398635864258
 20
-114.14192199707031
 30
0.0
 11
311.5336227416992
 21
-114.14192199707031
 31
0.0
  0
LINE
  5
1212
330
17
100
AcDbEntity
  8
0
100
AcDbLine
 10
516.341552734375
 20
-203.34678649902344
 30
0.0
 11
516.1534881591797
 21
-203.34678649902344
 31
0.0
  0
LINE
  5
1213
330
17
100
AcDbEntity
  8
0
100
AcDbLine
 10
516.1653900146484
 20
-215.3467559814453
 30
0.0
 11
516.153450012207
 21
-215.3467559814453
 31
0.0
  0
LINE
  5
1214
330
17
100
AcDbEntity
  8
0
100
AcDbLine
 10
516.3534545898438
 20
-203.34678649902344
 30
0.0
 11
516.341552734375
 21
-203.34678649902344
 31
0.0
  0
LINE
  5
1215
330
17
100
AcDbEntity
  8
0
100
AcDbLine
 10
516.3534545898438
 20
-215.3467559814453
 30
0.0
 11
516.1653900146484
 21
-215.3467559814453
 31
0.0
  0
LINE
  5
1216
330
17
100
AcDbEntity
  8
0
100
AcDbLine
 10
516.3534545898438
 20
-214.63069915771484
 30
0.0
 11
516.3534545898438
 21
-215.3467559814453
 31
0.0
  0
LINE
  5
1217
330
17
100
AcDbEntity
  8
0
100
AcDbLine
 10
516.3534545898438
 20
-203.34678649902344
 30
0.0
 11
516.3534545898438
 21
-214.63069915771484
 31
0.0
  0
LINE
  5
1218
330
17
100
AcDbEntity
  8
0
100
AcDbLine
 10
516.5334701538086
 20
-215.3467559814453
 30
0.0
 11
516.4976501464844
 21
-215.3467559814453
 31
0.0
  0
LINE
  5
1219
330
17
100
AcDbEntity
  8
0
100
AcDbLine
 10
516.5334701538086
 20
-215.3467559814453
 30
0.0
 11
516.5334701538086
 21
-215.40386199951172
 31
0.0
  0
LINE
  5
121A
330
17
100
AcDbEntity
  8
0
100
AcDbLine
 10
516.4976501464844
 20
-215.3467559814453
 30
0.0
 11
515.9334564208984
 21
-215.3467559814453
 31
0.0
  0
LINE
  5
121B
330
17
100
AcDbEntity
  8
0
100
AcDbLine
 10
515.9334564208984
 20
-215.3467559814453
 30
0.0
 11
515.9334564208984
 21
-215.40386199951172
 31
0.0
  0
LINE
  5
121C
330
17
100
AcDbEntity
  8
0
100
AcDbLine
 10
515.9912872314453
 20
-202.34676361083984
 30
0.0
 11
515.9334564208984
 21
-202.34676361083984
 31
0.0
  0
LINE
  5
121D
330
17
100
AcDbEntity
  8
0
100
AcDbLine
 10
515.9334564208984
 20
-202.34676361083984
 30
0.0
 11
515.9334564208984
 21
-202.44731903076172
 31
0.0
  0
LINE
  5
121E
330
17
100
AcDbEntity
  8
0
100
AcDbLine
 10
515.9334564208984
 20
-215.40386199951172
 30
0.0
 11
515.9334564208984
 21
-216.3467788696289
 31
0.0
  0
LINE
  5
121F
330
17
100
AcDbEntity
  8
0
100
AcDbLine
 10
515.9912872314453
 20
-216.3467788696289
 30
0.0
 11
515.9334564208984
 21
-216.3467788696289
 31
0.0
  0
LINE
  5
1220
330
17
100
AcDbEntity
  8
0
100
AcDbLine
 10
515.9334564208984
 20
-202.44731903076172
 30
0.0
 11
515.9334564208984
 21
-203.34678649902344
 31
0.0
  0
LINE
  5
1221
330
17
100
AcDbEntity
  8
0
100
AcDbLine
 10
516.5334701538086
 20
-203.28968048095703
 30
0.0
 11
516.5334701538086
 21
-203.34678649902344
 31
0.0
  0
LINE
  5
1222
330
17
100
AcDbEntity
  8
0
100
AcDbLine
 10
516.5334701538086
 20
-203.34678649902344
 30
0.0
 11
515.9692764282227
 21
-203.34678649902344
 31
0.0
  0
LINE
  5
1223
330
17
100
AcDbEntity
  8
0
100
AcDbLine
 10
515.9692764282227
 20
-203.34678649902344
 30
0.0
 11
515.9334564208984
 21
-203.34678649902344
 31
0.0
  0
LINE
  5
1224
330
17
100
AcDbEntity
  8
0
100
AcDbLine
 10
515.2684020996094
 20
-216.3467788696289
 30
0.0
 11
515.1334762573242
 21
-216.3467788696289
 31
0.0
  0
LINE
  5
1225
330
17
100
AcDbEntity
  8
0
100
AcDbLine
 10
515.1334762573242
 20
-216.3467788696289
 30
0.0
 11
515.1334762573242
 21
-216.4392852783203
 31
0.0
  0
LINE
  5
1226
330
17
100
AcDbEntity
  8
0
100
AcDbLine
 10
516.5334701538086
 20
-216.3467788696289
 30
0.0
 11
515.9912872314453
 21
-216.3467788696289
 31
0.0
  0
LINE
  5
1227
330
17
100
AcDbEntity
  8
0
100
AcDbLine
 10
516.5334701538086
 20
-216.3467788696289
 30
0.0
 11
515.2684020996094
 21
-216.3467788696289
 31
0.0
  0
LINE
  5
1228
330
17
100
AcDbEntity
  8
0
100
AcDbLine
 10
516.5334701538086
 20
-215.40386199951172
 30
0.0
 11
516.5334701538086
 21
-216.3467788696289
 31
0.0
  0
LINE
  5
1229
330
17
100
AcDbEntity
  8
0
100
AcDbLine
 10
516.5334701538086
 20
-216.3467788696289
 30
0.0
 11
516.5334701538086
 21
-216.4392852783203
 31
0.0
  0
LINE
  5
122A
330
17
100
AcDbEntity
  8
0
100
AcDbLine
 10
515.1334762573242
 20
-201.3467788696289
 30
0.0
 11
515.1334762573242
 21
-202.25425720214844
 31
0.0
  0
LINE
  5
122B
330
17
100
AcDbEntity
  8
0
100
AcDbLine
 10
516.5334701538086
 20
-201.3467788696289
 30
0.0
 11
516.5334701538086
 21
-201.47930145263672
 31
0.0
  0
LINE
  5
122C
330
17
100
AcDbEntity
  8
0
100
AcDbLine
 10
516.5334701538086
 20
-201.3467788696289
 30
0.0
 11
515.3118515014648
 21
-201.3467788696289
 31
0.0
  0
LINE
  5
122D
330
17
100
AcDbEntity
  8
0
100
AcDbLine
 10
515.3118515014648
 20
-201.3467788696289
 30
0.0
 11
515.1334762573242
 21
-201.3467788696289
 31
0.0
  0
LINE
  5
122E
330
17
100
AcDbEntity
  8
0
100
AcDbLine
 10
515.1334762573242
 20
-202.25425720214844
 30
0.0
 11
515.1334762573242
 21
-202.34676361083984
 31
0.0
  0
LINE
  5
122F
330
17
100
AcDbEntity
  8
0
100
AcDbLine
 10
516.5334701538086
 20
-202.34676361083984
 30
0.0
 11
515.9912872314453
 21
-202.34676361083984
 31
0.0
  0
LINE
  5
1230
330
17
100
AcDbEntity
  8
0
100
AcDbLine
 10
516.5334701538086
 20
-201.47930145263672
 30
0.0
 11
516.5334701538086
 21
-202.34676361083984
 31
0.0
  0
LINE
  5
1231
330
17
100
AcDbEntity
  8
0
100
AcDbLine
 10
516.5334701538086
 20
-202.34676361083984
 30
0.0
 11
516.5334701538086
 21
-203.28968048095703
 31
0.0
  0
LINE
  5
1232
330
17
100
AcDbEntity
  8
0
100
AcDbLine
 10
516.5334701538086
 20
-202.34676361083984
 30
0.0
 11
516.3985443115234
 21
-202.34676361083984
 31
0.0
  0
LINE
  5
1233
330
17
100
AcDbEntity
  8
0
100
AcDbLine
 10
516.3985443115234
 20
-202.34676361083984
 30
0.0
 11
515.1334762573242
 21
-202.34676361083984
 31
0.0
  0
LINE
  5
1234
330
17
100
AcDbEntity
  8
0
100
AcDbLine
 10
515.1334762573242
 20
-216.4392852783203
 30
0.0
 11
515.1334762573242
 21
-217.34676361083984
 31
0.0
  0
LINE
  5
1235
330
17
100
AcDbEntity
  8
0
100
AcDbLine
 10
516.5334701538086
 20
-216.4392852783203
 30
0.0
 11
516.5334701538086
 21
-217.34676361083984
 31
0.0
  0
LINE
  5
1236
330
17
100
AcDbEntity
  8
0
100
AcDbLine
 10
516.5334701538086
 20
-217.34676361083984
 30
0.0
 11
516.355094909668
 21
-217.34676361083984
 31
0.0
  0
LINE
  5
1237
330
17
100
AcDbEntity
  8
0
100
AcDbLine
 10
516.355094909668
 20
-217.34676361083984
 30
0.0
 11
515.1334762573242
 21
-217.34676361083984
 31
0.0
  0
LINE
  5
1238
330
17
100
AcDbEntity
  8
0
100
AcDbLine
 10
516.3415908813477
 20
-147.83573150634766
 30
0.0
 11
516.1535263061523
 21
-147.83573150634766
 31
0.0
  0
LINE
  5
1239
330
17
100
AcDbEntity
  8
0
100
AcDbLine
 10
516.1654281616211
 20
-159.83570098876953
 30
0.0
 11
516.1534881591797
 21
-159.83570098876953
 31
0.0
  0
LINE
  5
123A
330
17
100
AcDbEntity
  8
0
100
AcDbLine
 10
516.3534927368164
 20
-147.83573150634766
 30
0.0
 11
516.3415908813477
 21
-147.83573150634766
 31
0.0
  0
LINE
  5
123B
330
17
100
AcDbEntity
  8
0
100
AcDbLine
 10
516.3534927368164
 20
-159.83570098876953
 30
0.0
 11
516.1654281616211
 21
-159.83570098876953
 31
0.0
  0
LINE
  5
123C
330
17
100
AcDbEntity
  8
0
100
AcDbLine
 10
516.3534927368164
 20
-159.11964416503906
 30
0.0
 11
516.3534927368164
 21
-159.83570098876953
 31
0.0
  0
LINE
  5
123D
330
17
100
AcDbEntity
  8
0
100
AcDbLine
 10
516.3534927368164
 20
-147.83573150634766
 30
0.0
 11
516.3534927368164
 21
-159.11964416503906
 31
0.0
  0
LINE
  5
123E
330
17
100
AcDbEntity
  8
0
100
AcDbLine
 10
516.5335083007812
 20
-159.83570098876953
 30
0.0
 11
516.497688293457
 21
-159.83570098876953
 31
0.0
  0
LINE
  5
123F
330
17
100
AcDbEntity
  8
0
100
AcDbLine
 10
516.5335083007812
 20
-159.83570098876953
 30
0.0
 11
516.5335083007812
 21
-159.89280700683594
 31
0.0
  0
LINE
  5
1240
330
17
100
AcDbEntity
  8
0
100
AcDbLine
 10
516.497688293457
 20
-159.83570098876953
 30
0.0
 11
515.9334945678711
 21
-159.83570098876953
 31
0.0
  0
LINE
  5
1241
330
17
100
AcDbEntity
  8
0
100
AcDbLine
 10
515.9334945678711
 20
-159.83570098876953
 30
0.0
 11
515.9334945678711
 21
-159.89280700683594
 31
0.0
  0
LINE
  5
1242
330
17
100
AcDbEntity
  8
0
100
AcDbLine
 10
515.991325378418
 20
-146.83570861816406
 30
0.0
 11
515.9334945678711
 21
-146.83570861816406
 31
0.0
  0
LINE
  5
1243
330
17
100
AcDbEntity
  8
0
100
AcDbLine
 10
515.9334945678711
 20
-146.83570861816406
 30
0.0
 11
515.9334945678711
 21
-146.93626403808594
 31
0.0
  0
LINE
  5
1244
330
17
100
AcDbEntity
  8
0
100
AcDbLine
 10
515.9334945678711
 20
-159.89280700683594
 30
0.0
 11
515.9334945678711
 21
-160.83572387695312
 31
0.0
  0
LINE
  5
1245
330
17
100
AcDbEntity
  8
0
100
AcDbLine
 10
515.991325378418
 20
-160.83572387695312
 30
0.0
 11
515.9334945678711
 21
-160.83572387695312
 31
0.0
  0
LINE
  5
1246
330
17
100
AcDbEntity
  8
0
100
AcDbLine
 10
515.9334945678711
 20
-146.93626403808594
 30
0.0
 11
515.9334945678711
 21
-147.83573150634766
 31
0.0
  0
LINE
  5
1247
330
17
100
AcDbEntity
  8
0
100
AcDbLine
 10
516.5335083007812
 20
-147.77862548828125
 30
0.0
 11
516.5335083007812
 21
-147.83573150634766
 31
0.0
  0
LINE
  5
1248
330
17
100
AcDbEntity
  8
0
100
AcDbLine
 10
516.5335083007812
 20
-147.83573150634766
 30
0.0
 11
515.9693145751953
 21
-147.83573150634766
 31
0.0
  0
LINE
  5
1249
330
17
100
AcDbEntity
  8
0
100
AcDbLine
 10
515.9693145751953
 20
-147.83573150634766
 30
0.0
 11
515.9334945678711
 21
-147.83573150634766
 31
0.0
  0
LINE
  5
124A
330
17
100
AcDbEntity
  8
0
100
AcDbLine
 10
515.268440246582
 20
-160.83572387695312
 30
0.0
 11
515.1335144042969
 21
-160.83572387695312
 31
0.0
  0
LINE
  5
124B
330
17
100
AcDbEntity
  8
0
100
AcDbLine
 10
515.1335144042969
 20
-160.83572387695312
 30
0.0
 11
515.1335144042969
 21
-160.92823028564453
 31
0.0
  0
LINE
  5
124C
330
17
100
AcDbEntity
  8
0
100
AcDbLine
 10
516.5335083007812
 20
-160.83572387695312
 30
0.0
 11
515.991325378418
 21
-160.83572387695312
 31
0.0
  0
LINE
  5
124D
330
17
100
AcDbEntity
  8
0
100
AcDbLine
 10
516.5335083007812
 20
-160.83572387695312
 30
0.0
 11
515.268440246582
 21
-160.83572387695312
 31
0.0
  0
LINE
  5
124E
330
17
100
AcDbEntity
  8
0
100
AcDbLine
 10
516.5335083007812
 20
-159.89280700683594
 30
0.0
 11
516.5335083007812
 21
-160.83572387695312
 31
0.0
  0
LINE
  5
124F
330
17
100
AcDbEntity
  8
0
100
AcDbLine
 10
516.5335083007812
 20
-160.83572387695312
 30
0.0
 11
516.5335083007812
 21
-160.92823028564453
 31
0.0
  0
LINE
  5
1250
330
17
100
AcDbEntity
  8
0
100
AcDbLine
 10
515.1335144042969
 20
-145.83572387695312
 30
0.0
 11
515.1335144042969
 21
-146.74320220947266
 31
0.0
  0
LINE
  5
1251
330
17
100
AcDbEntity
  8
0
100
AcDbLine
 10
516.5335083007812
 20
-145.83572387695312
 30
0.0
 11
516.5335083007812
 21
-145.96824645996094
 31
0.0
  0
LINE
  5
1252
330
17
100
AcDbEntity
  8
0
100
AcDbLine
 10
516.5335083007812
 20
-145.83572387695312
 30
0.0
 11
515.3118896484375
 21
-145.83572387695312
 31
0.0
  0
LINE
  5
1253
330
17
100
AcDbEntity
  8
0
100
AcDbLine
 10
515.3118896484375
 20
-145.83572387695312
 30
0.0
 11
515.1335144042969
 21
-145.83572387695312
 31
0.0
  0
LINE
  5
1254
330
17
100
AcDbEntity
  8
0
100
AcDbLine
 10
515.1335144042969
 20
-146.74320220947266
 30
0.0
 11
515.1335144042969
 21
-146.83570861816406
 31
0.0
  0
LINE
  5
1255
330
17
100
AcDbEntity
  8
0
100
AcDbLine
 10
516.5335083007812
 20
-146.83570861816406
 30
0.0
 11
515.991325378418
 21
-146.83570861816406
 31
0.0
  0
LINE
  5
1256
330
17
100
AcDbEntity
  8
0
100
AcDbLine
 10
516.5335083007812
 20
-145.96824645996094
 30
0.0
 11
516.5335083007812
 21
-146.83570861816406
 31
0.0
  0
LINE
  5
1257
330
17
100
AcDbEntity
  8
0
100
AcDbLine
 10
516.5335083007812
 20
-146.83570861816406
 30
0.0
 11
516.5335083007812
 21
-147.77862548828125
 31
0.0
  0
LINE
  5
1258
330
17
100
AcDbEntity
  8
0
100
AcDbLine
 10
516.5335083007812
 20
-146.83570861816406
 30
0.0
 11
516.3985824584961
 21
-146.83570861816406
 31
0.0
  0
LINE
  5
1259
330
17
100
AcDbEntity
  8
0
100
AcDbLine
 10
516.3985824584961
 20
-146.83570861816406
 30
0.0
 11
515.1335144042969
 21
-146.83570861816406
 31
0.0
  0
LINE
  5
125A
330
17
100
AcDbEntity
  8
0
100
AcDbLine
 10
515.1335144042969
 20
-160.92823028564453
 30
0.0
 11
515.1335144042969
 21
-161.83570861816406
 31
0.0
  0
LINE
  5
125B
330
17
100
AcDbEntity
  8
0
100
AcDbLine
 10
516.5335083007812
 20
-160.92823028564453
 30
0.0
 11
516.5335083007812
 21
-161.83570861816406
 31
0.0
  0
LINE
  5
125C
330
17
100
AcDbEntity
  8
0
100
AcDbLine
 10
516.5335083007812
 20
-161.83570861816406
 30
0.0
 11
516.3551330566406
 21
-161.83570861816406
 31
0.0
  0
LINE
  5
125D
330
17
100
AcDbEntity
  8
0
100
AcDbLine
 10
516.3551330566406
 20
-161.83570861816406
 30
0.0
 11
515.1335144042969
 21
-161.83570861816406
 31
0.0
  0
LINE
  5
125E
330
17
100
AcDbEntity
  8
0
100
AcDbLine
 10
54.63979721069336
 20
-144.0093994140625
 30
0.0
 11
54.50080871582031
 21
-144.0093994140625
 31
0.0
  0
LINE
  5
125F
330
17
100
AcDbEntity
  8
0
100
AcDbLine
 10
54.56184387207031
 20
-156.00936889648438
 30
0.0
 11
54.50080871582031
 21
-156.00936889648438
 31
0.0
  0
LINE
  5
1260
330
17
100
AcDbEntity
  8
0
100
AcDbLine
 10
54.70081329345703
 20
-144.0093994140625
 30
0.0
 11
54.63979721069336
 21
-144.0093994140625
 31
0.0
  0
LINE
  5
1261
330
17
100
AcDbEntity
  8
0
100
AcDbLine
 10
54.70081329345703
 20
-156.00936889648438
 30
0.0
 11
54.56184387207031
 21
-156.00936889648438
 31
0.0
  0
LINE
  5
1262
330
17
100
AcDbEntity
  8
0
100
AcDbLine
 10
54.70081329345703
 20
-152.34783172607422
 30
0.0
 11
54.70081329345703
 21
-156.00936889648438
 31
0.0
  0
LINE
  5
1263
330
17
100
AcDbEntity
  8
0
100
AcDbLine
 10
54.70081329345703
 20
-144.0093994140625
 30
0.0
 11
54.70081329345703
 21
-152.34783172607422
 31
0.0
  0
LINE
  5
1264
330
17
100
AcDbEntity
  8
0
100
AcDbLine
 10
54.880828857421875
 20
-156.00936889648438
 30
0.0
 11
54.6977424621582
 21
-156.00936889648438
 31
0.0
  0
LINE
  5
1265
330
17
100
AcDbEntity
  8
0
100
AcDbLine
 10
54.880828857421875
 20
-156.00936889648438
 30
0.0
 11
54.880828857421875
 21
-156.30123138427734
 31
0.0
  0
LINE
  5
1266
330
17
100
AcDbEntity
  8
0
100
AcDbLine
 10
54.6977424621582
 20
-156.00936889648438
 30
0.0
 11
54.28081512451172
 21
-156.00936889648438
 31
0.0
  0
LINE
  5
1267
330
17
100
AcDbEntity
  8
0
100
AcDbLine
 10
54.28081512451172
 20
-156.00936889648438
 30
0.0
 11
54.28081512451172
 21
-156.30123138427734
 31
0.0
  0
LINE
  5
1268
330
17
100
AcDbEntity
  8
0
100
AcDbLine
 10
54.47364807128906
 20
-143.0093765258789
 30
0.0
 11
54.28081512451172
 21
-143.0093765258789
 31
0.0
  0
LINE
  5
1269
330
17
100
AcDbEntity
  8
0
100
AcDbLine
 10
54.28081512451172
 20
-143.0093765258789
 30
0.0
 11
54.28081512451172
 21
-143.3447265625
 31
0.0
  0
LINE
  5
126A
330
17
100
AcDbEntity
  8
0
100
AcDbLine
 10
54.28081512451172
 20
-156.30123138427734
 30
0.0
 11
54.28081512451172
 21
-157.00939178466797
 31
0.0
  0
LINE
  5
126B
330
17
100
AcDbEntity
  8
0
100
AcDbLine
 10
54.47364807128906
 20
-157.00939178466797
 30
0.0
 11
54.28081512451172
 21
-157.00939178466797
 31
0.0
  0
LINE
  5
126C
330
17
100
AcDbEntity
  8
0
100
AcDbLine
 10
54.28081512451172
 20
-143.3447265625
 30
0.0
 11
54.28081512451172
 21
-144.0093994140625
 31
0.0
  0
LINE
  5
126D
330
17
100
AcDbEntity
  8
0
100
AcDbLine
 10
54.880828857421875
 20
-143.71753692626953
 30
0.0
 11
54.880828857421875
 21
-144.0093994140625
 31
0.0
  0
LINE
  5
126E
330
17
100
AcDbEntity
  8
0
100
AcDbLine
 10
54.880828857421875
 20
-144.0093994140625
 30
0.0
 11
54.46390151977539
 21
-144.0093994140625
 31
0.0
  0
LINE
  5
126F
330
17
100
AcDbEntity
  8
0
100
AcDbLine
 10
54.46390151977539
 20
-144.0093994140625
 30
0.0
 11
54.28081512451172
 21
-144.0093994140625
 31
0.0
  0
LINE
  5
1270
330
17
100
AcDbEntity
  8
0
100
AcDbLine
 10
53.93074035644531
 20
-157.00939178466797
 30
0.0
 11
53.48081588745117
 21
-157.00939178466797
 31
0.0
  0
LINE
  5
1271
330
17
100
AcDbEntity
  8
0
100
AcDbLine
 10
53.48081588745117
 20
-157.00939178466797
 30
0.0
 11
53.48081588745117
 21
-157.31788635253906
 31
0.0
  0
LINE
  5
1272
330
17
100
AcDbEntity
  8
0
100
AcDbLine
 10
54.880828857421875
 20
-157.00939178466797
 30
0.0
 11
54.47364807128906
 21
-157.00939178466797
 31
0.0
  0
LINE
  5
1273
330
17
100
AcDbEntity
  8
0
100
AcDbLine
 10
54.880828857421875
 20
-157.00939178466797
 30
0.0
 11
53.93074035644531
 21
-157.00939178466797
 31
0.0
  0
LINE
  5
1274
330
17
100
AcDbEntity
  8
0
100
AcDbLine
 10
54.880828857421875
 20
-156.30123138427734
 30
0.0
 11
54.880828857421875
 21
-157.00939178466797
 31
0.0
  0
LINE
  5
1275
330
17
100
AcDbEntity
  8
0
100
AcDbLine
 10
54.880828857421875
 20
-157.00939178466797
 30
0.0
 11
54.880828857421875
 21
-157.31788635253906
 31
0.0
  0
LINE
  5
1276
330
17
100
AcDbEntity
  8
0
100
AcDbLine
 10
53.4808349609375
 20
-142.00939178466797
 30
0.0
 11
53.4808349609375
 21
-142.7008819580078
 31
0.0
  0
LINE
  5
1277
330
17
100
AcDbEntity
  8
0
100
AcDbLine
 10
54.880828857421875
 20
-142.00939178466797
 30
0.0
 11
54.880828857421875
 21
-142.35790252685547
 31
0.0
  0
LINE
  5
1278
330
17
100
AcDbEntity
  8
0
100
AcDbLine
 10
54.880828857421875
 20
-142.00939178466797
 30
0.0
 11
53.94996643066406
 21
-142.00939178466797
 31
0.0
  0
LINE
  5
1279
330
17
100
AcDbEntity
  8
0
100
AcDbLine
 10
53.94996643066406
 20
-142.00939178466797
 30
0.0
 11
53.4808349609375
 21
-142.00939178466797
 31
0.0
  0
LINE
  5
127A
330
17
100
AcDbEntity
  8
0
100
AcDbLine
 10
53.4808349609375
 20
-142.7008819580078
 30
0.0
 11
53.4808349609375
 21
-143.0093765258789
 31
0.0
  0
LINE
  5
127B
330
17
100
AcDbEntity
  8
0
100
AcDbLine
 10
54.880828857421875
 20
-143.0093765258789
 30
0.0
 11
54.47364807128906
 21
-143.0093765258789
 31
0.0
  0
LINE
  5
127C
330
17
100
AcDbEntity
  8
0
100
AcDbLine
 10
54.880828857421875
 20
-142.35790252685547
 30
0.0
 11
54.880828857421875
 21
-143.0093765258789
 31
0.0
  0
LINE
  5
127D
330
17
100
AcDbEntity
  8
0
100
AcDbLine
 10
54.880828857421875
 20
-143.0093765258789
 30
0.0
 11
54.880828857421875
 21
-143.71753692626953
 31
0.0
  0
LINE
  5
127E
330
17
100
AcDbEntity
  8
0
100
AcDbLine
 10
54.880828857421875
 20
-143.0093765258789
 30
0.0
 11
54.430904388427734
 21
-143.0093765258789
 31
0.0
  0
LINE
  5
127F
330
17
100
AcDbEntity
  8
0
100
AcDbLine
 10
54.430904388427734
 20
-143.0093765258789
 30
0.0
 11
53.4808349609375
 21
-143.0093765258789
 31
0.0
  0
LINE
  5
1280
330
17
100
AcDbEntity
  8
0
100
AcDbLine
 10
53.48081588745117
 20
-157.31788635253906
 30
0.0
 11
53.48081588745117
 21
-158.0093765258789
 31
0.0
  0
LINE
  5
1281
330
17
100
AcDbEntity
  8
0
100
AcDbLine
 10
54.880828857421875
 20
-157.31788635253906
 30
0.0
 11
54.880828857421875
 21
-158.0093765258789
 31
0.0
  0
LINE
  5
1282
330
17
100
AcDbEntity
  8
0
100
AcDbLine
 10
54.880828857421875
 20
-158.0093765258789
 30
0.0
 11
54.411659240722656
 21
-158.0093765258789
 31
0.0
  0
LINE
  5
1283
330
17
100
AcDbEntity
  8
0
100
AcDbLine
 10
54.411659240722656
 20
-158.0093765258789
 30
0.0
 11
53.48081588745117
 21
-158.0093765258789
 31
0.0
  0
LINE
  5
1284
330
17
100
AcDbEntity
  8
0
100
AcDbLine
 10
54.63979721069336
 20
-104.10205841064453
 30
0.0
 11
54.50080871582031
 21
-104.10205841064453
 31
0.0
  0
LINE
  5
1285
330
17
100
AcDbEntity
  8
0
100
AcDbLine
 10
54.56184387207031
 20
-116.1020278930664
 30
0.0
 11
54.50080871582031
 21
-116.1020278930664
 31
0.0
  0
LINE
  5
1286
330
17
100
AcDbEntity
  8
0
100
AcDbLine
 10
54.70081329345703
 20
-104.10205841064453
 30
0.0
 11
54.63979721069336
 21
-104.10205841064453
 31
0.0
  0
LINE
  5
1287
330
17
100
AcDbEntity
  8
0
100
AcDbLine
 10
54.70081329345703
 20
-116.1020278930664
 30
0.0
 11
54.56184387207031
 21
-116.1020278930664
 31
0.0
  0
LINE
  5
1288
330
17
100
AcDbEntity
  8
0
100
AcDbLine
 10
54.70081329345703
 20
-112.44049072265625
 30
0.0
 11
54.70081329345703
 21
-116.1020278930664
 31
0.0
  0
LINE
  5
1289
330
17
100
AcDbEntity
  8
0
100
AcDbLine
 10
54.70081329345703
 20
-104.10205841064453
 30
0.0
 11
54.70081329345703
 21
-112.44049072265625
 31
0.0
  0
LINE
  5
128A
330
17
100
AcDbEntity
  8
0
100
AcDbLine
 10
54.880828857421875
 20
-116.1020278930664
 30
0.0
 11
54.6977424621582
 21
-116.1020278930664
 31
0.0
  0
LINE
  5
128B
330
17
100
AcDbEntity
  8
0
100
AcDbLine
 10
54.880828857421875
 20
-116.1020278930664
 30
0.0
 11
54.880828857421875
 21
-116.39389038085938
 31
0.0
  0
LINE
  5
128C
330
17
100
AcDbEntity
  8
0
100
AcDbLine
 10
54.6977424621582
 20
-116.1020278930664
 30
0.0
 11
54.28081512451172
 21
-116.1020278930664
 31
0.0
  0
LINE
  5
128D
330
17
100
AcDbEntity
  8
0
100
AcDbLine
 10
54.28081512451172
 20
-116.1020278930664
 30
0.0
 11
54.28081512451172
 21
-116.39389038085938
 31
0.0
  0
LINE
  5
128E
330
17
100
AcDbEntity
  8
0
100
AcDbLine
 10
54.47364807128906
 20
-103.10203552246094
 30
0.0
 11
54.28081512451172
 21
-103.10203552246094
 31
0.0
  0
LINE
  5
128F
330
17
100
AcDbEntity
  8
0
100
AcDbLine
 10
54.28081512451172
 20
-103.10203552246094
 30
0.0
 11
54.28081512451172
 21
-103.43738555908203
 31
0.0
  0
LINE
  5
1290
330
17
100
AcDbEntity
  8
0
100
AcDbLine
 10
54.28081512451172
 20
-116.39389038085938
 30
0.0
 11
54.28081512451172
 21
-117.10205078125
 31
0.0
  0
LINE
  5
1291
330
17
100
AcDbEntity
  8
0
100
AcDbLine
 10
54.47364807128906
 20
-117.10205078125
 30
0.0
 11
54.28081512451172
 21
-117.10205078125
 31
0.0
  0
LINE
  5
1292
330
17
100
AcDbEntity
  8
0
100
AcDbLine
 10
54.28081512451172
 20
-103.43738555908203
 30
0.0
 11
54.28081512451172
 21
-104.10205841064453
 31
0.0
  0
LINE
  5
1293
330
17
100
AcDbEntity
  8
0
100
AcDbLine
 10
54.880828857421875
 20
-103.81019592285156
 30
0.0
 11
54.880828857421875
 21
-104.10205841064453
 31
0.0
  0
LINE
  5
1294
330
17
100
AcDbEntity
  8
0
100
AcDbLine
 10
54.880828857421875
 20
-104.10205841064453
 30
0.0
 11
54.46390151977539
 21
-104.10205841064453
 31
0.0
  0
LINE
  5
1295
330
17
100
AcDbEntity
  8
0
100
AcDbLine
 10
54.46390151977539
 20
-104.10205841064453
 30
0.0
 11
54.28081512451172
 21
-104.10205841064453
 31
0.0
  0
LINE
  5
1296
330
17
100
AcDbEntity
  8
0
100
AcDbLine
 10
53.93074035644531
 20
-117.10205078125
 30
0.0
 11
53.48081588745117
 21
-117.10205078125
 31
0.0
  0
LINE
  5
1297
330
17
100
AcDbEntity
  8
0
100
AcDbLine
 10
53.48081588745117
 20
-117.10205078125
 30
0.0
 11
53.48081588745117
 21
-117.4105453491211
 31
0.0
  0
LINE
  5
1298
330
17
100
AcDbEntity
  8
0
100
AcDbLine
 10
54.880828857421875
 20
-117.10205078125
 30
0.0
 11
54.47364807128906
 21
-117.10205078125
 31
0.0
  0
LINE
  5
1299
330
17
100
AcDbEntity
  8
0
100
AcDbLine
 10
54.880828857421875
 20
-117.10205078125
 30
0.0
 11
53.93074035644531
 21
-117.10205078125
 31
0.0
  0
LINE
  5
129A
330
17
100
AcDbEntity
  8
0
100
AcDbLine
 10
54.880828857421875
 20
-116.39389038085938
 30
0.0
 11
54.880828857421875
 21
-117.10205078125
 31
0.0
  0
LINE
  5
129B
330
17
100
AcDbEntity
  8
0
100
AcDbLine
 10
54.880828857421875
 20
-117.10205078125
 30
0.0
 11
54.880828857421875
 21
-117.4105453491211
 31
0.0
  0
LINE
  5
129C
330
17
100
AcDbEntity
  8
0
100
AcDbLine
 10
53.4808349609375
 20
-102.10205078125
 30
0.0
 11
53.4808349609375
 21
-102.79354095458984
 31
0.0
  0
LINE
  5
129D
330
17
100
AcDbEntity
  8
0
100
AcDbLine
 10
54.880828857421875
 20
-102.10205078125
 30
0.0
 11
54.880828857421875
 21
-102.4505615234375
 31
0.0
  0
LINE
  5
129E
330
17
100
AcDbEntity
  8
0
100
AcDbLine
 10
54.880828857421875
 20
-102.10205078125
 30
0.0
 11
53.94996643066406
 21
-102.10205078125
 31
0.0
  0
LINE
  5
129F
330
17
100
AcDbEntity
  8
0
100
AcDbLine
 10
53.94996643066406
 20
-102.10205078125
 30
0.0
 11
53.4808349609375
 21
-102.10205078125
 31
0.0
  0
LINE
  5
12A0
330
17
100
AcDbEntity
  8
0
100
AcDbLine
 10
53.4808349609375
 20
-102.79354095458984
 30
0.0
 11
53.4808349609375
 21
-103.10203552246094
 31
0.0
  0
LINE
  5
12A1
330
17
100
AcDbEntity
  8
0
100
AcDbLine
 10
54.880828857421875
 20
-103.10203552246094
 30
0.0
 11
54.47364807128906
 21
-103.10203552246094
 31
0.0
  0
LINE
  5
12A2
330
17
100
AcDbEntity
  8
0
100
AcDbLine
 10
54.880828857421875
 20
-102.4505615234375
 30
0.0
 11
54.880828857421875
 21
-103.10203552246094
 31
0.0
  0
LINE
  5
12A3
330
17
100
AcDbEntity
  8
0
100
AcDbLine
 10
54.880828857421875
 20
-103.10203552246094
 30
0.0
 11
54.880828857421875
 21
-103.81019592285156
 31
0.0
  0
LINE
  5
12A4
330
17
100
AcDbEntity
  8
0
100
AcDbLine
 10
54.880828857421875
 20
-103.10203552246094
 30
0.0
 11
54.430904388427734
 21
-103.10203552246094
 31
0.0
  0
LINE
  5
12A5
330
17
100
AcDbEntity
  8
0
100
AcDbLine
 10
54.430904388427734
 20
-103.10203552246094
 30
0.0
 11
53.4808349609375
 21
-103.10203552246094
 31
0.0
  0
LINE
  5
12A6
330
17
100
AcDbEntity
  8
0
100
AcDbLine
 10
53.48081588745117
 20
-117.4105453491211
 30
0.0
 11
53.48081588745117
 21
-118.10203552246094
 31
0.0
  0
LINE
  5
12A7
330
17
100
AcDbEntity
  8
0
100
AcDbLine
 10
54.880828857421875
 20
-117.4105453491211
 30
0.0
 11
54.880828857421875
 21
-118.10203552246094
 31
0.0
  0
LINE
  5
12A8
330
17
100
AcDbEntity
  8
0
100
AcDbLine
 10
54.880828857421875
 20
-118.10203552246094
 30
0.0
 11
54.411659240722656
 21
-118.10203552246094
 31
0.0
  0
LINE
  5
12A9
330
17
100
AcDbEntity
  8
0
100
AcDbLine
 10
54.411659240722656
 20
-118.10203552246094
 30
0.0
 11
53.48081588745117
 21
-118.10203552246094
 31
0.0
  0
LINE
  5
12AA
330
17
100
AcDbEntity
  8
0
100
AcDbLine
 10
515.3253936767578
 20
-283.9833450317383
 30
0.0
 11
515.5134582519531
 21
-283.9833450317383
 31
0.0
  0
LINE
  5
12AB
330
17
100
AcDbEntity
  8
0
100
AcDbLine
 10
515.5015563964844
 20
-271.9833755493164
 30
0.0
 11
515.5134963989258
 21
-271.9833755493164
 31
0.0
  0
LINE
  5
12AC
330
17
100
AcDbEntity
  8
0
100
AcDbLine
 10
515.3134918212891
 20
-283.9833450317383
 30
0.0
 11
515.3253936767578
 21
-283.9833450317383
 31
0.0
  0
LINE
  5
12AD
330
17
100
AcDbEntity
  8
0
100
AcDbLine
 10
515.3134918212891
 20
-271.9833755493164
 30
0.0
 11
515.5015563964844
 21
-271.9833755493164
 31
0.0
  0
LINE
  5
12AE
330
17
100
AcDbEntity
  8
0
100
AcDbLine
 10
515.3134918212891
 20
-272.6994323730469
 30
0.0
 11
515.3134918212891
 21
-271.9833755493164
 31
0.0
  0
LINE
  5
12AF
330
17
100
AcDbEntity
  8
0
100
AcDbLine
 10
515.3134918212891
 20
-283.9833450317383
 30
0.0
 11
515.3134918212891
 21
-272.6994323730469
 31
0.0
  0
LINE
  5
12B0
330
17
100
AcDbEntity
  8
0
100
AcDbLine
 10
515.1334762573242
 20
-271.9833755493164
 30
0.0
 11
515.1692962646484
 21
-271.9833755493164
 31
0.0
  0
LINE
  5
12B1
330
17
100
AcDbEntity
  8
0
100
AcDbLine
 10
515.1334762573242
 20
-271.9833755493164
 30
0.0
 11
515.1334762573242
 21
-271.92626953125
 31
0.0
  0
LINE
  5
12B2
330
17
100
AcDbEntity
  8
0
100
AcDbLine
 10
515.1692962646484
 20
-271.9833755493164
 30
0.0
 11
515.7334899902344
 21
-271.9833755493164
 31
0.0
  0
LINE
  5
12B3
330
17
100
AcDbEntity
  8
0
100
AcDbLine
 10
515.7334899902344
 20
-271.9833755493164
 30
0.0
 11
515.7334899902344
 21
-271.92626953125
 31
0.0
  0
LINE
  5
12B4
330
17
100
AcDbEntity
  8
0
100
AcDbLine
 10
515.6756591796875
 20
-284.9833679199219
 30
0.0
 11
515.7334899902344
 21
-284.9833679199219
 31
0.0
  0
LINE
  5
12B5
330
17
100
AcDbEntity
  8
0
100
AcDbLine
 10
515.7334899902344
 20
-284.9833679199219
 30
0.0
 11
515.7334899902344
 21
-284.8828125
 31
0.0
  0
LINE
  5
12B6
330
17
100
AcDbEntity
  8
0
100
AcDbLine
 10
515.7334899902344
 20
-271.92626953125
 30
0.0
 11
515.7334899902344
 21
-270.9833526611328
 31
0.0
  0
LINE
  5
12B7
330
17
100
AcDbEntity
  8
0
100
AcDbLine
 10
515.6756591796875
 20
-270.9833526611328
 30
0.0
 11
515.7334899902344
 21
-270.9833526611328
 31
0.0
  0
LINE
  5
12B8
330
17
100
AcDbEntity
  8
0
100
AcDbLine
 10
515.7334899902344
 20
-284.8828125
 30
0.0
 11
515.7334899902344
 21
-283.9833450317383
 31
0.0
  0
LINE
  5
12B9
330
17
100
AcDbEntity
  8
0
100
AcDbLine
 10
515.1334762573242
 20
-284.0404510498047
 30
0.0
 11
515.1334762573242
 21
-283.9833450317383
 31
0.0
  0
LINE
  5
12BA
330
17
100
AcDbEntity
  8
0
100
AcDbLine
 10
515.1334762573242
 20
-283.9833450317383
 30
0.0
 11
515.6976699829102
 21
-283.9833450317383
 31
0.0
  0
LINE
  5
12BB
330
17
100
AcDbEntity
  8
0
100
AcDbLine
 10
515.6976699829102
 20
-283.9833450317383
 30
0.0
 11
515.7334899902344
 21
-283.9833450317383
 31
0.0
  0
LINE
  5
12BC
330
17
100
AcDbEntity
  8
0
100
AcDbLine
 10
516.3985443115234
 20
-270.9833526611328
 30
0.0
 11
516.5334701538086
 21
-270.9833526611328
 31
0.0
  0
LINE
  5
12BD
330
17
100
AcDbEntity
  8
0
100
AcDbLine
 10
516.5334701538086
 20
-270.9833526611328
 30
0.0
 11
516.5334701538086
 21
-270.8908462524414
 31
0.0
  0
LINE
  5
12BE
330
17
100
AcDbEntity
  8
0
100
AcDbLine
 10
515.1334762573242
 20
-270.9833526611328
 30
0.0
 11
515.6756591796875
 21
-270.9833526611328
 31
0.0
  0
LINE
  5
12BF
330
17
100
AcDbEntity
  8
0
100
AcDbLine
 10
515.1334762573242
 20
-270.9833526611328
 30
0.0
 11
516.3985443115234
 21
-270.9833526611328
 31
0.0
  0
LINE
  5
12C0
330
17
100
AcDbEntity
  8
0
100
AcDbLine
 10
515.1334762573242
 20
-271.92626953125
 30
0.0
 11
515.1334762573242
 21
-270.9833526611328
 31
0.0
  0
LINE
  5
12C1
330
17
100
AcDbEntity
  8
0
100
AcDbLine
 10
515.1334762573242
 20
-270.9833526611328
 30
0.0
 11
515.1334762573242
 21
-270.8908462524414
 31
0.0
  0
LINE
  5
12C2
330
17
100
AcDbEntity
  8
0
100
AcDbLine
 10
516.5334701538086
 20
-285.9833526611328
 30
0.0
 11
516.5334701538086
 21
-285.0758743286133
 31
0.0
  0
LINE
  5
12C3
330
17
100
AcDbEntity
  8
0
100
AcDbLine
 10
515.1334762573242
 20
-285.9833526611328
 30
0.0
 11
515.1334762573242
 21
-285.850830078125
 31
0.0
  0
LINE
  5
12C4
330
17
100
AcDbEntity
  8
0
100
AcDbLine
 10
515.1334762573242
 20
-285.9833526611328
 30
0.0
 11
516.355094909668
 21
-285.9833526611328
 31
0.0
  0
LINE
  5
12C5
330
17
100
AcDbEntity
  8
0
100
AcDbLine
 10
516.355094909668
 20
-285.9833526611328
 30
0.0
 11
516.5334701538086
 21
-285.9833526611328
 31
0.0
  0
LINE
  5
12C6
330
17
100
AcDbEntity
  8
0
100
AcDbLine
 10
516.5334701538086
 20
-285.0758743286133
 30
0.0
 11
516.5334701538086
 21
-284.9833679199219
 31
0.0
  0
LINE
  5
12C7
330
17
100
AcDbEntity
  8
0
100
AcDbLine
 10
515.1334762573242
 20
-284.9833679199219
 30
0.0
 11
515.6756591796875
 21
-284.9833679199219
 31
0.0
  0
LINE
  5
12C8
330
17
100
AcDbEntity
  8
0
100
AcDbLine
 10
515.1334762573242
 20
-285.850830078125
 30
0.0
 11
515.1334762573242
 21
-284.9833679199219
 31
0.0
  0
LINE
  5
12C9
330
17
100
AcDbEntity
  8
0
100
AcDbLine
 10
515.1334762573242
 20
-284.9833679199219
 30
0.0
 11
515.1334762573242
 21
-284.0404510498047
 31
0.0
  0
LINE
  5
12CA
330
17
100
AcDbEntity
  8
0
100
AcDbLine
 10
515.1334762573242
 20
-284.9833679199219
 30
0.0
 11
515.2684020996094
 21
-284.9833679199219
 31
0.0
  0
LINE
  5
12CB
330
17
100
AcDbEntity
  8
0
100
AcDbLine
 10
515.2684020996094
 20
-284.9833679199219
 30
0.0
 11
516.5334701538086
 21
-284.9833679199219
 31
0.0
  0
LINE
  5
12CC
330
17
100
AcDbEntity
  8
0
100
AcDbLine
 10
516.5334701538086
 20
-270.8908462524414
 30
0.0
 11
516.5334701538086
 21
-269.9833679199219
 31
0.0
  0
LINE
  5
12CD
330
17
100
AcDbEntity
  8
0
100
AcDbLine
 10
515.1334762573242
 20
-270.8908462524414
 30
0.0
 11
515.1334762573242
 21
-269.9833679199219
 31
0.0
  0
LINE
  5
12CE
330
17
100
AcDbEntity
  8
0
100
AcDbLine
 10
515.1334762573242
 20
-269.9833679199219
 30
0.0
 11
515.3118515014648
 21
-269.9833679199219
 31
0.0
  0
LINE
  5
12CF
330
17
100
AcDbEntity
  8
0
100
AcDbLine
 10
515.3118515014648
 20
-269.9833679199219
 30
0.0
 11
516.5334701538086
 21
-269.9833679199219
 31
0.0
  0
LINE
  5
12D0
330
17
100
AcDbEntity
  8
0
100
AcDbLine
 10
516.7253875732422
 20
-248.1545639038086
 30
0.0
 11
516.9134521484375
 21
-248.1545639038086
 31
0.0
  0
LINE
  5
12D1
330
17
100
AcDbEntity
  8
0
100
AcDbLine
 10
516.9015502929688
 20
-236.15459442138672
 30
0.0
 11
516.9134902954102
 21
-236.15459442138672
 31
0.0
  0
LINE
  5
12D2
330
17
100
AcDbEntity
  8
0
100
AcDbLine
 10
516.7134857177734
 20
-248.1545639038086
 30
0.0
 11
516.7253875732422
 21
-248.1545639038086
 31
0.0
  0
LINE
  5
12D3
330
17
100
AcDbEntity
  8
0
100
AcDbLine
 10
516.7134857177734
 20
-236.15459442138672
 30
0.0
 11
516.9015502929688
 21
-236.15459442138672
 31
0.0
  0
LINE
  5
12D4
330
17
100
AcDbEntity
  8
0
100
AcDbLine
 10
516.7134857177734
 20
-236.8706512451172
 30
0.0
 11
516.7134857177734
 21
-236.15459442138672
 31
0.0
  0
LINE
  5
12D5
330
17
100
AcDbEntity
  8
0
100
AcDbLine
 10
516.7134857177734
 20
-248.1545639038086
 30
0.0
 11
516.7134857177734
 21
-236.8706512451172
 31
0.0
  0
LINE
  5
12D6
330
17
100
AcDbEntity
  8
0
100
AcDbLine
 10
516.5334701538086
 20
-236.15459442138672
 30
0.0
 11
516.5692901611328
 21
-236.15459442138672
 31
0.0
  0
LINE
  5
12D7
330
17
100
AcDbEntity
  8
0
100
AcDbLine
 10
516.5334701538086
 20
-236.15459442138672
 30
0.0
 11
516.5334701538086
 21
-236.0974884033203
 31
0.0
  0
LINE
  5
12D8
330
17
100
AcDbEntity
  8
0
100
AcDbLine
 10
516.5692901611328
 20
-236.15459442138672
 30
0.0
 11
517.1334838867188
 21
-236.15459442138672
 31
0.0
  0
LINE
  5
12D9
330
17
100
AcDbEntity
  8
0
100
AcDbLine
 10
517.1334838867188
 20
-236.15459442138672
 30
0.0
 11
517.1334838867188
 21
-236.0974884033203
 31
0.0
  0
LINE
  5
12DA
330
17
100
AcDbEntity
  8
0
100
AcDbLine
 10
517.0756530761719
 20
-249.1545867919922
 30
0.0
 11
517.1334838867188
 21
-249.1545867919922
 31
0.0
  0
LINE
  5
12DB
330
17
100
AcDbEntity
  8
0
100
AcDbLine
 10
517.1334838867188
 20
-249.1545867919922
 30
0.0
 11
517.1334838867188
 21
-249.0540313720703
 31
0.0
  0
LINE
  5
12DC
330
17
100
AcDbEntity
  8
0
100
AcDbLine
 10
517.1334838867188
 20
-236.0974884033203
 30
0.0
 11
517.1334838867188
 21
-235.15457153320312
 31
0.0
  0
LINE
  5
12DD
330
17
100
AcDbEntity
  8
0
100
AcDbLine
 10
517.0756530761719
 20
-235.15457153320312
 30
0.0
 11
517.1334838867188
 21
-235.15457153320312
 31
0.0
  0
LINE
  5
12DE
330
17
100
AcDbEntity
  8
0
100
AcDbLine
 10
517.1334838867188
 20
-249.0540313720703
 30
0.0
 11
517.1334838867188
 21
-248.1545639038086
 31
0.0
  0
LINE
  5
12DF
330
17
100
AcDbEntity
  8
0
100
AcDbLine
 10
516.5334701538086
 20
-248.211669921875
 30
0.0
 11
516.5334701538086
 21
-248.1545639038086
 31
0.0
  0
LINE
  5
12E0
330
17
100
AcDbEntity
  8
0
100
AcDbLine
 10
516.5334701538086
 20
-248.1545639038086
 30
0.0
 11
517.0976638793945
 21
-248.1545639038086
 31
0.0
  0
LINE
  5
12E1
330
17
100
AcDbEntity
  8
0
100
AcDbLine
 10
517.0976638793945
 20
-248.1545639038086
 30
0.0
 11
517.1334838867188
 21
-248.1545639038086
 31
0.0
  0
LINE
  5
12E2
330
17
100
AcDbEntity
  8
0
100
AcDbLine
 10
517.7985382080078
 20
-235.15457153320312
 30
0.0
 11
517.933464050293
 21
-235.15457153320312
 31
0.0
  0
LINE
  5
12E3
330
17
100
AcDbEntity
  8
0
100
AcDbLine
 10
517.933464050293
 20
-235.15457153320312
 30
0.0
 11
517.933464050293
 21
-235.06206512451172
 31
0.0
  0
LINE
  5
12E4
330
17
100
AcDbEntity
  8
0
100
AcDbLine
 10
516.5334701538086
 20
-235.15457153320312
 30
0.0
 11
517.0756530761719
 21
-235.15457153320312
 31
0.0
  0
LINE
  5
12E5
330
17
100
AcDbEntity
  8
0
100
AcDbLine
 10
516.5334701538086
 20
-235.15457153320312
 30
0.0
 11
517.7985382080078
 21
-235.15457153320312
 31
0.0
  0
LINE
  5
12E6
330
17
100
AcDbEntity
  8
0
100
AcDbLine
 10
516.5334701538086
 20
-236.0974884033203
 30
0.0
 11
516.5334701538086
 21
-235.15457153320312
 31
0.0
  0
LINE
  5
12E7
330
17
100
AcDbEntity
  8
0
100
AcDbLine
 10
516.5334701538086
 20
-235.15457153320312
 30
0.0
 11
516.5334701538086
 21
-235.06206512451172
 31
0.0
  0
LINE
  5
12E8
330
17
100
AcDbEntity
  8
0
100
AcDbLine
 10
517.933464050293
 20
-250.15457153320312
 30
0.0
 11
517.933464050293
 21
-249.2470932006836
 31
0.0
  0
LINE
  5
12E9
330
17
100
AcDbEntity
  8
0
100
AcDbLine
 10
516.5334701538086
 20
-250.15457153320312
 30
0.0
 11
516.5334701538086
 21
-250.0220489501953
 31
0.0
  0
LINE
  5
12EA
330
17
100
AcDbEntity
  8
0
100
AcDbLine
 10
516.5334701538086
 20
-250.15457153320312
 30
0.0
 11
517.7550888061523
 21
-250.15457153320312
 31
0.0
  0
LINE
  5
12EB
330
17
100
AcDbEntity
  8
0
100
AcDbLine
 10
517.7550888061523
 20
-250.15457153320312
 30
0.0
 11
517.933464050293
 21
-250.15457153320312
 31
0.0
  0
LINE
  5
12EC
330
17
100
AcDbEntity
  8
0
100
AcDbLine
 10
517.933464050293
 20
-249.2470932006836
 30
0.0
 11
517.933464050293
 21
-249.1545867919922
 31
0.0
  0
LINE
  5
12ED
330
17
100
AcDbEntity
  8
0
100
AcDbLine
 10
516.5334701538086
 20
-249.1545867919922
 30
0.0
 11
517.0756530761719
 21
-249.1545867919922
 31
0.0
  0
LINE
  5
12EE
330
17
100
AcDbEntity
  8
0
100
AcDbLine
 10
516.5334701538086
 20
-250.0220489501953
 30
0.0
 11
516.5334701538086
 21
-249.1545867919922
 31
0.0
  0
LINE
  5
12EF
330
17
100
AcDbEntity
  8
0
100
AcDbLine
 10
516.5334701538086
 20
-249.1545867919922
 30
0.0
 11
516.5334701538086
 21
-248.211669921875
 31
0.0
  0
LINE
  5
12F0
330
17
100
AcDbEntity
  8
0
100
AcDbLine
 10
516.5334701538086
 20
-249.1545867919922
 30
0.0
 11
516.6683959960938
 21
-249.1545867919922
 31
0.0
  0
LINE
  5
12F1
330
17
100
AcDbEntity
  8
0
100
AcDbLine
 10
516.6683959960938
 20
-249.1545867919922
 30
0.0
 11
517.933464050293
 21
-249.1545867919922
 31
0.0
  0
LINE
  5
12F2
330
17
100
AcDbEntity
  8
0
100
AcDbLine
 10
517.933464050293
 20
-235.06206512451172
 30
0.0
 11
517.933464050293
 21
-234.1545867919922
 31
0.0
  0
LINE
  5
12F3
330
17
100
AcDbEntity
  8
0
100
AcDbLine
 10
516.5334701538086
 20
-235.06206512451172
 30
0.0
 11
516.5334701538086
 21
-234.1545867919922
 31
0.0
  0
LINE
  5
12F4
330
17
100
AcDbEntity
  8
0
100
AcDbLine
 10
516.5334701538086
 20
-234.1545867919922
 30
0.0
 11
516.7118453979492
 21
-234.1545867919922
 31
0.0
  0
LINE
  5
12F5
330
17
100
AcDbEntity
  8
0
100
AcDbLine
 10
516.7118453979492
 20
-234.1545867919922
 30
0.0
 11
517.933464050293
 21
-234.1545867919922
 31
0.0
  0
LINE
  5
12F6
330
17
100
AcDbEntity
  8
0
100
AcDbLine
 10
257.91894912719727
 20
-126.6489028930664
 30
0.0
 11
257.91894912719727
 21
-126.70177459716797
 31
0.0
  0
LINE
  5
12F7
330
17
100
AcDbEntity
  8
0
100
AcDbLine
 10
270.4189682006836
 20
-126.55460357666016
 30
0.0
 11
270.4189682006836
 21
-126.70177459716797
 31
0.0
  0
LINE
  5
12F8
330
17
100
AcDbEntity
  8
0
100
AcDbLine
 10
267.11620330810547
 20
-126.70177459716797
 30
0.0
 11
270.4189682006836
 21
-126.70177459716797
 31
0.0
  0
LINE
  5
12F9
330
17
100
AcDbEntity
  8
0
100
AcDbLine
 10
257.91894912719727
 20
-126.70177459716797
 30
0.0
 11
267.11620330810547
 21
-126.70177459716797
 31
0.0
  0
LINE
  5
12FA
330
17
100
AcDbEntity
  8
0
100
AcDbLine
 10
270.4189682006836
 20
-126.50177001953125
 30
0.0
 11
270.4189682006836
 21
-126.55460357666016
 31
0.0
  0
LINE
  5
12FB
330
17
100
AcDbEntity
  8
0
100
AcDbLine
 10
257.91894912719727
 20
-126.50177001953125
 30
0.0
 11
257.91894912719727
 21
-126.6489028930664
 31
0.0
  0
LINE
  5
12FC
330
17
100
AcDbEntity
  8
0
100
AcDbLine
 10
257.91894912719727
 20
-126.50177001953125
 30
0.0
 11
261.22169494628906
 21
-126.50177001953125
 31
0.0
  0
LINE
  5
12FD
330
17
100
AcDbEntity
  8
0
100
AcDbLine
 10
261.22169494628906
 20
-126.50177001953125
 30
0.0
 11
270.4189682006836
 21
-126.50177001953125
 31
0.0
  0
LINE
  5
12FE
330
17
100
AcDbEntity
  8
0
100
AcDbLine
 10
257.91894912719727
 20
-126.51313781738281
 30
0.0
 11
257.91894912719727
 21
-127.10174560546875
 31
0.0
  0
LINE
  5
12FF
330
17
100
AcDbEntity
  8
0
100
AcDbLine
 10
256.9189453125
 20
-126.8746566772461
 30
0.0
 11
256.9189453125
 21
-127.10174560546875
 31
0.0
  0
LINE
  5
1300
330
17
100
AcDbEntity
  8
0
100
AcDbLine
 10
256.9189453125
 20
-127.10174560546875
 30
0.0
 11
257.6662254333496
 21
-127.10174560546875
 31
0.0
  0
LINE
  5
1301
330
17
100
AcDbEntity
  8
0
100
AcDbLine
 10
257.6662254333496
 20
-127.10174560546875
 30
0.0
 11
257.91894912719727
 21
-127.10174560546875
 31
0.0
  0
LINE
  5
1302
330
17
100
AcDbEntity
  8
0
100
AcDbLine
 10
270.4189682006836
 20
-126.89037322998047
 30
0.0
 11
270.4189682006836
 21
-127.1017837524414
 31
0.0
  0
LINE
  5
1303
330
17
100
AcDbEntity
  8
0
100
AcDbLine
 10
270.4189682006836
 20
-127.1017837524414
 30
0.0
 11
270.67169189453125
 21
-127.1017837524414
 31
0.0
  0
LINE
  5
1304
330
17
100
AcDbEntity
  8
0
100
AcDbLine
 10
257.91894912719727
 20
-126.30176544189453
 30
0.0
 11
257.91894912719727
 21
-126.51313781738281
 31
0.0
  0
LINE
  5
1305
330
17
100
AcDbEntity
  8
0
100
AcDbLine
 10
257.2151565551758
 20
-126.30176544189453
 30
0.0
 11
257.91894912719727
 21
-126.30176544189453
 31
0.0
  0
LINE
  5
1306
330
17
100
AcDbEntity
  8
0
100
AcDbLine
 10
270.4189682006836
 20
-126.30176544189453
 30
0.0
 11
270.4189682006836
 21
-126.89037322998047
 31
0.0
  0
LINE
  5
1307
330
17
100
AcDbEntity
  8
0
100
AcDbLine
 10
270.4189682006836
 20
-126.30176544189453
 30
0.0
 11
270.67169189453125
 21
-126.30176544189453
 31
0.0
  0
LINE
  5
1308
330
17
100
AcDbEntity
  8
0
100
AcDbLine
 10
272.41893768310547
 20
-126.6489028930664
 30
0.0
 11
272.41893768310547
 21
-126.70177459716797
 31
0.0
  0
LINE
  5
1309
330
17
100
AcDbEntity
  8
0
100
AcDbLine
 10
284.91893768310547
 20
-126.55460357666016
 30
0.0
 11
284.91893768310547
 21
-126.70177459716797
 31
0.0
  0
LINE
  5
130A
330
17
100
AcDbEntity
  8
0
100
AcDbLine
 10
281.6162109375
 20
-126.70177459716797
 30
0.0
 11
284.91893768310547
 21
-126.70177459716797
 31
0.0
  0
LINE
  5
130B
330
17
100
AcDbEntity
  8
0
100
AcDbLine
 10
272.41893768310547
 20
-126.70177459716797
 30
0.0
 11
281.6162109375
 21
-126.70177459716797
 31
0.0
  0
LINE
  5
130C
330
17
100
AcDbEntity
  8
0
100
AcDbLine
 10
284.91893768310547
 20
-126.50177001953125
 30
0.0
 11
284.91893768310547
 21
-126.55460357666016
 31
0.0
  0
LINE
  5
130D
330
17
100
AcDbEntity
  8
0
100
AcDbLine
 10
272.41893768310547
 20
-126.50177001953125
 30
0.0
 11
272.41893768310547
 21
-126.6489028930664
 31
0.0
  0
LINE
  5
130E
330
17
100
AcDbEntity
  8
0
100
AcDbLine
 10
272.41893768310547
 20
-126.50177001953125
 30
0.0
 11
275.7217025756836
 21
-126.50177001953125
 31
0.0
  0
LINE
  5
130F
330
17
100
AcDbEntity
  8
0
100
AcDbLine
 10
275.7217025756836
 20
-126.50177001953125
 30
0.0
 11
284.91893768310547
 21
-126.50177001953125
 31
0.0
  0
LINE
  5
1310
330
17
100
AcDbEntity
  8
0
100
AcDbLine
 10
272.41893768310547
 20
-126.51313781738281
 30
0.0
 11
272.41893768310547
 21
-127.1017837524414
 31
0.0
  0
LINE
  5
1311
330
17
100
AcDbEntity
  8
0
100
AcDbLine
 10
271.41895294189453
 20
-126.8746566772461
 30
0.0
 11
271.41895294189453
 21
-127.1017837524414
 31
0.0
  0
LINE
  5
1312
330
17
100
AcDbEntity
  8
0
100
AcDbLine
 10
270.67169189453125
 20
-127.1017837524414
 30
0.0
 11
271.41895294189453
 21
-127.1017837524414
 31
0.0
  0
LINE
  5
1313
330
17
100
AcDbEntity
  8
0
100
AcDbLine
 10
271.41895294189453
 20
-127.1017837524414
 30
0.0
 11
272.1662139892578
 21
-127.1017837524414
 31
0.0
  0
LINE
  5
1314
330
17
100
AcDbEntity
  8
0
100
AcDbLine
 10
272.1662139892578
 20
-127.1017837524414
 30
0.0
 11
272.41893768310547
 21
-127.1017837524414
 31
0.0
  0
LINE
  5
1315
330
17
100
AcDbEntity
  8
0
100
AcDbLine
 10
284.91893768310547
 20
-126.89041137695312
 30
0.0
 11
284.91893768310547
 21
-127.1017837524414
 31
0.0
  0
LINE
  5
1316
330
17
100
AcDbEntity
  8
0
100
AcDbLine
 10
284.91893768310547
 20
-127.1017837524414
 30
0.0
 11
285.1716995239258
 21
-127.1017837524414
 31
0.0
  0
LINE
  5
1317
330
17
100
AcDbEntity
  8
0
100
AcDbLine
 10
285.1716995239258
 20
-127.1017837524414
 30
0.0
 11
285.91896057128906
 21
-127.1017837524414
 31
0.0
  0
LINE
  5
1318
330
17
100
AcDbEntity
  8
0
100
AcDbLine
 10
285.91896057128906
 20
-126.52885437011719
 30
0.0
 11
285.91896057128906
 21
-127.1017837524414
 31
0.0
  0
LINE
  5
1319
330
17
100
AcDbEntity
  8
0
100
AcDbLine
 10
272.41893768310547
 20
-126.30176544189453
 30
0.0
 11
272.41893768310547
 21
-126.51313781738281
 31
0.0
  0
LINE
  5
131A
330
17
100
AcDbEntity
  8
0
100
AcDbLine
 10
271.41895294189453
 20
-126.30176544189453
 30
0.0
 11
271.41895294189453
 21
-126.8746566772461
 31
0.0
  0
LINE
  5
131B
330
17
100
AcDbEntity
  8
0
100
AcDbLine
 10
270.67169189453125
 20
-126.30176544189453
 30
0.0
 11
271.41895294189453
 21
-126.30176544189453
 31
0.0
  0
LINE
  5
131C
330
17
100
AcDbEntity
  8
0
100
AcDbLine
 10
271.41895294189453
 20
-126.30176544189453
 30
0.0
 11
271.7151641845703
 21
-126.30176544189453
 31
0.0
  0
LINE
  5
131D
330
17
100
AcDbEntity
  8
0
100
AcDbLine
 10
271.7151641845703
 20
-126.30176544189453
 30
0.0
 11
272.41893768310547
 21
-126.30176544189453
 31
0.0
  0
LINE
  5
131E
330
17
100
AcDbEntity
  8
0
100
AcDbLine
 10
284.91893768310547
 20
-126.30176544189453
 30
0.0
 11
284.91893768310547
 21
-126.89041137695312
 31
0.0
  0
LINE
  5
131F
330
17
100
AcDbEntity
  8
0
100
AcDbLine
 10
284.91893768310547
 20
-126.30176544189453
 30
0.0
 11
285.1716995239258
 21
-126.30176544189453
 31
0.0
  0
LINE
  5
1320
330
17
100
AcDbEntity
  8
0
100
AcDbLine
 10
256.9189453125
 20
-126.69918060302734
 30
0.0
 11
256.9189453125
 21
-127.7017593383789
 31
0.0
  0
LINE
  5
1321
330
17
100
AcDbEntity
  8
0
100
AcDbLine
 10
255.91896057128906
 20
-127.28107452392578
 30
0.0
 11
255.91896057128906
 21
-127.7017593383789
 31
0.0
  0
LINE
  5
1322
330
17
100
AcDbEntity
  8
0
100
AcDbLine
 10
255.91896057128906
 20
-127.7017593383789
 30
0.0
 11
256.6464424133301
 21
-127.7017593383789
 31
0.0
  0
LINE
  5
1323
330
17
100
AcDbEntity
  8
0
100
AcDbLine
 10
256.6464424133301
 20
-127.7017593383789
 30
0.0
 11
256.9189453125
 21
-127.7017593383789
 31
0.0
  0
LINE
  5
1324
330
17
100
AcDbEntity
  8
0
100
AcDbLine
 10
285.91896057128906
 20
-127.3043441772461
 30
0.0
 11
285.91896057128906
 21
-127.7017593383789
 31
0.0
  0
LINE
  5
1325
330
17
100
AcDbEntity
  8
0
100
AcDbLine
 10
285.91896057128906
 20
-127.7017593383789
 30
0.0
 11
286.1914825439453
 21
-127.7017593383789
 31
0.0
  0
LINE
  5
1326
330
17
100
AcDbEntity
  8
0
100
AcDbLine
 10
286.1914825439453
 20
-127.7017593383789
 30
0.0
 11
286.9189453125
 21
-127.7017593383789
 31
0.0
  0
LINE
  5
1327
330
17
100
AcDbEntity
  8
0
100
AcDbLine
 10
286.9189453125
 20
-126.72245025634766
 30
0.0
 11
286.9189453125
 21
-127.7017593383789
 31
0.0
  0
LINE
  5
1328
330
17
100
AcDbEntity
  8
0
100
AcDbLine
 10
256.9189453125
 20
-126.30176544189453
 30
0.0
 11
257.2151565551758
 21
-126.30176544189453
 31
0.0
  0
LINE
  5
1329
330
17
100
AcDbEntity
  8
0
100
AcDbLine
 10
256.9189453125
 20
-126.30176544189453
 30
0.0
 11
256.9189453125
 21
-126.69918060302734
 31
0.0
  0
LINE
  5
132A
330
17
100
AcDbEntity
  8
0
100
AcDbLine
 10
256.9189453125
 20
-126.30176544189453
 30
0.0
 11
256.9189453125
 21
-126.8746566772461
 31
0.0
  0
LINE
  5
132B
330
17
100
AcDbEntity
  8
0
100
AcDbLine
 10
255.91896057128906
 20
-126.30176544189453
 30
0.0
 11
255.91896057128906
 21
-127.28107452392578
 31
0.0
  0
LINE
  5
132C
330
17
100
AcDbEntity
  8
0
100
AcDbLine
 10
255.91896057128906
 20
-126.30176544189453
 30
0.0
 11
256.23146057128906
 21
-126.30176544189453
 31
0.0
  0
LINE
  5
132D
330
17
100
AcDbEntity
  8
0
100
AcDbLine
 10
256.23146057128906
 20
-126.30176544189453
 30
0.0
 11
256.9189453125
 21
-126.30176544189453
 31
0.0
  0
LINE
  5
132E
330
17
100
AcDbEntity
  8
0
100
AcDbLine
 10
286.9189453125
 20
-126.30176544189453
 30
0.0
 11
286.9189453125
 21
-126.72245025634766
 31
0.0
  0
LINE
  5
132F
330
17
100
AcDbEntity
  8
0
100
AcDbLine
 10
285.1716995239258
 20
-126.30176544189453
 30
0.0
 11
285.91896057128906
 21
-126.30176544189453
 31
0.0
  0
LINE
  5
1330
330
17
100
AcDbEntity
  8
0
100
AcDbLine
 10
285.91896057128906
 20
-126.30176544189453
 30
0.0
 11
285.91896057128906
 21
-127.3043441772461
 31
0.0
  0
LINE
  5
1331
330
17
100
AcDbEntity
  8
0
100
AcDbLine
 10
285.91896057128906
 20
-126.30176544189453
 30
0.0
 11
285.91896057128906
 21
-126.52885437011719
 31
0.0
  0
LINE
  5
1332
330
17
100
AcDbEntity
  8
0
100
AcDbLine
 10
285.91896057128906
 20
-126.30176544189453
 30
0.0
 11
286.1914825439453
 21
-126.30176544189453
 31
0.0
  0
LINE
  5
1333
330
17
100
AcDbEntity
  8
0
100
AcDbLine
 10
286.1914825439453
 20
-126.30176544189453
 30
0.0
 11
286.9189453125
 21
-126.30176544189453
 31
0.0
  0
LINE
  5
1334
330
17
100
AcDbEntity
  8
0
100
AcDbLine
 10
361.4595031738281
 20
-95.78567504882812
 30
0.0
 11
361.4595031738281
 21
-95.7419204711914
 31
0.0
  0
LINE
  5
1335
330
17
100
AcDbEntity
  8
0
100
AcDbLine
 10
348.9595031738281
 20
-95.8981704711914
 30
0.0
 11
348.9595031738281
 21
-95.7419204711914
 31
0.0
  0
LINE
  5
1336
330
17
100
AcDbEntity
  8
0
100
AcDbLine
 10
351.6940689086914
 20
-95.7419204711914
 30
0.0
 11
348.9595031738281
 21
-95.7419204711914
 31
0.0
  0
LINE
  5
1337
330
17
100
AcDbEntity
  8
0
100
AcDbLine
 10
361.4595031738281
 20
-95.7419204711914
 30
0.0
 11
351.6940689086914
 21
-95.7419204711914
 31
0.0
  0
LINE
  5
1338
330
17
100
AcDbEntity
  8
0
100
AcDbLine
 10
348.9595031738281
 20
-95.94192504882812
 30
0.0
 11
348.9595031738281
 21
-95.8981704711914
 31
0.0
  0
LINE
  5
1339
330
17
100
AcDbEntity
  8
0
100
AcDbLine
 10
361.4595031738281
 20
-95.94192504882812
 30
0.0
 11
361.4595031738281
 21
-95.78567504882812
 31
0.0
  0
LINE
  5
133A
330
17
100
AcDbEntity
  8
0
100
AcDbLine
 10
361.4595031738281
 20
-95.94192504882812
 30
0.0
 11
358.7249755859375
 21
-95.94192504882812
 31
0.0
  0
LINE
  5
133B
330
17
100
AcDbEntity
  8
0
100
AcDbLine
 10
358.7249755859375
 20
-95.94192504882812
 30
0.0
 11
348.9595031738281
 21
-95.94192504882812
 31
0.0
  0
LINE
  5
133C
330
17
100
AcDbEntity
  8
0
100
AcDbLine
 10
361.4595031738281
 20
-95.96691131591797
 30
0.0
 11
361.4595031738281
 21
-95.34194946289062
 31
0.0
  0
LINE
  5
133D
330
17
100
AcDbEntity
  8
0
100
AcDbLine
 10
362.4595260620117
 20
-95.53569793701172
 30
0.0
 11
362.4595260620117
 21
-95.34194946289062
 31
0.0
  0
LINE
  5
133E
330
17
100
AcDbEntity
  8
0
100
AcDbLine
 10
362.4595260620117
 20
-95.34194946289062
 30
0.0
 11
361.6687774658203
 21
-95.34194946289062
 31
0.0
  0
LINE
  5
133F
330
17
100
AcDbEntity
  8
0
100
AcDbLine
 10
361.6687774658203
 20
-95.34194946289062
 30
0.0
 11
361.4595031738281
 21
-95.34194946289062
 31
0.0
  0
LINE
  5
1340
330
17
100
AcDbEntity
  8
0
100
AcDbLine
 10
348.9595031738281
 20
-95.51692962646484
 30
0.0
 11
348.9595031738281
 21
-95.34191131591797
 31
0.0
  0
LINE
  5
1341
330
17
100
AcDbEntity
  8
0
100
AcDbLine
 10
348.9595031738281
 20
-95.34191131591797
 30
0.0
 11
348.7502670288086
 21
-95.34191131591797
 31
0.0
  0
LINE
  5
1342
330
17
100
AcDbEntity
  8
0
100
AcDbLine
 10
361.4595031738281
 20
-96.14192962646484
 30
0.0
 11
361.4595031738281
 21
-95.96691131591797
 31
0.0
  0
LINE
  5
1343
330
17
100
AcDbEntity
  8
0
100
AcDbLine
 10
362.20680236816406
 20
-96.14192962646484
 30
0.0
 11
361.4595031738281
 21
-96.14192962646484
 31
0.0
  0
LINE
  5
1344
330
17
100
AcDbEntity
  8
0
100
AcDbLine
 10
348.9595031738281
 20
-96.14192962646484
 30
0.0
 11
348.9595031738281
 21
-95.51692962646484
 31
0.0
  0
LINE
  5
1345
330
17
100
AcDbEntity
  8
0
100
AcDbLine
 10
348.9595031738281
 20
-96.14192962646484
 30
0.0
 11
348.7502670288086
 21
-96.14192962646484
 31
0.0
  0
LINE
  5
1346
330
17
100
AcDbEntity
  8
0
100
AcDbLine
 10
346.95953369140625
 20
-95.78567504882812
 30
0.0
 11
346.95953369140625
 21
-95.7419204711914
 31
0.0
  0
LINE
  5
1347
330
17
100
AcDbEntity
  8
0
100
AcDbLine
 10
334.45953369140625
 20
-95.8981704711914
 30
0.0
 11
334.45953369140625
 21
-95.7419204711914
 31
0.0
  0
LINE
  5
1348
330
17
100
AcDbEntity
  8
0
100
AcDbLine
 10
337.19409942626953
 20
-95.7419204711914
 30
0.0
 11
334.45953369140625
 21
-95.7419204711914
 31
0.0
  0
LINE
  5
1349
330
17
100
AcDbEntity
  8
0
100
AcDbLine
 10
346.95953369140625
 20
-95.7419204711914
 30
0.0
 11
337.19409942626953
 21
-95.7419204711914
 31
0.0
  0
LINE
  5
134A
330
17
100
AcDbEntity
  8
0
100
AcDbLine
 10
334.45953369140625
 20
-95.94192504882812
 30
0.0
 11
334.45953369140625
 21
-95.8981704711914
 31
0.0
  0
LINE
  5
134B
330
17
100
AcDbEntity
  8
0
100
AcDbLine
 10
346.95953369140625
 20
-95.94192504882812
 30
0.0
 11
346.95953369140625
 21
-95.78567504882812
 31
0.0
  0
LINE
  5
134C
330
17
100
AcDbEntity
  8
0
100
AcDbLine
 10
346.95953369140625
 20
-95.94192504882812
 30
0.0
 11
344.22496795654297
 21
-95.94192504882812
 31
0.0
  0
LINE
  5
134D
330
17
100
AcDbEntity
  8
0
100
AcDbLine
 10
344.22496795654297
 20
-95.94192504882812
 30
0.0
 11
334.45953369140625
 21
-95.94192504882812
 31
0.0
  0
LINE
  5
134E
330
17
100
AcDbEntity
  8
0
100
AcDbLine
 10
346.95953369140625
 20
-95.96691131591797
 30
0.0
 11
346.95953369140625
 21
-95.34191131591797
 31
0.0
  0
LINE
  5
134F
330
17
100
AcDbEntity
  8
0
100
AcDbLine
 10
347.9595184326172
 20
-95.53569793701172
 30
0.0
 11
347.9595184326172
 21
-95.34191131591797
 31
0.0
  0
LINE
  5
1350
330
17
100
AcDbEntity
  8
0
100
AcDbLine
 10
348.7502670288086
 20
-95.34191131591797
 30
0.0
 11
347.9595184326172
 21
-95.34191131591797
 31
0.0
  0
LINE
  5
1351
330
17
100
AcDbEntity
  8
0
100
AcDbLine
 10
347.9595184326172
 20
-95.34191131591797
 30
0.0
 11
347.1687698364258
 21
-95.34191131591797
 31
0.0
  0
LINE
  5
1352
330
17
100
AcDbEntity
  8
0
100
AcDbLine
 10
347.1687698364258
 20
-95.34191131591797
 30
0.0
 11
346.95953369140625
 21
-95.34191131591797
 31
0.0
  0
LINE
  5
1353
330
17
100
AcDbEntity
  8
0
100
AcDbLine
 10
334.45953369140625
 20
-95.51692962646484
 30
0.0
 11
334.45953369140625
 21
-95.34191131591797
 31
0.0
  0
LINE
  5
1354
330
17
100
AcDbEntity
  8
0
100
AcDbLine
 10
334.45953369140625
 20
-95.34191131591797
 30
0.0
 11
334.25025939941406
 21
-95.34191131591797
 31
0.0
  0
LINE
  5
1355
330
17
100
AcDbEntity
  8
0
100
AcDbLine
 10
334.25025939941406
 20
-95.34191131591797
 30
0.0
 11
333.45951080322266
 21
-95.34191131591797
 31
0.0
  0
LINE
  5
1356
330
17
100
AcDbEntity
  8
0
100
AcDbLine
 10
333.45951080322266
 20
-95.9481430053711
 30
0.0
 11
333.45951080322266
 21
-95.34191131591797
 31
0.0
  0
LINE
  5
1357
330
17
100
AcDbEntity
  8
0
100
AcDbLine
 10
346.95953369140625
 20
-96.14192962646484
 30
0.0
 11
346.95953369140625
 21
-95.96691131591797
 31
0.0
  0
LINE
  5
1358
330
17
100
AcDbEntity
  8
0
100
AcDbLine
 10
347.9595184326172
 20
-96.14192962646484
 30
0.0
 11
347.9595184326172
 21
-95.53569793701172
 31
0.0
  0
LINE
  5
1359
330
17
100
AcDbEntity
  8
0
100
AcDbLine
 10
348.7502670288086
 20
-96.14192962646484
 30
0.0
 11
347.9595184326172
 21
-96.14192962646484
 31
0.0
  0
LINE
  5
135A
330
17
100
AcDbEntity
  8
0
100
AcDbLine
 10
347.9595184326172
 20
-96.14192962646484
 30
0.0
 11
347.70679473876953
 21
-96.14192962646484
 31
0.0
  0
LINE
  5
135B
330
17
100
AcDbEntity
  8
0
100
AcDbLine
 10
347.70679473876953
 20
-96.14192962646484
 30
0.0
 11
346.95953369140625
 21
-96.14192962646484
 31
0.0
  0
LINE
  5
135C
330
17
100
AcDbEntity
  8
0
100
AcDbLine
 10
334.45953369140625
 20
-96.14192962646484
 30
0.0
 11
334.45953369140625
 21
-95.51692962646484
 31
0.0
  0
LINE
  5
135D
330
17
100
AcDbEntity
  8
0
100
AcDbLine
 10
334.45953369140625
 20
-96.14192962646484
 30
0.0
 11
334.25025939941406
 21
-96.14192962646484
 31
0.0
  0
LINE
  5
135E
330
17
100
AcDbEntity
  8
0
100
AcDbLine
 10
362.4595260620117
 20
-95.80284118652344
 30
0.0
 11
362.4595260620117
 21
-94.74193572998047
 31
0.0
  0
LINE
  5
135F
330
17
100
AcDbEntity
  8
0
100
AcDbLine
 10
363.45951080322266
 20
-95.10879516601562
 30
0.0
 11
363.45951080322266
 21
-94.74193572998047
 31
0.0
  0
LINE
  5
1360
330
17
100
AcDbEntity
  8
0
100
AcDbLine
 10
363.45951080322266
 20
-94.74193572998047
 30
0.0
 11
362.69203186035156
 21
-94.74193572998047
 31
0.0
  0
LINE
  5
1361
330
17
100
AcDbEntity
  8
0
100
AcDbLine
 10
362.69203186035156
 20
-94.74193572998047
 30
0.0
 11
362.4595260620117
 21
-94.74193572998047
 31
0.0
  0
LINE
  5
1362
330
17
100
AcDbEntity
  8
0
100
AcDbLine
 10
333.45951080322266
 20
-95.08098602294922
 30
0.0
 11
333.45951080322266
 21
-94.74193572998047
 31
0.0
  0
LINE
  5
1363
330
17
100
AcDbEntity
  8
0
100
AcDbLine
 10
333.45951080322266
 20
-94.74193572998047
 30
0.0
 11
333.2270050048828
 21
-94.74193572998047
 31
0.0
  0
LINE
  5
1364
330
17
100
AcDbEntity
  8
0
100
AcDbLine
 10
333.2270050048828
 20
-94.74193572998047
 30
0.0
 11
332.4595260620117
 21
-94.74193572998047
 31
0.0
  0
LINE
  5
1365
330
17
100
AcDbEntity
  8
0
100
AcDbLine
 10
332.4595260620117
 20
-95.77507019042969
 30
0.0
 11
332.4595260620117
 21
-94.74193572998047
 31
0.0
  0
LINE
  5
1366
330
17
100
AcDbEntity
  8
0
100
AcDbLine
 10
362.4595260620117
 20
-96.14192962646484
 30
0.0
 11
362.20680236816406
 21
-96.14192962646484
 31
0.0
  0
LINE
  5
1367
330
17
100
AcDbEntity
  8
0
100
AcDbLine
 10
362.4595260620117
 20
-96.14192962646484
 30
0.0
 11
362.4595260620117
 21
-95.80284118652344
 31
0.0
  0
LINE
  5
1368
330
17
100
AcDbEntity
  8
0
100
AcDbLine
 10
362.4595260620117
 20
-96.14192962646484
 30
0.0
 11
362.4595260620117
 21
-95.53569793701172
 31
0.0
  0
LINE
  5
1369
330
17
100
AcDbEntity
  8
0
100
AcDbLine
 10
363.45951080322266
 20
-96.14192962646484
 30
0.0
 11
363.45951080322266
 21
-95.10879516601562
 31
0.0
  0
LINE
  5
136A
330
17
100
AcDbEntity
  8
0
100
AcDbLine
 10
363.45951080322266
 20
-96.14192962646484
 30
0.0
 11
363.1869888305664
 21
-96.14192962646484
 31
0.0
  0
LINE
  5
136B
330
17
100
AcDbEntity
  8
0
100
AcDbLine
 10
363.1869888305664
 20
-96.14192962646484
 30
0.0
 11
362.4595260620117
 21
-96.14192962646484
 31
0.0
  0
LINE
  5
136C
330
17
100
AcDbEntity
  8
0
100
AcDbLine
 10
332.4595260620117
 20
-96.14192962646484
 30
0.0
 11
332.4595260620117
 21
-95.77507019042969
 31
0.0
  0
LINE
  5
136D
330
17
100
AcDbEntity
  8
0
100
AcDbLine
 10
334.25025939941406
 20
-96.14192962646484
 30
0.0
 11
333.45951080322266
 21
-96.14192962646484
 31
0.0
  0
LINE
  5
136E
330
17
100
AcDbEntity
  8
0
100
AcDbLine
 10
333.45951080322266
 20
-96.14192962646484
 30
0.0
 11
333.45951080322266
 21
-95.08098602294922
 31
0.0
  0
LINE
  5
136F
330
17
100
AcDbEntity
  8
0
100
AcDbLine
 10
333.45951080322266
 20
-96.14192962646484
 30
0.0
 11
333.45951080322266
 21
-95.9481430053711
 31
0.0
  0
LINE
  5
1370
330
17
100
AcDbEntity
  8
0
100
AcDbLine
 10
333.45951080322266
 20
-96.14192962646484
 30
0.0
 11
333.2270050048828
 21
-96.14192962646484
 31
0.0
  0
LINE
  5
1371
330
17
100
AcDbEntity
  8
0
100
AcDbLine
 10
333.2270050048828
 20
-96.14192962646484
 30
0.0
 11
332.4595260620117
 21
-96.14192962646484
 31
0.0
  0
LINE
  5
1372
330
17
100
AcDbEntity
  8
0
100
AcDbLine
 10
177.97229766845703
 20
-126.77837371826172
 30
0.0
 11
177.97229766845703
 21
-126.82666778564453
 31
0.0
  0
LINE
  5
1373
330
17
100
AcDbEntity
  8
0
100
AcDbLine
 10
190.47229766845703
 20
-126.67495727539062
 30
0.0
 11
190.47229766845703
 21
-126.82666778564453
 31
0.0
  0
LINE
  5
1374
330
17
100
AcDbEntity
  8
0
100
AcDbLine
 10
187.45365142822266
 20
-126.82666778564453
 30
0.0
 11
190.47229766845703
 21
-126.82666778564453
 31
0.0
  0
LINE
  5
1375
330
17
100
AcDbEntity
  8
0
100
AcDbLine
 10
177.97229766845703
 20
-126.82666778564453
 30
0.0
 11
187.45365142822266
 21
-126.82666778564453
 31
0.0
  0
LINE
  5
1376
330
17
100
AcDbEntity
  8
0
100
AcDbLine
 10
190.47229766845703
 20
-126.62666320800781
 30
0.0
 11
190.47229766845703
 21
-126.67495727539062
 31
0.0
  0
LINE
  5
1377
330
17
100
AcDbEntity
  8
0
100
AcDbLine
 10
177.97229766845703
 20
-126.62666320800781
 30
0.0
 11
177.97229766845703
 21
-126.77837371826172
 31
0.0
  0
LINE
  5
1378
330
17
100
AcDbEntity
  8
0
100
AcDbLine
 10
177.97229766845703
 20
-126.62666320800781
 30
0.0
 11
180.99096298217773
 21
-126.62666320800781
 31
0.0
  0
LINE
  5
1379
330
17
100
AcDbEntity
  8
0
100
AcDbLine
 10
180.99096298217773
 20
-126.62666320800781
 30
0.0
 11
190.47229766845703
 21
-126.62666320800781
 31
0.0
  0
LINE
  5
137A
330
17
100
AcDbEntity
  8
0
100
AcDbLine
 10
177.97229766845703
 20
-126.61983489990234
 30
0.0
 11
177.97229766845703
 21
-127.22663879394531
 31
0.0
  0
LINE
  5
137B
330
17
100
AcDbEntity
  8
0
100
AcDbLine
 10
176.97229385375977
 20
-127.01622009277344
 30
0.0
 11
176.97229385375977
 21
-127.22663879394531
 31
0.0
  0
LINE
  5
137C
330
17
100
AcDbEntity
  8
0
100
AcDbLine
 10
176.97229385375977
 20
-127.22663879394531
 30
0.0
 11
177.74131774902344
 21
-127.22663879394531
 31
0.0
  0
LINE
  5
137D
330
17
100
AcDbEntity
  8
0
100
AcDbLine
 10
177.74131774902344
 20
-127.22663879394531
 30
0.0
 11
177.97229766845703
 21
-127.22663879394531
 31
0.0
  0
LINE
  5
137E
330
17
100
AcDbEntity
  8
0
100
AcDbLine
 10
190.47229766845703
 20
-127.03346252441406
 30
0.0
 11
190.47229766845703
 21
-127.22667694091797
 31
0.0
  0
LINE
  5
137F
330
17
100
AcDbEntity
  8
0
100
AcDbLine
 10
190.47229766845703
 20
-127.22667694091797
 30
0.0
 11
190.70329666137695
 21
-127.22667694091797
 31
0.0
  0
LINE
  5
1380
330
17
100
AcDbEntity
  8
0
100
AcDbLine
 10
177.97229766845703
 20
-126.4266586303711
 30
0.0
 11
177.97229766845703
 21
-126.61983489990234
 31
0.0
  0
LINE
  5
1381
330
17
100
AcDbEntity
  8
0
100
AcDbLine
 10
177.2467803955078
 20
-126.4266586303711
 30
0.0
 11
177.97229766845703
 21
-126.4266586303711
 31
0.0
  0
LINE
  5
1382
330
17
100
AcDbEntity
  8
0
100
AcDbLine
 10
190.47229766845703
 20
-126.4266586303711
 30
0.0
 11
190.47229766845703
 21
-127.03346252441406
 31
0.0
  0
LINE
  5
1383
330
17
100
AcDbEntity
  8
0
100
AcDbLine
 10
190.47229766845703
 20
-126.4266586303711
 30
0.0
 11
190.70329666137695
 21
-126.4266586303711
 31
0.0
  0
LINE
  5
1384
330
17
100
AcDbEntity
  8
0
100
AcDbLine
 10
192.47230529785156
 20
-126.77837371826172
 30
0.0
 11
192.47230529785156
 21
-126.82666778564453
 31
0.0
  0
LINE
  5
1385
330
17
100
AcDbEntity
  8
0
100
AcDbLine
 10
204.97230529785156
 20
-126.67495727539062
 30
0.0
 11
204.97230529785156
 21
-126.82666778564453
 31
0.0
  0
LINE
  5
1386
330
17
100
AcDbEntity
  8
0
100
AcDbLine
 10
201.95363998413086
 20
-126.82666778564453
 30
0.0
 11
204.97230529785156
 21
-126.82666778564453
 31
0.0
  0
LINE
  5
1387
330
17
100
AcDbEntity
  8
0
100
AcDbLine
 10
192.47230529785156
 20
-126.82666778564453
 30
0.0
 11
201.95363998413086
 21
-126.82666778564453
 31
0.0
  0
LINE
  5
1388
330
17
100
AcDbEntity
  8
0
100
AcDbLine
 10
204.97230529785156
 20
-126.62666320800781
 30
0.0
 11
204.97230529785156
 21
-126.67495727539062
 31
0.0
  0
LINE
  5
1389
330
17
100
AcDbEntity
  8
0
100
AcDbLine
 10
192.47230529785156
 20
-126.62666320800781
 30
0.0
 11
192.47230529785156
 21
-126.77837371826172
 31
0.0
  0
LINE
  5
138A
330
17
100
AcDbEntity
  8
0
100
AcDbLine
 10
192.47230529785156
 20
-126.62666320800781
 30
0.0
 11
195.49095153808594
 21
-126.62666320800781
 31
0.0
  0
LINE
  5
138B
330
17
100
AcDbEntity
  8
0
100
AcDbLine
 10
195.49095153808594
 20
-126.62666320800781
 30
0.0
 11
204.97230529785156
 21
-126.62666320800781
 31
0.0
  0
LINE
  5
138C
330
17
100
AcDbEntity
  8
0
100
AcDbLine
 10
192.47230529785156
 20
-126.61983489990234
 30
0.0
 11
192.47230529785156
 21
-127.22667694091797
 31
0.0
  0
LINE
  5
138D
330
17
100
AcDbEntity
  8
0
100
AcDbLine
 10
191.4723014831543
 20
-127.01622009277344
 30
0.0
 11
191.4723014831543
 21
-127.22667694091797
 31
0.0
  0
LINE
  5
138E
330
17
100
AcDbEntity
  8
0
100
AcDbLine
 10
190.70329666137695
 20
-127.22667694091797
 30
0.0
 11
191.4723014831543
 21
-127.22667694091797
 31
0.0
  0
LINE
  5
138F
330
17
100
AcDbEntity
  8
0
100
AcDbLine
 10
191.4723014831543
 20
-127.22667694091797
 30
0.0
 11
192.24130630493164
 21
-127.22667694091797
 31
0.0
  0
LINE
  5
1390
330
17
100
AcDbEntity
  8
0
100
AcDbLine
 10
192.24130630493164
 20
-127.22667694091797
 30
0.0
 11
192.47230529785156
 21
-127.22667694091797
 31
0.0
  0
LINE
  5
1391
330
17
100
AcDbEntity
  8
0
100
AcDbLine
 10
204.97230529785156
 20
-127.03346252441406
 30
0.0
 11
204.97230529785156
 21
-127.22667694091797
 31
0.0
  0
LINE
  5
1392
330
17
100
AcDbEntity
  8
0
100
AcDbLine
 10
204.97230529785156
 20
-127.22667694091797
 30
0.0
 11
205.20328521728516
 21
-127.22667694091797
 31
0.0
  0
LINE
  5
1393
330
17
100
AcDbEntity
  8
0
100
AcDbLine
 10
205.20328521728516
 20
-127.22667694091797
 30
0.0
 11
205.97230911254883
 21
-127.22667694091797
 31
0.0
  0
LINE
  5
1394
330
17
100
AcDbEntity
  8
0
100
AcDbLine
 10
205.97230911254883
 20
-126.63707733154297
 30
0.0
 11
205.97230911254883
 21
-127.22667694091797
 31
0.0
  0
LINE
  5
1395
330
17
100
AcDbEntity
  8
0
100
AcDbLine
 10
192.47230529785156
 20
-126.4266586303711
 30
0.0
 11
192.47230529785156
 21
-126.61983489990234
 31
0.0
  0
LINE
  5
1396
330
17
100
AcDbEntity
  8
0
100
AcDbLine
 10
191.4723014831543
 20
-126.4266586303711
 30
0.0
 11
191.4723014831543
 21
-127.01622009277344
 31
0.0
  0
LINE
  5
1397
330
17
100
AcDbEntity
  8
0
100
AcDbLine
 10
190.70329666137695
 20
-126.4266586303711
 30
0.0
 11
191.4723014831543
 21
-126.4266586303711
 31
0.0
  0
LINE
  5
1398
330
17
100
AcDbEntity
  8
0
100
AcDbLine
 10
191.4723014831543
 20
-126.4266586303711
 30
0.0
 11
191.74676895141602
 21
-126.4266586303711
 31
0.0
  0
LINE
  5
1399
330
17
100
AcDbEntity
  8
0
100
AcDbLine
 10
191.74676895141602
 20
-126.4266586303711
 30
0.0
 11
192.47230529785156
 21
-126.4266586303711
 31
0.0
  0
LINE
  5
139A
330
17
100
AcDbEntity
  8
0
100
AcDbLine
 10
204.97230529785156
 20
-126.4266586303711
 30
0.0
 11
204.97230529785156
 21
-127.03346252441406
 31
0.0
  0
LINE
  5
139B
330
17
100
AcDbEntity
  8
0
100
AcDbLine
 10
204.97230529785156
 20
-126.4266586303711
 30
0.0
 11
205.20328521728516
 21
-126.4266586303711
 31
0.0
  0
LINE
  5
139C
330
17
100
AcDbEntity
  8
0
100
AcDbLine
 10
176.97229385375977
 20
-126.79489135742188
 30
0.0
 11
176.97229385375977
 21
-127.82665252685547
 31
0.0
  0
LINE
  5
139D
330
17
100
AcDbEntity
  8
0
100
AcDbLine
 10
175.97230911254883
 20
-127.43289947509766
 30
0.0
 11
175.97230911254883
 21
-127.82665252685547
 31
0.0
  0
LINE
  5
139E
330
17
100
AcDbEntity
  8
0
100
AcDbLine
 10
175.97230911254883
 20
-127.82665252685547
 30
0.0
 11
176.71977996826172
 21
-127.82665252685547
 31
0.0
  0
LINE
  5
139F
330
17
100
AcDbEntity
  8
0
100
AcDbLine
 10
176.71977996826172
 20
-127.82665252685547
 30
0.0
 11
176.97229385375977
 21
-127.82665252685547
 31
0.0
  0
LINE
  5
13A0
330
17
100
AcDbEntity
  8
0
100
AcDbLine
 10
205.97230911254883
 20
-127.45841979980469
 30
0.0
 11
205.97230911254883
 21
-127.82665252685547
 31
0.0
  0
LINE
  5
13A1
330
17
100
AcDbEntity
  8
0
100
AcDbLine
 10
205.97230911254883
 20
-127.82665252685547
 30
0.0
 11
206.22480392456055
 21
-127.82665252685547
 31
0.0
  0
LINE
  5
13A2
330
17
100
AcDbEntity
  8
0
100
AcDbLine
 10
206.22480392456055
 20
-127.82665252685547
 30
0.0
 11
206.97229385375977
 21
-127.82665252685547
 31
0.0
  0
LINE
  5
13A3
330
17
100
AcDbEntity
  8
0
100
AcDbLine
 10
206.97229385375977
 20
-126.82044982910156
 30
0.0
 11
206.97229385375977
 21
-127.82665252685547
 31
0.0
  0
LINE
  5
13A4
330
17
100
AcDbEntity
  8
0
100
AcDbLine
 10
176.97229385375977
 20
-126.4266586303711
 30
0.0
 11
177.2467803955078
 21
-126.4266586303711
 31
0.0
  0
LINE
  5
13A5
330
17
100
AcDbEntity
  8
0
100
AcDbLine
 10
176.97229385375977
 20
-126.4266586303711
 30
0.0
 11
176.97229385375977
 21
-126.79489135742188
 31
0.0
  0
LINE
  5
13A6
330
17
100
AcDbEntity
  8
0
100
AcDbLine
 10
176.97229385375977
 20
-126.4266586303711
 30
0.0
 11
176.97229385375977
 21
-127.01622009277344
 31
0.0
  0
LINE
  5
13A7
330
17
100
AcDbEntity
  8
0
100
AcDbLine
 10
175.97230911254883
 20
-126.4266586303711
 30
0.0
 11
175.97230911254883
 21
-127.43289947509766
 31
0.0
  0
LINE
  5
13A8
330
17
100
AcDbEntity
  8
0
100
AcDbLine
 10
175.97230911254883
 20
-126.4266586303711
 30
0.0
 11
176.26482009887695
 21
-126.4266586303711
 31
0.0
  0
LINE
  5
13A9
330
17
100
AcDbEntity
  8
0
100
AcDbLine
 10
176.26482009887695
 20
-126.4266586303711
 30
0.0
 11
176.97229385375977
 21
-126.4266586303711
 31
0.0
  0
LINE
  5
13AA
330
17
100
AcDbEntity
  8
0
100
AcDbLine
 10
206.97229385375977
 20
-126.4266586303711
 30
0.0
 11
206.97229385375977
 21
-126.82044982910156
 31
0.0
  0
LINE
  5
13AB
330
17
100
AcDbEntity
  8
0
100
AcDbLine
 10
205.20328521728516
 20
-126.4266586303711
 30
0.0
 11
205.97230911254883
 21
-126.4266586303711
 31
0.0
  0
LINE
  5
13AC
330
17
100
AcDbEntity
  8
0
100
AcDbLine
 10
205.97230911254883
 20
-126.4266586303711
 30
0.0
 11
205.97230911254883
 21
-127.45841979980469
 31
0.0
  0
LINE
  5
13AD
330
17
100
AcDbEntity
  8
0
100
AcDbLine
 10
205.97230911254883
 20
-126.4266586303711
 30
0.0
 11
205.97230911254883
 21
-126.63707733154297
 31
0.0
  0
LINE
  5
13AE
330
17
100
AcDbEntity
  8
0
100
AcDbLine
 10
205.97230911254883
 20
-126.4266586303711
 30
0.0
 11
206.22482299804688
 21
-126.4266586303711
 31
0.0
  0
LINE
  5
13AF
330
17
100
AcDbEntity
  8
0
100
AcDbLine
 10
206.22482299804688
 20
-126.4266586303711
 30
0.0
 11
206.97229385375977
 21
-126.4266586303711
 31
0.0
  0
LINE
  5
13B0
330
17
100
AcDbEntity
  8
0
100
AcDbLine
 10
90.48484802246094
 20
-327.31807708740234
 30
0.0
 11
90.4365348815918
 21
-327.31807708740234
 31
0.0
  0
LINE
  5
13B1
330
17
100
AcDbEntity
  8
0
100
AcDbLine
 10
90.58822631835938
 20
-339.81807708740234
 30
0.0
 11
90.4365348815918
 21
-339.81807708740234
 31
0.0
  0
LINE
  5
13B2
330
17
100
AcDbEntity
  8
0
100
AcDbLine
 10
90.4365348815918
 20
-336.79943084716797
 30
0.0
 11
90.4365348815918
 21
-339.81807708740234
 31
0.0
  0
LINE
  5
13B3
330
17
100
AcDbEntity
  8
0
100
AcDbLine
 10
90.4365348815918
 20
-327.31807708740234
 30
0.0
 11
90.4365348815918
 21
-336.79943084716797
 31
0.0
  0
LINE
  5
13B4
330
17
100
AcDbEntity
  8
0
100
AcDbLine
 10
90.63653945922852
 20
-339.81807708740234
 30
0.0
 11
90.58822631835938
 21
-339.81807708740234
 31
0.0
  0
LINE
  5
13B5
330
17
100
AcDbEntity
  8
0
100
AcDbLine
 10
90.63653945922852
 20
-327.31807708740234
 30
0.0
 11
90.48484802246094
 21
-327.31807708740234
 31
0.0
  0
LINE
  5
13B6
330
17
100
AcDbEntity
  8
0
100
AcDbLine
 10
90.63653945922852
 20
-327.31807708740234
 30
0.0
 11
90.63653945922852
 21
-330.33674240112305
 31
0.0
  0
LINE
  5
13B7
330
17
100
AcDbEntity
  8
0
100
AcDbLine
 10
90.63653945922852
 20
-330.33674240112305
 30
0.0
 11
90.63653945922852
 21
-339.81807708740234
 31
0.0
  0
LINE
  5
13B8
330
17
100
AcDbEntity
  8
0
100
AcDbLine
 10
90.64334869384766
 20
-327.31807708740234
 30
0.0
 11
90.03654479980469
 21
-327.31807708740234
 31
0.0
  0
LINE
  5
13B9
330
17
100
AcDbEntity
  8
0
100
AcDbLine
 10
90.24696350097656
 20
-326.3180732727051
 30
0.0
 11
90.03654479980469
 21
-326.3180732727051
 31
0.0
  0
LINE
  5
13BA
330
17
100
AcDbEntity
  8
0
100
AcDbLine
 10
90.03654479980469
 20
-326.3180732727051
 30
0.0
 11
90.03654479980469
 21
-327.08709716796875
 31
0.0
  0
LINE
  5
13BB
330
17
100
AcDbEntity
  8
0
100
AcDbLine
 10
90.03654479980469
 20
-327.08709716796875
 30
0.0
 11
90.03654479980469
 21
-327.31807708740234
 31
0.0
  0
LINE
  5
13BC
330
17
100
AcDbEntity
  8
0
100
AcDbLine
 10
90.22972106933594
 20
-339.81807708740234
 30
0.0
 11
90.03654479980469
 21
-339.81807708740234
 31
0.0
  0
LINE
  5
13BD
330
17
100
AcDbEntity
  8
0
100
AcDbLine
 10
90.03654479980469
 20
-339.81807708740234
 30
0.0
 11
90.03654479980469
 21
-340.04907608032227
 31
0.0
  0
LINE
  5
13BE
330
17
100
AcDbEntity
  8
0
100
AcDbLine
 10
90.8365249633789
 20
-327.31807708740234
 30
0.0
 11
90.64334869384766
 21
-327.31807708740234
 31
0.0
  0
LINE
  5
13BF
330
17
100
AcDbEntity
  8
0
100
AcDbLine
 10
90.8365249633789
 20
-326.5925598144531
 30
0.0
 11
90.8365249633789
 21
-327.31807708740234
 31
0.0
  0
LINE
  5
13C0
330
17
100
AcDbEntity
  8
0
100
AcDbLine
 10
90.8365249633789
 20
-339.81807708740234
 30
0.0
 11
90.22972106933594
 21
-339.81807708740234
 31
0.0
  0
LINE
  5
13C1
330
17
100
AcDbEntity
  8
0
100
AcDbLine
 10
90.8365249633789
 20
-339.81807708740234
 30
0.0
 11
90.8365249633789
 21
-340.04907608032227
 31
0.0
  0
LINE
  5
13C2
330
17
100
AcDbEntity
  8
0
100
AcDbLine
 10
90.48482894897461
 20
-341.8180847167969
 30
0.0
 11
90.4365348815918
 21
-341.8180847167969
 31
0.0
  0
LINE
  5
13C3
330
17
100
AcDbEntity
  8
0
100
AcDbLine
 10
90.58822631835938
 20
-354.3180847167969
 30
0.0
 11
90.4365348815918
 21
-354.3180847167969
 31
0.0
  0
LINE
  5
13C4
330
17
100
AcDbEntity
  8
0
100
AcDbLine
 10
90.4365348815918
 20
-351.2994194030762
 30
0.0
 11
90.4365348815918
 21
-354.3180847167969
 31
0.0
  0
LINE
  5
13C5
330
17
100
AcDbEntity
  8
0
100
AcDbLine
 10
90.4365348815918
 20
-341.8180847167969
 30
0.0
 11
90.4365348815918
 21
-351.2994194030762
 31
0.0
  0
LINE
  5
13C6
330
17
100
AcDbEntity
  8
0
100
AcDbLine
 10
90.63652038574219
 20
-354.3180847167969
 30
0.0
 11
90.58822631835938
 21
-354.3180847167969
 31
0.0
  0
LINE
  5
13C7
330
17
100
AcDbEntity
  8
0
100
AcDbLine
 10
90.63652038574219
 20
-341.8180847167969
 30
0.0
 11
90.48482894897461
 21
-341.8180847167969
 31
0.0
  0
LINE
  5
13C8
330
17
100
AcDbEntity
  8
0
100
AcDbLine
 10
90.63652038574219
 20
-341.8180847167969
 30
0.0
 11
90.63652038574219
 21
-344.83673095703125
 31
0.0
  0
LINE
  5
13C9
330
17
100
AcDbEntity
  8
0
100
AcDbLine
 10
90.63652038574219
 20
-344.83673095703125
 30
0.0
 11
90.63652038574219
 21
-354.3180847167969
 31
0.0
  0
LINE
  5
13CA
330
17
100
AcDbEntity
  8
0
100
AcDbLine
 10
90.64334869384766
 20
-341.8180847167969
 30
0.0
 11
90.03654479980469
 21
-341.8180847167969
 31
0.0
  0
LINE
  5
13CB
330
17
100
AcDbEntity
  8
0
100
AcDbLine
 10
90.24696350097656
 20
-340.8180809020996
 30
0.0
 11
90.03654479980469
 21
-340.8180809020996
 31
0.0
  0
LINE
  5
13CC
330
17
100
AcDbEntity
  8
0
100
AcDbLine
 10
90.03654479980469
 20
-340.04907608032227
 30
0.0
 11
90.03654479980469
 21
-340.8180809020996
 31
0.0
  0
LINE
  5
13CD
330
17
100
AcDbEntity
  8
0
100
AcDbLine
 10
90.03654479980469
 20
-340.8180809020996
 30
0.0
 11
90.03654479980469
 21
-341.58708572387695
 31
0.0
  0
LINE
  5
13CE
330
17
100
AcDbEntity
  8
0
100
AcDbLine
 10
90.03654479980469
 20
-341.58708572387695
 30
0.0
 11
90.03654479980469
 21
-341.8180847167969
 31
0.0
  0
LINE
  5
13CF
330
17
100
AcDbEntity
  8
0
100
AcDbLine
 10
90.22972106933594
 20
-354.3180847167969
 30
0.0
 11
90.03652572631836
 21
-354.3180847167969
 31
0.0
  0
LINE
  5
13D0
330
17
100
AcDbEntity
  8
0
100
AcDbLine
 10
90.03652572631836
 20
-354.3180847167969
 30
0.0
 11
90.03652572631836
 21
-354.54906463623047
 31
0.0
  0
LINE
  5
13D1
330
17
100
AcDbEntity
  8
0
100
AcDbLine
 10
90.03652572631836
 20
-354.54906463623047
 30
0.0
 11
90.03652572631836
 21
-355.31808853149414
 31
0.0
  0
LINE
  5
13D2
330
17
100
AcDbEntity
  8
0
100
AcDbLine
 10
90.62610626220703
 20
-355.31808853149414
 30
0.0
 11
90.03652572631836
 21
-355.31808853149414
 31
0.0
  0
LINE
  5
13D3
330
17
100
AcDbEntity
  8
0
100
AcDbLine
 10
90.8365249633789
 20
-341.8180847167969
 30
0.0
 11
90.64334869384766
 21
-341.8180847167969
 31
0.0
  0
LINE
  5
13D4
330
17
100
AcDbEntity
  8
0
100
AcDbLine
 10
90.8365249633789
 20
-340.8180809020996
 30
0.0
 11
90.24696350097656
 21
-340.8180809020996
 31
0.0
  0
LINE
  5
13D5
330
17
100
AcDbEntity
  8
0
100
AcDbLine
 10
90.8365249633789
 20
-340.04907608032227
 30
0.0
 11
90.8365249633789
 21
-340.8180809020996
 31
0.0
  0
LINE
  5
13D6
330
17
100
AcDbEntity
  8
0
100
AcDbLine
 10
90.8365249633789
 20
-340.8180809020996
 30
0.0
 11
90.8365249633789
 21
-341.0925483703613
 31
0.0
  0
LINE
  5
13D7
330
17
100
AcDbEntity
  8
0
100
AcDbLine
 10
90.8365249633789
 20
-341.0925483703613
 30
0.0
 11
90.8365249633789
 21
-341.8180847167969
 31
0.0
  0
LINE
  5
13D8
330
17
100
AcDbEntity
  8
0
100
AcDbLine
 10
90.8365249633789
 20
-354.3180847167969
 30
0.0
 11
90.22972106933594
 21
-354.3180847167969
 31
0.0
  0
LINE
  5
13D9
330
17
100
AcDbEntity
  8
0
100
AcDbLine
 10
90.8365249633789
 20
-354.3180847167969
 30
0.0
 11
90.8365249633789
 21
-354.54906463623047
 31
0.0
  0
LINE
  5
13DA
330
17
100
AcDbEntity
  8
0
100
AcDbLine
 10
90.46829223632812
 20
-326.3180732727051
 30
0.0
 11
89.43653106689453
 21
-326.3180732727051
 31
0.0
  0
LINE
  5
13DB
330
17
100
AcDbEntity
  8
0
100
AcDbLine
 10
89.83030319213867
 20
-325.31808853149414
 30
0.0
 11
89.43653106689453
 21
-325.31808853149414
 31
0.0
  0
LINE
  5
13DC
330
17
100
AcDbEntity
  8
0
100
AcDbLine
 10
89.43653106689453
 20
-325.31808853149414
 30
0.0
 11
89.43653106689453
 21
-326.06555938720703
 31
0.0
  0
LINE
  5
13DD
330
17
100
AcDbEntity
  8
0
100
AcDbLine
 10
89.43653106689453
 20
-326.06555938720703
 30
0.0
 11
89.43653106689453
 21
-326.3180732727051
 31
0.0
  0
LINE
  5
13DE
330
17
100
AcDbEntity
  8
0
100
AcDbLine
 10
89.80478286743164
 20
-355.31808853149414
 30
0.0
 11
89.43653106689453
 21
-355.31808853149414
 31
0.0
  0
LINE
  5
13DF
330
17
100
AcDbEntity
  8
0
100
AcDbLine
 10
89.43653106689453
 20
-355.31808853149414
 30
0.0
 11
89.43653106689453
 21
-355.57058334350586
 31
0.0
  0
LINE
  5
13E0
330
17
100
AcDbEntity
  8
0
100
AcDbLine
 10
89.43653106689453
 20
-355.57058334350586
 30
0.0
 11
89.43653106689453
 21
-356.3180732727051
 31
0.0
  0
LINE
  5
13E1
330
17
100
AcDbEntity
  8
0
100
AcDbLine
 10
90.4427719116211
 20
-356.3180732727051
 30
0.0
 11
89.43653106689453
 21
-356.3180732727051
 31
0.0
  0
LINE
  5
13E2
330
17
100
AcDbEntity
  8
0
100
AcDbLine
 10
90.8365249633789
 20
-326.3180732727051
 30
0.0
 11
90.8365249633789
 21
-326.5925598144531
 31
0.0
  0
LINE
  5
13E3
330
17
100
AcDbEntity
  8
0
100
AcDbLine
 10
90.8365249633789
 20
-326.3180732727051
 30
0.0
 11
90.46829223632812
 21
-326.3180732727051
 31
0.0
  0
LINE
  5
13E4
330
17
100
AcDbEntity
  8
0
100
AcDbLine
 10
90.8365249633789
 20
-326.3180732727051
 30
0.0
 11
90.24696350097656
 21
-326.3180732727051
 31
0.0
  0
LINE
  5
13E5
330
17
100
AcDbEntity
  8
0
100
AcDbLine
 10
90.83654403686523
 20
-325.31808853149414
 30
0.0
 11
89.83030319213867
 21
-325.31808853149414
 31
0.0
  0
LINE
  5
13E6
330
17
100
AcDbEntity
  8
0
100
AcDbLine
 10
90.83654403686523
 20
-325.31808853149414
 30
0.0
 11
90.83654403686523
 21
-325.61059951782227
 31
0.0
  0
LINE
  5
13E7
330
17
100
AcDbEntity
  8
0
100
AcDbLine
 10
90.83654403686523
 20
-325.61059951782227
 30
0.0
 11
90.8365249633789
 21
-326.3180732727051
 31
0.0
  0
LINE
  5
13E8
330
17
100
AcDbEntity
  8
0
100
AcDbLine
 10
90.8365249633789
 20
-356.3180732727051
 30
0.0
 11
90.4427719116211
 21
-356.3180732727051
 31
0.0
  0
LINE
  5
13E9
330
17
100
AcDbEntity
  8
0
100
AcDbLine
 10
90.8365249633789
 20
-354.54906463623047
 30
0.0
 11
90.8365249633789
 21
-355.31808853149414
 31
0.0
  0
LINE
  5
13EA
330
17
100
AcDbEntity
  8
0
100
AcDbLine
 10
90.8365249633789
 20
-355.31808853149414
 30
0.0
 11
89.80478286743164
 21
-355.31808853149414
 31
0.0
  0
LINE
  5
13EB
330
17
100
AcDbEntity
  8
0
100
AcDbLine
 10
90.8365249633789
 20
-355.31808853149414
 30
0.0
 11
90.62610626220703
 21
-355.31808853149414
 31
0.0
  0
LINE
  5
13EC
330
17
100
AcDbEntity
  8
0
100
AcDbLine
 10
90.8365249633789
 20
-355.31808853149414
 30
0.0
 11
90.8365249633789
 21
-355.5706024169922
 31
0.0
  0
LINE
  5
13ED
330
17
100
AcDbEntity
  8
0
100
AcDbLine
 10
90.8365249633789
 20
-355.5706024169922
 30
0.0
 11
90.8365249633789
 21
-356.3180732727051
 31
0.0
  0
LINE
  5
13EE
330
17
100
AcDbEntity
  8
0
100
AcDbLine
 10
418.7485885620117
 20
-226.44065856933594
 30
0.0
 11
418.7002944946289
 21
-226.44065856933594
 31
0.0
  0
LINE
  5
13EF
330
17
100
AcDbEntity
  8
0
100
AcDbLine
 10
418.8520050048828
 20
-238.94065856933594
 30
0.0
 11
418.7002944946289
 21
-238.94065856933594
 31
0.0
  0
LINE
  5
13F0
330
17
100
AcDbEntity
  8
0
100
AcDbLine
 10
418.7002944946289
 20
-235.9219741821289
 30
0.0
 11
418.7002944946289
 21
-238.94065856933594
 31
0.0
  0
LINE
  5
13F1
330
17
100
AcDbEntity
  8
0
100
AcDbLine
 10
418.7002944946289
 20
-226.44065856933594
 30
0.0
 11
418.7002944946289
 21
-235.9219741821289
 31
0.0
  0
LINE
  5
13F2
330
17
100
AcDbEntity
  8
0
100
AcDbLine
 10
418.9002990722656
 20
-238.94065856933594
 30
0.0
 11
418.8520050048828
 21
-238.94065856933594
 31
0.0
  0
LINE
  5
13F3
330
17
100
AcDbEntity
  8
0
100
AcDbLine
 10
418.9002990722656
 20
-226.44065856933594
 30
0.0
 11
418.7485885620117
 21
-226.44065856933594
 31
0.0
  0
LINE
  5
13F4
330
17
100
AcDbEntity
  8
0
100
AcDbLine
 10
418.9002990722656
 20
-226.44065856933594
 30
0.0
 11
418.9002990722656
 21
-229.4593048095703
 31
0.0
  0
LINE
  5
13F5
330
17
100
AcDbEntity
  8
0
100
AcDbLine
 10
418.9002990722656
 20
-229.4593048095703
 30
0.0
 11
418.9002990722656
 21
-238.94065856933594
 31
0.0
  0
LINE
  5
13F6
330
17
100
AcDbEntity
  8
0
100
AcDbLine
 10
418.9071273803711
 20
-226.44065856933594
 30
0.0
 11
418.3003234863281
 21
-226.44065856933594
 31
0.0
  0
LINE
  5
13F7
330
17
100
AcDbEntity
  8
0
100
AcDbLine
 10
418.5107421875
 20
-225.44063568115234
 30
0.0
 11
418.3003234863281
 21
-225.44063568115234
 31
0.0
  0
LINE
  5
13F8
330
17
100
AcDbEntity
  8
0
100
AcDbLine
 10
418.3003234863281
 20
-225.44063568115234
 30
0.0
 11
418.3003234863281
 21
-226.2096405029297
 31
0.0
  0
LINE
  5
13F9
330
17
100
AcDbEntity
  8
0
100
AcDbLine
 10
418.3003234863281
 20
-226.2096405029297
 30
0.0
 11
418.3003234863281
 21
-226.44065856933594
 31
0.0
  0
LINE
  5
13FA
330
17
100
AcDbEntity
  8
0
100
AcDbLine
 10
418.4934997558594
 20
-238.94065856933594
 30
0.0
 11
418.30028533935547
 21
-238.94065856933594
 31
0.0
  0
LINE
  5
13FB
330
17
100
AcDbEntity
  8
0
100
AcDbLine
 10
418.30028533935547
 20
-238.94065856933594
 30
0.0
 11
418.30028533935547
 21
-239.17163848876953
 31
0.0
  0
LINE
  5
13FC
330
17
100
AcDbEntity
  8
0
100
AcDbLine
 10
419.10030364990234
 20
-226.44065856933594
 30
0.0
 11
418.9071273803711
 21
-226.44065856933594
 31
0.0
  0
LINE
  5
13FD
330
17
100
AcDbEntity
  8
0
100
AcDbLine
 10
419.10030364990234
 20
-225.71510314941406
 30
0.0
 11
419.10030364990234
 21
-226.44065856933594
 31
0.0
  0
LINE
  5
13FE
330
17
100
AcDbEntity
  8
0
100
AcDbLine
 10
419.10030364990234
 20
-238.94065856933594
 30
0.0
 11
418.4934997558594
 21
-238.94065856933594
 31
0.0
  0
LINE
  5
13FF
330
17
100
AcDbEntity
  8
0
100
AcDbLine
 10
419.10030364990234
 20
-238.94065856933594
 30
0.0
 11
419.10030364990234
 21
-239.17163848876953
 31
0.0
  0
LINE
  5
1400
330
17
100
AcDbEntity
  8
0
100
AcDbLine
 10
418.7485885620117
 20
-240.9406280517578
 30
0.0
 11
418.7002944946289
 21
-240.9406280517578
 31
0.0
  0
LINE
  5
1401
330
17
100
AcDbEntity
  8
0
100
AcDbLine
 10
418.8520050048828
 20
-253.4406280517578
 30
0.0
 11
418.7002944946289
 21
-253.4406280517578
 31
0.0
  0
LINE
  5
1402
330
17
100
AcDbEntity
  8
0
100
AcDbLine
 10
418.7002944946289
 20
-250.42198181152344
 30
0.0
 11
418.7002944946289
 21
-253.4406280517578
 31
0.0
  0
LINE
  5
1403
330
17
100
AcDbEntity
  8
0
100
AcDbLine
 10
418.7002944946289
 20
-240.9406280517578
 30
0.0
 11
418.7002944946289
 21
-250.42198181152344
 31
0.0
  0
LINE
  5
1404
330
17
100
AcDbEntity
  8
0
100
AcDbLine
 10
418.9002990722656
 20
-253.4406280517578
 30
0.0
 11
418.8520050048828
 21
-253.4406280517578
 31
0.0
  0
LINE
  5
1405
330
17
100
AcDbEntity
  8
0
100
AcDbLine
 10
418.9002990722656
 20
-240.9406280517578
 30
0.0
 11
418.7485885620117
 21
-240.9406280517578
 31
0.0
  0
LINE
  5
1406
330
17
100
AcDbEntity
  8
0
100
AcDbLine
 10
418.9002990722656
 20
-240.9406280517578
 30
0.0
 11
418.9002990722656
 21
-243.95931243896484
 31
0.0
  0
LINE
  5
1407
330
17
100
AcDbEntity
  8
0
100
AcDbLine
 10
418.9002990722656
 20
-243.95931243896484
 30
0.0
 11
418.9002990722656
 21
-253.4406280517578
 31
0.0
  0
LINE
  5
1408
330
17
100
AcDbEntity
  8
0
100
AcDbLine
 10
418.9071273803711
 20
-240.9406280517578
 30
0.0
 11
418.30028533935547
 21
-240.9406280517578
 31
0.0
  0
LINE
  5
1409
330
17
100
AcDbEntity
  8
0
100
AcDbLine
 10
418.5107421875
 20
-239.94064331054688
 30
0.0
 11
418.30028533935547
 21
-239.94064331054688
 31
0.0
  0
LINE
  5
140A
330
17
100
AcDbEntity
  8
0
100
AcDbLine
 10
418.30028533935547
 20
-239.17163848876953
 30
0.0
 11
418.30028533935547
 21
-239.94064331054688
 31
0.0
  0
LINE
  5
140B
330
17
100
AcDbEntity
  8
0
100
AcDbLine
 10
418.30028533935547
 20
-239.94064331054688
 30
0.0
 11
418.30028533935547
 21
-240.70964813232422
 31
0.0
  0
LINE
  5
140C
330
17
100
AcDbEntity
  8
0
100
AcDbLine
 10
418.30028533935547
 20
-240.70964813232422
 30
0.0
 11
418.30028533935547
 21
-240.9406280517578
 31
0.0
  0
LINE
  5
140D
330
17
100
AcDbEntity
  8
0
100
AcDbLine
 10
418.4934997558594
 20
-253.4406280517578
 30
0.0
 11
418.30028533935547
 21
-253.4406280517578
 31
0.0
  0
LINE
  5
140E
330
17
100
AcDbEntity
  8
0
100
AcDbLine
 10
418.30028533935547
 20
-253.4406280517578
 30
0.0
 11
418.30028533935547
 21
-253.67164611816406
 31
0.0
  0
LINE
  5
140F
330
17
100
AcDbEntity
  8
0
100
AcDbLine
 10
418.30028533935547
 20
-253.67164611816406
 30
0.0
 11
418.30028533935547
 21
-254.4406509399414
 31
0.0
  0
LINE
  5
1410
330
17
100
AcDbEntity
  8
0
100
AcDbLine
 10
418.88988494873047
 20
-254.4406509399414
 30
0.0
 11
418.30028533935547
 21
-254.4406509399414
 31
0.0
  0
LINE
  5
1411
330
17
100
AcDbEntity
  8
0
100
AcDbLine
 10
419.10030364990234
 20
-240.9406280517578
 30
0.0
 11
418.9071273803711
 21
-240.9406280517578
 31
0.0
  0
LINE
  5
1412
330
17
100
AcDbEntity
  8
0
100
AcDbLine
 10
419.10030364990234
 20
-239.94064331054688
 30
0.0
 11
418.5107421875
 21
-239.94064331054688
 31
0.0
  0
LINE
  5
1413
330
17
100
AcDbEntity
  8
0
100
AcDbLine
 10
419.10030364990234
 20
-239.17163848876953
 30
0.0
 11
419.10030364990234
 21
-239.94064331054688
 31
0.0
  0
LINE
  5
1414
330
17
100
AcDbEntity
  8
0
100
AcDbLine
 10
419.10030364990234
 20
-239.94064331054688
 30
0.0
 11
419.10030364990234
 21
-240.2151107788086
 31
0.0
  0
LINE
  5
1415
330
17
100
AcDbEntity
  8
0
100
AcDbLine
 10
419.10030364990234
 20
-240.2151107788086
 30
0.0
 11
419.10030364990234
 21
-240.9406280517578
 31
0.0
  0
LINE
  5
1416
330
17
100
AcDbEntity
  8
0
100
AcDbLine
 10
419.10030364990234
 20
-253.4406280517578
 30
0.0
 11
418.4934997558594
 21
-253.4406280517578
 31
0.0
  0
LINE
  5
1417
330
17
100
AcDbEntity
  8
0
100
AcDbLine
 10
419.10030364990234
 20
-253.4406280517578
 30
0.0
 11
419.10030364990234
 21
-253.67164611816406
 31
0.0
  0
LINE
  5
1418
330
17
100
AcDbEntity
  8
0
100
AcDbLine
 10
418.73207092285156
 20
-225.44063568115234
 30
0.0
 11
417.70030975341797
 21
-225.44063568115234
 31
0.0
  0
LINE
  5
1419
330
17
100
AcDbEntity
  8
0
100
AcDbLine
 10
418.0940628051758
 20
-224.4406509399414
 30
0.0
 11
417.70030975341797
 21
-224.4406509399414
 31
0.0
  0
LINE
  5
141A
330
17
100
AcDbEntity
  8
0
100
AcDbLine
 10
417.70030975341797
 20
-224.4406509399414
 30
0.0
 11
417.70030975341797
 21
-225.18814086914062
 31
0.0
  0
LINE
  5
141B
330
17
100
AcDbEntity
  8
0
100
AcDbLine
 10
417.70030975341797
 20
-225.18814086914062
 30
0.0
 11
417.70030975341797
 21
-225.44063568115234
 31
0.0
  0
LINE
  5
141C
330
17
100
AcDbEntity
  8
0
100
AcDbLine
 10
418.06854248046875
 20
-254.4406509399414
 30
0.0
 11
417.70030975341797
 21
-254.4406509399414
 31
0.0
  0
LINE
  5
141D
330
17
100
AcDbEntity
  8
0
100
AcDbLine
 10
417.70030975341797
 20
-254.4406509399414
 30
0.0
 11
417.70030975341797
 21
-254.69314575195312
 31
0.0
  0
LINE
  5
141E
330
17
100
AcDbEntity
  8
0
100
AcDbLine
 10
417.70030975341797
 20
-254.69314575195312
 30
0.0
 11
417.70030975341797
 21
-255.44063568115234
 31
0.0
  0
LINE
  5
141F
330
17
100
AcDbEntity
  8
0
100
AcDbLine
 10
418.7065124511719
 20
-255.44063568115234
 30
0.0
 11
417.70030975341797
 21
-255.44063568115234
 31
0.0
  0
LINE
  5
1420
330
17
100
AcDbEntity
  8
0
100
AcDbLine
 10
419.10030364990234
 20
-225.44063568115234
 30
0.0
 11
419.10030364990234
 21
-225.71510314941406
 31
0.0
  0
LINE
  5
1421
330
17
100
AcDbEntity
  8
0
100
AcDbLine
 10
419.10030364990234
 20
-225.44063568115234
 30
0.0
 11
418.73207092285156
 21
-225.44063568115234
 31
0.0
  0
LINE
  5
1422
330
17
100
AcDbEntity
  8
0
100
AcDbLine
 10
419.10030364990234
 20
-225.44063568115234
 30
0.0
 11
418.5107421875
 21
-225.44063568115234
 31
0.0
  0
LINE
  5
1423
330
17
100
AcDbEntity
  8
0
100
AcDbLine
 10
419.10030364990234
 20
-224.4406509399414
 30
0.0
 11
418.0940628051758
 21
-224.4406509399414
 31
0.0
  0
LINE
  5
1424
330
17
100
AcDbEntity
  8
0
100
AcDbLine
 10
419.10030364990234
 20
-224.4406509399414
 30
0.0
 11
419.10030364990234
 21
-224.73316192626953
 31
0.0
  0
LINE
  5
1425
330
17
100
AcDbEntity
  8
0
100
AcDbLine
 10
419.10030364990234
 20
-224.73316192626953
 30
0.0
 11
419.10030364990234
 21
-225.44063568115234
 31
0.0
  0
LINE
  5
1426
330
17
100
AcDbEntity
  8
0
100
AcDbLine
 10
419.10030364990234
 20
-255.44063568115234
 30
0.0
 11
418.7065124511719
 21
-255.44063568115234
 31
0.0
  0
LINE
  5
1427
330
17
100
AcDbEntity
  8
0
100
AcDbLine
 10
419.10030364990234
 20
-253.67164611816406
 30
0.0
 11
419.10030364990234
 21
-254.4406509399414
 31
0.0
  0
LINE
  5
1428
330
17
100
AcDbEntity
  8
0
100
AcDbLine
 10
419.10030364990234
 20
-254.4406509399414
 30
0.0
 11
418.06854248046875
 21
-254.4406509399414
 31
0.0
  0
LINE
  5
1429
330
17
100
AcDbEntity
  8
0
100
AcDbLine
 10
419.10030364990234
 20
-254.4406509399414
 30
0.0
 11
418.88988494873047
 21
-254.4406509399414
 31
0.0
  0
LINE
  5
142A
330
17
100
AcDbEntity
  8
0
100
AcDbLine
 10
419.10030364990234
 20
-254.4406509399414
 30
0.0
 11
419.10030364990234
 21
-254.69314575195312
 31
0.0
  0
LINE
  5
142B
330
17
100
AcDbEntity
  8
0
100
AcDbLine
 10
419.10030364990234
 20
-254.69314575195312
 30
0.0
 11
419.10030364990234
 21
-255.44063568115234
 31
0.0
  0
LINE
  5
142C
330
17
100
AcDbEntity
  8
0
100
AcDbLine
 10
426.6336441040039
 20
-95.07999420166016
 30
0.0
 11
426.6336441040039
 21
-95.1419448852539
 31
0.0
  0
LINE
  5
142D
330
17
100
AcDbEntity
  8
0
100
AcDbLine
 10
439.1336441040039
 20
-95.00385284423828
 30
0.0
 11
439.1336441040039
 21
-95.1419448852539
 31
0.0
  0
LINE
  5
142E
330
17
100
AcDbEntity
  8
0
100
AcDbLine
 10
435.2627182006836
 20
-95.1419448852539
 30
0.0
 11
439.1336441040039
 21
-95.1419448852539
 31
0.0
  0
LINE
  5
142F
330
17
100
AcDbEntity
  8
0
100
AcDbLine
 10
426.6336441040039
 20
-95.1419448852539
 30
0.0
 11
435.2627182006836
 21
-95.1419448852539
 31
0.0
  0
LINE
  5
1430
330
17
100
AcDbEntity
  8
0
100
AcDbLine
 10
439.1336441040039
 20
-94.94194030761719
 30
0.0
 11
439.1336441040039
 21
-95.00385284423828
 31
0.0
  0
LINE
  5
1431
330
17
100
AcDbEntity
  8
0
100
AcDbLine
 10
426.6336441040039
 20
-94.94194030761719
 30
0.0
 11
426.6336441040039
 21
-95.07999420166016
 31
0.0
  0
LINE
  5
1432
330
17
100
AcDbEntity
  8
0
100
AcDbLine
 10
426.6336441040039
 20
-94.94194030761719
 30
0.0
 11
430.5045700073242
 21
-94.94194030761719
 31
0.0
  0
LINE
  5
1433
330
17
100
AcDbEntity
  8
0
100
AcDbLine
 10
430.5045700073242
 20
-94.94194030761719
 30
0.0
 11
439.1336441040039
 21
-94.94194030761719
 31
0.0
  0
LINE
  5
1434
330
17
100
AcDbEntity
  8
0
100
AcDbLine
 10
426.6336441040039
 20
-94.98966217041016
 30
0.0
 11
426.6336441040039
 21
-95.54191589355469
 31
0.0
  0
LINE
  5
1435
330
17
100
AcDbEntity
  8
0
100
AcDbLine
 10
425.6336212158203
 20
-95.28152465820312
 30
0.0
 11
425.6336212158203
 21
-95.54191589355469
 31
0.0
  0
LINE
  5
1436
330
17
100
AcDbEntity
  8
0
100
AcDbLine
 10
425.6336212158203
 20
-95.54191589355469
 30
0.0
 11
426.3374328613281
 21
-95.54191589355469
 31
0.0
  0
LINE
  5
1437
330
17
100
AcDbEntity
  8
0
100
AcDbLine
 10
426.3374328613281
 20
-95.54191589355469
 30
0.0
 11
426.6336441040039
 21
-95.54191589355469
 31
0.0
  0
LINE
  5
1438
330
17
100
AcDbEntity
  8
0
100
AcDbLine
 10
439.1336441040039
 20
-95.294189453125
 30
0.0
 11
439.1336441040039
 21
-95.54195404052734
 31
0.0
  0
LINE
  5
1439
330
17
100
AcDbEntity
  8
0
100
AcDbLine
 10
439.1336441040039
 20
-95.54195404052734
 30
0.0
 11
439.4298553466797
 21
-95.54195404052734
 31
0.0
  0
LINE
  5
143A
330
17
100
AcDbEntity
  8
0
100
AcDbLine
 10
426.6336441040039
 20
-94.74193572998047
 30
0.0
 11
426.6336441040039
 21
-94.98966217041016
 31
0.0
  0
LINE
  5
143B
330
17
100
AcDbEntity
  8
0
100
AcDbLine
 10
425.9733200073242
 20
-94.74193572998047
 30
0.0
 11
426.6336441040039
 21
-94.74193572998047
 31
0.0
  0
LINE
  5
143C
330
17
100
AcDbEntity
  8
0
100
AcDbLine
 10
439.1336441040039
 20
-94.74193572998047
 30
0.0
 11
439.1336441040039
 21
-95.294189453125
 31
0.0
  0
LINE
  5
143D
330
17
100
AcDbEntity
  8
0
100
AcDbLine
 10
439.1336441040039
 20
-94.74193572998047
 30
0.0
 11
439.4298553466797
 21
-94.74193572998047
 31
0.0
  0
LINE
  5
143E
330
17
100
AcDbEntity
  8
0
100
AcDbLine
 10
441.1336135864258
 20
-95.07999420166016
 30
0.0
 11
441.1336135864258
 21
-95.1419448852539
 31
0.0
  0
LINE
  5
143F
330
17
100
AcDbEntity
  8
0
100
AcDbLine
 10
453.6336135864258
 20
-95.00389099121094
 30
0.0
 11
453.6336135864258
 21
-95.1419448852539
 31
0.0
  0
LINE
  5
1440
330
17
100
AcDbEntity
  8
0
100
AcDbLine
 10
449.76268768310547
 20
-95.1419448852539
 30
0.0
 11
453.6336135864258
 21
-95.1419448852539
 31
0.0
  0
LINE
  5
1441
330
17
100
AcDbEntity
  8
0
100
AcDbLine
 10
441.1336135864258
 20
-95.1419448852539
 30
0.0
 11
449.76268768310547
 21
-95.1419448852539
 31
0.0
  0
LINE
  5
1442
330
17
100
AcDbEntity
  8
0
100
AcDbLine
 10
453.6336135864258
 20
-94.94194030761719
 30
0.0
 11
453.6336135864258
 21
-95.00389099121094
 31
0.0
  0
LINE
  5
1443
330
17
100
AcDbEntity
  8
0
100
AcDbLine
 10
441.1336135864258
 20
-94.94194030761719
 30
0.0
 11
441.1336135864258
 21
-95.07999420166016
 31
0.0
  0
LINE
  5
1444
330
17
100
AcDbEntity
  8
0
100
AcDbLine
 10
441.1336135864258
 20
-94.94194030761719
 30
0.0
 11
445.0045394897461
 21
-94.94194030761719
 31
0.0
  0
LINE
  5
1445
330
17
100
AcDbEntity
  8
0
100
AcDbLine
 10
445.0045394897461
 20
-94.94194030761719
 30
0.0
 11
453.6336135864258
 21
-94.94194030761719
 31
0.0
  0
LINE
  5
1446
330
17
100
AcDbEntity
  8
0
100
AcDbLine
 10
441.1336135864258
 20
-94.98966217041016
 30
0.0
 11
441.1336135864258
 21
-95.54195404052734
 31
0.0
  0
LINE
  5
1447
330
17
100
AcDbEntity
  8
0
100
AcDbLine
 10
440.13362884521484
 20
-95.28152465820312
 30
0.0
 11
440.13362884521484
 21
-95.54195404052734
 31
0.0
  0
LINE
  5
1448
330
17
100
AcDbEntity
  8
0
100
AcDbLine
 10
439.4298553466797
 20
-95.54195404052734
 30
0.0
 11
440.13362884521484
 21
-95.54195404052734
 31
0.0
  0
LINE
  5
1449
330
17
100
AcDbEntity
  8
0
100
AcDbLine
 10
440.13362884521484
 20
-95.54195404052734
 30
0.0
 11
440.83740234375
 21
-95.54195404052734
 31
0.0
  0
LINE
  5
144A
330
17
100
AcDbEntity
  8
0
100
AcDbLine
 10
440.83740234375
 20
-95.54195404052734
 30
0.0
 11
441.1336135864258
 21
-95.54195404052734
 31
0.0
  0
LINE
  5
144B
330
17
100
AcDbEntity
  8
0
100
AcDbLine
 10
453.6336135864258
 20
-95.294189453125
 30
0.0
 11
453.6336135864258
 21
-95.54195404052734
 31
0.0
  0
LINE
  5
144C
330
17
100
AcDbEntity
  8
0
100
AcDbLine
 10
453.6336135864258
 20
-95.54195404052734
 30
0.0
 11
453.92982482910156
 21
-95.54195404052734
 31
0.0
  0
LINE
  5
144D
330
17
100
AcDbEntity
  8
0
100
AcDbLine
 10
453.92982482910156
 20
-95.54195404052734
 30
0.0
 11
454.6336364746094
 21
-95.54195404052734
 31
0.0
  0
LINE
  5
144E
330
17
100
AcDbEntity
  8
0
100
AcDbLine
 10
454.6336364746094
 20
-95.00236511230469
 30
0.0
 11
454.6336364746094
 21
-95.54195404052734
 31
0.0
  0
LINE
  5
144F
330
17
100
AcDbEntity
  8
0
100
AcDbLine
 10
441.1336135864258
 20
-94.74193572998047
 30
0.0
 11
441.1336135864258
 21
-94.98966217041016
 31
0.0
  0
LINE
  5
1450
330
17
100
AcDbEntity
  8
0
100
AcDbLine
 10
440.13362884521484
 20
-94.74193572998047
 30
0.0
 11
440.13362884521484
 21
-95.28152465820312
 31
0.0
  0
LINE
  5
1451
330
17
100
AcDbEntity
  8
0
100
AcDbLine
 10
439.4298553466797
 20
-94.74193572998047
 30
0.0
 11
440.13362884521484
 21
-94.74193572998047
 31
0.0
  0
LINE
  5
1452
330
17
100
AcDbEntity
  8
0
100
AcDbLine
 10
440.13362884521484
 20
-94.74193572998047
 30
0.0
 11
440.47332763671875
 21
-94.74193572998047
 31
0.0
  0
LINE
  5
1453
330
17
100
AcDbEntity
  8
0
100
AcDbLine
 10
440.47332763671875
 20
-94.74193572998047
 30
0.0
 11
441.1336135864258
 21
-94.74193572998047
 31
0.0
  0
LINE
  5
1454
330
17
100
AcDbEntity
  8
0
100
AcDbLine
 10
453.6336135864258
 20
-94.74193572998047
 30
0.0
 11
453.6336135864258
 21
-95.294189453125
 31
0.0
  0
LINE
  5
1455
330
17
100
AcDbEntity
  8
0
100
AcDbLine
 10
453.6336135864258
 20
-94.74193572998047
 30
0.0
 11
453.92982482910156
 21
-94.74193572998047
 31
0.0
  0
LINE
  5
1456
330
17
100
AcDbEntity
  8
0
100
AcDbLine
 10
425.6336212158203
 20
-95.19767761230469
 30
0.0
 11
425.6336212158203
 21
-96.14192962646484
 31
0.0
  0
LINE
  5
1457
330
17
100
AcDbEntity
  8
0
100
AcDbLine
 10
424.6336364746094
 20
-95.6673812866211
 30
0.0
 11
424.6336364746094
 21
-96.14192962646484
 31
0.0
  0
LINE
  5
1458
330
17
100
AcDbEntity
  8
0
100
AcDbLine
 10
424.6336364746094
 20
-96.14192962646484
 30
0.0
 11
425.3211212158203
 21
-96.14192962646484
 31
0.0
  0
LINE
  5
1459
330
17
100
AcDbEntity
  8
0
100
AcDbLine
 10
425.3211212158203
 20
-96.14192962646484
 30
0.0
 11
425.6336212158203
 21
-96.14192962646484
 31
0.0
  0
LINE
  5
145A
330
17
100
AcDbEntity
  8
0
100
AcDbLine
 10
454.6336364746094
 20
-95.68618774414062
 30
0.0
 11
454.6336364746094
 21
-96.14192962646484
 31
0.0
  0
LINE
  5
145B
330
17
100
AcDbEntity
  8
0
100
AcDbLine
 10
454.6336364746094
 20
-96.14192962646484
 30
0.0
 11
454.9461364746094
 21
-96.14192962646484
 31
0.0
  0
LINE
  5
145C
330
17
100
AcDbEntity
  8
0
100
AcDbLine
 10
454.9461364746094
 20
-96.14192962646484
 30
0.0
 11
455.6336212158203
 21
-96.14192962646484
 31
0.0
  0
LINE
  5
145D
330
17
100
AcDbEntity
  8
0
100
AcDbLine
 10
455.6336212158203
 20
-95.21648406982422
 30
0.0
 11
455.6336212158203
 21
-96.14192962646484
 31
0.0
  0
LINE
  5
145E
330
17
100
AcDbEntity
  8
0
100
AcDbLine
 10
425.6336212158203
 20
-94.74193572998047
 30
0.0
 11
425.9733200073242
 21
-94.74193572998047
 31
0.0
  0
LINE
  5
145F
330
17
100
AcDbEntity
  8
0
100
AcDbLine
 10
425.6336212158203
 20
-94.74193572998047
 30
0.0
 11
425.6336212158203
 21
-95.19767761230469
 31
0.0
  0
LINE
  5
1460
330
17
100
AcDbEntity
  8
0
100
AcDbLine
 10
425.6336212158203
 20
-94.74193572998047
 30
0.0
 11
425.6336212158203
 21
-95.28152465820312
 31
0.0
  0
LINE
  5
1461
330
17
100
AcDbEntity
  8
0
100
AcDbLine
 10
424.6336364746094
 20
-94.74193572998047
 30
0.0
 11
424.6336364746094
 21
-95.6673812866211
 31
0.0
  0
LINE
  5
1462
330
17
100
AcDbEntity
  8
0
100
AcDbLine
 10
424.6336364746094
 20
-94.74193572998047
 30
0.0
 11
424.9861526489258
 21
-94.74193572998047
 31
0.0
  0
LINE
  5
1463
330
17
100
AcDbEntity
  8
0
100
AcDbLine
 10
424.9861526489258
 20
-94.74193572998047
 30
0.0
 11
425.6336212158203
 21
-94.74193572998047
 31
0.0
  0
LINE
  5
1464
330
17
100
AcDbEntity
  8
0
100
AcDbLine
 10
455.6336212158203
 20
-94.74193572998047
 30
0.0
 11
455.6336212158203
 21
-95.21648406982422
 31
0.0
  0
LINE
  5
1465
330
17
100
AcDbEntity
  8
0
100
AcDbLine
 10
453.92982482910156
 20
-94.74193572998047
 30
0.0
 11
454.6336364746094
 21
-94.74193572998047
 31
0.0
  0
LINE
  5
1466
330
17
100
AcDbEntity
  8
0
100
AcDbLine
 10
454.6336364746094
 20
-94.74193572998047
 30
0.0
 11
454.6336364746094
 21
-95.68618774414062
 31
0.0
  0
LINE
  5
1467
330
17
100
AcDbEntity
  8
0
100
AcDbLine
 10
454.6336364746094
 20
-94.74193572998047
 30
0.0
 11
454.6336364746094
 21
-95.00236511230469
 31
0.0
  0
LINE
  5
1468
330
17
100
AcDbEntity
  8
0
100
AcDbLine
 10
454.6336364746094
 20
-94.74193572998047
 30
0.0
 11
454.9461364746094
 21
-94.74193572998047
 31
0.0
  0
LINE
  5
1469
330
17
100
AcDbEntity
  8
0
100
AcDbLine
 10
454.9461364746094
 20
-94.74193572998047
 30
0.0
 11
455.6336212158203
 21
-94.74193572998047
 31
0.0
  0
LINE
  5
146A
330
17
100
AcDbEntity
  8
0
100
AcDbLine
 10
506.2013626098633
 20
-95.80387115478516
 30
0.0
 11
506.2013626098633
 21
-95.7419204711914
 31
0.0
  0
LINE
  5
146B
330
17
100
AcDbEntity
  8
0
100
AcDbLine
 10
493.7013626098633
 20
-95.88001251220703
 30
0.0
 11
493.7013626098633
 21
-95.7419204711914
 31
0.0
  0
LINE
  5
146C
330
17
100
AcDbEntity
  8
0
100
AcDbLine
 10
497.5722885131836
 20
-95.7419204711914
 30
0.0
 11
493.7013626098633
 21
-95.7419204711914
 31
0.0
  0
LINE
  5
146D
330
17
100
AcDbEntity
  8
0
100
AcDbLine
 10
506.2013626098633
 20
-95.7419204711914
 30
0.0
 11
497.5722885131836
 21
-95.7419204711914
 31
0.0
  0
LINE
  5
146E
330
17
100
AcDbEntity
  8
0
100
AcDbLine
 10
493.7013626098633
 20
-95.94192504882812
 30
0.0
 11
493.7013626098633
 21
-95.88001251220703
 31
0.0
  0
LINE
  5
146F
330
17
100
AcDbEntity
  8
0
100
AcDbLine
 10
506.2013626098633
 20
-95.94192504882812
 30
0.0
 11
506.2013626098633
 21
-95.80387115478516
 31
0.0
  0
LINE
  5
1470
330
17
100
AcDbEntity
  8
0
100
AcDbLine
 10
506.2013626098633
 20
-95.94192504882812
 30
0.0
 11
502.33043670654297
 21
-95.94192504882812
 31
0.0
  0
LINE
  5
1471
330
17
100
AcDbEntity
  8
0
100
AcDbLine
 10
502.33043670654297
 20
-95.94192504882812
 30
0.0
 11
493.7013626098633
 21
-95.94192504882812
 31
0.0
  0
LINE
  5
1472
330
17
100
AcDbEntity
  8
0
100
AcDbLine
 10
506.2013626098633
 20
-95.89420318603516
 30
0.0
 11
506.2013626098633
 21
-95.34191131591797
 31
0.0
  0
LINE
  5
1473
330
17
100
AcDbEntity
  8
0
100
AcDbLine
 10
507.2013854980469
 20
-95.60234069824219
 30
0.0
 11
507.2013854980469
 21
-95.34191131591797
 31
0.0
  0
LINE
  5
1474
330
17
100
AcDbEntity
  8
0
100
AcDbLine
 10
507.2013854980469
 20
-95.34191131591797
 30
0.0
 11
506.49757385253906
 21
-95.34191131591797
 31
0.0
  0
LINE
  5
1475
330
17
100
AcDbEntity
  8
0
100
AcDbLine
 10
506.49757385253906
 20
-95.34191131591797
 30
0.0
 11
506.2013626098633
 21
-95.34191131591797
 31
0.0
  0
LINE
  5
1476
330
17
100
AcDbEntity
  8
0
100
AcDbLine
 10
493.7013626098633
 20
-95.58967590332031
 30
0.0
 11
493.7013626098633
 21
-95.34191131591797
 31
0.0
  0
LINE
  5
1477
330
17
100
AcDbEntity
  8
0
100
AcDbLine
 10
493.7013626098633
 20
-95.34191131591797
 30
0.0
 11
493.4051513671875
 21
-95.34191131591797
 31
0.0
  0
LINE
  5
1478
330
17
100
AcDbEntity
  8
0
100
AcDbLine
 10
506.2013626098633
 20
-96.14192962646484
 30
0.0
 11
506.2013626098633
 21
-95.89420318603516
 31
0.0
  0
LINE
  5
1479
330
17
100
AcDbEntity
  8
0
100
AcDbLine
 10
506.86168670654297
 20
-96.14192962646484
 30
0.0
 11
506.2013626098633
 21
-96.14192962646484
 31
0.0
  0
LINE
  5
147A
330
17
100
AcDbEntity
  8
0
100
AcDbLine
 10
493.7013626098633
 20
-96.14192962646484
 30
0.0
 11
493.7013626098633
 21
-95.58967590332031
 31
0.0
  0
LINE
  5
147B
330
17
100
AcDbEntity
  8
0
100
AcDbLine
 10
493.7013626098633
 20
-96.14192962646484
 30
0.0
 11
493.4051513671875
 21
-96.14192962646484
 31
0.0
  0
LINE
  5
147C
330
17
100
AcDbEntity
  8
0
100
AcDbLine
 10
491.7013931274414
 20
-95.80387115478516
 30
0.0
 11
491.7013931274414
 21
-95.7419204711914
 31
0.0
  0
LINE
  5
147D
330
17
100
AcDbEntity
  8
0
100
AcDbLine
 10
479.2013931274414
 20
-95.88001251220703
 30
0.0
 11
479.2013931274414
 21
-95.7419204711914
 31
0.0
  0
LINE
  5
147E
330
17
100
AcDbEntity
  8
0
100
AcDbLine
 10
483.0723190307617
 20
-95.7419204711914
 30
0.0
 11
479.2013931274414
 21
-95.7419204711914
 31
0.0
  0
LINE
  5
147F
330
17
100
AcDbEntity
  8
0
100
AcDbLine
 10
491.7013931274414
 20
-95.7419204711914
 30
0.0
 11
483.0723190307617
 21
-95.7419204711914
 31
0.0
  0
LINE
  5
1480
330
17
100
AcDbEntity
  8
0
100
AcDbLine
 10
479.2013931274414
 20
-95.94192504882812
 30
0.0
 11
479.2013931274414
 21
-95.88001251220703
 31
0.0
  0
LINE
  5
1481
330
17
100
AcDbEntity
  8
0
100
AcDbLine
 10
491.7013931274414
 20
-95.94192504882812
 30
0.0
 11
491.7013931274414
 21
-95.80387115478516
 31
0.0
  0
LINE
  5
1482
330
17
100
AcDbEntity
  8
0
100
AcDbLine
 10
491.7013931274414
 20
-95.94192504882812
 30
0.0
 11
487.8304672241211
 21
-95.94192504882812
 31
0.0
  0
LINE
  5
1483
330
17
100
AcDbEntity
  8
0
100
AcDbLine
 10
487.8304672241211
 20
-95.94192504882812
 30
0.0
 11
479.2013931274414
 21
-95.94192504882812
 31
0.0
  0
LINE
  5
1484
330
17
100
AcDbEntity
  8
0
100
AcDbLine
 10
491.7013931274414
 20
-95.89420318603516
 30
0.0
 11
491.7013931274414
 21
-95.34191131591797
 31
0.0
  0
LINE
  5
1485
330
17
100
AcDbEntity
  8
0
100
AcDbLine
 10
492.70137786865234
 20
-95.60234069824219
 30
0.0
 11
492.70137786865234
 21
-95.34191131591797
 31
0.0
  0
LINE
  5
1486
330
17
100
AcDbEntity
  8
0
100
AcDbLine
 10
493.4051513671875
 20
-95.34191131591797
 30
0.0
 11
492.70137786865234
 21
-95.34191131591797
 31
0.0
  0
LINE
  5
1487
330
17
100
AcDbEntity
  8
0
100
AcDbLine
 10
492.70137786865234
 20
-95.34191131591797
 30
0.0
 11
491.9976043701172
 21
-95.34191131591797
 31
0.0
  0
LINE
  5
1488
330
17
100
AcDbEntity
  8
0
100
AcDbLine
 10
491.9976043701172
 20
-95.34191131591797
 30
0.0
 11
491.7013931274414
 21
-95.34191131591797
 31
0.0
  0
LINE
  5
1489
330
17
100
AcDbEntity
  8
0
100
AcDbLine
 10
479.2013931274414
 20
-95.58967590332031
 30
0.0
 11
479.2013931274414
 21
-95.34191131591797
 31
0.0
  0
LINE
  5
148A
330
17
100
AcDbEntity
  8
0
100
AcDbLine
 10
479.2013931274414
 20
-95.34191131591797
 30
0.0
 11
478.9051818847656
 21
-95.34191131591797
 31
0.0
  0
LINE
  5
148B
330
17
100
AcDbEntity
  8
0
100
AcDbLine
 10
478.9051818847656
 20
-95.34191131591797
 30
0.0
 11
478.2013702392578
 21
-95.34191131591797
 31
0.0
  0
LINE
  5
148C
330
17
100
AcDbEntity
  8
0
100
AcDbLine
 10
478.2013702392578
 20
-95.88150024414062
 30
0.0
 11
478.2013702392578
 21
-95.34191131591797
 31
0.0
  0
LINE
  5
148D
330
17
100
AcDbEntity
  8
0
100
AcDbLine
 10
491.7013931274414
 20
-96.14192962646484
 30
0.0
 11
491.7013931274414
 21
-95.89420318603516
 31
0.0
  0
LINE
  5
148E
330
17
100
AcDbEntity
  8
0
100
AcDbLine
 10
492.70137786865234
 20
-96.14192962646484
 30
0.0
 11
492.70137786865234
 21
-95.60234069824219
 31
0.0
  0
LINE
  5
148F
330
17
100
AcDbEntity
  8
0
100
AcDbLine
 10
493.4051513671875
 20
-96.14192962646484
 30
0.0
 11
492.70137786865234
 21
-96.14192962646484
 31
0.0
  0
LINE
  5
1490
330
17
100
AcDbEntity
  8
0
100
AcDbLine
 10
492.70137786865234
 20
-96.14192962646484
 30
0.0
 11
492.36167907714844
 21
-96.14192962646484
 31
0.0
  0
LINE
  5
1491
330
17
100
AcDbEntity
  8
0
100
AcDbLine
 10
492.36167907714844
 20
-96.14192962646484
 30
0.0
 11
491.7013931274414
 21
-96.14192962646484
 31
0.0
  0
LINE
  5
1492
330
17
100
AcDbEntity
  8
0
100
AcDbLine
 10
479.2013931274414
 20
-96.14192962646484
 30
0.0
 11
479.2013931274414
 21
-95.58967590332031
 31
0.0
  0
LINE
  5
1493
330
17
100
AcDbEntity
  8
0
100
AcDbLine
 10
479.2013931274414
 20
-96.14192962646484
 30
0.0
 11
478.9051818847656
 21
-96.14192962646484
 31
0.0
  0
LINE
  5
1494
330
17
100
AcDbEntity
  8
0
100
AcDbLine
 10
507.2013854980469
 20
-95.68618774414062
 30
0.0
 11
507.2013854980469
 21
-94.74193572998047
 31
0.0
  0
LINE
  5
1495
330
17
100
AcDbEntity
  8
0
100
AcDbLine
 10
508.2013702392578
 20
-95.21648406982422
 30
0.0
 11
508.2013702392578
 21
-94.74193572998047
 31
0.0
  0
LINE
  5
1496
330
17
100
AcDbEntity
  8
0
100
AcDbLine
 10
508.2013702392578
 20
-94.74193572998047
 30
0.0
 11
507.5138854980469
 21
-94.74193572998047
 31
0.0
  0
LINE
  5
1497
330
17
100
AcDbEntity
  8
0
100
AcDbLine
 10
507.5138854980469
 20
-94.74193572998047
 30
0.0
 11
507.2013854980469
 21
-94.74193572998047
 31
0.0
  0
LINE
  5
1498
330
17
100
AcDbEntity
  8
0
100
AcDbLine
 10
478.2013702392578
 20
-95.19767761230469
 30
0.0
 11
478.2013702392578
 21
-94.74193572998047
 31
0.0
  0
LINE
  5
1499
330
17
100
AcDbEntity
  8
0
100
AcDbLine
 10
478.2013702392578
 20
-94.74193572998047
 30
0.0
 11
477.8888702392578
 21
-94.74193572998047
 31
0.0
  0
LINE
  5
149A
330
17
100
AcDbEntity
  8
0
100
AcDbLine
 10
477.8888702392578
 20
-94.74193572998047
 30
0.0
 11
477.2013854980469
 21
-94.74193572998047
 31
0.0
  0
LINE
  5
149B
330
17
100
AcDbEntity
  8
0
100
AcDbLine
 10
477.2013854980469
 20
-95.6673812866211
 30
0.0
 11
477.2013854980469
 21
-94.74193572998047
 31
0.0
  0
LINE
  5
149C
330
17
100
AcDbEntity
  8
0
100
AcDbLine
 10
507.2013854980469
 20
-96.14192962646484
 30
0.0
 11
506.86168670654297
 21
-96.14192962646484
 31
0.0
  0
LINE
  5
149D
330
17
100
AcDbEntity
  8
0
100
AcDbLine
 10
507.2013854980469
 20
-96.14192962646484
 30
0.0
 11
507.2013854980469
 21
-95.68618774414062
 31
0.0
  0
LINE
  5
149E
330
17
100
AcDbEntity
  8
0
100
AcDbLine
 10
507.2013854980469
 20
-96.14192962646484
 30
0.0
 11
507.2013854980469
 21
-95.60234069824219
 31
0.0
  0
LINE
  5
149F
330
17
100
AcDbEntity
  8
0
100
AcDbLine
 10
508.2013702392578
 20
-96.14192962646484
 30
0.0
 11
508.2013702392578
 21
-95.21648406982422
 31
0.0
  0
LINE
  5
14A0
330
17
100
AcDbEntity
  8
0
100
AcDbLine
 10
508.2013702392578
 20
-96.14192962646484
 30
0.0
 11
507.8488540649414
 21
-96.14192962646484
 31
0.0
  0
LINE
  5
14A1
330
17
100
AcDbEntity
  8
0
100
AcDbLine
 10
507.8488540649414
 20
-96.14192962646484
 30
0.0
 11
507.2013854980469
 21
-96.14192962646484
 31
0.0
  0
LINE
  5
14A2
330
17
100
AcDbEntity
  8
0
100
AcDbLine
 10
477.2013854980469
 20
-96.14192962646484
 30
0.0
 11
477.2013854980469
 21
-95.6673812866211
 31
0.0
  0
LINE
  5
14A3
330
17
100
AcDbEntity
  8
0
100
AcDbLine
 10
478.9051818847656
 20
-96.14192962646484
 30
0.0
 11
478.2013702392578
 21
-96.14192962646484
 31
0.0
  0
LINE
  5
14A4
330
17
100
AcDbEntity
  8
0
100
AcDbLine
 10
478.2013702392578
 20
-96.14192962646484
 30
0.0
 11
478.2013702392578
 21
-95.19767761230469
 31
0.0
  0
LINE
  5
14A5
330
17
100
AcDbEntity
  8
0
100
AcDbLine
 10
478.2013702392578
 20
-96.14192962646484
 30
0.0
 11
478.2013702392578
 21
-95.88150024414062
 31
0.0
  0
LINE
  5
14A6
330
17
100
AcDbEntity
  8
0
100
AcDbLine
 10
478.2013702392578
 20
-96.14192962646484
 30
0.0
 11
477.8888702392578
 21
-96.14192962646484
 31
0.0
  0
LINE
  5
14A7
330
17
100
AcDbEntity
  8
0
100
AcDbLine
 10
477.8888702392578
 20
-96.14192962646484
 30
0.0
 11
477.2013854980469
 21
-96.14192962646484
 31
0.0
  0
LINE
  5
14A8
330
17
100
AcDbEntity
  8
0
100
AcDbLine
 10
54.54181671142578
 20
-179.62921142578125
 30
0.0
 11
54.48080062866211
 21
-179.62921142578125
 31
0.0
  0
LINE
  5
14A9
330
17
100
AcDbEntity
  8
0
100
AcDbLine
 10
54.619789123535156
 20
-192.12921142578125
 30
0.0
 11
54.48080062866211
 21
-192.12921142578125
 31
0.0
  0
LINE
  5
14AA
330
17
100
AcDbEntity
  8
0
100
AcDbLine
 10
54.48080062866211
 20
-188.3150863647461
 30
0.0
 11
54.48080062866211
 21
-192.12921142578125
 31
0.0
  0
LINE
  5
14AB
330
17
100
AcDbEntity
  8
0
100
AcDbLine
 10
54.48080062866211
 20
-179.62921142578125
 30
0.0
 11
54.48080062866211
 21
-188.3150863647461
 31
0.0
  0
LINE
  5
14AC
330
17
100
AcDbEntity
  8
0
100
AcDbLine
 10
54.68080520629883
 20
-192.12921142578125
 30
0.0
 11
54.619789123535156
 21
-192.12921142578125
 31
0.0
  0
LINE
  5
14AD
330
17
100
AcDbEntity
  8
0
100
AcDbLine
 10
54.68080520629883
 20
-179.62921142578125
 30
0.0
 11
54.54181671142578
 21
-179.62921142578125
 31
0.0
  0
LINE
  5
14AE
330
17
100
AcDbEntity
  8
0
100
AcDbLine
 10
54.68080520629883
 20
-179.62921142578125
 30
0.0
 11
54.68080520629883
 21
-183.44329833984375
 31
0.0
  0
LINE
  5
14AF
330
17
100
AcDbEntity
  8
0
100
AcDbLine
 10
54.68080520629883
 20
-183.44329833984375
 30
0.0
 11
54.68080520629883
 21
-192.12921142578125
 31
0.0
  0
LINE
  5
14B0
330
17
100
AcDbEntity
  8
0
100
AcDbLine
 10
54.636688232421875
 20
-179.62921142578125
 30
0.0
 11
54.080810546875
 21
-179.62921142578125
 31
0.0
  0
LINE
  5
14B1
330
17
100
AcDbEntity
  8
0
100
AcDbLine
 10
54.3379020690918
 20
-178.62918853759766
 30
0.0
 11
54.080810546875
 21
-178.62918853759766
 31
0.0
  0
LINE
  5
14B2
330
17
100
AcDbEntity
  8
0
100
AcDbLine
 10
54.080810546875
 20
-178.62918853759766
 30
0.0
 11
54.080810546875
 21
-179.33734893798828
 31
0.0
  0
LINE
  5
14B3
330
17
100
AcDbEntity
  8
0
100
AcDbLine
 10
54.080810546875
 20
-179.33734893798828
 30
0.0
 11
54.080810546875
 21
-179.62921142578125
 31
0.0
  0
LINE
  5
14B4
330
17
100
AcDbEntity
  8
0
100
AcDbLine
 10
54.324913024902344
 20
-192.12921142578125
 30
0.0
 11
54.080810546875
 21
-192.12921142578125
 31
0.0
  0
LINE
  5
14B5
330
17
100
AcDbEntity
  8
0
100
AcDbLine
 10
54.080810546875
 20
-192.12921142578125
 30
0.0
 11
54.080810546875
 21
-192.42107391357422
 31
0.0
  0
LINE
  5
14B6
330
17
100
AcDbEntity
  8
0
100
AcDbLine
 10
54.88079071044922
 20
-179.62921142578125
 30
0.0
 11
54.636688232421875
 21
-179.62921142578125
 31
0.0
  0
LINE
  5
14B7
330
17
100
AcDbEntity
  8
0
100
AcDbLine
 10
54.88079071044922
 20
-178.96453857421875
 30
0.0
 11
54.88079071044922
 21
-179.62921142578125
 31
0.0
  0
LINE
  5
14B8
330
17
100
AcDbEntity
  8
0
100
AcDbLine
 10
54.88079071044922
 20
-192.12921142578125
 30
0.0
 11
54.324913024902344
 21
-192.12921142578125
 31
0.0
  0
LINE
  5
14B9
330
17
100
AcDbEntity
  8
0
100
AcDbLine
 10
54.88079071044922
 20
-192.12921142578125
 30
0.0
 11
54.88079071044922
 21
-192.42107391357422
 31
0.0
  0
LINE
  5
14BA
330
17
100
AcDbEntity
  8
0
100
AcDbLine
 10
54.54181671142578
 20
-194.12918090820312
 30
0.0
 11
54.48080062866211
 21
-194.12918090820312
 31
0.0
  0
LINE
  5
14BB
330
17
100
AcDbEntity
  8
0
100
AcDbLine
 10
54.61977005004883
 20
-206.62918090820312
 30
0.0
 11
54.48080062866211
 21
-206.62918090820312
 31
0.0
  0
LINE
  5
14BC
330
17
100
AcDbEntity
  8
0
100
AcDbLine
 10
54.48080062866211
 20
-202.81509399414062
 30
0.0
 11
54.48080062866211
 21
-206.62918090820312
 31
0.0
  0
LINE
  5
14BD
330
17
100
AcDbEntity
  8
0
100
AcDbLine
 10
54.48080062866211
 20
-194.12918090820312
 30
0.0
 11
54.48080062866211
 21
-202.81509399414062
 31
0.0
  0
LINE
  5
14BE
330
17
100
AcDbEntity
  8
0
100
AcDbLine
 10
54.6807861328125
 20
-206.62918090820312
 30
0.0
 11
54.61977005004883
 21
-206.62918090820312
 31
0.0
  0
LINE
  5
14BF
330
17
100
AcDbEntity
  8
0
100
AcDbLine
 10
54.6807861328125
 20
-194.12918090820312
 30
0.0
 11
54.54181671142578
 21
-194.12918090820312
 31
0.0
  0
LINE
  5
14C0
330
17
100
AcDbEntity
  8
0
100
AcDbLine
 10
54.6807861328125
 20
-194.12918090820312
 30
0.0
 11
54.6807861328125
 21
-197.94330596923828
 31
0.0
  0
LINE
  5
14C1
330
17
100
AcDbEntity
  8
0
100
AcDbLine
 10
54.6807861328125
 20
-197.94330596923828
 30
0.0
 11
54.6807861328125
 21
-206.62918090820312
 31
0.0
  0
LINE
  5
14C2
330
17
100
AcDbEntity
  8
0
100
AcDbLine
 10
54.636688232421875
 20
-194.12918090820312
 30
0.0
 11
54.080810546875
 21
-194.12918090820312
 31
0.0
  0
LINE
  5
14C3
330
17
100
AcDbEntity
  8
0
100
AcDbLine
 10
54.33788299560547
 20
-193.1291961669922
 30
0.0
 11
54.080810546875
 21
-193.1291961669922
 31
0.0
  0
LINE
  5
14C4
330
17
100
AcDbEntity
  8
0
100
AcDbLine
 10
54.080810546875
 20
-192.42107391357422
 30
0.0
 11
54.080810546875
 21
-193.1291961669922
 31
0.0
  0
LINE
  5
14C5
330
17
100
AcDbEntity
  8
0
100
AcDbLine
 10
54.080810546875
 20
-193.1291961669922
 30
0.0
 11
54.080810546875
 21
-193.83731842041016
 31
0.0
  0
LINE
  5
14C6
330
17
100
AcDbEntity
  8
0
100
AcDbLine
 10
54.080810546875
 20
-193.83731842041016
 30
0.0
 11
54.080810546875
 21
-194.12918090820312
 31
0.0
  0
LINE
  5
14C7
330
17
100
AcDbEntity
  8
0
100
AcDbLine
 10
54.324913024902344
 20
-206.62918090820312
 30
0.0
 11
54.08079147338867
 21
-206.62918090820312
 31
0.0
  0
LINE
  5
14C8
330
17
100
AcDbEntity
  8
0
100
AcDbLine
 10
54.08079147338867
 20
-206.62918090820312
 30
0.0
 11
54.08079147338867
 21
-206.9210433959961
 31
0.0
  0
LINE
  5
14C9
330
17
100
AcDbEntity
  8
0
100
AcDbLine
 10
54.08079147338867
 20
-206.9210433959961
 30
0.0
 11
54.08079147338867
 21
-207.62920379638672
 31
0.0
  0
LINE
  5
14CA
330
17
100
AcDbEntity
  8
0
100
AcDbLine
 10
54.62369918823242
 20
-207.62920379638672
 30
0.0
 11
54.08079147338867
 21
-207.62920379638672
 31
0.0
  0
LINE
  5
14CB
330
17
100
AcDbEntity
  8
0
100
AcDbLine
 10
54.88079071044922
 20
-194.12918090820312
 30
0.0
 11
54.636688232421875
 21
-194.12918090820312
 31
0.0
  0
LINE
  5
14CC
330
17
100
AcDbEntity
  8
0
100
AcDbLine
 10
54.88079071044922
 20
-193.1291961669922
 30
0.0
 11
54.33788299560547
 21
-193.1291961669922
 31
0.0
  0
LINE
  5
14CD
330
17
100
AcDbEntity
  8
0
100
AcDbLine
 10
54.88079071044922
 20
-192.42107391357422
 30
0.0
 11
54.88079071044922
 21
-193.1291961669922
 31
0.0
  0
LINE
  5
14CE
330
17
100
AcDbEntity
  8
0
100
AcDbLine
 10
54.88079071044922
 20
-193.1291961669922
 30
0.0
 11
54.88079071044922
 21
-193.46454620361328
 31
0.0
  0
LINE
  5
14CF
330
17
100
AcDbEntity
  8
0
100
AcDbLine
 10
54.88079071044922
 20
-193.46454620361328
 30
0.0
 11
54.88079071044922
 21
-194.12918090820312
 31
0.0
  0
LINE
  5
14D0
330
17
100
AcDbEntity
  8
0
100
AcDbLine
 10
54.88079071044922
 20
-206.62918090820312
 30
0.0
 11
54.324913024902344
 21
-206.62918090820312
 31
0.0
  0
LINE
  5
14D1
330
17
100
AcDbEntity
  8
0
100
AcDbLine
 10
54.88079071044922
 20
-206.62918090820312
 30
0.0
 11
54.88079071044922
 21
-206.9210433959961
 31
0.0
  0
LINE
  5
14D2
330
17
100
AcDbEntity
  8
0
100
AcDbLine
 10
54.430885314941406
 20
-178.62918853759766
 30
0.0
 11
53.480796813964844
 21
-178.62918853759766
 31
0.0
  0
LINE
  5
14D3
330
17
100
AcDbEntity
  8
0
100
AcDbLine
 10
53.94996643066406
 20
-177.62920379638672
 30
0.0
 11
53.480796813964844
 21
-177.62920379638672
 31
0.0
  0
LINE
  5
14D4
330
17
100
AcDbEntity
  8
0
100
AcDbLine
 10
53.480796813964844
 20
-177.62920379638672
 30
0.0
 11
53.480796813964844
 21
-178.32069396972656
 31
0.0
  0
LINE
  5
14D5
330
17
100
AcDbEntity
  8
0
100
AcDbLine
 10
53.480796813964844
 20
-178.32069396972656
 30
0.0
 11
53.480796813964844
 21
-178.62918853759766
 31
0.0
  0
LINE
  5
14D6
330
17
100
AcDbEntity
  8
0
100
AcDbLine
 10
53.930702209472656
 20
-207.62920379638672
 30
0.0
 11
53.480796813964844
 21
-207.62920379638672
 31
0.0
  0
LINE
  5
14D7
330
17
100
AcDbEntity
  8
0
100
AcDbLine
 10
53.480796813964844
 20
-207.62920379638672
 30
0.0
 11
53.480796813964844
 21
-207.9376983642578
 31
0.0
  0
LINE
  5
14D8
330
17
100
AcDbEntity
  8
0
100
AcDbLine
 10
53.480796813964844
 20
-207.9376983642578
 30
0.0
 11
53.480796813964844
 21
-208.62918853759766
 31
0.0
  0
LINE
  5
14D9
330
17
100
AcDbEntity
  8
0
100
AcDbLine
 10
54.41164016723633
 20
-208.62918853759766
 30
0.0
 11
53.480796813964844
 21
-208.62918853759766
 31
0.0
  0
LINE
  5
14DA
330
17
100
AcDbEntity
  8
0
100
AcDbLine
 10
54.88079071044922
 20
-178.62918853759766
 30
0.0
 11
54.88079071044922
 21
-178.96453857421875
 31
0.0
  0
LINE
  5
14DB
330
17
100
AcDbEntity
  8
0
100
AcDbLine
 10
54.88079071044922
 20
-178.62918853759766
 30
0.0
 11
54.430885314941406
 21
-178.62918853759766
 31
0.0
  0
LINE
  5
14DC
330
17
100
AcDbEntity
  8
0
100
AcDbLine
 10
54.88079071044922
 20
-178.62918853759766
 30
0.0
 11
54.3379020690918
 21
-178.62918853759766
 31
0.0
  0
LINE
  5
14DD
330
17
100
AcDbEntity
  8
0
100
AcDbLine
 10
54.88080978393555
 20
-177.62920379638672
 30
0.0
 11
53.94996643066406
 21
-177.62920379638672
 31
0.0
  0
LINE
  5
14DE
330
17
100
AcDbEntity
  8
0
100
AcDbLine
 10
54.88080978393555
 20
-177.62920379638672
 30
0.0
 11
54.88079071044922
 21
-177.97771453857422
 31
0.0
  0
LINE
  5
14DF
330
17
100
AcDbEntity
  8
0
100
AcDbLine
 10
54.88079071044922
 20
-177.97771453857422
 30
0.0
 11
54.88079071044922
 21
-178.62918853759766
 31
0.0
  0
LINE
  5
14E0
330
17
100
AcDbEntity
  8
0
100
AcDbLine
 10
54.88079071044922
 20
-208.62918853759766
 30
0.0
 11
54.41164016723633
 21
-208.62918853759766
 31
0.0
  0
LINE
  5
14E1
330
17
100
AcDbEntity
  8
0
100
AcDbLine
 10
54.88079071044922
 20
-206.9210433959961
 30
0.0
 11
54.88079071044922
 21
-207.62920379638672
 31
0.0
  0
LINE
  5
14E2
330
17
100
AcDbEntity
  8
0
100
AcDbLine
 10
54.88079071044922
 20
-207.62920379638672
 30
0.0
 11
53.930702209472656
 21
-207.62920379638672
 31
0.0
  0
LINE
  5
14E3
330
17
100
AcDbEntity
  8
0
100
AcDbLine
 10
54.88079071044922
 20
-207.62920379638672
 30
0.0
 11
54.62369918823242
 21
-207.62920379638672
 31
0.0
  0
LINE
  5
14E4
330
17
100
AcDbEntity
  8
0
100
AcDbLine
 10
54.88079071044922
 20
-207.62920379638672
 30
0.0
 11
54.88079071044922
 21
-207.9376983642578
 31
0.0
  0
LINE
  5
14E5
330
17
100
AcDbEntity
  8
0
100
AcDbLine
 10
54.88079071044922
 20
-207.9376983642578
 30
0.0
 11
54.88079071044922
 21
-208.62918853759766
 31
0.0
  0
LWPOLYLINE
  5
14E6
330
17
100
AcDbEntity
  8
0
100
AcDbPolyline
 90
12
 70
1
 10
313.3913803100586
 20
-247.3609161376953
 10
313.2335662841797
 20
-247.3609161376953
 10
313.0326461791992
 20
-249.24945831298828
 10
312.93357849121094
 20
-250.1807403564453
 10
312.93357849121094
 20
-257.61390686035156
 10
312.93357849121094
 20
-266.5410614013672
 10
313.0525588989258
 20
-267.6594924926758
 10
313.2335662841797
 20
-269.3608856201172
 10
313.37574005126953
 20
-269.3608856201172
 10
313.5335922241211
 20
-269.3608856201172
 10
313.5335922241211
 20
-258.9344024658203
 10
313.5335922241211
 20
-247.3609161376953
  0
LWPOLYLINE
  5
14E7
330
17
100
AcDbEntity
  8
0
100
AcDbPolyline
 90
12
 70
1
 10
236.59025192260742
 20
-145.36731719970703
 10
236.43243789672852
 20
-145.36731719970703
 10
236.23149871826172
 20
-147.255859375
 10
236.13243103027344
 20
-148.18710327148438
 10
236.13243103027344
 20
-155.62030792236328
 10
236.13243103027344
 20
-164.54750061035156
 10
236.25141143798828
 20
-165.6658935546875
 10
236.43243789672852
 20
-167.3672866821289
 10
236.57461166381836
 20
-167.3672866821289
 10
236.73242568969727
 20
-167.3672866821289
 10
236.73242568969727
 20
-156.94080352783203
 10
236.73242568969727
 20
-145.36731719970703
  0
LWPOLYLINE
  5
14E8
330
17
100
AcDbEntity
  8
0
100
AcDbPolyline
 90
18
 70
1
 10
378.90010833740234
 20
-215.04215240478516
 10
378.4516143798828
 20
-215.04215240478516
 10
378.2291030883789
 20
-215.04215240478516
 10
374.6986389160156
 20
-215.04215240478516
 10
374.6986389160156
 20
-222.45079040527344
 10
374.6986389160156
 20
-233.04214477539062
 10
378.2291030883789
 20
-233.04214477539062
 10
378.4516143798828
 20
-233.04214477539062
 10
378.90010833740234
 20
-233.04214477539062
 10
379.25193786621094
 20
-233.04214477539062
 10
379.5353698730469
 20
-233.04214477539062
 10
379.76856231689453
 20
-233.04214477539062
 10
382.1662139892578
 20
-233.04214477539062
 10
382.1662139892578
 20
-224.76726531982422
 10
382.1662139892578
 20
-215.04215240478516
 10
379.76856231689453
 20
-215.04215240478516
 10
379.5353698730469
 20
-215.04215240478516
 10
379.25193786621094
 20
-215.04215240478516
  0
LINE
  5
14E9
330
17
100
AcDbEntity
  8
0
100
AcDbLine
 10
54.6807861328125
 20
-225.84613800048828
 30
0.0
 11
54.568214416503906
 21
-225.84613800048828
 31
0.0
  0
LINE
  5
14EA
330
17
100
AcDbEntity
  8
0
100
AcDbLine
 10
54.6807861328125
 20
-242.5128173828125
 30
0.0
 11
54.593353271484375
 21
-242.5128173828125
 31
0.0
  0
LINE
  5
14EB
330
17
100
AcDbEntity
  8
0
100
AcDbLine
 10
54.6807861328125
 20
-233.13201904296875
 30
0.0
 11
54.6807861328125
 21
-242.5128173828125
 31
0.0
  0
LINE
  5
14EC
330
17
100
AcDbEntity
  8
0
100
AcDbLine
 10
54.6807861328125
 20
-225.84613800048828
 30
0.0
 11
54.6807861328125
 21
-233.13201904296875
 31
0.0
  0
LINE
  5
14ED
330
17
100
AcDbEntity
  8
0
100
AcDbLine
 10
54.568214416503906
 20
-225.84613800048828
 30
0.0
 11
54.48078155517578
 21
-225.84613800048828
 31
0.0
  0
LINE
  5
14EE
330
17
100
AcDbEntity
  8
0
100
AcDbLine
 10
54.48078155517578
 20
-225.84613800048828
 30
0.0
 11
54.48078155517578
 21
-233.13201904296875
 31
0.0
  0
LINE
  5
14EF
330
17
100
AcDbEntity
  8
0
100
AcDbLine
 10
54.48078155517578
 20
-233.13201904296875
 30
0.0
 11
54.48078155517578
 21
-242.5128173828125
 31
0.0
  0
LINE
  5
14F0
330
17
100
AcDbEntity
  8
0
100
AcDbLine
 10
54.593353271484375
 20
-242.5128173828125
 30
0.0
 11
54.48078155517578
 21
-242.5128173828125
 31
0.0
  0
LINE
  5
14F1
330
17
100
AcDbEntity
  8
0
100
AcDbLine
 10
54.88079071044922
 20
-225.84613800048828
 30
0.0
 11
54.618492126464844
 21
-225.84613800048828
 31
0.0
  0
LINE
  5
14F2
330
17
100
AcDbEntity
  8
0
100
AcDbLine
 10
54.88079071044922
 20
-225.19207000732422
 30
0.0
 11
54.88079071044922
 21
-225.84613800048828
 31
0.0
  0
LINE
  5
14F3
330
17
100
AcDbEntity
  8
0
100
AcDbLine
 10
54.88079071044922
 20
-242.5128173828125
 30
0.0
 11
54.54307556152344
 21
-242.5128173828125
 31
0.0
  0
LINE
  5
14F4
330
17
100
AcDbEntity
  8
0
100
AcDbLine
 10
54.88079071044922
 20
-242.5128173828125
 30
0.0
 11
54.88079071044922
 21
-243.16692352294922
 31
0.0
  0
LINE
  5
14F5
330
17
100
AcDbEntity
  8
0
100
AcDbLine
 10
54.88079071044922
 20
-243.16692352294922
 30
0.0
 11
54.88079071044922
 21
-243.71280670166016
 31
0.0
  0
LINE
  5
14F6
330
17
100
AcDbEntity
  8
0
100
AcDbLine
 10
54.88079071044922
 20
-243.71280670166016
 30
0.0
 11
54.54538345336914
 21
-243.71280670166016
 31
0.0
  0
LINE
  5
14F7
330
17
100
AcDbEntity
  8
0
100
AcDbLine
 10
54.618492126464844
 20
-225.84613800048828
 30
0.0
 11
54.28077697753906
 21
-225.84613800048828
 31
0.0
  0
LINE
  5
14F8
330
17
100
AcDbEntity
  8
0
100
AcDbLine
 10
54.28077697753906
 20
-225.19207000732422
 30
0.0
 11
54.28077697753906
 21
-225.84613800048828
 31
0.0
  0
LINE
  5
14F9
330
17
100
AcDbEntity
  8
0
100
AcDbLine
 10
54.28077697753906
 20
-224.64614868164062
 30
0.0
 11
54.28077697753906
 21
-225.19207000732422
 31
0.0
  0
LINE
  5
14FA
330
17
100
AcDbEntity
  8
0
100
AcDbLine
 10
54.54540252685547
 20
-224.64614868164062
 30
0.0
 11
54.28077697753906
 21
-224.64614868164062
 31
0.0
  0
LINE
  5
14FB
330
17
100
AcDbEntity
  8
0
100
AcDbLine
 10
54.54307556152344
 20
-242.5128173828125
 30
0.0
 11
54.28077697753906
 21
-242.5128173828125
 31
0.0
  0
LINE
  5
14FC
330
17
100
AcDbEntity
  8
0
100
AcDbLine
 10
54.28077697753906
 20
-242.5128173828125
 30
0.0
 11
54.28077697753906
 21
-243.16692352294922
 31
0.0
  0
LINE
  5
14FD
330
17
100
AcDbEntity
  8
0
100
AcDbLine
 10
54.080772399902344
 20
-244.91283416748047
 30
0.0
 11
53.96820068359375
 21
-244.91283416748047
 31
0.0
  0
LINE
  5
14FE
330
17
100
AcDbEntity
  8
0
100
AcDbLine
 10
54.080772399902344
 20
-261.57947540283203
 30
0.0
 11
53.99333953857422
 21
-261.57947540283203
 31
0.0
  0
LINE
  5
14FF
330
17
100
AcDbEntity
  8
0
100
AcDbLine
 10
54.080772399902344
 20
-252.19867706298828
 30
0.0
 11
54.080772399902344
 21
-261.57947540283203
 31
0.0
  0
LINE
  5
1500
330
17
100
AcDbEntity
  8
0
100
AcDbLine
 10
54.080772399902344
 20
-244.91283416748047
 30
0.0
 11
54.080772399902344
 21
-252.19867706298828
 31
0.0
  0
LINE
  5
1501
330
17
100
AcDbEntity
  8
0
100
AcDbLine
 10
53.96820068359375
 20
-244.91283416748047
 30
0.0
 11
53.88078689575195
 21
-244.91283416748047
 31
0.0
  0
LINE
  5
1502
330
17
100
AcDbEntity
  8
0
100
AcDbLine
 10
53.88078689575195
 20
-244.91283416748047
 30
0.0
 11
53.880767822265625
 21
-252.19867706298828
 31
0.0
  0
LINE
  5
1503
330
17
100
AcDbEntity
  8
0
100
AcDbLine
 10
53.880767822265625
 20
-252.19867706298828
 30
0.0
 11
53.880767822265625
 21
-261.57947540283203
 31
0.0
  0
LINE
  5
1504
330
17
100
AcDbEntity
  8
0
100
AcDbLine
 10
53.99333953857422
 20
-261.57947540283203
 30
0.0
 11
53.880767822265625
 21
-261.57947540283203
 31
0.0
  0
LINE
  5
1505
330
17
100
AcDbEntity
  8
0
100
AcDbLine
 10
54.28077697753906
 20
-244.91283416748047
 30
0.0
 11
54.018497467041016
 21
-244.91283416748047
 31
0.0
  0
LINE
  5
1506
330
17
100
AcDbEntity
  8
0
100
AcDbLine
 10
54.28077697753906
 20
-243.16692352294922
 30
0.0
 11
54.28077697753906
 21
-243.71280670166016
 31
0.0
  0
LINE
  5
1507
330
17
100
AcDbEntity
  8
0
100
AcDbLine
 10
54.28077697753906
 20
-243.71280670166016
 30
0.0
 11
53.94538879394531
 21
-243.71280670166016
 31
0.0
  0
LINE
  5
1508
330
17
100
AcDbEntity
  8
0
100
AcDbLine
 10
54.54538345336914
 20
-243.71280670166016
 30
0.0
 11
54.28077697753906
 21
-243.71280670166016
 31
0.0
  0
LINE
  5
1509
330
17
100
AcDbEntity
  8
0
100
AcDbLine
 10
54.28077697753906
 20
-243.71280670166016
 30
0.0
 11
54.28077697753906
 21
-244.25872802734375
 31
0.0
  0
LINE
  5
150A
330
17
100
AcDbEntity
  8
0
100
AcDbLine
 10
54.28077697753906
 20
-244.25872802734375
 30
0.0
 11
54.28077697753906
 21
-244.91283416748047
 31
0.0
  0
LINE
  5
150B
330
17
100
AcDbEntity
  8
0
100
AcDbLine
 10
54.28077697753906
 20
-261.57947540283203
 30
0.0
 11
53.94306182861328
 21
-261.57947540283203
 31
0.0
  0
LINE
  5
150C
330
17
100
AcDbEntity
  8
0
100
AcDbLine
 10
54.28077697753906
 20
-261.57947540283203
 30
0.0
 11
54.28077697753906
 21
-262.23358154296875
 31
0.0
  0
LINE
  5
150D
330
17
100
AcDbEntity
  8
0
100
AcDbLine
 10
54.28077697753906
 20
-262.23358154296875
 30
0.0
 11
54.28077697753906
 21
-262.77950286865234
 31
0.0
  0
LINE
  5
150E
330
17
100
AcDbEntity
  8
0
100
AcDbLine
 10
54.28077697753906
 20
-262.77950286865234
 30
0.0
 11
54.01618957519531
 21
-262.77950286865234
 31
0.0
  0
LINE
  5
150F
330
17
100
AcDbEntity
  8
0
100
AcDbLine
 10
54.018497467041016
 20
-244.91283416748047
 30
0.0
 11
53.680782318115234
 21
-244.91283416748047
 31
0.0
  0
LINE
  5
1510
330
17
100
AcDbEntity
  8
0
100
AcDbLine
 10
53.94538879394531
 20
-243.71280670166016
 30
0.0
 11
53.680782318115234
 21
-243.71280670166016
 31
0.0
  0
LINE
  5
1511
330
17
100
AcDbEntity
  8
0
100
AcDbLine
 10
53.680782318115234
 20
-243.71280670166016
 30
0.0
 11
53.680782318115234
 21
-244.40479278564453
 31
0.0
  0
LINE
  5
1512
330
17
100
AcDbEntity
  8
0
100
AcDbLine
 10
53.680782318115234
 20
-244.40479278564453
 30
0.0
 11
53.680782318115234
 21
-244.91283416748047
 31
0.0
  0
LINE
  5
1513
330
17
100
AcDbEntity
  8
0
100
AcDbLine
 10
53.94306182861328
 20
-261.57947540283203
 30
0.0
 11
53.680782318115234
 21
-261.57947540283203
 31
0.0
  0
LINE
  5
1514
330
17
100
AcDbEntity
  8
0
100
AcDbLine
 10
53.680782318115234
 20
-261.57947540283203
 30
0.0
 11
53.680782318115234
 21
-262.23358154296875
 31
0.0
  0
LINE
  5
1515
330
17
100
AcDbEntity
  8
0
100
AcDbLine
 10
53.480777740478516
 20
-263.9794921875
 30
0.0
 11
53.36820602416992
 21
-263.9794921875
 31
0.0
  0
LINE
  5
1516
330
17
100
AcDbEntity
  8
0
100
AcDbLine
 10
53.48075866699219
 20
-280.6461715698242
 30
0.0
 11
53.39334487915039
 21
-280.6461715698242
 31
0.0
  0
LINE
  5
1517
330
17
100
AcDbEntity
  8
0
100
AcDbLine
 10
53.480777740478516
 20
-271.2653350830078
 30
0.0
 11
53.48075866699219
 21
-280.6461715698242
 31
0.0
  0
LINE
  5
1518
330
17
100
AcDbEntity
  8
0
100
AcDbLine
 10
53.480777740478516
 20
-263.9794921875
 30
0.0
 11
53.480777740478516
 21
-271.2653350830078
 31
0.0
  0
LINE
  5
1519
330
17
100
AcDbEntity
  8
0
100
AcDbLine
 10
53.36820602416992
 20
-263.9794921875
 30
0.0
 11
53.2807731628418
 21
-263.9794921875
 31
0.0
  0
LINE
  5
151A
330
17
100
AcDbEntity
  8
0
100
AcDbLine
 10
53.2807731628418
 20
-263.9794921875
 30
0.0
 11
53.2807731628418
 21
-271.2653350830078
 31
0.0
  0
LINE
  5
151B
330
17
100
AcDbEntity
  8
0
100
AcDbLine
 10
53.2807731628418
 20
-271.2653350830078
 30
0.0
 11
53.2807731628418
 21
-280.6461715698242
 31
0.0
  0
LINE
  5
151C
330
17
100
AcDbEntity
  8
0
100
AcDbLine
 10
53.39334487915039
 20
-280.6461715698242
 30
0.0
 11
53.2807731628418
 21
-280.6461715698242
 31
0.0
  0
LINE
  5
151D
330
17
100
AcDbEntity
  8
0
100
AcDbLine
 10
53.680782318115234
 20
-263.9794921875
 30
0.0
 11
53.41848373413086
 21
-263.9794921875
 31
0.0
  0
LINE
  5
151E
330
17
100
AcDbEntity
  8
0
100
AcDbLine
 10
53.680782318115234
 20
-262.23358154296875
 30
0.0
 11
53.680782318115234
 21
-262.77950286865234
 31
0.0
  0
LINE
  5
151F
330
17
100
AcDbEntity
  8
0
100
AcDbLine
 10
53.680782318115234
 20
-262.77950286865234
 30
0.0
 11
53.345375061035156
 21
-262.77950286865234
 31
0.0
  0
LINE
  5
1520
330
17
100
AcDbEntity
  8
0
100
AcDbLine
 10
54.01618957519531
 20
-262.77950286865234
 30
0.0
 11
53.680782318115234
 21
-262.77950286865234
 31
0.0
  0
LINE
  5
1521
330
17
100
AcDbEntity
  8
0
100
AcDbLine
 10
53.680782318115234
 20
-262.77950286865234
 30
0.0
 11
53.680782318115234
 21
-263.3253860473633
 31
0.0
  0
LINE
  5
1522
330
17
100
AcDbEntity
  8
0
100
AcDbLine
 10
53.680782318115234
 20
-263.3253860473633
 30
0.0
 11
53.680782318115234
 21
-263.9794921875
 31
0.0
  0
LINE
  5
1523
330
17
100
AcDbEntity
  8
0
100
AcDbLine
 10
53.680763244628906
 20
-280.6461715698242
 30
0.0
 11
53.34306716918945
 21
-280.6461715698242
 31
0.0
  0
LINE
  5
1524
330
17
100
AcDbEntity
  8
0
100
AcDbLine
 10
53.680763244628906
 20
-280.6461715698242
 30
0.0
 11
53.680763244628906
 21
-281.3002395629883
 31
0.0
  0
LINE
  5
1525
330
17
100
AcDbEntity
  8
0
100
AcDbLine
 10
53.680763244628906
 20
-281.3002395629883
 30
0.0
 11
53.680763244628906
 21
-281.8461608886719
 31
0.0
  0
LINE
  5
1526
330
17
100
AcDbEntity
  8
0
100
AcDbLine
 10
53.680763244628906
 20
-281.8461608886719
 30
0.0
 11
53.416175842285156
 21
-281.8461608886719
 31
0.0
  0
LINE
  5
1527
330
17
100
AcDbEntity
  8
0
100
AcDbLine
 10
53.41848373413086
 20
-263.9794921875
 30
0.0
 11
53.080787658691406
 21
-263.9794921875
 31
0.0
  0
LINE
  5
1528
330
17
100
AcDbEntity
  8
0
100
AcDbLine
 10
53.345375061035156
 20
-262.77950286865234
 30
0.0
 11
53.080787658691406
 21
-262.77950286865234
 31
0.0
  0
LINE
  5
1529
330
17
100
AcDbEntity
  8
0
100
AcDbLine
 10
53.080787658691406
 20
-262.77950286865234
 30
0.0
 11
53.080787658691406
 21
-263.4714889526367
 31
0.0
  0
LINE
  5
152A
330
17
100
AcDbEntity
  8
0
100
AcDbLine
 10
53.080787658691406
 20
-263.4714889526367
 30
0.0
 11
53.080787658691406
 21
-263.9794921875
 31
0.0
  0
LINE
  5
152B
330
17
100
AcDbEntity
  8
0
100
AcDbLine
 10
53.34306716918945
 20
-280.6461715698242
 30
0.0
 11
53.08076858520508
 21
-280.6461715698242
 31
0.0
  0
LINE
  5
152C
330
17
100
AcDbEntity
  8
0
100
AcDbLine
 10
53.08076858520508
 20
-280.6461715698242
 30
0.0
 11
53.08076858520508
 21
-281.3002395629883
 31
0.0
  0
LINE
  5
152D
330
17
100
AcDbEntity
  8
0
100
AcDbLine
 10
54.88077163696289
 20
-281.8461608886719
 30
0.0
 11
53.874568939208984
 21
-281.8461608886719
 31
0.0
  0
LINE
  5
152E
330
17
100
AcDbEntity
  8
0
100
AcDbLine
 10
54.88077163696289
 20
-281.8461608886719
 30
0.0
 11
54.88077163696289
 21
-282.6017761230469
 31
0.0
  0
LINE
  5
152F
330
17
100
AcDbEntity
  8
0
100
AcDbLine
 10
54.88077163696289
 20
-282.6017761230469
 30
0.0
 11
54.88077163696289
 21
-283.24615478515625
 31
0.0
  0
LINE
  5
1530
330
17
100
AcDbEntity
  8
0
100
AcDbLine
 10
54.88077163696289
 20
-283.24615478515625
 30
0.0
 11
54.07989501953125
 21
-283.24615478515625
 31
0.0
  0
LINE
  5
1531
330
17
100
AcDbEntity
  8
0
100
AcDbLine
 10
54.88079071044922
 20
-223.24615478515625
 30
0.0
 11
54.88079071044922
 21
-223.89053344726562
 31
0.0
  0
LINE
  5
1532
330
17
100
AcDbEntity
  8
0
100
AcDbLine
 10
54.88079071044922
 20
-223.24615478515625
 30
0.0
 11
53.881683349609375
 21
-223.24615478515625
 31
0.0
  0
LINE
  5
1533
330
17
100
AcDbEntity
  8
0
100
AcDbLine
 10
54.88079071044922
 20
-224.64614868164062
 30
0.0
 11
54.88079071044922
 21
-225.19207000732422
 31
0.0
  0
LINE
  5
1534
330
17
100
AcDbEntity
  8
0
100
AcDbLine
 10
54.88079071044922
 20
-223.89053344726562
 30
0.0
 11
54.88079071044922
 21
-224.64614868164062
 31
0.0
  0
LINE
  5
1535
330
17
100
AcDbEntity
  8
0
100
AcDbLine
 10
54.88079071044922
 20
-224.64614868164062
 30
0.0
 11
54.54540252685547
 21
-224.64614868164062
 31
0.0
  0
LINE
  5
1536
330
17
100
AcDbEntity
  8
0
100
AcDbLine
 10
54.88079071044922
 20
-224.64614868164062
 30
0.0
 11
54.08699035644531
 21
-224.64614868164062
 31
0.0
  0
LINE
  5
1537
330
17
100
AcDbEntity
  8
0
100
AcDbLine
 10
54.08699035644531
 20
-224.64614868164062
 30
0.0
 11
53.080787658691406
 21
-224.64614868164062
 31
0.0
  0
LINE
  5
1538
330
17
100
AcDbEntity
  8
0
100
AcDbLine
 10
53.881683349609375
 20
-223.24615478515625
 30
0.0
 11
53.080787658691406
 21
-223.24615478515625
 31
0.0
  0
LINE
  5
1539
330
17
100
AcDbEntity
  8
0
100
AcDbLine
 10
53.080787658691406
 20
-223.24615478515625
 30
0.0
 11
53.080787658691406
 21
-224.0500259399414
 31
0.0
  0
LINE
  5
153A
330
17
100
AcDbEntity
  8
0
100
AcDbLine
 10
53.080787658691406
 20
-224.0500259399414
 30
0.0
 11
53.080787658691406
 21
-224.64614868164062
 31
0.0
  0
LINE
  5
153B
330
17
100
AcDbEntity
  8
0
100
AcDbLine
 10
54.07989501953125
 20
-283.24615478515625
 30
0.0
 11
53.08076858520508
 21
-283.24615478515625
 31
0.0
  0
LINE
  5
153C
330
17
100
AcDbEntity
  8
0
100
AcDbLine
 10
53.08076858520508
 20
-281.3002395629883
 30
0.0
 11
53.08076858520508
 21
-281.8461608886719
 31
0.0
  0
LINE
  5
153D
330
17
100
AcDbEntity
  8
0
100
AcDbLine
 10
53.874568939208984
 20
-281.8461608886719
 30
0.0
 11
53.08076858520508
 21
-281.8461608886719
 31
0.0
  0
LINE
  5
153E
330
17
100
AcDbEntity
  8
0
100
AcDbLine
 10
53.416175842285156
 20
-281.8461608886719
 30
0.0
 11
53.08076858520508
 21
-281.8461608886719
 31
0.0
  0
LINE
  5
153F
330
17
100
AcDbEntity
  8
0
100
AcDbLine
 10
53.08076858520508
 20
-281.8461608886719
 30
0.0
 11
53.08076858520508
 21
-282.6017761230469
 31
0.0
  0
LINE
  5
1540
330
17
100
AcDbEntity
  8
0
100
AcDbLine
 10
53.08076858520508
 20
-282.6017761230469
 30
0.0
 11
53.08076858520508
 21
-283.24615478515625
 31
0.0
  0
LWPOLYLINE
  5
1541
330
17
100
AcDbEntity
  8
0
100
AcDbPolyline
 90
8
 70
1
 10
93.14153671264648
 20
-164.6527099609375
 10
104.92746353149414
 20
-164.6527099609375
 10
104.92746353149414
 20
-159.5073699951172
 10
104.92746353149414
 20
-150.05271911621094
 10
98.51339340209961
 20
-150.05271911621094
 10
86.72746658325195
 20
-150.05271911621094
 10
86.72746658325195
 20
-155.19805908203125
 10
86.72746658325195
 20
-164.6527099609375
  0
LWPOLYLINE
  5
1542
330
17
100
AcDbEntity
  8
0
100
AcDbPolyline
 90
8
 70
1
 10
122.56271362304688
 20
-103.7347412109375
 10
122.56271362304688
 20
-104.37602996826172
 10
122.56271362304688
 20
-139.73472595214844
 10
122.59834289550781
 20
-139.73472595214844
 10
124.5627212524414
 20
-139.73472595214844
 10
124.5627212524414
 20
-104.37602996826172
 10
124.5627212524414
 20
-103.7347412109375
 10
122.59834289550781
 20
-103.7347412109375
  0
LWPOLYLINE
  5
1543
330
17
100
AcDbEntity
  8
0
100
AcDbPolyline
 90
12
 70
1
 10
211.3425064086914
 20
-334.9287414550781
 10
211.56126022338867
 20
-336.80585861206055
 10
211.64251327514648
 20
-337.50308990478516
 10
211.87166213989258
 20
-337.50308990478516
 10
211.94250106811523
 20
-337.50308990478516
 10
211.94250106811523
 20
-334.6696472167969
 10
211.94250106811523
 20
-325.5030822753906
 10
211.71335220336914
 20
-325.5030822753906
 10
211.64251327514648
 20
-325.5030822753906
 10
211.56126022338867
 20
-326.20031356811523
 10
211.3425064086914
 20
-328.07743072509766
 10
211.3425064086914
 20
-329.07196044921875
  0
LWPOLYLINE
  5
1544
330
17
100
AcDbEntity
  8
0
100
AcDbPolyline
 90
14
 70
1
 10
50.28083801269531
 20
-97.60562896728516
 10
50.280818939208984
 20
-102.10205078125
 10
51.82231903076172
 20
-102.10205078125
 10
54.880828857421875
 20
-102.10205078125
 10
54.880828857421875
 20
-97.60562896728516
 10
54.880828857421875
 20
-96.14192962646484
 10
82.4576187133789
 20
-96.14192962646484
 10
104.5627212524414
 20
-96.14192962646484
 10
104.5627212524414
 20
-93.58863830566406
 10
104.5627212524414
 20
-91.54193878173828
 10
82.4576187133789
 20
-91.54193878173828
 10
54.880828857421875
 20
-91.54193878173828
 10
52.068138122558594
 20
-91.54193878173828
 10
50.28083801269531
 20
-91.54193878173828
  0
LWPOLYLINE
  5
1545
330
17
100
AcDbEntity
  8
0
100
AcDbPolyline
 90
68
 70
1
 10
124.5627212524414
 20
-96.14192962646484
 10
124.5627212524414
 20
-139.9289321899414
 10
124.56270217895508
 20
-205.07965087890625
 10
124.56270217895508
 20
-205.88356018066406
 10
124.56270217895508
 20
-207.07965850830078
 10
134.84439849853516
 20
-207.07965850830078
 10
143.08603286743164
 20
-207.07965850830078
 10
143.08603286743164
 20
-205.9695053100586
 10
143.08603286743164
 20
-205.07965087890625
 10
134.84439849853516
 20
-205.07965087890625
 10
129.16269302368164
 20
-205.07965087890625
 10
129.16271209716797
 20
-161.2926483154297
 10
129.16271516847047
 20
-150.80177307128906
 10
142.79804229736328
 20
-150.80177307128906
 10
163.08603286743164
 20
-150.80177307128906
 10
163.08603286743164
 20
-172.95135498046875
 10
162.72287368774414
 20
-172.95135498046875
 10
162.4317741394043
 20
-172.95135498046875
 10
162.4317741394043
 20
-174.06150817871094
 10
162.4317741394043
 20
-174.95136260986328
 10
162.72287368774414
 20
-174.95136260986328
 10
163.08603286743164
 20
-174.95136260986328
 10
163.08603286743164
 20
-205.07965087890625
 10
163.08603286743164
 20
-206.18980407714844
 10
163.08603286743164
 20
-207.07965850830078
 10
163.08603286743164
 20
-207.3122787475586
 10
164.93497848510742
 20
-207.3122787475586
 10
167.6860237121582
 20
-207.3122787475586
 10
199.64805603027344
 20
-207.3122787475586
 10
247.20436096191406
 20
-207.3122787475586
 10
247.20436096191406
 20
-205.4633331298828
 10
247.20436096191406
 20
-202.71228790283203
 10
215.24232864379883
 20
-202.71228790283203
 10
167.6860264136746
 20
-202.71228790283203
 10
167.68604278564453
 20
-174.83501434326172
 10
167.68604278564453
 20
-148.80176544189453
 10
165.13273239135742
 20
-148.80176544189453
 10
163.08603286743164
 20
-148.80176544189453
 10
149.45072174072266
 20
-148.80176544189453
 10
129.16271575399153
 20
-148.80176544189453
 10
129.1627311706543
 20
-96.14192962646484
 10
142.7589988708496
 20
-96.14192962646484
 10
146.74049377441406
 20
-96.14192962646484
 10
161.08684539794922
 20
-96.14192962646484
 10
161.84844970703125
 20
-96.14192962646484
 10
163.08605194091797
 20
-96.14192962646484
 10
163.08605194091797
 20
-113.33377838134766
 10
163.08605194091797
 20
-130.80177307128906
 10
165.63936233520508
 20
-130.80177307128906
 10
167.68604278564453
 20
-130.80177307128906
 10
167.68604333159143
 20
-130.3017807006836
 10
172.28548049926758
 20
-130.3017807006836
 10
175.97230911254883
 20
-130.3017807006836
 10
175.97230911254883
 20
-129.00798797607422
 10
175.97230911254883
 20
-125.70178985595703
 10
172.28548049926758
 20
-125.70178985595703
 10
167.6860483543696
 20
-125.70178985595703
 10
167.68606185913086
 20
-113.33377838134766
 10
167.68606185913086
 20
-91.54193878173828
 10
164.93501663208008
 20
-91.54193878173828
 10
163.0860710144043
 20
-91.54193878173828
 10
163.08605194091797
 20
-91.54193878173828
 10
161.84844970703125
 20
-91.54193878173828
 10
161.08684539794922
 20
-91.54193878173828
 10
146.74049377441406
 20
-91.54193878173828
 10
142.7589988708496
 20
-91.54193878173828
 10
124.5627212524414
 20
-91.54193878173828
 10
124.5627212524414
 20
-94.09523010253906
  0
LWPOLYLINE
  5
1546
330
17
100
AcDbEntity
  8
0
100
AcDbPolyline
 90
8
 70
1
 10
53.33930969238281
 20
-118.10203552246094
 10
50.280818939208984
 20
-118.10203552246094
 10
50.280799865722656
 20
-133.997802734375
 10
50.280799865722656
 20
-142.00939178466797
 10
51.82231903076172
 20
-142.00939178466797
 10
54.88080978393555
 20
-142.00939178466797
 10
54.88080978393555
 20
-133.997802734375
 10
54.880828857421875
 20
-118.10203552246094
  0
LWPOLYLINE
  5
1547
330
17
100
AcDbEntity
  8
0
100
AcDbPolyline
 90
8
 70
1
 10
105.1626968383789
 20
-164.6527099609375
 10
82.79064178466797
 20
-164.6527099609375
 10
54.88080978393555
 20
-164.6527099609375
 10
54.88080978393555
 20
-165.4566192626953
 10
54.88080978393555
 20
-166.65271759033203
 10
82.79064178466797
 20
-166.65271759033203
 10
105.1626968383789
 20
-166.65271759033203
 10
105.1626968383789
 20
-165.54256439208984
  0
LWPOLYLINE
  5
1548
330
17
100
AcDbEntity
  8
0
100
AcDbPolyline
 90
8
 70
1
 10
50.280799865722656
 20
-158.0093765258789
 10
50.280799865722656
 20
-171.0544204711914
 10
50.280799865722656
 20
-177.62920379638672
 10
51.82229995727539
 20
-177.62920379638672
 10
54.88079071044922
 20
-177.62920379638672
 10
54.88079071044922
 20
-171.0544204711914
 10
54.88080978393555
 20
-158.0093765258789
 10
53.33930969238281
 20
-158.0093765258789
  0
LWPOLYLINE
  5
1549
330
17
100
AcDbEntity
  8
0
100
AcDbPolyline
 90
8
 70
1
 10
142.4317741394043
 20
-173.8412094116211
 10
142.4317741394043
 20
-172.95135498046875
 10
136.52793884277344
 20
-172.95135498046875
 10
129.16271209716797
 20
-172.95135498046875
 10
129.16271209716797
 20
-173.75526428222656
 10
129.16271209716797
 20
-174.95136260986328
 10
136.52793884277344
 20
-174.95136260986328
 10
142.4317741394043
 20
-174.95136260986328
  0
LWPOLYLINE
  5
154A
330
17
100
AcDbEntity
  8
0
100
AcDbPolyline
 90
8
 70
1
 10
53.339290618896484
 20
-208.62918853759766
 10
50.280799865722656
 20
-208.62918853759766
 10
50.280799865722656
 20
-213.27720642089844
 10
50.28078079223633
 20
-223.24615478515625
 10
52.83409118652344
 20
-223.24615478515625
 10
54.88079071044922
 20
-223.24615478515625
 10
54.88079071044922
 20
-213.27720642089844
 10
54.88079071044922
 20
-208.62918853759766
  0
LWPOLYLINE
  5
154B
330
17
100
AcDbEntity
  8
0
100
AcDbPolyline
 90
21
 70
1
 10
50.28076171875
 20
-289.40113067626953
 10
50.28076171875
 20
-297.0796203613281
 10
50.28076171875
 20
-298.9285659790039
 10
50.28076171875
 20
-301.6796112060547
 10
86.07194900512695
 20
-301.6796112060547
 10
86.07192993164062
 20
-314.8005485534668
 10
86.07192993164062
 20
-325.3180694580078
 10
87.36576080322266
 20
-325.3180694580078
 10
90.67193984985352
 20
-325.3180694580078
 10
90.67193984985352
 20
-314.8005485534668
 10
90.67195892333984
 20
-301.6796112060547
 10
105.99798202514648
 20
-301.6796112060547
 10
150.65996170043945
 20
-301.6796112060547
 10
150.65996170043945
 20
-299.1263198852539
 10
150.65996170043945
 20
-297.0796203613281
 10
105.99798202514648
 20
-297.0796203613281
 10
54.88075256347656
 20
-297.0796203613281
 10
54.88075256347656
 20
-289.40113067626953
 10
54.88075256347656
 20
-283.24615478515625
 10
52.32746124267578
 20
-283.24615478515625
 10
50.28076171875
 20
-283.24615478515625
  0
LWPOLYLINE
  5
154C
330
17
100
AcDbEntity
  8
0
100
AcDbPolyline
 90
14
 70
1
 10
179.11554336547852
 20
-299.1263198852539
 10
179.11554336547852
 20
-297.0796203613281
 10
177.40005493164062
 20
-297.0796203613281
 10
175.25995254516602
 20
-297.0796203613281
 10
172.50890731811523
 20
-297.0796203613281
 10
170.65996170043945
 20
-297.0796203613281
 10
170.65996170043945
 20
-314.53670501708984
 10
170.65994262695312
 20
-328.5300064086914
 10
173.21325302124023
 20
-328.5300064086914
 10
175.25995254516602
 20
-328.5300064086914
 10
175.25995254516602
 20
-314.53670501708984
 10
175.25995254516602
 20
-301.6796112060547
 10
177.40005493164062
 20
-301.6796112060547
 10
179.11554336547852
 20
-301.6796112060547
  0
LWPOLYLINE
  5
154D
330
17
100
AcDbEntity
  8
0
100
AcDbPolyline
 90
8
 70
1
 10
206.57913208007812
 20
-301.6796112060547
 10
206.57913208007812
 20
-299.8306655883789
 10
206.57913208007812
 20
-297.0796203613281
 10
204.65660095214844
 20
-297.0796203613281
 10
203.11553955078125
 20
-297.0796203613281
 10
203.11553955078125
 20
-299.6329116821289
 10
203.11553955078125
 20
-301.6796112060547
 10
204.65660095214844
 20
-301.6796112060547
  0
LWPOLYLINE
  5
154E
330
17
100
AcDbEntity
  8
0
100
AcDbPolyline
 90
20
 70
1
 10
170.65994262695312
 20
-352.53000259399414
 10
170.65994262695312
 20
-363.27491760253906
 10
170.65994262695312
 20
-376.6795349121094
 10
161.38370513916016
 20
-376.6795349121094
 10
150.2607536315918
 20
-376.6795349121094
 10
150.2607536315918
 20
-377.97332763671875
 10
150.2607536315918
 20
-381.27952575683594
 10
161.38370513916016
 20
-381.27952575683594
 10
175.2599334716797
 20
-381.27952575683594
 10
175.2599334716797
 20
-378.52848052978516
 10
175.2599334716797
 20
-376.6795349121094
 10
175.2599334716797
 20
-365.8555603027344
 10
177.61011123657227
 20
-365.8555603027344
 10
179.49396133422852
 20
-365.8555603027344
 10
179.49396133422852
 20
-363.30224990844727
 10
179.49396133422852
 20
-361.2555694580078
 10
177.61011123657227
 20
-361.2555694580078
 10
175.2599334716797
 20
-361.2555694580078
 10
175.2599334716797
 20
-352.53000259399414
 10
172.70662307739258
 20
-352.53000259399414
  0
LWPOLYLINE
  5
154F
330
17
100
AcDbEntity
  8
0
100
AcDbPolyline
 90
14
 70
1
 10
119.26074981689453
 20
-379.98571395874023
 10
119.26074981689453
 20
-376.6795349121094
 10
106.54064178466797
 20
-376.6795349121094
 10
90.67192077636719
 20
-376.6795349121094
 10
90.67192077636719
 20
-367.4242401123047
 10
90.67192077636719
 20
-356.3180732727051
 10
89.37812805175781
 20
-356.3180732727051
 10
86.07192993164062
 20
-356.3180732727051
 10
86.07192993164062
 20
-367.4242401123047
 10
86.07192993164062
 20
-381.27952575683594
 10
87.9208755493164
 20
-381.27952575683594
 10
90.67192077636719
 20
-381.27952575683594
 10
106.54064178466797
 20
-381.27952575683594
 10
119.26074981689453
 20
-381.27952575683594
  0
LWPOLYLINE
  5
1550
330
17
100
AcDbEntity
  8
0
100
AcDbPolyline
 90
15
 70
1
 10
308.3335876464844
 20
-96.14192962646484
 10
308.3335876464844
 20
-97.25204467773438
 10
308.3335876464844
 20
-98.14193725585938
 10
309.6274185180664
 20
-98.14193725585938
 10
312.9336166381836
 20
-98.14193725585938
 10
312.9336166381836
 20
-97.25204467773438
 10
312.9336166381836
 20
-96.14192962646484
 10
321.5675735473633
 20
-96.14192962646484
 10
332.4595260620117
 20
-96.14192962646484
 10
332.4595260620117
 20
-94.93659973144531
 10
332.4595260620117
 20
-91.54193878173828
 10
321.5675735473633
 20
-91.54193878173828
 10
308.33362579345703
 20
-91.54193878173828
 10
308.33362579345703
 20
-93.32923889160156
 10
308.33362579345703
 20
-96.14192962646484
  0
LWPOLYLINE
  5
1551
330
17
100
AcDbEntity
  8
0
100
AcDbPolyline
 90
45
 70
1
 10
363.45951080322266
 20
-96.14192962646484
 10
376.0336685180664
 20
-96.14192962646484
 10
376.0336685180664
 20
-127.83451080322266
 10
376.03363037109375
 20
-146.44153594970703
 10
377.29381561279297
 20
-146.44153594970703
 10
378.0336380004883
 20
-146.44153594970703
 10
378.0336380004883
 20
-127.83454895019531
 10
378.03367614746094
 20
-96.14192962646484
 10
388.1965637207031
 20
-96.14192962646484
 10
401.80397033691406
 20
-96.14192962646484
 10
418.0335998535156
 20
-96.14192962646484
 10
418.0335998535156
 20
-128.17707061767578
 10
418.0335998535156
 20
-144.4415283203125
 10
405.8221435546875
 20
-144.4415283203125
 10
396.03363037109375
 20
-144.4415283203125
 10
396.03363037109375
 20
-145.5516815185547
 10
396.03363037109375
 20
-146.44153594970703
 10
405.8221435546875
 20
-146.44153594970703
 10
418.0335998535156
 20
-146.44153594970703
 10
418.0335998535156
 20
-175.84217071533203
 10
402.2325134277344
 20
-175.84217071533203
 10
378.0336380004883
 20
-175.84217071533203
 10
378.0336380004883
 20
-168.28125
 10
378.0336380004883
 20
-163.8421630859375
 10
376.7734909057617
 20
-163.8421630859375
 10
376.03363037109375
 20
-163.8421630859375
 10
376.03363037109375
 20
-168.28125
 10
376.03363037109375
 20
-175.84217071533203
 10
376.03363037109375
 20
-178.3954620361328
 10
376.03363037109375
 20
-180.4421615600586
 10
402.2325134277344
 20
-180.4421615600586
 10
423.2331085205078
 20
-180.4421615600586
 10
423.2331085205078
 20
-177.8888702392578
 10
423.2331085205078
 20
-175.84217071533203
 10
422.6335906982422
 20
-175.84217071533203
 10
422.6335906982422
 20
-143.8070297241211
 10
422.63362884521484
 20
-96.14192962646484
 10
424.6336364746094
 20
-96.14192962646484
 10
424.6336364746094
 20
-94.58274841308594
 10
424.6336364746094
 20
-91.54193878173828
 10
401.80397033691406
 20
-91.54193878173828
 10
388.1965637207031
 20
-91.54193878173828
 10
376.0848617553711
 20
-91.54193878173828
 10
363.45951080322266
 20
-91.54193878173828
 10
363.45951080322266
 20
-92.74726867675781
  0
LWPOLYLINE
  5
1552
330
17
100
AcDbEntity
  8
0
100
AcDbPolyline
 90
15
 70
1
 10
221.00910186767578
 20
-130.3017807006836
 10
231.53244018553943
 20
-130.3017921998278
 10
231.53242111206055
 20
-159.72618103027344
 10
231.53242111206055
 20
-183.31226348876953
 10
234.08573150634766
 20
-183.31226348876953
 10
236.1324119567871
 20
-183.31226348876953
 10
236.13243103027344
 20
-159.72618103027344
 10
236.13243103027344
 20
-130.3017972263656
 10
255.91896057128906
 20
-130.30181884765625
 10
255.91896057128906
 20
-128.91952514648438
 10
255.91896057128906
 20
-125.70178985595703
 10
221.00910186767578
 20
-125.70178985595703
 10
206.97229385375977
 20
-125.70178985595703
 10
206.97229385375977
 20
-126.9955825805664
 10
206.97229385375977
 20
-130.3017807006836
  0
LWPOLYLINE
  5
1553
330
17
100
AcDbEntity
  8
0
100
AcDbPolyline
 90
21
 70
1
 10
308.3335876464844
 20
-143.64105224609375
 10
308.3335876464844
 20
-180.4421615600586
 10
310.18253326416016
 20
-180.4421615600586
 10
312.93357849121094
 20
-180.4421615600586
 10
336.85699462890625
 20
-180.4421615600586
 10
356.03363037109375
 20
-180.4421615600586
 10
356.03363037109375
 20
-177.8888702392578
 10
356.03363037109375
 20
-175.84217071533203
 10
336.85699462890625
 20
-175.84217071533203
 10
312.93357849121094
 20
-175.84217071533203
 10
312.93357849121094
 20
-143.64105224609375
 10
312.9336166381836
 20
-114.14192199707031
 10
311.63978576660156
 20
-114.14192199707031
 10
308.3335876464844
 20
-114.14192199707031
 10
308.3335876464844
 20
-125.70182800292969
 10
296.4352798461914
 20
-125.70182800292969
 10
286.9189453125
 20
-125.70182800292969
 10
286.9189453125
 20
-127.0840835571289
 10
286.9189453125
 20
-130.30181884765625
 10
296.4352798461914
 20
-130.30181884765625
 10
308.3335876464844
 20
-130.30181884765625
  0
LWPOLYLINE
  5
1554
330
17
100
AcDbEntity
  8
0
100
AcDbPolyline
 90
13
 70
1
 10
337.37060546875
 20
-215.04215240478516
 10
337.37060546875
 20
-213.74835968017578
 10
337.37060546875
 20
-210.4421615600586
 10
337.37060546875
 20
-204.89147186279297
 10
337.37060546875
 20
-200.4421615600586
 10
335.3239059448242
 20
-200.4421615600586
 10
332.77061462402344
 20
-200.4421615600586
 10
332.77061462402344
 20
-204.89147186279297
 10
332.77061462402344
 20
-210.4421615600586
 10
332.6169967651367
 20
-210.4421615600586
 10
332.6169967651367
 20
-212.99545288085938
 10
332.6169967651367
 20
-215.04215240478516
 10
336.0335922241211
 20
-215.04215240478516
  0
LWPOLYLINE
  5
1555
330
17
100
AcDbEntity
  8
0
100
AcDbPolyline
 90
26
 70
1
 10
312.6169967651367
 20
-212.48886108398438
 10
312.6169967651367
 20
-210.4421615600586
 10
310.71117401123047
 20
-210.4421615600586
 10
308.33362579345703
 20
-210.4421615600586
 10
308.33362579345703
 20
-212.29110717773438
 10
308.33362579345703
 20
-215.04215240478516
 10
308.3335876464844
 20
-215.04215240478516
 10
308.3335876464844
 20
-249.86568450927734
 10
308.3335876464844
 20
-297.0796203613281
 10
307.55645751953125
 20
-297.0796203613281
 10
306.9335174560547
 20
-297.0796203613281
 10
306.9335174560547
 20
-299.6329116821289
 10
306.9335174560547
 20
-301.6796112060547
 10
307.55645751953125
 20
-301.6796112060547
 10
308.3335876464844
 20
-301.6796112060547
 10
310.18253326416016
 20
-301.6796112060547
 10
312.93357849121094
 20
-301.6796112060547
 10
324.11094665527344
 20
-301.6796112060547
 10
333.0705261230469
 20
-301.6796112060547
 10
333.0705261230469
 20
-299.12628173828125
 10
333.0705261230469
 20
-297.0796203613281
 10
324.11094665527344
 20
-297.0796203613281
 10
312.93357849121094
 20
-297.0796203613281
 10
312.93357849121094
 20
-266.8560791015625
 10
312.9336166381836
 20
-215.04215240478516
 10
312.6169967651367
 20
-215.04215240478516
  0
LWPOLYLINE
  5
1556
330
17
100
AcDbEntity
  8
0
100
AcDbPolyline
 90
15
 70
1
 10
380.5691909790039
 20
-215.04215240478516
 10
414.5003128051758
 20
-215.04215240478516
 10
414.5003128051758
 20
-222.0758056640625
 10
414.5003128051758
 20
-224.4406509399414
 10
415.7941436767578
 20
-224.4406509399414
 10
419.10030364990234
 20
-224.4406509399414
 10
419.10030364990234
 20
-222.0758056640625
 10
419.10030364990234
 20
-212.8219223022461
 10
419.10030364990234
 20
-210.4421615600586
 10
416.34925842285156
 20
-210.4421615600586
 10
414.5003128051758
 20
-210.4421615600586
 10
380.5691909790039
 20
-210.4421615600586
 10
353.37059020996094
 20
-210.4421615600586
 10
353.37059020996094
 20
-211.73595428466797
 10
353.37059020996094
 20
-215.04215240478516
  0
LWPOLYLINE
  5
1557
330
17
100
AcDbEntity
  8
0
100
AcDbPolyline
 90
15
 70
1
 10
206.57915115356445
 20
-297.0796203613281
 10
206.57913208007812
 20
-306.02277755737305
 10
206.57913208007812
 20
-313.1914710998535
 10
209.03011322021484
 20
-313.1914710998535
 10
211.17914199829102
 20
-313.1914710998535
 10
211.17914199829102
 20
-306.0227966308594
 10
211.17914199829102
 20
-301.6796112060547
 10
218.38787078857422
 20
-301.6796112060547
 10
224.16629791259766
 20
-301.6796112060547
 10
224.16629791259766
 20
-299.1263198852539
 10
224.16629791259766
 20
-297.0796203613281
 10
218.38787078857422
 20
-297.0796203613281
 10
211.17914199829102
 20
-297.0796203613281
 10
211.1791229248047
 20
-297.0796203613281
 10
208.42809677124023
 20
-297.0796203613281
  0
LWPOLYLINE
  5
1558
330
17
100
AcDbEntity
  8
0
100
AcDbPolyline
 90
8
 70
1
 10
242.33352661132812
 20
-301.6796112060547
 10
242.33352661132812
 20
-299.8306655883789
 10
242.33352661132812
 20
-297.0796203613281
 10
242.24069595336914
 20
-297.0796203613281
 10
242.16629028320312
 20
-297.0796203613281
 10
242.16629028320312
 20
-299.6329116821289
 10
242.16629028320312
 20
-301.6796112060547
 10
242.24069595336914
 20
-301.6796112060547
  0
LWPOLYLINE
  5
1559
330
17
100
AcDbEntity
  8
0
100
AcDbPolyline
 90
8
 70
1
 10
414.5002746582031
 20
-301.6796112060547
 10
414.5002746582031
 20
-298.8669204711914
 10
414.5002746582031
 20
-297.0796203613281
 10
402.6053237915039
 20
-297.0796203613281
 10
393.0705261230469
 20
-297.0796203613281
 10
393.0705261230469
 20
-299.6329116821289
 10
393.0705261230469
 20
-301.6796112060547
 10
402.6053237915039
 20
-301.6796112060547
  0
LWPOLYLINE
  5
155A
330
17
100
AcDbEntity
  8
0
100
AcDbPolyline
 90
8
 70
1
 10
245.1462173461914
 20
-297.07958221435547
 10
242.33354568481445
 20
-297.07958221435547
 10
242.33352661132812
 20
-303.0894088745117
 10
242.33352661132812
 20
-307.9067802429199
 10
243.62733840942383
 20
-307.9067802429199
 10
246.93353652954102
 20
-307.9067802429199
 10
246.93353652954102
 20
-303.0894088745117
 10
246.93353652954102
 20
-297.0796203613281
  0
LWPOLYLINE
  5
155B
330
17
100
AcDbEntity
  8
0
100
AcDbPolyline
 90
8
 70
1
 10
208.7281608581543
 20
-319.1914749145508
 10
206.57913208007812
 20
-319.1914749145508
 10
206.57913208007812
 20
-332.2148132324219
 10
206.57913208007812
 20
-343.63372802734375
 10
209.03011322021484
 20
-343.63372802734375
 10
211.1791229248047
 20
-343.63372802734375
 10
211.1791229248047
 20
-332.2148132324219
 10
211.17914199829102
 20
-319.1914749145508
  0
LWPOLYLINE
  5
155C
330
17
100
AcDbEntity
  8
0
100
AcDbPolyline
 90
9
 70
1
 10
246.9335174560547
 20
-342.04851150512695
 10
246.9335174560547
 20
-338.9067840576172
 10
245.63970565795898
 20
-338.9067840576172
 10
242.33352661132812
 20
-338.9067840576172
 10
242.33352661132812
 20
-344.0951919555664
 10
242.33352661132812
 20
-350.5679130554199
 10
244.12084579467773
 20
-348.7805938720703
 10
246.93347930908203
 20
-345.967960357666
 10
246.9335174560547
 20
-345.96792221069336
  0
LWPOLYLINE
  5
155D
330
17
100
AcDbEntity
  8
0
100
AcDbPolyline
 90
22
 70
1
 10
211.1791229248047
 20
-349.633731842041
 10
208.72814178466797
 20
-349.633731842041
 10
206.57913208007812
 20
-349.633731842041
 10
206.57913208007812
 20
-354.8046684265137
 10
206.57913208007812
 20
-361.2555694580078
 10
203.49395751953125
 20
-361.2555694580078
 10
203.49395751953125
 20
-363.8088798522949
 10
203.49395751953125
 20
-365.8555603027344
 10
216.86744689941406
 20
-365.8555603027344
 10
233.55127334594727
 20
-365.8555603027344
 10
235.33859252929688
 20
-364.06824111938477
 10
238.15128326416016
 20
-361.2555694580078
 10
238.15126419067383
 20
-361.2555694580078
 10
241.56356811523438
 20
-357.84326553344727
 10
246.93347930908203
 20
-352.4733543395996
 10
246.93347930908203
 20
-349.94571685791016
 10
246.93347930908203
 20
-345.967960357666
 10
240.99353790283203
 20
-351.90792083740234
 10
231.64588928222656
 20
-361.2555694580078
 10
218.91412734985352
 20
-361.2555694580078
 10
211.1791229248047
 20
-361.2555694580078
 10
211.1791229248047
 20
-354.8046684265137
  0
LWPOLYLINE
  5
155E
330
17
100
AcDbEntity
  8
0
100
AcDbPolyline
 90
8
 70
1
 10
477.2013854980469
 20
-96.14192962646484
 10
477.2013854980469
 20
-94.58274841308594
 10
477.2013854980469
 20
-91.54193878173828
 10
469.8908996582031
 20
-91.54193878173828
 10
455.6336212158203
 20
-91.54193878173828
 10
455.6336212158203
 20
-93.10111999511719
 10
455.6336212158203
 20
-96.14192962646484
 10
469.8908996582031
 20
-96.14192962646484
  0
LWPOLYLINE
  5
155F
330
17
100
AcDbEntity
  8
0
100
AcDbPolyline
 90
15
 70
1
 10
515.1335144042969
 20
-141.7200469970703
 10
515.1335144042969
 20
-145.83572387695312
 10
515.7196044921875
 20
-145.83572387695312
 10
519.7335052490234
 20
-145.83572387695312
 10
519.7335052490234
 20
-141.7200469970703
 10
519.7335052490234
 20
-96.14192962646484
 10
519.7335433959961
 20
-96.14192962646484
 10
519.7335433959961
 20
-93.32923889160156
 10
519.7335433959961
 20
-91.54193878173828
 10
513.0953216552734
 20
-91.54193878173828
 10
508.2013702392578
 20
-91.54193878173828
 10
508.2013702392578
 20
-93.10111999511719
 10
508.2013702392578
 20
-96.14192962646484
 10
513.0953216552734
 20
-96.14192962646484
 10
515.1335144042969
 20
-96.14192962646484
  0
LWPOLYLINE
  5
1560
330
17
100
AcDbEntity
  8
0
100
AcDbPolyline
 90
8
 70
1
 10
459.8336410522461
 20
-175.84217071533203
 10
453.6927032470703
 20
-175.84217071533203
 10
443.2331085205078
 20
-175.84217071533203
 10
443.2331085205078
 20
-177.6911163330078
 10
443.2331085205078
 20
-180.4421615600586
 10
453.6927032470703
 20
-180.4421615600586
 10
459.8336410522461
 20
-180.4421615600586
 10
459.8336410522461
 20
-177.54379272460938
  0
LWPOLYLINE
  5
1561
330
17
100
AcDbEntity
  8
0
100
AcDbPolyline
 90
15
 70
1
 10
515.1334762573242
 20
-201.3467788696289
 10
515.7196044921875
 20
-201.3467788696289
 10
519.7335052490234
 20
-201.3467788696289
 10
519.7335052490234
 20
-166.87007904052734
 10
519.7335052490234
 20
-161.83570861816406
 10
519.1473770141602
 20
-161.83570861816406
 10
515.1335144042969
 20
-161.83570861816406
 10
515.1335144042969
 20
-166.87007904052734
 10
515.1335044770667
 20
-175.84217071533203
 10
491.63177490234375
 20
-175.84217071533203
 10
477.83363342285156
 20
-175.84217071533203
 10
477.83363342285156
 20
-178.7405014038086
 10
477.83363342285156
 20
-180.4421615600586
 10
491.63177490234375
 20
-180.4421615600586
 10
515.1334993873763
 20
-180.4421615600586
  0
LWPOLYLINE
  5
1562
330
17
100
AcDbEntity
  8
0
100
AcDbPolyline
 90
38
 70
1
 10
444.2677688598633
 20
-227.90973663330078
 10
445.2330780029297
 20
-227.90973663330078
 10
453.626708984375
 20
-227.90973663330078
 10
469.3617630004883
 20
-227.90973663330078
 10
477.83363342285156
 20
-227.90973663330078
 10
477.83363342285156
 20
-227.90813446044922
 10
478.6375045776367
 20
-227.90813446044922
 10
479.83360290527344
 20
-227.90813446044922
 10
494.02225494384766
 20
-227.90813446044922
 10
515.1334762573242
 20
-227.90813446044922
 10
515.1334762573242
 20
-234.1545867919922
 10
519.1473770141602
 20
-234.1545867919922
 10
519.7334671020508
 20
-234.1545867919922
 10
519.7334671020508
 20
-219.48837280273438
 10
519.7334671020508
 20
-217.34676361083984
 10
519.1473770141602
 20
-217.34676361083984
 10
515.1334762573242
 20
-217.34676361083984
 10
515.1334762573242
 20
-219.48833465576172
 10
515.1334762573242
 20
-223.30814361572266
 10
500.94486236572266
 20
-223.30814361572266
 10
479.83360290527344
 20
-223.30814361572266
 10
479.83360290527344
 20
-211.55254364013672
 10
479.83360290527344
 20
-198.44215393066406
 10
478.9437484741211
 20
-198.44215393066406
 10
477.8335952758789
 20
-198.44215393066406
 10
477.8335952758789
 20
-211.55254364013672
 10
477.8335952758789
 20
-225.90972900390625
 10
469.3617630004883
 20
-225.90972900390625
 10
453.626708984375
 20
-225.90972900390625
 10
445.2330780029297
 20
-225.90972900390625
 10
445.2330780029297
 20
-221.25282287597656
 10
445.2330780029297
 20
-198.34209442138672
 10
445.2330780029297
 20
-180.44219970703125
 10
444.42920684814453
 20
-180.44219970703125
 10
443.2331085205078
 20
-180.44219970703125
 10
443.23307037353516
 20
-198.34209442138672
 10
443.23307037353516
 20
-221.25282287597656
 10
443.23307037353516
 20
-227.90973663330078
  0
LWPOLYLINE
  5
1563
330
17
100
AcDbEntity
  8
0
100
AcDbPolyline
 90
42
 70
1
 10
444.34322357177734
 20
-247.90973663330078
 10
443.2331085205078
 20
-247.90973663330078
 10
443.23307037353516
 20
-273.6728286743164
 10
443.23307037353516
 20
-287.1582794189453
 10
441.2026596069336
 20
-287.1582794189453
 10
439.5751190185547
 20
-287.1582794189453
 10
439.5751190185547
 20
-289.7115707397461
 10
439.5751190185547
 20
-291.7582702636719
 10
441.2026596069336
 20
-291.7582702636719
 10
443.23307037353516
 20
-291.7582702636719
 10
443.23307037353516
 20
-305.8130645751953
 10
443.23307037353516
 20
-307.6620101928711
 10
443.23307037353516
 20
-310.4130554199219
 10
453.6927032470703
 20
-310.4130554199219
 10
459.8336410522461
 20
-310.4130554199219
 10
459.8336410522461
 20
-307.514705657959
 10
459.8336410522461
 20
-305.8130645751953
 10
453.6927032470703
 20
-305.8130645751953
 10
445.2330780029297
 20
-305.8130645751953
 10
445.2330780029297
 20
-273.6728286743164
 10
445.2330780029297
 20
-265.81275939941406
 10
473.3292007446289
 20
-265.81275939941406
 10
477.83363342285156
 20
-265.81275939941406
 10
477.8335952758789
 20
-277.7230453491211
 10
477.8335952758789
 20
-287.2701644897461
 10
478.7234878540039
 20
-287.2701644897461
 10
479.83360290527344
 20
-287.2701644897461
 10
479.83360290527344
 20
-277.7230453491211
 10
479.83360290527344
 20
-265.81275939941406
 10
515.1334762573242
 20
-265.81275939941406
 10
515.1334762573242
 20
-269.9833679199219
 10
519.1473388671875
 20
-269.9833679199219
 10
519.7334671020508
 20
-269.9833679199219
 10
519.7334671020508
 20
-252.68108367919922
 10
519.7334671020508
 20
-250.15457153320312
 10
515.7196044921875
 20
-250.15457153320312
 10
515.1334762573242
 20
-250.15457153320312
 10
515.1334762573242
 20
-252.68108367919922
 10
515.1334762573242
 20
-261.2127685546875
 10
487.037353515625
 20
-261.2127685546875
 10
445.2330780029297
 20
-261.2127685546875
 10
445.2330780029297
 20
-247.90973663330078
  0
LWPOLYLINE
  5
1564
330
17
100
AcDbEntity
  8
0
100
AcDbPolyline
 90
15
 70
1
 10
414.5002746582031
 20
-325.93225479125977
 10
414.5002746582031
 20
-353.5176658630371
 10
415.7940673828125
 20
-353.5176658630371
 10
419.1002655029297
 20
-353.5176658630371
 10
419.10030364990234
 20
-325.93225479125977
 10
419.10030364990234
 20
-291.7582702636719
 10
419.3638610839844
 20
-291.7582702636719
 10
419.5751190185547
 20
-291.7582702636719
 10
419.5751190185547
 20
-289.2049789428711
 10
419.5751190185547
 20
-287.1582794189453
 10
419.3638610839844
 20
-287.1582794189453
 10
419.10030364990234
 20
-287.1582794189453
 10
419.10030364990234
 20
-255.44063568115234
 10
417.80651092529297
 20
-255.44063568115234
 10
414.5003128051758
 20
-255.44063568115234
  0
LWPOLYLINE
  5
1565
330
17
100
AcDbEntity
  8
0
100
AcDbPolyline
 90
22
 70
1
 10
477.8335952758789
 20
-305.27015686035156
 10
477.8335952758789
 20
-305.51172256469727
 10
477.8335952758789
 20
-305.8130645751953
 10
477.83363342285156
 20
-305.8130645751953
 10
477.83363342285156
 20
-308.7114143371582
 10
477.83363342285156
 20
-310.4130554199219
 10
491.6317367553711
 20
-310.4130554199219
 10
515.1334701730138
 20
-310.4130554199219
 10
515.1334381103516
 20
-392.6130485534668
 10
516.9207382202148
 20
-392.6130485534668
 10
519.7334289550781
 20
-392.6130485534668
 10
519.7334671020508
 20
-294.8145294189453
 10
519.7334671020508
 20
-285.9833526611328
 10
515.7195663452148
 20
-285.9833526611328
 10
515.1334762573242
 20
-285.9833526611328
 10
515.1334762573242
 20
-294.8145294189453
 10
515.1334719672714
 20
-305.8130645751953
 10
491.6317367553711
 20
-305.8130645751953
 10
479.83360290527344
 20
-305.8130645751953
 10
479.83360290527344
 20
-305.51172256469727
 10
479.83360290527344
 20
-305.27015686035156
 10
478.9437484741211
 20
-305.27015686035156
  0
LWPOLYLINE
  5
1566
330
17
100
AcDbEntity
  8
0
100
AcDbPolyline
 90
12
 70
1
 10
414.5002746582031
 20
-388.01305770874023
 10
414.5002746582031
 20
-389.8003578186035
 10
414.5002746582031
 20
-392.6130485534668
 10
417.0535659790039
 20
-392.6130485534668
 10
419.1002655029297
 20
-392.6130485534668
 10
419.1002655029297
 20
-391.3192367553711
 10
419.1002655029297
 20
-388.01305770874023
 10
419.1002655029297
 20
-386.07288360595703
 10
419.1002655029297
 20
-384.5176696777344
 10
417.8064727783203
 20
-384.5176696777344
 10
414.5002746582031
 20
-384.5176696777344
 10
414.5002746582031
 20
-386.07288360595703
  0
LWPOLYLINE
  5
1567
330
17
100
AcDbEntity
  8
0
100
AcDbPolyline
 90
8
 70
1
 10
484.1334533691406
 20
-388.01305770874023
 10
459.67254638671875
 20
-388.01305770874023
 10
450.1002502441406
 20
-388.01305770874023
 10
450.1002502441406
 20
-389.3068504333496
 10
450.1002502441406
 20
-392.6130485534668
 10
459.67254638671875
 20
-392.6130485534668
 10
484.1334533691406
 20
-392.6130485534668
 10
484.1334533691406
 20
-391.3192367553711
  0
LWPOLYLINE
  5
1568
330
17
100
AcDbEntity
  8
0
100
AcDbPolyline
 90
8
 70
1
 10
186.73398971557617
 20
-4.812507629394531
 10
187.0937156677246
 20
-4.470405578613281
 10
183.02003860473633
 20
148.2110595703125
 10
182.5551986694336
 20
165.63339233398438
 10
179.42352294921875
 20
161.85707092285156
 10
179.066162109375
 20
161.42616271972656
 10
183.11906814575195
 20
9.522933959960938
 10
183.58154296875
 20
-7.810554504394531
  0
LWPOLYLINE
  5
1569
330
17
100
AcDbEntity
  8
0
100
AcDbPolyline
 90
14
 70
1
 10
57.758827209472656
 20
1.1292266845703125
 10
57.758827209472656
 20
-18.25847625732422
 10
57.758827209472656
 20
-28.870773315429688
 10
57.83210754394531
 20
-28.870773315429688
 10
57.83210754394531
 20
-31.64043426513672
 10
57.83210754394531
 20
-32.47077941894531
 10
58.64553451538086
 20
-32.47077941894531
 10
61.35883331298828
 20
-32.47077941894531
 10
61.35883331298828
 20
-30.144271850585938
 10
61.35883331298828
 20
-28.870773315429688
 10
61.35881423950195
 20
-28.870773315429688
 10
61.35883331298828
 20
-9.483070373535156
 10
61.35883331298828
 20
1.1292266845703125
 10
59.03228759765625
 20
1.1292266845703125
  0
LWPOLYLINE
  5
156A
330
17
100
AcDbEntity
  8
0
100
AcDbPolyline
 90
19
 70
1
 10
37.83210754394531
 20
-32.47077941894531
 10
37.83210754394531
 20
-29.70111846923828
 10
37.83210754394531
 20
-28.870773315429688
 10
34.55707550048828
 20
-28.870773315429688
 10
26.747059344539764
 20
-28.870773315429688
 10
28.078536987304688
 20
-10.836868286132812
 10
28.962020874023438
 20
1.1292266845703125
 10
26.800918579101562
 20
3.4557723999023438
 10
25.618019104003906
 20
4.7292327880859375
 10
23.844852447509766
 20
-19.28691864013672
 10
22.87425994873047
 20
-32.43274688720703
 10
-16.78548812866211
 20
-569.594612121582
 10
-21.310997009277344
 20
-630.8893585205078
 10
-18.08849334716797
 20
-631.1272811889648
 10
-17.720775604248047
 20
-631.1544418334961
 10
21.93897247314453
 20
-93.9925765991211
 10
26.464500427246094
 20
-32.69783020019531
 10
26.48126401996301
 20
-32.47077941894531
 10
34.50096130371094
 20
-32.47077941894531
  0
LWPOLYLINE
  5
156B
330
17
100
AcDbEntity
  8
0
100
AcDbPolyline
 90
3
 70
1
 10
24.673770937145267
 20
-32.56561773949927
 10
23.24199676513672
 20
-32.45990753173828
 10
22.87425994873047
 20
-32.43274688720703
  0
LWPOLYLINE
  5
156C
330
17
100
AcDbEntity
  8
0
100
AcDbPolyline
 90
23
 70
1
 10
539.9359512329102
 20
-31.648521423339844
 10
539.9359170517295
 20
-31.648518790490662
 10
539.9359130859375
 20
-31.648483276367188
 10
539.9358814226979
 20
-31.64851604611892
 10
503.7973403930664
 20
-28.864898681640625
 10
187.09373474121094
 20
-4.470405578613281
 10
183.94128799438477
 20
-7.468452453613281
 10
183.58156204223633
 20
-7.810554504394531
 10
500.5231475830078
 20
-32.223358154296875
 10
536.6888468579275
 20
-35.00903527055803
 10
536.6888046264648
 20
-35.00907897949219
 10
587.607421875
 20
-490.99220275878906
 10
593.4176633949211
 20
-543.0237563289332
 10
578.5591888427734
 20
-545.1700592041016
 10
426.500244140625
 20
-567.1348571777344
 10
426.95960998535156
 20
-570.3149795532227
 10
427.0149230957031
 20
-570.6978797912598
 10
579.0738677978516
 20
-548.733081817627
 10
597.3822021484375
 20
-546.0884475708008
 10
597.3821925578712
 20
-546.0883811765219
 10
597.3822784423828
 20
-546.0884475708008
 10
545.8196640014648
 20
-84.33815002441406
 10
539.9359208561334
 20
-31.64855285936639
  0
LWPOLYLINE
  5
156D
330
17
100
AcDbEntity
  8
0
100
AcDbPolyline
 90
8
 70
1
 10
220.52162170410156
 20
-600.5256652832031
 10
236.3306427001953
 20
-598.242073059082
 10
367.6312255859375
 20
-579.2758178710938
 10
367.17185974121094
 20
-576.0956954956055
 10
367.11658477783203
 20
-575.7127952575684
 10
236.27532958984375
 20
-594.6127128601074
 10
220.52162170410156
 20
-596.888313293457
 10
220.52162170410156
 20
-600.1531219482422
  0
ENDSEC
  0
SECTION
  2
OBJECTS
  0
DICTIONARY
  5
A
330
0
100
AcDbDictionary
280
0
281
1
  3
ACAD_COLOR
350
B
  3
ACAD_GROUP
350
C
  3
ACAD_LAYOUT
350
D
  3
ACAD_MATERIAL
350
E
  3
ACAD_MLEADERSTYLE
350
F
  3
ACAD_MLINESTYLE
350
10
  3
ACAD_PLOTSETTINGS
350
11
  3
ACAD_PLOTSTYLENAME
350
12
  3
ACAD_SCALELIST
350
14
  3
ACAD_TABLESTYLE
350
15
  3
ACAD_VISUALSTYLE
350
16
  3
EZDXF_META
350
2D
  0
DICTIONARY
  5
B
330
A
100
AcDbDictionary
280
0
281
1
  0
DICTIONARY
  5
C
330
A
100
AcDbDictionary
280
0
281
1
  0
DICTIONARY
  5
D
330
A
100
AcDbDictionary
280
0
281
1
  3
Model
350
1A
  3
Layout1
350
1E
  0
DICTIONARY
  5
E
330
A
100
AcDbDictionary
280
0
281
1
  3
ByBlock
350
1F
  3
ByLayer
350
20
  3
Global
350
21
  0
DICTIONARY
  5
F
330
A
100
AcDbDictionary
280
0
281
1
  3
Standard
350
2C
  0
DICTIONARY
  5
10
330
A
100
AcDbDictionary
280
0
281
1
  3
Standard
350
22
  0
DICTIONARY
  5
11
330
A
100
AcDbDictionary
280
0
281
1
  0
ACDBDICTIONARYWDFLT
  5
12
330
A
100
AcDbDictionary
280
0
281
1
  3
Normal
350
13
100
AcDbDictionaryWithDefault
340
13
  0
ACDBPLACEHOLDER
  5
13
330
12
  0
DICTIONARY
  5
14
330
A
100
AcDbDictionary
280
0
281
1
  0
DICTIONARY
  5
15
330
A
100
AcDbDictionary
280
0
281
1
  0
DICTIONARY
  5
16
330
A
100
AcDbDictionary
280
0
281
1
  0
LAYOUT
  5
1A
330
D
100
AcDbPlotSettings
  1

  4
A3
  6

 40
7.5
 41
20.0
 42
7.5
 43
20.0
 44
420.0
 45
297.0
 46
0.0
 47
0.0
 48
0.0
 49
0.0
140
0.0
141
0.0
142
1.0
143
1.0
 70
1024
 72
1
 73
0
 74
5
  7

 75
16
 76
0
 77
2
 78
300
147
1.0
148
0.0
149
0.0
100
AcDbLayout
  1
Model
 70
1
 71
0
 10
0.0
 20
0.0
 11
420.0
 21
297.0
 12
0.0
 22
0.0
 32
0.0
 14
1e+20
 24
1e+20
 34
1e+20
 15
-1e+20
 25
-1e+20
 35
-1e+20
146
0.0
 13
0.0
 23
0.0
 33
0.0
 16
1.0
 26
0.0
 36
0.0
 17
0.0
 27
1.0
 37
0.0
 76
1
330
17
  0
LAYOUT
  5
1E
330
D
100
AcDbPlotSettings
  1

  4
A3
  6

 40
7.5
 41
20.0
 42
7.5
 43
20.0
 44
420.0
 45
297.0
 46
0.0
 47
0.0
 48
0.0
 49
0.0
140
0.0
141
0.0
142
1.0
143
1.0
 70
0
 72
1
 73
0
 74
5
  7

 75
16
 76
0
 77
2
 78
300
147
1.0
148
0.0
149
0.0
100
AcDbLayout
  1
Layout1
 70
1
 71
1
 10
0.0
 20
0.0
 11
420.0
 21
297.0
 12
0.0
 22
0.0
 32
0.0
 14
1e+20
 24
1e+20
 34
1e+20
 15
-1e+20
 25
-1e+20
 35
-1e+20
146
0.0
 13
0.0
 23
0.0
 33
0.0
 16
1.0
 26
0.0
 36
0.0
 17
0.0
 27
1.0
 37
0.0
 76
1
330
1B
  0
MATERIAL
  5
1F
102
{ACAD_REACTORS
330
E
102
}
330
E
100
AcDbMaterial
  1
ByBlock
  2

 70
0
 40
1.0
 71
1
 41
1.0
 91
-1023410177
 42
1.0
 72
1
  3

 73
1
 74
1
 75
1
 44
0.5
 73
0
 45
1.0
 46
1.0
 77
1
  4

 78
1
 79
1
170
1
 48
1.0
171
1
  6

172
1
173
1
174
1
140
1.0
141
1.0
175
1
  7

176
1
177
1
178
1
143
1.0
179
1
  8

270
1
271
1
272
1
145
1.0
146
1.0
273
1
  9

274
1
275
1
276
1
 42
1.0
 72
1
  3

 73
1
 74
1
 75
1
 94
63
  0
MATERIAL
  5
20
102
{ACAD_REACTORS
330
E
102
}
330
E
100
AcDbMaterial
  1
ByLayer
  2

 70
0
 40
1.0
 71
1
 41
1.0
 91
-1023410177
 42
1.0
 72
1
  3

 73
1
 74
1
 75
1
 44
0.5
 73
0
 45
1.0
 46
1.0
 77
1
  4

 78
1
 79
1
170
1
 48
1.0
171
1
  6

172
1
173
1
174
1
140
1.0
141
1.0
175
1
  7

176
1
177
1
178
1
143
1.0
179
1
  8

270
1
271
1
272
1
145
1.0
146
1.0
273
1
  9

274
1
275
1
276
1
 42
1.0
 72
1
  3

 73
1
 74
1
 75
1
 94
63
  0
MATERIAL
  5
21
102
{ACAD_REACTORS
330
E
102
}
330
E
100
AcDbMaterial
  1
Global
  2

 70
0
 40
1.0
 71
1
 41
1.0
 91
-1023410177
 42
1.0
 72
1
  3

 73
1
 74
1
 75
1
 44
0.5
 73
0
 45
1.0
 46
1.0
 77
1
  4

 78
1
 79
1
170
1
 48
1.0
171
1
  6

172
1
173
1
174
1
140
1.0
141
1.0
175
1
  7

176
1
177
1
178
1
143
1.0
179
1
  8

270
1
271
1
272
1
145
1.0
146
1.0
273
1
  9

274
1
275
1
276
1
 42
1.0
 72
1
  3

 73
1
 74
1
 75
1
 94
63
  0
MLINESTYLE
  5
22
102
{ACAD_REACTORS
330
10
102
}
330
10
100
AcDbMlineStyle
  2
Standard
 70
0
  3

 62
256
 51
90.0
 52
90.0
 71
2
 49
0.5
 62
256
  6
BYLAYER
 49
-0.5
 62
256
  6
BYLAYER
  0
MLEADERSTYLE
  5
2C
102
{ACAD_REACTORS
330
F
102
}
330
F
100
AcDbMLeaderStyle
179
2
170
2
171
1
172
0
 90
2
 40
0.0
 41
0.0
173
1
 91
-1056964608
 92
-2
290
1
 42
2.0
291
1
 43
8.0
  3
Standard
 44
4.0
300

342
29
174
1
175
1
176
0
178
1
 93
-1056964608
 45
4.0
292
0
297
0
 46
4.0
 94
-1056964608
 47
1.0
 49
1.0
140
1.0
294
1
141
0.0
177
0
142
1.0
295
0
296
0
143
3.75
271
0
272
9
273
9
  0
DICTIONARY
  5
2D
330
A
100
AcDbDictionary
281
1
  3
CREATED_BY_EZDXF
350
2E
  3
WRITTEN_BY_EZDXF
350
1570
  0
DICTIONARYVAR
  5
2E
330
2D
100
DictionaryVariables
280
0
  1
1.3.3 @ 2025-02-10T05:26:51.437078+00:00
  0
DICTIONARYVAR
  5
1570
330
2D
100
DictionaryVariables
280
0
  1
1.3.3 @ 2025-02-10T05:26:51.634172+00:00
  0
ENDSEC
  0
EOF
