  0
SECTION
  2
HEADER
  9
$ACADVER
  1
AC1024
  9
$ACADMAINTVER
 70
6
  9
$DWGCODEPAGE
  3
ANSI_1252
  9
$LASTSAVEDBY
  1
ezdxf
  9
$INSBASE
 10
0.0
 20
0.0
 30
0.0
  9
$EXTMIN
 10
1e+20
 20
1e+20
 30
1e+20
  9
$EXTMAX
 10
-1e+20
 20
-1e+20
 30
-1e+20
  9
$LIMMIN
 10
0.0
 20
0.0
  9
$LIMMAX
 10
420.0
 20
297.0
  9
$ORTHOMODE
 70
0
  9
$REGENMODE
 70
1
  9
$FILLMODE
 70
1
  9
$QTEXTMODE
 70
0
  9
$MIRRTEXT
 70
1
  9
$LTSCALE
 40
1.0
  9
$ATTMODE
 70
1
  9
$TEXTSIZE
 40
2.5
  9
$TRACEWID
 40
1.0
  9
$TEXTSTYLE
  7
Standard
  9
$CLAYER
  8
0
  9
$CELTYPE
  6
ByLayer
  9
$CECOLOR
 62
256
  9
$CELTSCALE
 40
1.0
  9
$DISPSILH
 70
0
  9
$DIMSCALE
 40
1.0
  9
$DIMASZ
 40
2.5
  9
$DIMEXO
 40
0.625
  9
$DIMDLI
 40
3.75
  9
$DIMRND
 40
0.0
  9
$DIMDLE
 40
0.0
  9
$DIMEXE
 40
1.25
  9
$DIMTP
 40
0.0
  9
$DIMTM
 40
0.0
  9
$DIMTXT
 40
2.5
  9
$DIMCEN
 40
2.5
  9
$DIMTSZ
 40
0.0
  9
$DIMTOL
 70
0
  9
$DIMLIM
 70
0
  9
$DIMTIH
 70
0
  9
$DIMTOH
 70
0
  9
$DIMSE1
 70
0
  9
$DIMSE2
 70
0
  9
$DIMTAD
 70
1
  9
$DIMZIN
 70
8
  9
$DIMBLK
  1

  9
$DIMASO
 70
1
  9
$DIMSHO
 70
1
  9
$DIMPOST
  1

  9
$DIMAPOST
  1

  9
$DIMALT
 70
0
  9
$DIMALTD
 70
3
  9
$DIMALTF
 40
0.03937007874
  9
$DIMLFAC
 40
1.0
  9
$DIMTOFL
 70
1
  9
$DIMTVP
 40
0.0
  9
$DIMTIX
 70
0
  9
$DIMSOXD
 70
0
  9
$DIMSAH
 70
0
  9
$DIMBLK1
  1

  9
$DIMBLK2
  1

  9
$DIMSTYLE
  2
ISO-25
  9
$DIMCLRD
 70
0
  9
$DIMCLRE
 70
0
  9
$DIMCLRT
 70
0
  9
$DIMTFAC
 40
1.0
  9
$DIMGAP
 40
0.625
  9
$DIMJUST
 70
0
  9
$DIMSD1
 70
0
  9
$DIMSD2
 70
0
  9
$DIMTOLJ
 70
0
  9
$DIMTZIN
 70
8
  9
$DIMALTZ
 70
0
  9
$DIMALTTZ
 70
0
  9
$DIMUPT
 70
0
  9
$DIMDEC
 70
2
  9
$DIMTDEC
 70
2
  9
$DIMALTU
 70
2
  9
$DIMALTTD
 70
3
  9
$DIMTXSTY
  7
Standard
  9
$DIMAUNIT
 70
0
  9
$DIMADEC
 70
0
  9
$DIMALTRND
 40
0.0
  9
$DIMAZIN
 70
0
  9
$DIMDSEP
 70
44
  9
$DIMATFIT
 70
3
  9
$DIMFRAC
 70
0
  9
$DIMLDRBLK
  1

  9
$DIMLUNIT
 70
2
  9
$DIMLWD
 70
-2
  9
$DIMLWE
 70
-2
  9
$DIMTMOVE
 70
0
  9
$DIMFXL
 40
1.0
  9
$DIMFXLON
 70
0
  9
$DIMJOGANG
 40
0.785398163397
  9
$DIMTFILL
 70
0
  9
$DIMTFILLCLR
 70
0
  9
$DIMARCSYM
 70
0
  9
$DIMLTYPE
  6

  9
$DIMLTEX1
  6

  9
$DIMLTEX2
  6

  9
$DIMTXTDIRECTION
 70
0
  9
$LUNITS
 70
2
  9
$LUPREC
 70
4
  9
$SKETCHINC
 40
1.0
  9
$FILLETRAD
 40
10.0
  9
$AUNITS
 70
0
  9
$AUPREC
 70
2
  9
$MENU
  1
.
  9
$ELEVATION
 40
0.0
  9
$PELEVATION
 40
0.0
  9
$THICKNESS
 40
0.0
  9
$LIMCHECK
 70
0
  9
$CHAMFERA
 40
0.0
  9
$CHAMFERB
 40
0.0
  9
$CHAMFERC
 40
0.0
  9
$CHAMFERD
 40
0.0
  9
$SKPOLY
 70
0
  9
$TDCREATE
 40
2460717.4565046295
  9
$TDUCREATE
 40
2458532.153996898
  9
$TDUPDATE
 40
2460717.4565046295
  9
$TDUUPDATE
 40
2458532.1544311
  9
$TDINDWG
 40
0.0
  9
$TDUSRTIMER
 40
0.0
  9
$USRTIMER
 70
1
  9
$ANGBASE
 50
0.0
  9
$ANGDIR
 70
0
  9
$PDMODE
 70
0
  9
$PDSIZE
 40
0.0
  9
$PLINEWID
 40
0.0
  9
$SPLFRAME
 70
0
  9
$SPLINETYPE
 70
6
  9
$SPLINESEGS
 70
8
  9
$HANDSEED
  5
5E6
  9
$SURFTAB1
 70
6
  9
$SURFTAB2
 70
6
  9
$SURFTYPE
 70
6
  9
$SURFU
 70
6
  9
$SURFV
 70
6
  9
$UCSBASE
  2

  9
$UCSNAME
  2

  9
$UCSORG
 10
0.0
 20
0.0
 30
0.0
  9
$UCSXDIR
 10
1.0
 20
0.0
 30
0.0
  9
$UCSYDIR
 10
0.0
 20
1.0
 30
0.0
  9
$UCSORTHOREF
  2

  9
$UCSORTHOVIEW
 70
0
  9
$UCSORGTOP
 10
0.0
 20
0.0
 30
0.0
  9
$UCSORGBOTTOM
 10
0.0
 20
0.0
 30
0.0
  9
$UCSORGLEFT
 10
0.0
 20
0.0
 30
0.0
  9
$UCSORGRIGHT
 10
0.0
 20
0.0
 30
0.0
  9
$UCSORGFRONT
 10
0.0
 20
0.0
 30
0.0
  9
$UCSORGBACK
 10
0.0
 20
0.0
 30
0.0
  9
$PUCSBASE
  2

  9
$PUCSNAME
  2

  9
$PUCSORG
 10
0.0
 20
0.0
 30
0.0
  9
$PUCSXDIR
 10
1.0
 20
0.0
 30
0.0
  9
$PUCSYDIR
 10
0.0
 20
1.0
 30
0.0
  9
$PUCSORTHOREF
  2

  9
$PUCSORTHOVIEW
 70
0
  9
$PUCSORGTOP
 10
0.0
 20
0.0
 30
0.0
  9
$PUCSORGBOTTOM
 10
0.0
 20
0.0
 30
0.0
  9
$PUCSORGLEFT
 10
0.0
 20
0.0
 30
0.0
  9
$PUCSORGRIGHT
 10
0.0
 20
0.0
 30
0.0
  9
$PUCSORGFRONT
 10
0.0
 20
0.0
 30
0.0
  9
$PUCSORGBACK
 10
0.0
 20
0.0
 30
0.0
  9
$USERI1
 70
0
  9
$USERI2
 70
0
  9
$USERI3
 70
0
  9
$USERI4
 70
0
  9
$USERI5
 70
0
  9
$USERR1
 40
0.0
  9
$USERR2
 40
0.0
  9
$USERR3
 40
0.0
  9
$USERR4
 40
0.0
  9
$USERR5
 40
0.0
  9
$WORLDVIEW
 70
1
  9
$SHADEDGE
 70
3
  9
$SHADEDIF
 70
70
  9
$TILEMODE
 70
1
  9
$MAXACTVP
 70
64
  9
$PINSBASE
 10
0.0
 20
0.0
 30
0.0
  9
$PLIMCHECK
 70
0
  9
$PEXTMIN
 10
1e+20
 20
1e+20
 30
1e+20
  9
$PEXTMAX
 10
-1e+20
 20
-1e+20
 30
-1e+20
  9
$PLIMMIN
 10
0.0
 20
0.0
  9
$PLIMMAX
 10
420.0
 20
297.0
  9
$UNITMODE
 70
0
  9
$VISRETAIN
 70
1
  9
$PLINEGEN
 70
0
  9
$PSLTSCALE
 70
1
  9
$TREEDEPTH
 70
3020
  9
$CMLSTYLE
  2
Standard
  9
$CMLJUST
 70
0
  9
$CMLSCALE
 40
20.0
  9
$PROXYGRAPHICS
 70
1
  9
$MEASUREMENT
 70
1
  9
$CELWEIGHT
370
-1
  9
$ENDCAPS
280
0
  9
$JOINSTYLE
280
0
  9
$LWDISPLAY
290
0
  9
$INSUNITS
 70
6
  9
$HYPERLINKBASE
  1

  9
$STYLESHEET
  1

  9
$XEDIT
290
1
  9
$CEPSNTYPE
380
0
  9
$PSTYLEMODE
290
1
  9
$FINGERPRINTGUID
  2
{4C50FA62-764C-4275-BF9B-D4DCDA9F0DE1}
  9
$VERSIONGUID
  2
{C73F8622-7EB6-4275-A391-83DD0AF96876}
  9
$EXTNAMES
290
1
  9
$PSVPSCALE
 40
0.0
  9
$OLESTARTUP
290
0
  9
$SORTENTS
280
127
  9
$INDEXCTL
280
0
  9
$HIDETEXT
280
1
  9
$XCLIPFRAME
280
1
  9
$HALOGAP
280
0
  9
$OBSCOLOR
 70
257
  9
$OBSLTYPE
280
0
  9
$INTERSECTIONDISPLAY
280
0
  9
$INTERSECTIONCOLOR
 70
257
  9
$DIMASSOC
280
2
  9
$PROJECTNAME
  1

  9
$CAMERADISPLAY
290
0
  9
$LENSLENGTH
 40
50.0
  9
$CAMERAHEIGHT
 40
0.0
  9
$STEPSPERSEC
 40
24.0
  9
$STEPSIZE
 40
100.0
  9
$3DDWFPREC
 40
2.0
  9
$PSOLWIDTH
 40
0.005
  9
$PSOLHEIGHT
 40
0.08
  9
$LOFTANG1
 40
1.570796326795
  9
$LOFTANG2
 40
1.570796326795
  9
$LOFTMAG1
 40
0.0
  9
$LOFTMAG2
 40
0.0
  9
$LOFTPARAM
 70
7
  9
$LOFTNORMALS
280
1
  9
$LATITUDE
 40
37.795
  9
$LONGITUDE
 40
-122.394
  9
$NORTHDIRECTION
 40
0.0
  9
$TIMEZONE
 70
-8000
  9
$LIGHTGLYPHDISPLAY
280
1
  9
$TILEMODELIGHTSYNCH
280
1
  9
$CMATERIAL
347
20
  9
$SOLIDHIST
280
0
  9
$SHOWHIST
280
1
  9
$DWFFRAME
280
2
  9
$DGNFRAME
280
2
  9
$REALWORLDSCALE
290
1
  9
$INTERFERECOLOR
 62
256
  9
$CSHADOW
280
0
  9
$SHADOWPLANELOCATION
 40
0.0
  0
ENDSEC
  0
SECTION
  2
CLASSES
  0
CLASS
  1
ACDBDICTIONARYWDFLT
  2
AcDbDictionaryWithDefault
  3
ObjectDBX Classes
 90
0
 91
0
280
0
281
0
  0
CLASS
  1
SUN
  2
AcDbSun
  3
SCENEOE
 90
1153
 91
0
280
0
281
0
  0
CLASS
  1
VISUALSTYLE
  2
AcDbVisualStyle
  3
ObjectDBX Classes
 90
4095
 91
0
280
0
281
0
  0
CLASS
  1
MATERIAL
  2
AcDbMaterial
  3
ObjectDBX Classes
 90
1153
 91
0
280
0
281
0
  0
CLASS
  1
SCALE
  2
AcDbScale
  3
ObjectDBX Classes
 90
1153
 91
0
280
0
281
0
  0
CLASS
  1
TABLESTYLE
  2
AcDbTableStyle
  3
ObjectDBX Classes
 90
4095
 91
0
280
0
281
0
  0
CLASS
  1
MLEADERSTYLE
  2
AcDbMLeaderStyle
  3
ACDB_MLEADERSTYLE_CLASS
 90
4095
 91
0
280
0
281
0
  0
CLASS
  1
DICTIONARYVAR
  2
AcDbDictionaryVar
  3
ObjectDBX Classes
 90
0
 91
0
280
0
281
0
  0
CLASS
  1
CELLSTYLEMAP
  2
AcDbCellStyleMap
  3
ObjectDBX Classes
 90
1152
 91
0
280
0
281
0
  0
CLASS
  1
MENTALRAYRENDERSETTINGS
  2
AcDbMentalRayRenderSettings
  3
SCENEOE
 90
1024
 91
0
280
0
281
0
  0
CLASS
  1
ACDBDETAILVIEWSTYLE
  2
AcDbDetailViewStyle
  3
ObjectDBX Classes
 90
1025
 91
0
280
0
281
0
  0
CLASS
  1
ACDBSECTIONVIEWSTYLE
  2
AcDbSectionViewStyle
  3
ObjectDBX Classes
 90
1025
 91
0
280
0
281
0
  0
CLASS
  1
RASTERVARIABLES
  2
AcDbRasterVariables
  3
ISM
 90
0
 91
0
280
0
281
0
  0
CLASS
  1
LAYOUT
  2
AcDbLayout
  3
ObjectDBX Classes
 90
0
 91
0
280
0
281
0
  0
CLASS
  1
ACDBPLACEHOLDER
  2
AcDbPlaceHolder
  3
ObjectDBX Classes
 90
0
 91
0
280
0
281
0
  0
ENDSEC
  0
SECTION
  2
TABLES
  0
TABLE
  2
VPORT
  5
8
330
0
100
AcDbSymbolTable
 70
1
  0
VPORT
  5
23
330
8
100
AcDbSymbolTableRecord
100
AcDbViewportTableRecord
  2
*Active
 70
0
 10
0.0
 20
0.0
 11
1.0
 21
1.0
 12
0.0
 22
0.0
 13
0.0
 23
0.0
 14
0.5
 24
0.5
 15
0.5
 25
0.5
 16
0.0
 26
0.0
 36
1.0
 17
0.0
 27
0.0
 37
0.0
 40
1000.0
 41
1.34
 42
50.0
 43
0.0
 44
0.0
 50
0.0
 51
0.0
 71
0
 72
1000
 73
1
 74
3
 75
0
 76
0
 77
0
 78
0
281
0
 65
0
146
0.0
  0
ENDTAB
  0
TABLE
  2
LTYPE
  5
2
330
0
100
AcDbSymbolTable
 70
3
  0
LTYPE
  5
24
330
2
100
AcDbSymbolTableRecord
100
AcDbLinetypeTableRecord
  2
ByBlock
 70
0
  3

 72
65
 73
0
 40
0.0
  0
LTYPE
  5
25
330
2
100
AcDbSymbolTableRecord
100
AcDbLinetypeTableRecord
  2
ByLayer
 70
0
  3

 72
65
 73
0
 40
0.0
  0
LTYPE
  5
26
330
2
100
AcDbSymbolTableRecord
100
AcDbLinetypeTableRecord
  2
Continuous
 70
0
  3

 72
65
 73
0
 40
0.0
  0
ENDTAB
  0
TABLE
  2
LAYER
  5
1
330
0
100
AcDbSymbolTable
 70
2
  0
LAYER
  5
27
330
1
100
AcDbSymbolTableRecord
100
AcDbLayerTableRecord
  2
0
 70
0
 62
7
  6
Continuous
370
-3
390
13
347
21
  0
LAYER
  5
28
330
1
100
AcDbSymbolTableRecord
100
AcDbLayerTableRecord
  2
Defpoints
 70
0
 62
7
  6
Continuous
290
0
370
-3
390
13
347
21
  0
ENDTAB
  0
TABLE
  2
STYLE
  5
5
330
0
100
AcDbSymbolTable
 70
1
  0
STYLE
  5
29
330
5
100
AcDbSymbolTableRecord
100
AcDbTextStyleTableRecord
  2
Standard
 70
0
 40
0.0
 41
1.0
 50
0.0
 71
0
 42
2.5
  3
txt
  4

  0
ENDTAB
  0
TABLE
  2
VIEW
  5
7
330
0
100
AcDbSymbolTable
 70
0
  0
ENDTAB
  0
TABLE
  2
UCS
  5
6
330
0
100
AcDbSymbolTable
 70
0
  0
ENDTAB
  0
TABLE
  2
APPID
  5
3
330
0
100
AcDbSymbolTable
 70
3
  0
APPID
  5
2A
330
3
100
AcDbSymbolTableRecord
100
AcDbRegAppTableRecord
  2
ACAD
 70
0
  0
APPID
  5
5E3
330
3
100
AcDbSymbolTableRecord
100
AcDbRegAppTableRecord
  2
HATCHBACKGROUNDCOLOR
 70
0
  0
APPID
  5
5E4
330
3
100
AcDbSymbolTableRecord
100
AcDbRegAppTableRecord
  2
EZDXF
 70
0
  0
ENDTAB
  0
TABLE
  2
DIMSTYLE
  5
4
330
0
100
AcDbSymbolTable
 70
1
100
AcDbDimStyleTable
  0
DIMSTYLE
105
2B
330
4
100
AcDbSymbolTableRecord
100
AcDbDimStyleTableRecord
  2
Standard
 70
0
 40
1.0
 41
2.5
 42
0.625
 43
3.75
 44
1.25
 45
0.0
 46
0.0
 47
0.0
 48
0.0
 49
2.5
140
2.5
141
2.5
142
0.0
143
0.03937007874
144
1.0
145
0.0
146
1.0
147
0.625
148
0.0
 69
0
 70
0
 71
0
 72
0
 73
0
 74
0
 75
0
 76
0
 77
1
 78
8
 79
3
170
0
171
3
172
1
173
0
174
0
175
0
176
0
177
0
178
0
179
2
271
2
272
2
273
2
274
3
275
0
276
0
277
2
278
44
279
0
280
0
281
0
282
0
283
0
284
8
285
0
286
0
288
0
289
3
290
0
371
-2
372
-2
  0
ENDTAB
  0
TABLE
  2
BLOCK_RECORD
  5
9
330
0
100
AcDbSymbolTable
 70
2
  0
BLOCK_RECORD
  5
17
330
9
100
AcDbSymbolTableRecord
100
AcDbBlockTableRecord
  2
*Model_Space
340
1A
 70
0
280
1
281
0
  0
BLOCK_RECORD
  5
1B
330
9
100
AcDbSymbolTableRecord
100
AcDbBlockTableRecord
  2
*Paper_Space
340
1E
 70
0
280
1
281
0
  0
ENDTAB
  0
ENDSEC
  0
SECTION
  2
BLOCKS
  0
BLOCK
  5
18
330
17
100
AcDbEntity
  8
0
100
AcDbBlockBegin
  2
*Model_Space
 70
0
 10
0.0
 20
0.0
 30
0.0
  3
*Model_Space
  1

  0
ENDBLK
  5
19
330
17
100
AcDbEntity
  8
0
100
AcDbBlockEnd
  0
BLOCK
  5
1C
330
1B
100
AcDbEntity
  8
0
100
AcDbBlockBegin
  2
*Paper_Space
 70
0
 10
0.0
 20
0.0
 30
0.0
  3
*Paper_Space
  1

  0
ENDBLK
  5
1D
330
1B
100
AcDbEntity
  8
0
100
AcDbBlockEnd
  0
ENDSEC
  0
SECTION
  2
ENTITIES
  0
LINE
  5
2F
330
17
100
AcDbEntity
  8
0
100
AcDbLine
 10
50.7833
 20
-255.329
 30
0.0
 11
50.7833
 21
-264.329
 31
0.0
  0
LINE
  5
30
330
17
100
AcDbEntity
  8
0
100
AcDbLine
 10
50.7833
 20
-264.329
 30
0.0
 11
171.716
 21
-264.329
 31
0.0
  0
LINE
  5
31
330
17
100
AcDbEntity
  8
0
100
AcDbLine
 10
171.716
 20
-255.329
 30
0.0
 11
171.716
 21
-264.329
 31
0.0
  0
LINE
  5
32
330
17
100
AcDbEntity
  8
0
100
AcDbLine
 10
50.7833
 20
-255.329
 30
0.0
 11
171.716
 21
-255.329
 31
0.0
  0
LINE
  5
33
330
17
100
AcDbEntity
  8
0
100
AcDbLine
 10
211.981
 20
-255.329
 30
0.0
 11
171.716
 21
-255.329
 31
0.0
  0
LINE
  5
34
330
17
100
AcDbEntity
  8
0
100
AcDbLine
 10
211.981
 20
-264.329
 30
0.0
 11
171.716
 21
-264.329
 31
0.0
  0
LINE
  5
35
330
17
100
AcDbEntity
  8
0
100
AcDbLine
 10
520.535
 20
-264.329
 30
0.0
 11
520.535
 21
-255.329
 31
0.0
  0
LINE
  5
36
330
17
100
AcDbEntity
  8
0
100
AcDbLine
 10
211.981
 20
-255.329
 30
0.0
 11
520.535
 21
-255.329
 31
0.0
  0
LINE
  5
37
330
17
100
AcDbEntity
  8
0
100
AcDbLine
 10
211.981
 20
-264.329
 30
0.0
 11
211.981
 21
-255.329
 31
0.0
  0
LINE
  5
38
330
17
100
AcDbEntity
  8
0
100
AcDbLine
 10
211.981
 20
-264.329
 30
0.0
 11
520.535
 21
-264.329
 31
0.0
  0
LINE
  5
39
330
17
100
AcDbEntity
  8
0
100
AcDbLine
 10
520.535
 20
-195.329
 30
0.0
 11
442.158
 21
-195.329
 31
0.0
  0
LINE
  5
3A
330
17
100
AcDbEntity
  8
0
100
AcDbLine
 10
442.158
 20
-197.329
 30
0.0
 11
442.158
 21
-195.329
 31
0.0
  0
LINE
  5
3B
330
17
100
AcDbEntity
  8
0
100
AcDbLine
 10
520.535
 20
-197.329
 30
0.0
 11
442.158
 21
-197.329
 31
0.0
  0
LINE
  5
3C
330
17
100
AcDbEntity
  8
0
100
AcDbLine
 10
520.535
 20
-195.329
 30
0.0
 11
520.535
 21
-197.329
 31
0.0
  0
LINE
  5
3D
330
17
100
AcDbEntity
  8
0
100
AcDbLine
 10
441.816
 20
-195.329
 30
0.0
 11
420.661
 21
-195.329
 31
0.0
  0
LINE
  5
3E
330
17
100
AcDbEntity
  8
0
100
AcDbLine
 10
442.158
 20
-197.329
 30
0.0
 11
420.661
 21
-197.329
 31
0.0
  0
LINE
  5
3F
330
17
100
AcDbEntity
  8
0
100
AcDbLine
 10
420.661
 20
-195.329
 30
0.0
 11
420.661
 21
-195.329
 31
0.0
  0
LINE
  5
40
330
17
100
AcDbEntity
  8
0
100
AcDbLine
 10
442.158
 20
-195.329
 30
0.0
 11
442.158
 21
-195.329
 31
0.0
  0
LINE
  5
41
330
17
100
AcDbEntity
  8
0
100
AcDbLine
 10
352.65
 20
-197.329
 30
0.0
 11
420.661
 21
-197.329
 31
0.0
  0
LINE
  5
42
330
17
100
AcDbEntity
  8
0
100
AcDbLine
 10
352.65
 20
-195.329
 30
0.0
 11
352.65
 21
-195.329
 31
0.0
  0
LINE
  5
43
330
17
100
AcDbEntity
  8
0
100
AcDbLine
 10
420.661
 20
-195.329
 30
0.0
 11
352.65
 21
-195.329
 31
0.0
  0
LINE
  5
44
330
17
100
AcDbEntity
  8
0
100
AcDbLine
 10
420.661
 20
-197.329
 30
0.0
 11
420.661
 21
-195.329
 31
0.0
  0
LINE
  5
45
330
17
100
AcDbEntity
  8
0
100
AcDbLine
 10
352.65
 20
-195.329
 30
0.0
 11
352.65
 21
-197.329
 31
0.0
  0
LINE
  5
46
330
17
100
AcDbEntity
  8
0
100
AcDbLine
 10
352.65
 20
-195.329
 30
0.0
 11
228.652
 21
-195.329
 31
0.0
  0
LINE
  5
47
330
17
100
AcDbEntity
  8
0
100
AcDbLine
 10
224.052
 20
-195.329
 30
0.0
 11
211.981
 21
-195.329
 31
0.0
  0
LINE
  5
48
330
17
100
AcDbEntity
  8
0
100
AcDbLine
 10
211.981
 20
-197.329
 30
0.0
 11
211.981
 21
-195.329
 31
0.0
  0
LINE
  5
49
330
17
100
AcDbEntity
  8
0
100
AcDbLine
 10
352.65
 20
-197.329
 30
0.0
 11
211.981
 21
-197.329
 31
0.0
  0
LINE
  5
4A
330
17
100
AcDbEntity
  8
0
100
AcDbLine
 10
211.981
 20
-195.329
 30
0.0
 11
172.186
 21
-195.329
 31
0.0
  0
LINE
  5
4B
330
17
100
AcDbEntity
  8
0
100
AcDbLine
 10
211.981
 20
-197.329
 30
0.0
 11
174.572
 21
-197.329
 31
0.0
  0
LINE
  5
4C
330
17
100
AcDbEntity
  8
0
100
AcDbLine
 10
172.186
 20
-197.329
 30
0.0
 11
171.716
 21
-197.329
 31
0.0
  0
LINE
  5
4D
330
17
100
AcDbEntity
  8
0
100
AcDbLine
 10
211.981
 20
-195.329
 30
0.0
 11
211.981
 21
-195.329
 31
0.0
  0
LINE
  5
4E
330
17
100
AcDbEntity
  8
0
100
AcDbLine
 10
171.716
 20
-197.329
 30
0.0
 11
50.8254
 21
-197.329
 31
0.0
  0
LINE
  5
4F
330
17
100
AcDbEntity
  8
0
100
AcDbLine
 10
171.716
 20
-195.329
 30
0.0
 11
171.716
 21
-197.329
 31
0.0
  0
LINE
  5
50
330
17
100
AcDbEntity
  8
0
100
AcDbLine
 10
171.716
 20
-195.329
 30
0.0
 11
50.8254
 21
-195.329
 31
0.0
  0
LINE
  5
51
330
17
100
AcDbEntity
  8
0
100
AcDbLine
 10
50.8254
 20
-197.329
 30
0.0
 11
50.8254
 21
-195.329
 31
0.0
  0
LINE
  5
52
330
17
100
AcDbEntity
  8
0
100
AcDbLine
 10
407.634
 20
-197.329
 30
0.0
 11
407.634
 21
-197.329
 31
0.0
  0
LINE
  5
53
330
17
100
AcDbEntity
  8
0
100
AcDbLine
 10
389.634
 20
-197.329
 30
0.0
 11
389.634
 21
-197.329
 31
0.0
  0
LINE
  5
54
330
17
100
AcDbEntity
  8
0
100
AcDbLine
 10
303.531
 20
-237.329
 30
0.0
 11
303.531
 21
-255.329
 31
0.0
  0
LINE
  5
55
330
17
100
AcDbEntity
  8
0
100
AcDbLine
 10
303.531
 20
-255.329
 30
0.0
 11
307.031
 21
-255.329
 31
0.0
  0
LINE
  5
56
330
17
100
AcDbEntity
  8
0
100
AcDbLine
 10
307.031
 20
-255.329
 30
0.0
 11
307.031
 21
-237.329
 31
0.0
  0
LINE
  5
57
330
17
100
AcDbEntity
  8
0
100
AcDbLine
 10
303.531
 20
-237.329
 30
0.0
 11
307.031
 21
-237.329
 31
0.0
  0
LINE
  5
58
330
17
100
AcDbEntity
  8
0
100
AcDbLine
 10
289.031
 20
-246.329
 30
0.0
 11
289.031
 21
-255.329
 31
0.0
  0
LINE
  5
59
330
17
100
AcDbEntity
  8
0
100
AcDbLine
 10
289.031
 20
-255.329
 30
0.0
 11
303.531
 21
-255.329
 31
0.0
  0
LINE
  5
5A
330
17
100
AcDbEntity
  8
0
100
AcDbLine
 10
303.531
 20
-255.329
 30
0.0
 11
303.531
 21
-246.329
 31
0.0
  0
LINE
  5
5B
330
17
100
AcDbEntity
  8
0
100
AcDbLine
 10
289.031
 20
-246.329
 30
0.0
 11
303.531
 21
-246.329
 31
0.0
  0
LINE
  5
5C
330
17
100
AcDbEntity
  8
0
100
AcDbLine
 10
289.031
 20
-242.729
 30
0.0
 11
303.531
 21
-242.729
 31
0.0
  0
LINE
  5
5D
330
17
100
AcDbEntity
  8
0
100
AcDbLine
 10
289.031
 20
-246.329
 30
0.0
 11
289.031
 21
-242.729
 31
0.0
  0
LINE
  5
5E
330
17
100
AcDbEntity
  8
0
100
AcDbLine
 10
444.035
 20
-213.329
 30
0.0
 11
419.902
 21
-213.329
 31
0.0
  0
LINE
  5
5F
330
17
100
AcDbEntity
  8
0
100
AcDbLine
 10
444.035
 20
-212.329
 30
0.0
 11
444.035
 21
-213.329
 31
0.0
  0
LINE
  5
60
330
17
100
AcDbEntity
  8
0
100
AcDbLine
 10
444.035
 20
-212.329
 30
0.0
 11
419.902
 21
-212.329
 31
0.0
  0
LINE
  5
61
330
17
100
AcDbEntity
  8
0
100
AcDbLine
 10
419.902
 20
-213.329
 30
0.0
 11
419.902
 21
-212.329
 31
0.0
  0
LINE
  5
62
330
17
100
AcDbEntity
  8
0
100
AcDbLine
 10
425.335
 20
-214.329
 30
0.0
 11
425.335
 21
-255.329
 31
0.0
  0
LINE
  5
63
330
17
100
AcDbEntity
  8
0
100
AcDbLine
 10
443.335
 20
-214.329
 30
0.0
 11
425.335
 21
-214.329
 31
0.0
  0
LINE
  5
64
330
17
100
AcDbEntity
  8
0
100
AcDbLine
 10
443.335
 20
-255.329
 30
0.0
 11
443.335
 21
-214.329
 31
0.0
  0
LINE
  5
65
330
17
100
AcDbEntity
  8
0
100
AcDbLine
 10
444.035
 20
-212.829
 30
0.0
 11
444.035
 21
-212.829
 31
0.0
  0
LINE
  5
66
330
17
100
AcDbEntity
  8
0
100
AcDbLine
 10
423.835
 20
-255.329
 30
0.0
 11
423.835
 21
-213.329
 31
0.0
  0
LINE
  5
67
330
17
100
AcDbEntity
  8
0
100
AcDbLine
 10
425.335
 20
-254.829
 30
0.0
 11
443.335
 21
-254.829
 31
0.0
  0
LINE
  5
68
330
17
100
AcDbEntity
  8
0
100
AcDbLine
 10
442.835
 20
-234.629
 30
0.0
 11
440.435
 21
-234.629
 31
0.0
  0
LINE
  5
69
330
17
100
AcDbEntity
  8
0
100
AcDbLine
 10
442.835
 20
-235.029
 30
0.0
 11
440.435
 21
-235.029
 31
0.0
  0
LINE
  5
6A
330
17
100
AcDbEntity
  8
0
100
AcDbLine
 10
440.435
 20
-235.029
 30
0.0
 11
440.435
 21
-234.629
 31
0.0
  0
LINE
  5
6B
330
17
100
AcDbEntity
  8
0
100
AcDbLine
 10
442.835
 20
-235.029
 30
0.0
 11
442.835
 21
-234.629
 31
0.0
  0
LINE
  5
6C
330
17
100
AcDbEntity
  8
0
100
AcDbLine
 10
425.335
 20
-254.829
 30
0.0
 11
443.335
 21
-254.829
 31
0.0
  0
LINE
  5
6D
330
17
100
AcDbEntity
  8
0
100
AcDbLine
 10
443.335
 20
-214.329
 30
0.0
 11
443.335
 21
-214.329
 31
0.0
  0
LINE
  5
6E
330
17
100
AcDbEntity
  8
0
100
AcDbLine
 10
446.081
 20
-212.829
 30
0.0
 11
445.981
 21
-212.829
 31
0.0
  0
LINE
  5
6F
330
17
100
AcDbEntity
  8
0
100
AcDbLine
 10
445.981
 20
-212.829
 30
0.0
 11
445.981
 21
-213.829
 31
0.0
  0
LINE
  5
70
330
17
100
AcDbEntity
  8
0
100
AcDbLine
 10
445.981
 20
-213.829
 30
0.0
 11
446.081
 21
-213.829
 31
0.0
  0
LINE
  5
71
330
17
100
AcDbEntity
  8
0
100
AcDbLine
 10
446.081
 20
-212.829
 30
0.0
 11
446.081
 21
-213.829
 31
0.0
  0
LINE
  5
72
330
17
100
AcDbEntity
  8
0
100
AcDbLine
 10
444.981
 20
-212.829
 30
0.0
 11
444.881
 21
-212.829
 31
0.0
  0
LINE
  5
73
330
17
100
AcDbEntity
  8
0
100
AcDbLine
 10
444.881
 20
-212.829
 30
0.0
 11
444.881
 21
-214.329
 31
0.0
  0
LINE
  5
74
330
17
100
AcDbEntity
  8
0
100
AcDbLine
 10
444.881
 20
-214.329
 30
0.0
 11
444.981
 21
-214.329
 31
0.0
  0
LINE
  5
75
330
17
100
AcDbEntity
  8
0
100
AcDbLine
 10
444.981
 20
-212.829
 30
0.0
 11
444.981
 21
-214.329
 31
0.0
  0
LINE
  5
76
330
17
100
AcDbEntity
  8
0
100
AcDbLine
 10
444.981
 20
-214.329
 30
0.0
 11
444.981
 21
-254.829
 31
0.0
  0
LINE
  5
77
330
17
100
AcDbEntity
  8
0
100
AcDbLine
 10
444.881
 20
-214.329
 30
0.0
 11
444.881
 21
-255.329
 31
0.0
  0
LINE
  5
78
330
17
100
AcDbEntity
  8
0
100
AcDbLine
 10
444.981
 20
-214.329
 30
0.0
 11
444.981
 21
-214.329
 31
0.0
  0
LINE
  5
79
330
17
100
AcDbEntity
  8
0
100
AcDbLine
 10
444.981
 20
-254.829
 30
0.0
 11
444.981
 21
-255.329
 31
0.0
  0
LINE
  5
7A
330
17
100
AcDbEntity
  8
0
100
AcDbLine
 10
444.981
 20
-255.329
 30
0.0
 11
446.981
 21
-255.329
 31
0.0
  0
LINE
  5
7B
330
17
100
AcDbEntity
  8
0
100
AcDbLine
 10
446.981
 20
-255.329
 30
0.0
 11
446.981
 21
-254.829
 31
0.0
  0
LINE
  5
7C
330
17
100
AcDbEntity
  8
0
100
AcDbLine
 10
444.981
 20
-254.829
 30
0.0
 11
446.981
 21
-254.829
 31
0.0
  0
LINE
  5
7D
330
17
100
AcDbEntity
  8
0
100
AcDbLine
 10
445.481
 20
-213.829
 30
0.0
 11
445.481
 21
-254.829
 31
0.0
  0
LINE
  5
7E
330
17
100
AcDbEntity
  8
0
100
AcDbLine
 10
445.481
 20
-254.829
 30
0.0
 11
446.181
 21
-254.829
 31
0.0
  0
LINE
  5
7F
330
17
100
AcDbEntity
  8
0
100
AcDbLine
 10
446.181
 20
-254.829
 30
0.0
 11
446.181
 21
-213.829
 31
0.0
  0
LINE
  5
80
330
17
100
AcDbEntity
  8
0
100
AcDbLine
 10
445.481
 20
-213.829
 30
0.0
 11
446.181
 21
-213.829
 31
0.0
  0
LINE
  5
81
330
17
100
AcDbEntity
  8
0
100
AcDbLine
 10
445.481
 20
-213.329
 30
0.0
 11
444.981
 21
-213.329
 31
0.0
  0
LINE
  5
82
330
17
100
AcDbEntity
  8
0
100
AcDbLine
 10
444.981
 20
-213.329
 30
0.0
 11
444.981
 21
-214.329
 31
0.0
  0
LINE
  5
83
330
17
100
AcDbEntity
  8
0
100
AcDbLine
 10
444.981
 20
-214.329
 30
0.0
 11
445.481
 21
-214.329
 31
0.0
  0
LINE
  5
84
330
17
100
AcDbEntity
  8
0
100
AcDbLine
 10
445.481
 20
-213.329
 30
0.0
 11
445.481
 21
-214.329
 31
0.0
  0
LINE
  5
85
330
17
100
AcDbEntity
  8
0
100
AcDbLine
 10
444.981
 20
-214.329
 30
0.0
 11
444.981
 21
-254.829
 31
0.0
  0
LINE
  5
86
330
17
100
AcDbEntity
  8
0
100
AcDbLine
 10
445.481
 20
-214.329
 30
0.0
 11
445.481
 21
-214.329
 31
0.0
  0
LINE
  5
87
330
17
100
AcDbEntity
  8
0
100
AcDbLine
 10
445.981
 20
-213.329
 30
0.0
 11
445.481
 21
-213.329
 31
0.0
  0
LINE
  5
88
330
17
100
AcDbEntity
  8
0
100
AcDbLine
 10
445.481
 20
-213.329
 30
0.0
 11
445.481
 21
-213.829
 31
0.0
  0
LINE
  5
89
330
17
100
AcDbEntity
  8
0
100
AcDbLine
 10
445.481
 20
-213.829
 30
0.0
 11
445.981
 21
-213.829
 31
0.0
  0
LINE
  5
8A
330
17
100
AcDbEntity
  8
0
100
AcDbLine
 10
445.981
 20
-213.329
 30
0.0
 11
445.981
 21
-213.829
 31
0.0
  0
LINE
  5
8B
330
17
100
AcDbEntity
  8
0
100
AcDbLine
 10
441.193
 20
-194.829
 30
0.0
 11
441.193
 21
-195.329
 31
0.0
  0
LINE
  5
8C
330
17
100
AcDbEntity
  8
0
100
AcDbLine
 10
422.193
 20
-195.329
 30
0.0
 11
422.193
 21
-194.829
 31
0.0
  0
LINE
  5
8D
330
17
100
AcDbEntity
  8
0
100
AcDbLine
 10
422.693
 20
-194.829
 30
0.0
 11
440.693
 21
-194.829
 31
0.0
  0
LINE
  5
8E
330
17
100
AcDbEntity
  8
0
100
AcDbLine
 10
440.693
 20
-195.329
 30
0.0
 11
440.693
 21
-194.829
 31
0.0
  0
LINE
  5
8F
330
17
100
AcDbEntity
  8
0
100
AcDbLine
 10
422.693
 20
-195.329
 30
0.0
 11
422.693
 21
-194.829
 31
0.0
  0
LINE
  5
90
330
17
100
AcDbEntity
  8
0
100
AcDbLine
 10
423.193
 20
-174.629
 30
0.0
 11
425.593
 21
-174.629
 31
0.0
  0
LINE
  5
91
330
17
100
AcDbEntity
  8
0
100
AcDbLine
 10
423.193
 20
-175.029
 30
0.0
 11
425.593
 21
-175.029
 31
0.0
  0
LINE
  5
92
330
17
100
AcDbEntity
  8
0
100
AcDbLine
 10
425.593
 20
-175.029
 30
0.0
 11
425.593
 21
-174.629
 31
0.0
  0
LINE
  5
93
330
17
100
AcDbEntity
  8
0
100
AcDbLine
 10
423.193
 20
-175.029
 30
0.0
 11
423.193
 21
-174.629
 31
0.0
  0
LINE
  5
94
330
17
100
AcDbEntity
  8
0
100
AcDbLine
 10
422.193
 20
-153.829
 30
0.0
 11
441.193
 21
-153.829
 31
0.0
  0
LINE
  5
95
330
17
100
AcDbEntity
  8
0
100
AcDbLine
 10
422.193
 20
-194.829
 30
0.0
 11
441.193
 21
-194.829
 31
0.0
  0
LINE
  5
96
330
17
100
AcDbEntity
  8
0
100
AcDbLine
 10
441.193
 20
-194.829
 30
0.0
 11
441.193
 21
-153.829
 31
0.0
  0
LINE
  5
97
330
17
100
AcDbEntity
  8
0
100
AcDbLine
 10
422.193
 20
-194.829
 30
0.0
 11
422.193
 21
-153.829
 31
0.0
  0
LINE
  5
98
330
17
100
AcDbEntity
  8
0
100
AcDbLine
 10
422.193
 20
-153.829
 30
0.0
 11
422.193
 21
-153.829
 31
0.0
  0
LINE
  5
99
330
17
100
AcDbEntity
  8
0
100
AcDbLine
 10
107.265
 20
-225.329
 30
0.0
 11
107.265
 21
-255.329
 31
0.0
  0
LINE
  5
9A
330
17
100
AcDbEntity
  8
0
100
AcDbLine
 10
125.265
 20
-214.329
 30
0.0
 11
109.283
 21
-214.329
 31
0.0
  0
LINE
  5
9B
330
17
100
AcDbEntity
  8
0
100
AcDbLine
 10
125.265
 20
-255.329
 30
0.0
 11
125.265
 21
-214.329
 31
0.0
  0
LINE
  5
9C
330
17
100
AcDbEntity
  8
0
100
AcDbLine
 10
105.965
 20
-212.829
 30
0.0
 11
125.365
 21
-212.829
 31
0.0
  0
LINE
  5
9D
330
17
100
AcDbEntity
  8
0
100
AcDbLine
 10
105.765
 20
-237.329
 30
0.0
 11
105.765
 21
-225.329
 31
0.0
  0
LINE
  5
9E
330
17
100
AcDbEntity
  8
0
100
AcDbLine
 10
107.265
 20
-254.829
 30
0.0
 11
125.265
 21
-254.829
 31
0.0
  0
LINE
  5
9F
330
17
100
AcDbEntity
  8
0
100
AcDbLine
 10
107.765
 20
-234.629
 30
0.0
 11
110.165
 21
-234.629
 31
0.0
  0
LINE
  5
A0
330
17
100
AcDbEntity
  8
0
100
AcDbLine
 10
107.765
 20
-235.029
 30
0.0
 11
110.165
 21
-235.029
 31
0.0
  0
LINE
  5
A1
330
17
100
AcDbEntity
  8
0
100
AcDbLine
 10
110.165
 20
-235.029
 30
0.0
 11
110.165
 21
-234.629
 31
0.0
  0
LINE
  5
A2
330
17
100
AcDbEntity
  8
0
100
AcDbLine
 10
107.765
 20
-235.029
 30
0.0
 11
107.765
 21
-234.629
 31
0.0
  0
LINE
  5
A3
330
17
100
AcDbEntity
  8
0
100
AcDbLine
 10
107.265
 20
-254.829
 30
0.0
 11
125.265
 21
-254.829
 31
0.0
  0
LINE
  5
A4
330
17
100
AcDbEntity
  8
0
100
AcDbLine
 10
125.265
 20
-214.329
 30
0.0
 11
125.265
 21
-214.329
 31
0.0
  0
LINE
  5
A5
330
17
100
AcDbEntity
  8
0
100
AcDbLine
 10
144.888
 20
-214.329
 30
0.0
 11
144.888
 21
-255.329
 31
0.0
  0
LINE
  5
A6
330
17
100
AcDbEntity
  8
0
100
AcDbLine
 10
162.888
 20
-214.329
 30
0.0
 11
144.888
 21
-214.329
 31
0.0
  0
LINE
  5
A7
330
17
100
AcDbEntity
  8
0
100
AcDbLine
 10
162.888
 20
-255.329
 30
0.0
 11
162.888
 21
-214.329
 31
0.0
  0
LINE
  5
A8
330
17
100
AcDbEntity
  8
0
100
AcDbLine
 10
143.388
 20
-212.829
 30
0.0
 11
163.888
 21
-212.829
 31
0.0
  0
LINE
  5
A9
330
17
100
AcDbEntity
  8
0
100
AcDbLine
 10
143.388
 20
-255.329
 30
0.0
 11
143.388
 21
-212.829
 31
0.0
  0
LINE
  5
AA
330
17
100
AcDbEntity
  8
0
100
AcDbLine
 10
144.888
 20
-254.829
 30
0.0
 11
162.888
 21
-254.829
 31
0.0
  0
LINE
  5
AB
330
17
100
AcDbEntity
  8
0
100
AcDbLine
 10
145.388
 20
-234.629
 30
0.0
 11
147.788
 21
-234.629
 31
0.0
  0
LINE
  5
AC
330
17
100
AcDbEntity
  8
0
100
AcDbLine
 10
145.388
 20
-235.029
 30
0.0
 11
147.788
 21
-235.029
 31
0.0
  0
LINE
  5
AD
330
17
100
AcDbEntity
  8
0
100
AcDbLine
 10
147.788
 20
-235.029
 30
0.0
 11
147.788
 21
-234.629
 31
0.0
  0
LINE
  5
AE
330
17
100
AcDbEntity
  8
0
100
AcDbLine
 10
145.388
 20
-235.029
 30
0.0
 11
145.388
 21
-234.629
 31
0.0
  0
LINE
  5
AF
330
17
100
AcDbEntity
  8
0
100
AcDbLine
 10
144.888
 20
-254.829
 30
0.0
 11
162.888
 21
-254.829
 31
0.0
  0
LINE
  5
B0
330
17
100
AcDbEntity
  8
0
100
AcDbLine
 10
162.888
 20
-214.329
 30
0.0
 11
162.888
 21
-214.329
 31
0.0
  0
LINE
  5
B1
330
17
100
AcDbEntity
  8
0
100
AcDbLine
 10
39.6341
 20
-223.329
 30
0.0
 11
39.6341
 21
-255.329
 31
0.0
  0
LINE
  5
B2
330
17
100
AcDbEntity
  8
0
100
AcDbLine
 10
51.0827
 20
-223.329
 30
0.0
 11
39.6341
 21
-223.329
 31
0.0
  0
LINE
  5
B3
330
17
100
AcDbEntity
  8
0
100
AcDbLine
 10
57.6341
 20
-255.329
 30
0.0
 11
57.6341
 21
-255.329
 31
0.0
  0
LINE
  5
B4
330
17
100
AcDbEntity
  8
0
100
AcDbLine
 10
40.1341
 20
-243.629
 30
0.0
 11
42.5341
 21
-243.629
 31
0.0
  0
LINE
  5
B5
330
17
100
AcDbEntity
  8
0
100
AcDbLine
 10
40.1341
 20
-244.029
 30
0.0
 11
42.5341
 21
-244.029
 31
0.0
  0
LINE
  5
B6
330
17
100
AcDbEntity
  8
0
100
AcDbLine
 10
42.5341
 20
-244.029
 30
0.0
 11
42.5341
 21
-243.629
 31
0.0
  0
LINE
  5
B7
330
17
100
AcDbEntity
  8
0
100
AcDbLine
 10
40.1341
 20
-244.029
 30
0.0
 11
40.1341
 21
-243.629
 31
0.0
  0
LINE
  5
B8
330
17
100
AcDbEntity
  8
0
100
AcDbLine
 10
332.919
 20
-254.829
 30
0.0
 11
332.919
 21
-255.329
 31
0.0
  0
LINE
  5
B9
330
17
100
AcDbEntity
  8
0
100
AcDbLine
 10
313.919
 20
-255.329
 30
0.0
 11
313.919
 21
-254.829
 31
0.0
  0
LINE
  5
BA
330
17
100
AcDbEntity
  8
0
100
AcDbLine
 10
314.419
 20
-254.829
 30
0.0
 11
332.419
 21
-254.829
 31
0.0
  0
LINE
  5
BB
330
17
100
AcDbEntity
  8
0
100
AcDbLine
 10
332.419
 20
-255.329
 30
0.0
 11
332.419
 21
-254.829
 31
0.0
  0
LINE
  5
BC
330
17
100
AcDbEntity
  8
0
100
AcDbLine
 10
314.419
 20
-255.329
 30
0.0
 11
314.419
 21
-254.829
 31
0.0
  0
LINE
  5
BD
330
17
100
AcDbEntity
  8
0
100
AcDbLine
 10
331.919
 20
-234.629
 30
0.0
 11
329.519
 21
-234.629
 31
0.0
  0
LINE
  5
BE
330
17
100
AcDbEntity
  8
0
100
AcDbLine
 10
331.919
 20
-235.029
 30
0.0
 11
329.519
 21
-235.029
 31
0.0
  0
LINE
  5
BF
330
17
100
AcDbEntity
  8
0
100
AcDbLine
 10
329.519
 20
-235.029
 30
0.0
 11
329.519
 21
-234.629
 31
0.0
  0
LINE
  5
C0
330
17
100
AcDbEntity
  8
0
100
AcDbLine
 10
331.919
 20
-235.029
 30
0.0
 11
331.919
 21
-234.629
 31
0.0
  0
LINE
  5
C1
330
17
100
AcDbEntity
  8
0
100
AcDbLine
 10
313.919
 20
-213.829
 30
0.0
 11
332.919
 21
-213.829
 31
0.0
  0
LINE
  5
C2
330
17
100
AcDbEntity
  8
0
100
AcDbLine
 10
313.919
 20
-254.829
 30
0.0
 11
332.919
 21
-254.829
 31
0.0
  0
LINE
  5
C3
330
17
100
AcDbEntity
  8
0
100
AcDbLine
 10
332.919
 20
-254.829
 30
0.0
 11
332.919
 21
-213.829
 31
0.0
  0
LINE
  5
C4
330
17
100
AcDbEntity
  8
0
100
AcDbLine
 10
313.919
 20
-254.829
 30
0.0
 11
313.919
 21
-213.829
 31
0.0
  0
LINE
  5
C5
330
17
100
AcDbEntity
  8
0
100
AcDbLine
 10
313.919
 20
-213.829
 30
0.0
 11
313.919
 21
-213.829
 31
0.0
  0
LINE
  5
C6
330
17
100
AcDbEntity
  8
0
100
AcDbLine
 10
225.152
 20
-152.829
 30
0.0
 11
225.052
 21
-152.829
 31
0.0
  0
LINE
  5
C7
330
17
100
AcDbEntity
  8
0
100
AcDbLine
 10
225.052
 20
-152.829
 30
0.0
 11
225.052
 21
-153.829
 31
0.0
  0
LINE
  5
C8
330
17
100
AcDbEntity
  8
0
100
AcDbLine
 10
225.052
 20
-153.829
 30
0.0
 11
225.152
 21
-153.829
 31
0.0
  0
LINE
  5
C9
330
17
100
AcDbEntity
  8
0
100
AcDbLine
 10
225.152
 20
-152.829
 30
0.0
 11
225.152
 21
-153.829
 31
0.0
  0
LINE
  5
CA
330
17
100
AcDbEntity
  8
0
100
AcDbLine
 10
224.052
 20
-152.829
 30
0.0
 11
223.952
 21
-152.829
 31
0.0
  0
LINE
  5
CB
330
17
100
AcDbEntity
  8
0
100
AcDbLine
 10
223.952
 20
-152.829
 30
0.0
 11
223.952
 21
-154.329
 31
0.0
  0
LINE
  5
CC
330
17
100
AcDbEntity
  8
0
100
AcDbLine
 10
223.952
 20
-154.329
 30
0.0
 11
224.052
 21
-154.329
 31
0.0
  0
LINE
  5
CD
330
17
100
AcDbEntity
  8
0
100
AcDbLine
 10
224.052
 20
-152.829
 30
0.0
 11
224.052
 21
-154.329
 31
0.0
  0
LINE
  5
CE
330
17
100
AcDbEntity
  8
0
100
AcDbLine
 10
224.052
 20
-154.329
 30
0.0
 11
224.052
 21
-174.629
 31
0.0
  0
LINE
  5
CF
330
17
100
AcDbEntity
  8
0
100
AcDbLine
 10
224.052
 20
-175.029
 30
0.0
 11
224.052
 21
-194.829
 31
0.0
  0
LINE
  5
D0
330
17
100
AcDbEntity
  8
0
100
AcDbLine
 10
223.952
 20
-154.329
 30
0.0
 11
223.952
 21
-174.629
 31
0.0
  0
LINE
  5
D1
330
17
100
AcDbEntity
  8
0
100
AcDbLine
 10
223.952
 20
-175.029
 30
0.0
 11
223.952
 21
-195.329
 31
0.0
  0
LINE
  5
D2
330
17
100
AcDbEntity
  8
0
100
AcDbLine
 10
224.052
 20
-194.829
 30
0.0
 11
224.052
 21
-195.329
 31
0.0
  0
LINE
  5
D3
330
17
100
AcDbEntity
  8
0
100
AcDbLine
 10
224.052
 20
-195.329
 30
0.0
 11
224.052
 21
-195.329
 31
0.0
  0
LINE
  5
D4
330
17
100
AcDbEntity
  8
0
100
AcDbLine
 10
224.052
 20
-194.829
 30
0.0
 11
224.052
 21
-194.829
 31
0.0
  0
LINE
  5
D5
330
17
100
AcDbEntity
  8
0
100
AcDbLine
 10
223.752
 20
-174.629
 30
0.0
 11
224.052
 21
-174.629
 31
0.0
  0
LINE
  5
D6
330
17
100
AcDbEntity
  8
0
100
AcDbLine
 10
223.752
 20
-175.029
 30
0.0
 11
224.052
 21
-175.029
 31
0.0
  0
LINE
  5
D7
330
17
100
AcDbEntity
  8
0
100
AcDbLine
 10
223.752
 20
-175.029
 30
0.0
 11
223.752
 21
-174.629
 31
0.0
  0
LINE
  5
D8
330
17
100
AcDbEntity
  8
0
100
AcDbLine
 10
224.552
 20
-153.829
 30
0.0
 11
224.552
 21
-155.329
 31
0.0
  0
LINE
  5
D9
330
17
100
AcDbEntity
  8
0
100
AcDbLine
 10
225.252
 20
-155.329
 30
0.0
 11
225.252
 21
-153.829
 31
0.0
  0
LINE
  5
DA
330
17
100
AcDbEntity
  8
0
100
AcDbLine
 10
224.552
 20
-153.829
 30
0.0
 11
225.252
 21
-153.829
 31
0.0
  0
LINE
  5
DB
330
17
100
AcDbEntity
  8
0
100
AcDbLine
 10
224.552
 20
-153.329
 30
0.0
 11
224.052
 21
-153.329
 31
0.0
  0
LINE
  5
DC
330
17
100
AcDbEntity
  8
0
100
AcDbLine
 10
224.052
 20
-153.329
 30
0.0
 11
224.052
 21
-154.329
 31
0.0
  0
LINE
  5
DD
330
17
100
AcDbEntity
  8
0
100
AcDbLine
 10
224.052
 20
-154.329
 30
0.0
 11
224.552
 21
-154.329
 31
0.0
  0
LINE
  5
DE
330
17
100
AcDbEntity
  8
0
100
AcDbLine
 10
224.552
 20
-153.329
 30
0.0
 11
224.552
 21
-154.329
 31
0.0
  0
LINE
  5
DF
330
17
100
AcDbEntity
  8
0
100
AcDbLine
 10
224.052
 20
-154.329
 30
0.0
 11
224.052
 21
-174.629
 31
0.0
  0
LINE
  5
E0
330
17
100
AcDbEntity
  8
0
100
AcDbLine
 10
224.052
 20
-175.029
 30
0.0
 11
224.052
 21
-194.829
 31
0.0
  0
LINE
  5
E1
330
17
100
AcDbEntity
  8
0
100
AcDbLine
 10
225.052
 20
-153.329
 30
0.0
 11
224.552
 21
-153.329
 31
0.0
  0
LINE
  5
E2
330
17
100
AcDbEntity
  8
0
100
AcDbLine
 10
224.552
 20
-153.329
 30
0.0
 11
224.552
 21
-153.829
 31
0.0
  0
LINE
  5
E3
330
17
100
AcDbEntity
  8
0
100
AcDbLine
 10
224.552
 20
-153.829
 30
0.0
 11
225.052
 21
-153.829
 31
0.0
  0
LINE
  5
E4
330
17
100
AcDbEntity
  8
0
100
AcDbLine
 10
225.052
 20
-153.329
 30
0.0
 11
225.052
 21
-153.829
 31
0.0
  0
LINE
  5
E5
330
17
100
AcDbEntity
  8
0
100
AcDbLine
 10
420.002
 20
-195.329
 30
0.0
 11
420.002
 21
-175.029
 31
0.0
  0
LINE
  5
E6
330
17
100
AcDbEntity
  8
0
100
AcDbLine
 10
420.002
 20
-174.629
 30
0.0
 11
420.002
 21
-154.329
 31
0.0
  0
LINE
  5
E7
330
17
100
AcDbEntity
  8
0
100
AcDbLine
 10
420.002
 20
-154.329
 30
0.0
 11
420.002
 21
-154.329
 31
0.0
  0
LINE
  5
E8
330
17
100
AcDbEntity
  8
0
100
AcDbLine
 10
419.902
 20
-195.329
 30
0.0
 11
419.902
 21
-152.829
 31
0.0
  0
LINE
  5
E9
330
17
100
AcDbEntity
  8
0
100
AcDbLine
 10
420.002
 20
-195.329
 30
0.0
 11
420.002
 21
-152.829
 31
0.0
  0
LINE
  5
EA
330
17
100
AcDbEntity
  8
0
100
AcDbLine
 10
420.002
 20
-152.829
 30
0.0
 11
419.902
 21
-152.829
 31
0.0
  0
LINE
  5
EB
330
17
100
AcDbEntity
  8
0
100
AcDbLine
 10
420.002
 20
-174.629
 30
0.0
 11
420.202
 21
-174.629
 31
0.0
  0
LINE
  5
EC
330
17
100
AcDbEntity
  8
0
100
AcDbLine
 10
420.002
 20
-175.029
 30
0.0
 11
420.202
 21
-175.029
 31
0.0
  0
LINE
  5
ED
330
17
100
AcDbEntity
  8
0
100
AcDbLine
 10
420.202
 20
-175.029
 30
0.0
 11
420.202
 21
-174.629
 31
0.0
  0
LINE
  5
EE
330
17
100
AcDbEntity
  8
0
100
AcDbLine
 10
419.902
 20
-153.329
 30
0.0
 11
419.902
 21
-153.329
 31
0.0
  0
LINE
  5
EF
330
17
100
AcDbEntity
  8
0
100
AcDbLine
 10
352.173
 20
-237.329
 30
0.0
 11
340.173
 21
-237.329
 31
0.0
  0
LINE
  5
F0
330
17
100
AcDbEntity
  8
0
100
AcDbLine
 10
352.173
 20
-237.329
 30
0.0
 11
352.173
 21
-215.329
 31
0.0
  0
LINE
  5
F1
330
17
100
AcDbEntity
  8
0
100
AcDbLine
 10
352.173
 20
-215.329
 30
0.0
 11
340.173
 21
-215.329
 31
0.0
  0
LINE
  5
F2
330
17
100
AcDbEntity
  8
0
100
AcDbLine
 10
340.173
 20
-215.329
 30
0.0
 11
340.173
 21
-237.329
 31
0.0
  0
LINE
  5
F3
330
17
100
AcDbEntity
  8
0
100
AcDbLine
 10
353.173
 20
-238.329
 30
0.0
 11
339.173
 21
-238.329
 31
0.0
  0
LINE
  5
F4
330
17
100
AcDbEntity
  8
0
100
AcDbLine
 10
353.173
 20
-238.329
 30
0.0
 11
353.173
 21
-214.329
 31
0.0
  0
LINE
  5
F5
330
17
100
AcDbEntity
  8
0
100
AcDbLine
 10
353.173
 20
-214.329
 30
0.0
 11
339.173
 21
-214.329
 31
0.0
  0
LINE
  5
F6
330
17
100
AcDbEntity
  8
0
100
AcDbLine
 10
339.173
 20
-238.329
 30
0.0
 11
339.173
 21
-214.329
 31
0.0
  0
LINE
  5
F7
330
17
100
AcDbEntity
  8
0
100
AcDbLine
 10
339.173
 20
-214.329
 30
0.0
 11
339.173
 21
-214.329
 31
0.0
  0
LINE
  5
F8
330
17
100
AcDbEntity
  8
0
100
AcDbLine
 10
55.6828
 20
-214.729
 30
0.0
 11
55.6828
 21
-214.729
 31
0.0
  0
LINE
  5
F9
330
17
100
AcDbEntity
  8
0
100
AcDbLine
 10
55.6828
 20
-240.729
 30
0.0
 11
55.6828
 21
-240.729
 31
0.0
  0
LINE
  5
FA
330
17
100
AcDbEntity
  8
0
100
AcDbLine
 10
258.721
 20
-215.829
 30
0.0
 11
258.721
 21
-215.829
 31
0.0
  0
LINE
  5
FB
330
17
100
AcDbEntity
  8
0
100
AcDbLine
 10
258.721
 20
-215.829
 30
0.0
 11
271.221
 21
-215.829
 31
0.0
  0
LINE
  5
FC
330
17
100
AcDbEntity
  8
0
100
AcDbLine
 10
258.721
 20
-237.829
 30
0.0
 11
258.721
 21
-215.829
 31
0.0
  0
LINE
  5
FD
330
17
100
AcDbEntity
  8
0
100
AcDbLine
 10
258.721
 20
-237.829
 30
0.0
 11
271.221
 21
-237.829
 31
0.0
  0
LINE
  5
FE
330
17
100
AcDbEntity
  8
0
100
AcDbLine
 10
271.221
 20
-237.829
 30
0.0
 11
271.221
 21
-215.829
 31
0.0
  0
LINE
  5
FF
330
17
100
AcDbEntity
  8
0
100
AcDbLine
 10
273.221
 20
-215.829
 30
0.0
 11
273.221
 21
-215.829
 31
0.0
  0
LINE
  5
100
330
17
100
AcDbEntity
  8
0
100
AcDbLine
 10
273.221
 20
-215.829
 30
0.0
 11
285.721
 21
-215.829
 31
0.0
  0
LINE
  5
101
330
17
100
AcDbEntity
  8
0
100
AcDbLine
 10
273.221
 20
-237.829
 30
0.0
 11
273.221
 21
-215.829
 31
0.0
  0
LINE
  5
102
330
17
100
AcDbEntity
  8
0
100
AcDbLine
 10
273.221
 20
-237.829
 30
0.0
 11
285.721
 21
-237.829
 31
0.0
  0
LINE
  5
103
330
17
100
AcDbEntity
  8
0
100
AcDbLine
 10
285.721
 20
-237.829
 30
0.0
 11
285.721
 21
-215.829
 31
0.0
  0
LINE
  5
104
330
17
100
AcDbEntity
  8
0
100
AcDbLine
 10
286.721
 20
-214.829
 30
0.0
 11
286.721
 21
-214.829
 31
0.0
  0
LINE
  5
105
330
17
100
AcDbEntity
  8
0
100
AcDbLine
 10
286.721
 20
-238.829
 30
0.0
 11
286.721
 21
-238.829
 31
0.0
  0
LINE
  5
106
330
17
100
AcDbEntity
  8
0
100
AcDbLine
 10
287.721
 20
-239.829
 30
0.0
 11
287.721
 21
-239.829
 31
0.0
  0
LINE
  5
107
330
17
100
AcDbEntity
  8
0
100
AcDbLine
 10
287.721
 20
-213.829
 30
0.0
 11
287.721
 21
-213.829
 31
0.0
  0
LINE
  5
108
330
17
100
AcDbEntity
  8
0
100
AcDbLine
 10
257.721
 20
-214.829
 30
0.0
 11
286.721
 21
-214.829
 31
0.0
  0
LINE
  5
109
330
17
100
AcDbEntity
  8
0
100
AcDbLine
 10
257.721
 20
-214.829
 30
0.0
 11
257.721
 21
-238.829
 31
0.0
  0
LINE
  5
10A
330
17
100
AcDbEntity
  8
0
100
AcDbLine
 10
257.721
 20
-238.829
 30
0.0
 11
286.721
 21
-238.829
 31
0.0
  0
LINE
  5
10B
330
17
100
AcDbEntity
  8
0
100
AcDbLine
 10
286.721
 20
-238.829
 30
0.0
 11
286.721
 21
-214.829
 31
0.0
  0
LINE
  5
10C
330
17
100
AcDbEntity
  8
0
100
AcDbLine
 10
419.502
 20
-237.329
 30
0.0
 11
419.702
 21
-237.329
 31
0.0
  0
LINE
  5
10D
330
17
100
AcDbEntity
  8
0
100
AcDbLine
 10
419.502
 20
-215.329
 30
0.0
 11
419.702
 21
-215.329
 31
0.0
  0
LINE
  5
10E
330
17
100
AcDbEntity
  8
0
100
AcDbLine
 10
419.502
 20
-237.329
 30
0.0
 11
419.502
 21
-215.329
 31
0.0
  0
LINE
  5
10F
330
17
100
AcDbEntity
  8
0
100
AcDbLine
 10
419.502
 20
-215.329
 30
0.0
 11
419.502
 21
-215.329
 31
0.0
  0
LINE
  5
110
330
17
100
AcDbEntity
  8
0
100
AcDbLine
 10
419.502
 20
-237.329
 30
0.0
 11
419.502
 21
-215.329
 31
0.0
  0
LINE
  5
111
330
17
100
AcDbEntity
  8
0
100
AcDbLine
 10
419.502
 20
-237.329
 30
0.0
 11
419.502
 21
-237.329
 31
0.0
  0
LINE
  5
112
330
17
100
AcDbEntity
  8
0
100
AcDbLine
 10
419.702
 20
-215.329
 30
0.0
 11
419.702
 21
-215.329
 31
0.0
  0
LINE
  5
113
330
17
100
AcDbEntity
  8
0
100
AcDbLine
 10
419.702
 20
-215.329
 30
0.0
 11
419.702
 21
-237.329
 31
0.0
  0
LINE
  5
114
330
17
100
AcDbEntity
  8
0
100
AcDbLine
 10
419.702
 20
-237.329
 30
0.0
 11
419.702
 21
-237.329
 31
0.0
  0
LINE
  5
115
330
17
100
AcDbEntity
  8
0
100
AcDbLine
 10
419.702
 20
-215.329
 30
0.0
 11
419.702
 21
-237.329
 31
0.0
  0
LINE
  5
116
330
17
100
AcDbEntity
  8
0
100
AcDbLine
 10
419.902
 20
-215.329
 30
0.0
 11
419.702
 21
-215.329
 31
0.0
  0
LINE
  5
117
330
17
100
AcDbEntity
  8
0
100
AcDbLine
 10
419.502
 20
-215.329
 30
0.0
 11
419.702
 21
-215.329
 31
0.0
  0
LINE
  5
118
330
17
100
AcDbEntity
  8
0
100
AcDbLine
 10
419.502
 20
-215.329
 30
0.0
 11
419.102
 21
-215.329
 31
0.0
  0
LINE
  5
119
330
17
100
AcDbEntity
  8
0
100
AcDbLine
 10
419.102
 20
-215.329
 30
0.0
 11
419.902
 21
-215.329
 31
0.0
  0
LINE
  5
11A
330
17
100
AcDbEntity
  8
0
100
AcDbLine
 10
419.102
 20
-214.329
 30
0.0
 11
419.902
 21
-214.329
 31
0.0
  0
LINE
  5
11B
330
17
100
AcDbEntity
  8
0
100
AcDbLine
 10
419.102
 20
-237.329
 30
0.0
 11
419.502
 21
-237.329
 31
0.0
  0
LINE
  5
11C
330
17
100
AcDbEntity
  8
0
100
AcDbLine
 10
419.702
 20
-237.329
 30
0.0
 11
419.502
 21
-237.329
 31
0.0
  0
LINE
  5
11D
330
17
100
AcDbEntity
  8
0
100
AcDbLine
 10
419.702
 20
-237.329
 30
0.0
 11
419.902
 21
-237.329
 31
0.0
  0
LINE
  5
11E
330
17
100
AcDbEntity
  8
0
100
AcDbLine
 10
419.102
 20
-237.329
 30
0.0
 11
419.902
 21
-237.329
 31
0.0
  0
LINE
  5
11F
330
17
100
AcDbEntity
  8
0
100
AcDbLine
 10
419.102
 20
-238.329
 30
0.0
 11
419.902
 21
-238.329
 31
0.0
  0
LINE
  5
120
330
17
100
AcDbEntity
  8
0
100
AcDbLine
 10
419.102
 20
-237.329
 30
0.0
 11
419.102
 21
-237.329
 31
0.0
  0
LINE
  5
121
330
17
100
AcDbEntity
  8
0
100
AcDbLine
 10
419.102
 20
-237.329
 30
0.0
 11
419.102
 21
-215.329
 31
0.0
  0
LINE
  5
122
330
17
100
AcDbEntity
  8
0
100
AcDbLine
 10
419.102
 20
-215.329
 30
0.0
 11
419.102
 21
-215.329
 31
0.0
  0
LINE
  5
123
330
17
100
AcDbEntity
  8
0
100
AcDbLine
 10
419.102
 20
-215.329
 30
0.0
 11
419.102
 21
-214.329
 31
0.0
  0
LINE
  5
124
330
17
100
AcDbEntity
  8
0
100
AcDbLine
 10
419.102
 20
-214.329
 30
0.0
 11
419.102
 21
-214.329
 31
0.0
  0
LINE
  5
125
330
17
100
AcDbEntity
  8
0
100
AcDbLine
 10
419.102
 20
-238.329
 30
0.0
 11
419.102
 21
-237.329
 31
0.0
  0
LINE
  5
126
330
17
100
AcDbEntity
  8
0
100
AcDbLine
 10
419.102
 20
-215.329
 30
0.0
 11
419.102
 21
-214.329
 31
0.0
  0
LINE
  5
127
330
17
100
AcDbEntity
  8
0
100
AcDbLine
 10
419.102
 20
-238.329
 30
0.0
 11
419.102
 21
-238.329
 31
0.0
  0
LINE
  5
128
330
17
100
AcDbEntity
  8
0
100
AcDbLine
 10
419.102
 20
-238.329
 30
0.0
 11
419.102
 21
-237.329
 31
0.0
  0
LINE
  5
129
330
17
100
AcDbEntity
  8
0
100
AcDbLine
 10
419.902
 20
-237.329
 30
0.0
 11
419.902
 21
-238.329
 31
0.0
  0
LINE
  5
12A
330
17
100
AcDbEntity
  8
0
100
AcDbLine
 10
419.902
 20
-238.329
 30
0.0
 11
419.902
 21
-238.329
 31
0.0
  0
LINE
  5
12B
330
17
100
AcDbEntity
  8
0
100
AcDbLine
 10
419.902
 20
-214.329
 30
0.0
 11
419.902
 21
-214.329
 31
0.0
  0
LINE
  5
12C
330
17
100
AcDbEntity
  8
0
100
AcDbLine
 10
419.902
 20
-214.329
 30
0.0
 11
419.902
 21
-215.329
 31
0.0
  0
LINE
  5
12D
330
17
100
AcDbEntity
  8
0
100
AcDbLine
 10
419.902
 20
-215.329
 30
0.0
 11
419.902
 21
-215.329
 31
0.0
  0
LINE
  5
12E
330
17
100
AcDbEntity
  8
0
100
AcDbLine
 10
419.902
 20
-237.329
 30
0.0
 11
419.902
 21
-215.329
 31
0.0
  0
LINE
  5
12F
330
17
100
AcDbEntity
  8
0
100
AcDbLine
 10
419.902
 20
-237.329
 30
0.0
 11
419.902
 21
-237.329
 31
0.0
  0
LINE
  5
130
330
17
100
AcDbEntity
  8
0
100
AcDbLine
 10
418.502
 20
-214.329
 30
0.0
 11
419.902
 21
-214.329
 31
0.0
  0
LINE
  5
131
330
17
100
AcDbEntity
  8
0
100
AcDbLine
 10
419.102
 20
-214.329
 30
0.0
 11
419.902
 21
-214.329
 31
0.0
  0
LINE
  5
132
330
17
100
AcDbEntity
  8
0
100
AcDbLine
 10
419.102
 20
-214.329
 30
0.0
 11
418.502
 21
-214.329
 31
0.0
  0
LINE
  5
133
330
17
100
AcDbEntity
  8
0
100
AcDbLine
 10
418.502
 20
-213.329
 30
0.0
 11
419.902
 21
-213.329
 31
0.0
  0
LINE
  5
134
330
17
100
AcDbEntity
  8
0
100
AcDbLine
 10
418.502
 20
-238.329
 30
0.0
 11
419.102
 21
-238.329
 31
0.0
  0
LINE
  5
135
330
17
100
AcDbEntity
  8
0
100
AcDbLine
 10
419.902
 20
-238.329
 30
0.0
 11
419.102
 21
-238.329
 31
0.0
  0
LINE
  5
136
330
17
100
AcDbEntity
  8
0
100
AcDbLine
 10
418.502
 20
-238.329
 30
0.0
 11
419.902
 21
-238.329
 31
0.0
  0
LINE
  5
137
330
17
100
AcDbEntity
  8
0
100
AcDbLine
 10
419.902
 20
-239.329
 30
0.0
 11
418.502
 21
-239.329
 31
0.0
  0
LINE
  5
138
330
17
100
AcDbEntity
  8
0
100
AcDbLine
 10
418.502
 20
-238.329
 30
0.0
 11
418.502
 21
-238.329
 31
0.0
  0
LINE
  5
139
330
17
100
AcDbEntity
  8
0
100
AcDbLine
 10
418.502
 20
-214.329
 30
0.0
 11
418.502
 21
-238.329
 31
0.0
  0
LINE
  5
13A
330
17
100
AcDbEntity
  8
0
100
AcDbLine
 10
418.502
 20
-214.329
 30
0.0
 11
418.502
 21
-214.329
 31
0.0
  0
LINE
  5
13B
330
17
100
AcDbEntity
  8
0
100
AcDbLine
 10
418.502
 20
-214.329
 30
0.0
 11
418.502
 21
-213.329
 31
0.0
  0
LINE
  5
13C
330
17
100
AcDbEntity
  8
0
100
AcDbLine
 10
418.502
 20
-239.329
 30
0.0
 11
418.502
 21
-238.329
 31
0.0
  0
LINE
  5
13D
330
17
100
AcDbEntity
  8
0
100
AcDbLine
 10
418.502
 20
-214.329
 30
0.0
 11
418.502
 21
-213.329
 31
0.0
  0
LINE
  5
13E
330
17
100
AcDbEntity
  8
0
100
AcDbLine
 10
418.502
 20
-239.329
 30
0.0
 11
418.502
 21
-238.329
 31
0.0
  0
LINE
  5
13F
330
17
100
AcDbEntity
  8
0
100
AcDbLine
 10
419.902
 20
-238.329
 30
0.0
 11
419.902
 21
-239.329
 31
0.0
  0
LINE
  5
140
330
17
100
AcDbEntity
  8
0
100
AcDbLine
 10
419.902
 20
-213.329
 30
0.0
 11
419.902
 21
-239.329
 31
0.0
  0
LINE
  5
141
330
17
100
AcDbEntity
  8
0
100
AcDbLine
 10
419.902
 20
-213.329
 30
0.0
 11
419.902
 21
-214.329
 31
0.0
  0
LINE
  5
142
330
17
100
AcDbEntity
  8
0
100
AcDbLine
 10
419.902
 20
-214.329
 30
0.0
 11
419.902
 21
-214.329
 31
0.0
  0
LINE
  5
143
330
17
100
AcDbEntity
  8
0
100
AcDbLine
 10
419.902
 20
-238.329
 30
0.0
 11
419.902
 21
-238.329
 31
0.0
  0
LINE
  5
144
330
17
100
AcDbEntity
  8
0
100
AcDbLine
 10
55.6828
 20
-215.729
 30
0.0
 11
55.6828
 21
-215.729
 31
0.0
  0
LINE
  5
145
330
17
100
AcDbEntity
  8
0
100
AcDbLine
 10
55.6828
 20
-239.729
 30
0.0
 11
55.6828
 21
-239.729
 31
0.0
  0
LINE
  5
146
330
17
100
AcDbEntity
  8
0
100
AcDbLine
 10
55.6828
 20
-215.729
 30
0.0
 11
55.6828
 21
-215.729
 31
0.0
  0
LINE
  5
147
330
17
100
AcDbEntity
  8
0
100
AcDbLine
 10
55.6828
 20
-239.729
 30
0.0
 11
55.6828
 21
-239.729
 31
0.0
  0
LINE
  5
148
330
17
100
AcDbEntity
  8
0
100
AcDbLine
 10
55.6828
 20
-215.729
 30
0.0
 11
55.6828
 21
-215.729
 31
0.0
  0
LINE
  5
149
330
17
100
AcDbEntity
  8
0
100
AcDbLine
 10
55.6828
 20
-214.729
 30
0.0
 11
55.6828
 21
-214.729
 31
0.0
  0
LINE
  5
14A
330
17
100
AcDbEntity
  8
0
100
AcDbLine
 10
55.6828
 20
-240.729
 30
0.0
 11
55.6828
 21
-240.729
 31
0.0
  0
LINE
  5
14B
330
17
100
AcDbEntity
  8
0
100
AcDbLine
 10
55.6828
 20
-214.729
 30
0.0
 11
55.6828
 21
-214.729
 31
0.0
  0
LINE
  5
14C
330
17
100
AcDbEntity
  8
0
100
AcDbLine
 10
55.6828
 20
-214.729
 30
0.0
 11
55.6828
 21
-237.329
 31
0.0
  0
LINE
  5
14D
330
17
100
AcDbEntity
  8
0
100
AcDbLine
 10
55.6828
 20
-240.729
 30
0.0
 11
55.6828
 21
-240.729
 31
0.0
  0
LINE
  5
14E
330
17
100
AcDbEntity
  8
0
100
AcDbLine
 10
55.6828
 20
-239.729
 30
0.0
 11
55.6828
 21
-239.729
 31
0.0
  0
LINE
  5
14F
330
17
100
AcDbEntity
  8
0
100
AcDbLine
 10
55.6828
 20
-215.729
 30
0.0
 11
55.6828
 21
-215.729
 31
0.0
  0
LINE
  5
150
330
17
100
AcDbEntity
  8
0
100
AcDbLine
 10
55.4828
 20
-252.729
 30
0.0
 11
55.2828
 21
-252.729
 31
0.0
  0
LINE
  5
151
330
17
100
AcDbEntity
  8
0
100
AcDbLine
 10
55.4828
 20
-215.929
 30
0.0
 11
55.2828
 21
-215.929
 31
0.0
  0
LINE
  5
152
330
17
100
AcDbEntity
  8
0
100
AcDbLine
 10
55.4828
 20
-252.729
 30
0.0
 11
55.4828
 21
-215.929
 31
0.0
  0
LINE
  5
153
330
17
100
AcDbEntity
  8
0
100
AcDbLine
 10
55.4828
 20
-215.929
 30
0.0
 11
55.4828
 21
-215.929
 31
0.0
  0
LINE
  5
154
330
17
100
AcDbEntity
  8
0
100
AcDbLine
 10
55.4828
 20
-252.729
 30
0.0
 11
55.4828
 21
-215.929
 31
0.0
  0
LINE
  5
155
330
17
100
AcDbEntity
  8
0
100
AcDbLine
 10
55.4828
 20
-252.729
 30
0.0
 11
55.4828
 21
-252.729
 31
0.0
  0
LINE
  5
156
330
17
100
AcDbEntity
  8
0
100
AcDbLine
 10
55.2828
 20
-215.929
 30
0.0
 11
55.2828
 21
-215.929
 31
0.0
  0
LINE
  5
157
330
17
100
AcDbEntity
  8
0
100
AcDbLine
 10
55.2828
 20
-215.929
 30
0.0
 11
55.2828
 21
-252.729
 31
0.0
  0
LINE
  5
158
330
17
100
AcDbEntity
  8
0
100
AcDbLine
 10
55.2828
 20
-252.729
 30
0.0
 11
55.2828
 21
-252.729
 31
0.0
  0
LINE
  5
159
330
17
100
AcDbEntity
  8
0
100
AcDbLine
 10
55.2828
 20
-215.929
 30
0.0
 11
55.2828
 21
-252.729
 31
0.0
  0
LINE
  5
15A
330
17
100
AcDbEntity
  8
0
100
AcDbLine
 10
55.0828
 20
-215.929
 30
0.0
 11
55.2828
 21
-215.929
 31
0.0
  0
LINE
  5
15B
330
17
100
AcDbEntity
  8
0
100
AcDbLine
 10
55.4828
 20
-215.929
 30
0.0
 11
55.2828
 21
-215.929
 31
0.0
  0
LINE
  5
15C
330
17
100
AcDbEntity
  8
0
100
AcDbLine
 10
55.4828
 20
-215.929
 30
0.0
 11
55.6828
 21
-215.929
 31
0.0
  0
LINE
  5
15D
330
17
100
AcDbEntity
  8
0
100
AcDbLine
 10
55.6828
 20
-215.929
 30
0.0
 11
55.0828
 21
-215.929
 31
0.0
  0
LINE
  5
15E
330
17
100
AcDbEntity
  8
0
100
AcDbLine
 10
55.0828
 20
-214.729
 30
0.0
 11
55.6828
 21
-214.729
 31
0.0
  0
LINE
  5
15F
330
17
100
AcDbEntity
  8
0
100
AcDbLine
 10
55.6828
 20
-252.729
 30
0.0
 11
55.4828
 21
-252.729
 31
0.0
  0
LINE
  5
160
330
17
100
AcDbEntity
  8
0
100
AcDbLine
 10
55.2828
 20
-252.729
 30
0.0
 11
55.4828
 21
-252.729
 31
0.0
  0
LINE
  5
161
330
17
100
AcDbEntity
  8
0
100
AcDbLine
 10
55.2828
 20
-252.729
 30
0.0
 11
55.0828
 21
-252.729
 31
0.0
  0
LINE
  5
162
330
17
100
AcDbEntity
  8
0
100
AcDbLine
 10
55.6828
 20
-252.729
 30
0.0
 11
55.0828
 21
-252.729
 31
0.0
  0
LINE
  5
163
330
17
100
AcDbEntity
  8
0
100
AcDbLine
 10
55.0828
 20
-253.929
 30
0.0
 11
55.6828
 21
-253.929
 31
0.0
  0
LINE
  5
164
330
17
100
AcDbEntity
  8
0
100
AcDbLine
 10
55.6828
 20
-252.729
 30
0.0
 11
55.6828
 21
-252.729
 31
0.0
  0
LINE
  5
165
330
17
100
AcDbEntity
  8
0
100
AcDbLine
 10
55.6828
 20
-252.729
 30
0.0
 11
55.6828
 21
-215.929
 31
0.0
  0
LINE
  5
166
330
17
100
AcDbEntity
  8
0
100
AcDbLine
 10
55.6828
 20
-215.929
 30
0.0
 11
55.6828
 21
-215.929
 31
0.0
  0
LINE
  5
167
330
17
100
AcDbEntity
  8
0
100
AcDbLine
 10
55.6828
 20
-215.929
 30
0.0
 11
55.6828
 21
-214.729
 31
0.0
  0
LINE
  5
168
330
17
100
AcDbEntity
  8
0
100
AcDbLine
 10
55.6828
 20
-214.729
 30
0.0
 11
55.6828
 21
-214.729
 31
0.0
  0
LINE
  5
169
330
17
100
AcDbEntity
  8
0
100
AcDbLine
 10
55.6828
 20
-253.929
 30
0.0
 11
55.6828
 21
-253.929
 31
0.0
  0
LINE
  5
16A
330
17
100
AcDbEntity
  8
0
100
AcDbLine
 10
55.6828
 20
-253.929
 30
0.0
 11
55.6828
 21
-252.729
 31
0.0
  0
LINE
  5
16B
330
17
100
AcDbEntity
  8
0
100
AcDbLine
 10
55.0828
 20
-252.729
 30
0.0
 11
55.0828
 21
-253.929
 31
0.0
  0
LINE
  5
16C
330
17
100
AcDbEntity
  8
0
100
AcDbLine
 10
55.0828
 20
-253.929
 30
0.0
 11
55.0828
 21
-253.929
 31
0.0
  0
LINE
  5
16D
330
17
100
AcDbEntity
  8
0
100
AcDbLine
 10
55.0828
 20
-253.929
 30
0.0
 11
55.0828
 21
-252.729
 31
0.0
  0
LINE
  5
16E
330
17
100
AcDbEntity
  8
0
100
AcDbLine
 10
55.0828
 20
-215.929
 30
0.0
 11
55.0828
 21
-214.729
 31
0.0
  0
LINE
  5
16F
330
17
100
AcDbEntity
  8
0
100
AcDbLine
 10
55.0828
 20
-214.729
 30
0.0
 11
55.0828
 21
-214.729
 31
0.0
  0
LINE
  5
170
330
17
100
AcDbEntity
  8
0
100
AcDbLine
 10
55.0828
 20
-214.729
 30
0.0
 11
55.0828
 21
-215.929
 31
0.0
  0
LINE
  5
171
330
17
100
AcDbEntity
  8
0
100
AcDbLine
 10
55.0828
 20
-215.929
 30
0.0
 11
55.0828
 21
-215.929
 31
0.0
  0
LINE
  5
172
330
17
100
AcDbEntity
  8
0
100
AcDbLine
 10
55.0828
 20
-252.729
 30
0.0
 11
55.0828
 21
-215.929
 31
0.0
  0
LINE
  5
173
330
17
100
AcDbEntity
  8
0
100
AcDbLine
 10
55.0828
 20
-252.729
 30
0.0
 11
55.0828
 21
-252.729
 31
0.0
  0
LINE
  5
174
330
17
100
AcDbEntity
  8
0
100
AcDbLine
 10
55.0828
 20
-253.929
 30
0.0
 11
55.6828
 21
-253.929
 31
0.0
  0
LINE
  5
175
330
17
100
AcDbEntity
  8
0
100
AcDbLine
 10
55.0828
 20
-253.929
 30
0.0
 11
53.8828
 21
-253.929
 31
0.0
  0
LINE
  5
176
330
17
100
AcDbEntity
  8
0
100
AcDbLine
 10
53.8828
 20
-255.329
 30
0.0
 11
55.6828
 21
-255.329
 31
0.0
  0
LINE
  5
177
330
17
100
AcDbEntity
  8
0
100
AcDbLine
 10
55.6828
 20
-253.929
 30
0.0
 11
55.6828
 21
-253.929
 31
0.0
  0
LINE
  5
178
330
17
100
AcDbEntity
  8
0
100
AcDbLine
 10
55.6828
 20
-214.729
 30
0.0
 11
55.6828
 21
-213.329
 31
0.0
  0
LINE
  5
179
330
17
100
AcDbEntity
  8
0
100
AcDbLine
 10
55.6828
 20
-255.329
 30
0.0
 11
55.6828
 21
-253.929
 31
0.0
  0
LINE
  5
17A
330
17
100
AcDbEntity
  8
0
100
AcDbLine
 10
55.6828
 20
-213.329
 30
0.0
 11
53.8828
 21
-213.329
 31
0.0
  0
LINE
  5
17B
330
17
100
AcDbEntity
  8
0
100
AcDbLine
 10
55.6828
 20
-213.329
 30
0.0
 11
55.6828
 21
-213.329
 31
0.0
  0
LINE
  5
17C
330
17
100
AcDbEntity
  8
0
100
AcDbLine
 10
55.6828
 20
-213.329
 30
0.0
 11
55.6828
 21
-255.329
 31
0.0
  0
LINE
  5
17D
330
17
100
AcDbEntity
  8
0
100
AcDbLine
 10
55.6828
 20
-213.329
 30
0.0
 11
55.6827
 21
-213.329
 31
0.0
  0
LINE
  5
17E
330
17
100
AcDbEntity
  8
0
100
AcDbLine
 10
53.8828
 20
-214.729
 30
0.0
 11
55.0828
 21
-214.729
 31
0.0
  0
LINE
  5
17F
330
17
100
AcDbEntity
  8
0
100
AcDbLine
 10
55.6828
 20
-214.729
 30
0.0
 11
55.0828
 21
-214.729
 31
0.0
  0
LINE
  5
180
330
17
100
AcDbEntity
  8
0
100
AcDbLine
 10
55.6828
 20
-214.729
 30
0.0
 11
55.6828
 21
-214.729
 31
0.0
  0
LINE
  5
181
330
17
100
AcDbEntity
  8
0
100
AcDbLine
 10
55.6828
 20
-214.729
 30
0.0
 11
53.8828
 21
-214.729
 31
0.0
  0
LINE
  5
182
330
17
100
AcDbEntity
  8
0
100
AcDbLine
 10
55.6828
 20
-253.929
 30
0.0
 11
53.8828
 21
-253.929
 31
0.0
  0
LINE
  5
183
330
17
100
AcDbEntity
  8
0
100
AcDbLine
 10
53.8828
 20
-253.929
 30
0.0
 11
53.8828
 21
-255.329
 31
0.0
  0
LINE
  5
184
330
17
100
AcDbEntity
  8
0
100
AcDbLine
 10
53.8828
 20
-213.329
 30
0.0
 11
53.8828
 21
-214.729
 31
0.0
  0
LINE
  5
185
330
17
100
AcDbEntity
  8
0
100
AcDbLine
 10
53.8828
 20
-253.929
 30
0.0
 11
53.8828
 21
-255.329
 31
0.0
  0
LINE
  5
186
330
17
100
AcDbEntity
  8
0
100
AcDbLine
 10
53.8828
 20
-213.329
 30
0.0
 11
53.8828
 21
-214.729
 31
0.0
  0
LINE
  5
187
330
17
100
AcDbEntity
  8
0
100
AcDbLine
 10
53.8828
 20
-214.729
 30
0.0
 11
53.8828
 21
-214.729
 31
0.0
  0
LINE
  5
188
330
17
100
AcDbEntity
  8
0
100
AcDbLine
 10
53.8828
 20
-214.729
 30
0.0
 11
53.8828
 21
-253.929
 31
0.0
  0
LINE
  5
189
330
17
100
AcDbEntity
  8
0
100
AcDbLine
 10
53.8828
 20
-253.929
 30
0.0
 11
53.8828
 21
-253.929
 31
0.0
  0
LINE
  5
18A
330
17
100
AcDbEntity
  8
0
100
AcDbLine
 10
516.955
 20
-215.829
 30
0.0
 11
517.155
 21
-215.829
 31
0.0
  0
LINE
  5
18B
330
17
100
AcDbEntity
  8
0
100
AcDbLine
 10
517.155
 20
-215.829
 30
0.0
 11
517.155
 21
-227.829
 31
0.0
  0
LINE
  5
18C
330
17
100
AcDbEntity
  8
0
100
AcDbLine
 10
516.955
 20
-227.829
 30
0.0
 11
517.155
 21
-227.829
 31
0.0
  0
LINE
  5
18D
330
17
100
AcDbEntity
  8
0
100
AcDbLine
 10
517.335
 20
-227.829
 30
0.0
 11
516.735
 21
-227.829
 31
0.0
  0
LINE
  5
18E
330
17
100
AcDbEntity
  8
0
100
AcDbLine
 10
517.335
 20
-214.829
 30
0.0
 11
517.335
 21
-215.829
 31
0.0
  0
LINE
  5
18F
330
17
100
AcDbEntity
  8
0
100
AcDbLine
 10
517.335
 20
-227.829
 30
0.0
 11
517.335
 21
-228.829
 31
0.0
  0
LINE
  5
190
330
17
100
AcDbEntity
  8
0
100
AcDbLine
 10
516.735
 20
-215.829
 30
0.0
 11
516.735
 21
-214.829
 31
0.0
  0
LINE
  5
191
330
17
100
AcDbEntity
  8
0
100
AcDbLine
 10
516.735
 20
-228.829
 30
0.0
 11
516.735
 21
-227.829
 31
0.0
  0
LINE
  5
192
330
17
100
AcDbEntity
  8
0
100
AcDbLine
 10
516.735
 20
-215.829
 30
0.0
 11
517.335
 21
-215.829
 31
0.0
  0
LINE
  5
193
330
17
100
AcDbEntity
  8
0
100
AcDbLine
 10
515.935
 20
-228.829
 30
0.0
 11
516.735
 21
-228.829
 31
0.0
  0
LINE
  5
194
330
17
100
AcDbEntity
  8
0
100
AcDbLine
 10
517.335
 20
-228.829
 30
0.0
 11
516.735
 21
-228.829
 31
0.0
  0
LINE
  5
195
330
17
100
AcDbEntity
  8
0
100
AcDbLine
 10
515.935
 20
-213.829
 30
0.0
 11
515.935
 21
-214.829
 31
0.0
  0
LINE
  5
196
330
17
100
AcDbEntity
  8
0
100
AcDbLine
 10
515.935
 20
-228.829
 30
0.0
 11
515.935
 21
-228.829
 31
0.0
  0
LINE
  5
197
330
17
100
AcDbEntity
  8
0
100
AcDbLine
 10
515.935
 20
-228.829
 30
0.0
 11
515.935
 21
-229.829
 31
0.0
  0
LINE
  5
198
330
17
100
AcDbEntity
  8
0
100
AcDbLine
 10
517.335
 20
-214.829
 30
0.0
 11
517.335
 21
-213.829
 31
0.0
  0
LINE
  5
199
330
17
100
AcDbEntity
  8
0
100
AcDbLine
 10
517.335
 20
-229.829
 30
0.0
 11
517.335
 21
-228.829
 31
0.0
  0
LINE
  5
19A
330
17
100
AcDbEntity
  8
0
100
AcDbLine
 10
515.935
 20
-213.829
 30
0.0
 11
517.335
 21
-213.829
 31
0.0
  0
LINE
  5
19B
330
17
100
AcDbEntity
  8
0
100
AcDbLine
 10
515.935
 20
-213.829
 30
0.0
 11
515.935
 21
-213.829
 31
0.0
  0
LINE
  5
19C
330
17
100
AcDbEntity
  8
0
100
AcDbLine
 10
515.935
 20
-229.829
 30
0.0
 11
515.935
 21
-229.829
 31
0.0
  0
LINE
  5
19D
330
17
100
AcDbEntity
  8
0
100
AcDbLine
 10
515.935
 20
-229.829
 30
0.0
 11
517.335
 21
-229.829
 31
0.0
  0
LINE
  5
19E
330
17
100
AcDbEntity
  8
0
100
AcDbLine
 10
515.935
 20
-214.829
 30
0.0
 11
515.935
 21
-214.829
 31
0.0
  0
LINE
  5
19F
330
17
100
AcDbEntity
  8
0
100
AcDbLine
 10
515.935
 20
-214.829
 30
0.0
 11
516.735
 21
-214.829
 31
0.0
  0
LINE
  5
1A0
330
17
100
AcDbEntity
  8
0
100
AcDbLine
 10
517.335
 20
-214.829
 30
0.0
 11
516.735
 21
-214.829
 31
0.0
  0
LINE
  5
1A1
330
17
100
AcDbEntity
  8
0
100
AcDbLine
 10
46.3374
 20
-205.583
 30
0.0
 11
46.3374
 21
-208.583
 31
0.0
  0
LINE
  5
1A2
330
17
100
AcDbEntity
  8
0
100
AcDbLine
 10
11.0619
 20
-208.583
 30
0.0
 11
11.0619
 21
-208.583
 31
0.0
  0
LINE
  5
1A3
330
17
100
AcDbEntity
  8
0
100
AcDbLine
 10
11.0619
 20
-208.583
 30
0.0
 11
37.0827
 21
-208.583
 31
0.0
  0
LINE
  5
1A4
330
17
100
AcDbEntity
  8
0
100
AcDbLine
 10
38.0827
 20
-208.583
 30
0.0
 11
46.3374
 21
-208.583
 31
0.0
  0
LINE
  5
1A5
330
17
100
AcDbEntity
  8
0
100
AcDbLine
 10
37.9975
 20
-205.583
 30
0.0
 11
46.3374
 21
-205.583
 31
0.0
  0
LINE
  5
1A6
330
17
100
AcDbEntity
  8
0
100
AcDbLine
 10
46.3374
 20
-205.583
 30
0.0
 11
46.3374
 21
-205.583
 31
0.0
  0
LINE
  5
1A7
330
17
100
AcDbEntity
  8
0
100
AcDbLine
 10
46.3374
 20
-205.583
 30
0.0
 11
46.3374
 21
-205.583
 31
0.0
  0
LINE
  5
1A8
330
17
100
AcDbEntity
  8
0
100
AcDbLine
 10
46.3374
 20
-205.583
 30
0.0
 11
46.3374
 21
-205.583
 31
0.0
  0
LINE
  5
1A9
330
17
100
AcDbEntity
  8
0
100
AcDbLine
 10
46.3374
 20
-205.583
 30
0.0
 11
46.3374
 21
-205.583
 31
0.0
  0
LINE
  5
1AA
330
17
100
AcDbEntity
  8
0
100
AcDbLine
 10
46.3374
 20
-205.583
 30
0.0
 11
46.3374
 21
-205.583
 31
0.0
  0
LINE
  5
1AB
330
17
100
AcDbEntity
  8
0
100
AcDbLine
 10
46.3374
 20
-208.583
 30
0.0
 11
46.3374
 21
-208.583
 31
0.0
  0
LINE
  5
1AC
330
17
100
AcDbEntity
  8
0
100
AcDbLine
 10
46.3374
 20
-205.583
 30
0.0
 11
46.3374
 21
-205.583
 31
0.0
  0
LINE
  5
1AD
330
17
100
AcDbEntity
  8
0
100
AcDbLine
 10
37.0827
 20
-208.583
 30
0.0
 11
38.0827
 21
-208.583
 31
0.0
  0
LINE
  5
1AE
330
17
100
AcDbEntity
  8
0
100
AcDbLine
 10
38.0827
 20
-208.583
 30
0.0
 11
38.0827
 21
-205.583
 31
0.0
  0
LINE
  5
1AF
330
17
100
AcDbEntity
  8
0
100
AcDbLine
 10
38.0827
 20
-205.583
 30
0.0
 11
37.0827
 21
-205.583
 31
0.0
  0
LINE
  5
1B0
330
17
100
AcDbEntity
  8
0
100
AcDbLine
 10
37.0827
 20
-205.583
 30
0.0
 11
37.0827
 21
-208.583
 31
0.0
  0
LINE
  5
1B1
330
17
100
AcDbEntity
  8
0
100
AcDbLine
 10
335.302
 20
-145.329
 30
0.0
 11
330.702
 21
-145.329
 31
0.0
  0
LINE
  5
1B2
330
17
100
AcDbEntity
  8
0
100
AcDbLine
 10
330.702
 20
-195.329
 30
0.0
 11
330.702
 21
-145.329
 31
0.0
  0
LINE
  5
1B3
330
17
100
AcDbEntity
  8
0
100
AcDbLine
 10
335.302
 20
-195.329
 30
0.0
 11
335.302
 21
-145.329
 31
0.0
  0
LINE
  5
1B4
330
17
100
AcDbEntity
  8
0
100
AcDbLine
 10
344.294
 20
-145.329
 30
0.0
 11
335.302
 21
-145.329
 31
0.0
  0
LINE
  5
1B5
330
17
100
AcDbEntity
  8
0
100
AcDbLine
 10
415.302
 20
-195.329
 30
0.0
 11
352.65
 21
-195.329
 31
0.0
  0
LINE
  5
1B6
330
17
100
AcDbEntity
  8
0
100
AcDbLine
 10
335.302
 20
-195.329
 30
0.0
 11
335.302
 21
-145.329
 31
0.0
  0
LINE
  5
1B7
330
17
100
AcDbEntity
  8
0
100
AcDbLine
 10
415.302
 20
-195.329
 30
0.0
 11
415.302
 21
-145.329
 31
0.0
  0
LINE
  5
1B8
330
17
100
AcDbEntity
  8
0
100
AcDbLine
 10
520.535
 20
-206.676
 30
0.0
 11
526.535
 21
-206.676
 31
0.0
  0
LINE
  5
1B9
330
17
100
AcDbEntity
  8
0
100
AcDbLine
 10
520.535
 20
-218.676
 30
0.0
 11
526.535
 21
-218.676
 31
0.0
  0
LINE
  5
1BA
330
17
100
AcDbEntity
  8
0
100
AcDbLine
 10
526.535
 20
-218.676
 30
0.0
 11
526.535
 21
-206.676
 31
0.0
  0
LINE
  5
1BB
330
17
100
AcDbEntity
  8
0
100
AcDbLine
 10
526.535
 20
-206.676
 30
0.0
 11
526.535
 21
-206.676
 31
0.0
  0
LINE
  5
1BC
330
17
100
AcDbEntity
  8
0
100
AcDbLine
 10
526.535
 20
-206.676
 30
0.0
 11
526.535
 21
-206.676
 31
0.0
  0
LINE
  5
1BD
330
17
100
AcDbEntity
  8
0
100
AcDbLine
 10
37.9975
 20
-205.753
 30
0.0
 11
37.9975
 21
-205.553
 31
0.0
  0
LINE
  5
1BE
330
17
100
AcDbEntity
  8
0
100
AcDbLine
 10
9.83216
 20
-205.553
 30
0.0
 11
37.9975
 21
-205.553
 31
0.0
  0
LINE
  5
1BF
330
17
100
AcDbEntity
  8
0
100
AcDbLine
 10
9.83216
 20
-205.553
 30
0.0
 11
9.83216
 21
-205.753
 31
0.0
  0
LINE
  5
1C0
330
17
100
AcDbEntity
  8
0
100
AcDbLine
 10
9.83216
 20
-205.753
 30
0.0
 11
37.9975
 21
-205.753
 31
0.0
  0
LINE
  5
1C1
330
17
100
AcDbEntity
  8
0
100
AcDbLine
 10
446.416
 20
-175.329
 30
0.0
 11
446.416
 21
-149.329
 31
0.0
  0
LINE
  5
1C2
330
17
100
AcDbEntity
  8
0
100
AcDbLine
 10
446.416
 20
-149.329
 30
0.0
 11
446.416
 21
-149.329
 31
0.0
  0
LINE
  5
1C3
330
17
100
AcDbEntity
  8
0
100
AcDbLine
 10
446.416
 20
-175.329
 30
0.0
 11
446.416
 21
-175.329
 31
0.0
  0
LINE
  5
1C4
330
17
100
AcDbEntity
  8
0
100
AcDbLine
 10
441.816
 20
-195.329
 30
0.0
 11
446.416
 21
-195.329
 31
0.0
  0
LINE
  5
1C5
330
17
100
AcDbEntity
  8
0
100
AcDbLine
 10
446.416
 20
-145.329
 30
0.0
 11
446.416
 21
-195.329
 31
0.0
  0
LINE
  5
1C6
330
17
100
AcDbEntity
  8
0
100
AcDbLine
 10
441.816
 20
-145.329
 30
0.0
 11
446.416
 21
-145.329
 31
0.0
  0
LINE
  5
1C7
330
17
100
AcDbEntity
  8
0
100
AcDbLine
 10
441.816
 20
-145.329
 30
0.0
 11
441.816
 21
-195.329
 31
0.0
  0
LINE
  5
1C8
330
17
100
AcDbEntity
  8
0
100
AcDbLine
 10
174.019
 20
-165.537
 30
0.0
 11
173.761
 21
-166.503
 31
0.0
  0
LINE
  5
1C9
330
17
100
AcDbEntity
  8
0
100
AcDbLine
 10
174.019
 20
-165.537
 30
0.0
 11
173.761
 21
-166.503
 31
0.0
  0
LINE
  5
1CA
330
17
100
AcDbEntity
  8
0
100
AcDbLine
 10
135.382
 20
-155.184
 30
0.0
 11
135.124
 21
-156.15
 31
0.0
  0
LINE
  5
1CB
330
17
100
AcDbEntity
  8
0
100
AcDbLine
 10
135.124
 20
-156.15
 30
0.0
 11
135.382
 21
-155.184
 31
0.0
  0
LINE
  5
1CC
330
17
100
AcDbEntity
  8
0
100
AcDbLine
 10
135.382
 20
-155.184
 30
0.0
 11
174.019
 21
-165.537
 31
0.0
  0
LINE
  5
1CD
330
17
100
AcDbEntity
  8
0
100
AcDbLine
 10
174.019
 20
-165.537
 30
0.0
 11
174.019
 21
-165.537
 31
0.0
  0
LINE
  5
1CE
330
17
100
AcDbEntity
  8
0
100
AcDbLine
 10
135.382
 20
-155.184
 30
0.0
 11
174.019
 21
-165.537
 31
0.0
  0
LINE
  5
1CF
330
17
100
AcDbEntity
  8
0
100
AcDbLine
 10
135.382
 20
-155.184
 30
0.0
 11
135.382
 21
-155.184
 31
0.0
  0
LINE
  5
1D0
330
17
100
AcDbEntity
  8
0
100
AcDbLine
 10
173.761
 20
-166.503
 30
0.0
 11
173.761
 21
-166.503
 31
0.0
  0
LINE
  5
1D1
330
17
100
AcDbEntity
  8
0
100
AcDbLine
 10
173.761
 20
-166.503
 30
0.0
 11
135.124
 21
-156.15
 31
0.0
  0
LINE
  5
1D2
330
17
100
AcDbEntity
  8
0
100
AcDbLine
 10
135.124
 20
-156.15
 30
0.0
 11
135.124
 21
-156.15
 31
0.0
  0
LINE
  5
1D3
330
17
100
AcDbEntity
  8
0
100
AcDbLine
 10
173.761
 20
-166.503
 30
0.0
 11
135.124
 21
-156.15
 31
0.0
  0
LINE
  5
1D4
330
17
100
AcDbEntity
  8
0
100
AcDbLine
 10
174.019
 20
-165.537
 30
0.0
 11
174.019
 21
-165.537
 31
0.0
  0
LINE
  5
1D5
330
17
100
AcDbEntity
  8
0
100
AcDbLine
 10
174.019
 20
-165.537
 30
0.0
 11
173.761
 21
-166.503
 31
0.0
  0
LINE
  5
1D6
330
17
100
AcDbEntity
  8
0
100
AcDbLine
 10
135.382
 20
-155.184
 30
0.0
 11
135.124
 21
-156.15
 31
0.0
  0
LINE
  5
1D7
330
17
100
AcDbEntity
  8
0
100
AcDbLine
 10
135.382
 20
-155.184
 30
0.0
 11
135.382
 21
-155.184
 31
0.0
  0
LINE
  5
1D8
330
17
100
AcDbEntity
  8
0
100
AcDbLine
 10
135.382
 20
-155.184
 30
0.0
 11
174.019
 21
-165.537
 31
0.0
  0
LINE
  5
1D9
330
17
100
AcDbEntity
  8
0
100
AcDbLine
 10
135.124
 20
-156.15
 30
0.0
 11
173.761
 21
-166.503
 31
0.0
  0
LINE
  5
1DA
330
17
100
AcDbEntity
  8
0
100
AcDbLine
 10
174.019
 20
-165.537
 30
0.0
 11
174.019
 21
-165.537
 31
0.0
  0
LINE
  5
1DB
330
17
100
AcDbEntity
  8
0
100
AcDbLine
 10
174.019
 20
-165.537
 30
0.0
 11
173.761
 21
-166.503
 31
0.0
  0
LINE
  5
1DC
330
17
100
AcDbEntity
  8
0
100
AcDbLine
 10
135.382
 20
-155.184
 30
0.0
 11
135.382
 21
-155.184
 31
0.0
  0
LINE
  5
1DD
330
17
100
AcDbEntity
  8
0
100
AcDbLine
 10
135.382
 20
-155.184
 30
0.0
 11
135.382
 21
-155.184
 31
0.0
  0
LINE
  5
1DE
330
17
100
AcDbEntity
  8
0
100
AcDbLine
 10
174.019
 20
-165.537
 30
0.0
 11
174.019
 21
-165.537
 31
0.0
  0
LINE
  5
1DF
330
17
100
AcDbEntity
  8
0
100
AcDbLine
 10
174.019
 20
-165.537
 30
0.0
 11
174.019
 21
-165.537
 31
0.0
  0
LINE
  5
1E0
330
17
100
AcDbEntity
  8
0
100
AcDbLine
 10
135.382
 20
-155.184
 30
0.0
 11
174.019
 21
-165.537
 31
0.0
  0
LINE
  5
1E1
330
17
100
AcDbEntity
  8
0
100
AcDbLine
 10
173.761
 20
-166.503
 30
0.0
 11
173.761
 21
-166.503
 31
0.0
  0
LINE
  5
1E2
330
17
100
AcDbEntity
  8
0
100
AcDbLine
 10
173.761
 20
-166.503
 30
0.0
 11
173.761
 21
-166.503
 31
0.0
  0
LINE
  5
1E3
330
17
100
AcDbEntity
  8
0
100
AcDbLine
 10
173.761
 20
-166.503
 30
0.0
 11
173.761
 21
-166.503
 31
0.0
  0
LINE
  5
1E4
330
17
100
AcDbEntity
  8
0
100
AcDbLine
 10
193.597
 20
-170.782
 30
0.0
 11
193.338
 21
-171.748
 31
0.0
  0
LINE
  5
1E5
330
17
100
AcDbEntity
  8
0
100
AcDbLine
 10
174.278
 20
-165.606
 30
0.0
 11
174.019
 21
-166.572
 31
0.0
  0
LINE
  5
1E6
330
17
100
AcDbEntity
  8
0
100
AcDbLine
 10
174.278
 20
-165.606
 30
0.0
 11
174.019
 21
-166.572
 31
0.0
  0
LINE
  5
1E7
330
17
100
AcDbEntity
  8
0
100
AcDbLine
 10
174.278
 20
-165.606
 30
0.0
 11
174.278
 21
-165.606
 31
0.0
  0
LINE
  5
1E8
330
17
100
AcDbEntity
  8
0
100
AcDbLine
 10
193.597
 20
-170.782
 30
0.0
 11
174.278
 21
-165.606
 31
0.0
  0
LINE
  5
1E9
330
17
100
AcDbEntity
  8
0
100
AcDbLine
 10
174.278
 20
-165.606
 30
0.0
 11
174.278
 21
-165.606
 31
0.0
  0
LINE
  5
1EA
330
17
100
AcDbEntity
  8
0
100
AcDbLine
 10
174.019
 20
-166.572
 30
0.0
 11
174.019
 21
-166.572
 31
0.0
  0
LINE
  5
1EB
330
17
100
AcDbEntity
  8
0
100
AcDbLine
 10
174.019
 20
-166.572
 30
0.0
 11
174.019
 21
-166.572
 31
0.0
  0
LINE
  5
1EC
330
17
100
AcDbEntity
  8
0
100
AcDbLine
 10
193.338
 20
-171.748
 30
0.0
 11
174.019
 21
-166.572
 31
0.0
  0
LINE
  5
1ED
330
17
100
AcDbEntity
  8
0
100
AcDbLine
 10
252.473
 20
-293.729
 30
0.0
 11
192.473
 21
-293.729
 31
0.0
  0
LINE
  5
1EE
330
17
100
AcDbEntity
  8
0
100
AcDbLine
 10
252.473
 20
-293.729
 30
0.0
 11
252.473
 21
-264.329
 31
0.0
  0
LINE
  5
1EF
330
17
100
AcDbEntity
  8
0
100
AcDbLine
 10
252.473
 20
-293.729
 30
0.0
 11
252.473
 21
-293.729
 31
0.0
  0
LINE
  5
1F0
330
17
100
AcDbEntity
  8
0
100
AcDbLine
 10
252.473
 20
-293.729
 30
0.0
 11
252.473
 21
-293.729
 31
0.0
  0
LINE
  5
1F1
330
17
100
AcDbEntity
  8
0
100
AcDbLine
 10
192.473
 20
-264.329
 30
0.0
 11
192.473
 21
-293.729
 31
0.0
  0
LINE
  5
1F2
330
17
100
AcDbEntity
  8
0
100
AcDbLine
 10
277.318
 20
-293.729
 30
0.0
 11
257.318
 21
-293.729
 31
0.0
  0
LINE
  5
1F3
330
17
100
AcDbEntity
  8
0
100
AcDbLine
 10
277.318
 20
-293.729
 30
0.0
 11
277.318
 21
-264.329
 31
0.0
  0
LINE
  5
1F4
330
17
100
AcDbEntity
  8
0
100
AcDbLine
 10
277.318
 20
-293.729
 30
0.0
 11
277.318
 21
-293.729
 31
0.0
  0
LINE
  5
1F5
330
17
100
AcDbEntity
  8
0
100
AcDbLine
 10
257.318
 20
-264.329
 30
0.0
 11
257.318
 21
-293.729
 31
0.0
  0
LINE
  5
1F6
330
17
100
AcDbEntity
  8
0
100
AcDbLine
 10
415.302
 20
-195.329
 30
0.0
 11
415.302
 21
-145.329
 31
0.0
  0
LINE
  5
1F7
330
17
100
AcDbEntity
  8
0
100
AcDbLine
 10
419.902
 20
-195.329
 30
0.0
 11
419.902
 21
-145.329
 31
0.0
  0
LINE
  5
1F8
330
17
100
AcDbEntity
  8
0
100
AcDbLine
 10
419.902
 20
-195.329
 30
0.0
 11
415.302
 21
-195.329
 31
0.0
  0
LINE
  5
1F9
330
17
100
AcDbEntity
  8
0
100
AcDbLine
 10
105.965
 20
-237.329
 30
0.0
 11
105.965
 21
-237.329
 31
0.0
  0
LINE
  5
1FA
330
17
100
AcDbEntity
  8
0
100
AcDbLine
 10
55.6828
 20
-237.329
 30
0.0
 11
55.6828
 21
-237.329
 31
0.0
  0
LINE
  5
1FB
330
17
100
AcDbEntity
  8
0
100
AcDbLine
 10
55.6828
 20
-237.329
 30
0.0
 11
55.6828
 21
-255.329
 31
0.0
  0
LINE
  5
1FC
330
17
100
AcDbEntity
  8
0
100
AcDbLine
 10
105.965
 20
-237.329
 30
0.0
 11
105.965
 21
-255.329
 31
0.0
  0
LINE
  5
1FD
330
17
100
AcDbEntity
  8
0
100
AcDbLine
 10
55.6828
 20
-237.329
 30
0.0
 11
55.6828
 21
-237.329
 31
0.0
  0
LINE
  5
1FE
330
17
100
AcDbEntity
  8
0
100
AcDbLine
 10
105.965
 20
-237.329
 30
0.0
 11
105.965
 21
-237.329
 31
0.0
  0
LINE
  5
1FF
330
17
100
AcDbEntity
  8
0
100
AcDbLine
 10
55.6828
 20
-237.329
 30
0.0
 11
55.6828
 21
-237.329
 31
0.0
  0
LINE
  5
200
330
17
100
AcDbEntity
  8
0
100
AcDbLine
 10
105.965
 20
-237.329
 30
0.0
 11
55.6828
 21
-237.329
 31
0.0
  0
LINE
  5
201
330
17
100
AcDbEntity
  8
0
100
AcDbLine
 10
55.6828
 20
-237.329
 30
0.0
 11
55.6828
 21
-237.329
 31
0.0
  0
LINE
  5
202
330
17
100
AcDbEntity
  8
0
100
AcDbLine
 10
248.934
 20
-253.334
 30
0.0
 11
248.006
 21
-253.334
 31
0.0
  0
LINE
  5
203
330
17
100
AcDbEntity
  8
0
100
AcDbLine
 10
248.934
 20
-253.334
 30
0.0
 11
248.934
 21
-237.329
 31
0.0
  0
LINE
  5
204
330
17
100
AcDbEntity
  8
0
100
AcDbLine
 10
248.934
 20
-237.329
 30
0.0
 11
248.006
 21
-237.329
 31
0.0
  0
LINE
  5
205
330
17
100
AcDbEntity
  8
0
100
AcDbLine
 10
105.965
 20
-205.329
 30
0.0
 11
105.965
 21
-205.329
 31
0.0
  0
LINE
  5
206
330
17
100
AcDbEntity
  8
0
100
AcDbLine
 10
55.6828
 20
-205.329
 30
0.0
 11
55.6828
 21
-205.329
 31
0.0
  0
LINE
  5
207
330
17
100
AcDbEntity
  8
0
100
AcDbLine
 10
55.6828
 20
-205.329
 30
0.0
 11
105.965
 21
-205.329
 31
0.0
  0
LINE
  5
208
330
17
100
AcDbEntity
  8
0
100
AcDbLine
 10
105.965
 20
-205.329
 30
0.0
 11
105.965
 21
-225.329
 31
0.0
  0
LINE
  5
209
330
17
100
AcDbEntity
  8
0
100
AcDbLine
 10
105.965
 20
-225.329
 30
0.0
 11
82.6265
 21
-225.329
 31
0.0
  0
LINE
  5
20A
330
17
100
AcDbEntity
  8
0
100
AcDbLine
 10
67.6828
 20
-225.329
 30
0.0
 11
55.6828
 21
-225.329
 31
0.0
  0
LINE
  5
20B
330
17
100
AcDbEntity
  8
0
100
AcDbLine
 10
55.6828
 20
-205.329
 30
0.0
 11
55.6828
 21
-214.729
 31
0.0
  0
LINE
  5
20C
330
17
100
AcDbEntity
  8
0
100
AcDbLine
 10
303.136
 20
-205.329
 30
0.0
 11
303.136
 21
-225.329
 31
0.0
  0
LINE
  5
20D
330
17
100
AcDbEntity
  8
0
100
AcDbLine
 10
303.136
 20
-205.329
 30
0.0
 11
309.136
 21
-205.329
 31
0.0
  0
LINE
  5
20E
330
17
100
AcDbEntity
  8
0
100
AcDbLine
 10
303.136
 20
-225.329
 30
0.0
 11
309.136
 21
-225.329
 31
0.0
  0
LINE
  5
20F
330
17
100
AcDbEntity
  8
0
100
AcDbLine
 10
309.136
 20
-205.329
 30
0.0
 11
309.136
 21
-205.329
 31
0.0
  0
LINE
  5
210
330
17
100
AcDbEntity
  8
0
100
AcDbLine
 10
309.136
 20
-225.329
 30
0.0
 11
309.136
 21
-225.329
 31
0.0
  0
LINE
  5
211
330
17
100
AcDbEntity
  8
0
100
AcDbLine
 10
309.136
 20
-205.329
 30
0.0
 11
309.136
 21
-225.329
 31
0.0
  0
LINE
  5
212
330
17
100
AcDbEntity
  8
0
100
AcDbLine
 10
46.8487
 20
-196.509
 30
0.0
 11
46.8487
 21
-197.509
 31
0.0
  0
LINE
  5
213
330
17
100
AcDbEntity
  8
0
100
AcDbLine
 10
46.8487
 20
-197.509
 30
0.0
 11
51.0827
 21
-197.509
 31
0.0
  0
LINE
  5
214
330
17
100
AcDbEntity
  8
0
100
AcDbLine
 10
51.0827
 20
-197.509
 30
0.0
 11
51.0827
 21
-196.509
 31
0.0
  0
LINE
  5
215
330
17
100
AcDbEntity
  8
0
100
AcDbLine
 10
46.8487
 20
-196.509
 30
0.0
 11
51.0827
 21
-196.509
 31
0.0
  0
LINE
  5
216
330
17
100
AcDbEntity
  8
0
100
AcDbLine
 10
388.555
 20
-142.572
 30
0.0
 11
388.555
 21
-128.111
 31
0.0
  0
LINE
  5
217
330
17
100
AcDbEntity
  8
0
100
AcDbLine
 10
388.555
 20
-142.572
 30
0.0
 11
388.785
 21
-142.572
 31
0.0
  0
LINE
  5
218
330
17
100
AcDbEntity
  8
0
100
AcDbLine
 10
388.785
 20
-142.572
 30
0.0
 11
388.785
 21
-128.112
 31
0.0
  0
LINE
  5
219
330
17
100
AcDbEntity
  8
0
100
AcDbLine
 10
388.785
 20
-142.572
 30
0.0
 11
389.468
 21
-142.572
 31
0.0
  0
LINE
  5
21A
330
17
100
AcDbEntity
  8
0
100
AcDbLine
 10
389.468
 20
-142.572
 30
0.0
 11
389.468
 21
-128.112
 31
0.0
  0
LINE
  5
21B
330
17
100
AcDbEntity
  8
0
100
AcDbLine
 10
389.468
 20
-142.572
 30
0.0
 11
390.577
 21
-142.572
 31
0.0
  0
LINE
  5
21C
330
17
100
AcDbEntity
  8
0
100
AcDbLine
 10
390.577
 20
-142.572
 30
0.0
 11
390.577
 21
-128.113
 31
0.0
  0
LINE
  5
21D
330
17
100
AcDbEntity
  8
0
100
AcDbLine
 10
390.577
 20
-142.572
 30
0.0
 11
392.069
 21
-142.572
 31
0.0
  0
LINE
  5
21E
330
17
100
AcDbEntity
  8
0
100
AcDbLine
 10
392.069
 20
-142.572
 30
0.0
 11
392.069
 21
-128.114
 31
0.0
  0
LINE
  5
21F
330
17
100
AcDbEntity
  8
0
100
AcDbLine
 10
392.069
 20
-142.572
 30
0.0
 11
393.888
 21
-142.572
 31
0.0
  0
LINE
  5
220
330
17
100
AcDbEntity
  8
0
100
AcDbLine
 10
393.888
 20
-142.572
 30
0.0
 11
393.888
 21
-128.115
 31
0.0
  0
LINE
  5
221
330
17
100
AcDbEntity
  8
0
100
AcDbLine
 10
393.888
 20
-142.572
 30
0.0
 11
395.962
 21
-142.572
 31
0.0
  0
LINE
  5
222
330
17
100
AcDbEntity
  8
0
100
AcDbLine
 10
395.962
 20
-142.572
 30
0.0
 11
395.962
 21
-128.116
 31
0.0
  0
LINE
  5
223
330
17
100
AcDbEntity
  8
0
100
AcDbLine
 10
395.962
 20
-142.572
 30
0.0
 11
398.214
 21
-142.572
 31
0.0
  0
LINE
  5
224
330
17
100
AcDbEntity
  8
0
100
AcDbLine
 10
398.214
 20
-142.572
 30
0.0
 11
398.214
 21
-128.117
 31
0.0
  0
LINE
  5
225
330
17
100
AcDbEntity
  8
0
100
AcDbLine
 10
398.214
 20
-142.572
 30
0.0
 11
400.555
 21
-142.572
 31
0.0
  0
LINE
  5
226
330
17
100
AcDbEntity
  8
0
100
AcDbLine
 10
400.555
 20
-142.572
 30
0.0
 11
400.555
 21
-128.119
 31
0.0
  0
LINE
  5
227
330
17
100
AcDbEntity
  8
0
100
AcDbLine
 10
400.555
 20
-142.572
 30
0.0
 11
402.896
 21
-142.572
 31
0.0
  0
LINE
  5
228
330
17
100
AcDbEntity
  8
0
100
AcDbLine
 10
402.896
 20
-142.572
 30
0.0
 11
402.896
 21
-128.12
 31
0.0
  0
LINE
  5
229
330
17
100
AcDbEntity
  8
0
100
AcDbLine
 10
402.896
 20
-142.572
 30
0.0
 11
405.147
 21
-142.572
 31
0.0
  0
LINE
  5
22A
330
17
100
AcDbEntity
  8
0
100
AcDbLine
 10
405.147
 20
-142.572
 30
0.0
 11
405.147
 21
-128.121
 31
0.0
  0
LINE
  5
22B
330
17
100
AcDbEntity
  8
0
100
AcDbLine
 10
405.147
 20
-142.572
 30
0.0
 11
407.222
 21
-142.572
 31
0.0
  0
LINE
  5
22C
330
17
100
AcDbEntity
  8
0
100
AcDbLine
 10
407.222
 20
-142.572
 30
0.0
 11
407.222
 21
-128.123
 31
0.0
  0
LINE
  5
22D
330
17
100
AcDbEntity
  8
0
100
AcDbLine
 10
407.222
 20
-142.572
 30
0.0
 11
409.04
 21
-142.572
 31
0.0
  0
LINE
  5
22E
330
17
100
AcDbEntity
  8
0
100
AcDbLine
 10
409.04
 20
-142.572
 30
0.0
 11
409.04
 21
-128.124
 31
0.0
  0
LINE
  5
22F
330
17
100
AcDbEntity
  8
0
100
AcDbLine
 10
409.04
 20
-142.572
 30
0.0
 11
410.532
 21
-142.572
 31
0.0
  0
LINE
  5
230
330
17
100
AcDbEntity
  8
0
100
AcDbLine
 10
410.532
 20
-142.572
 30
0.0
 11
410.532
 21
-128.125
 31
0.0
  0
LINE
  5
231
330
17
100
AcDbEntity
  8
0
100
AcDbLine
 10
410.532
 20
-142.572
 30
0.0
 11
411.641
 21
-142.572
 31
0.0
  0
LINE
  5
232
330
17
100
AcDbEntity
  8
0
100
AcDbLine
 10
411.641
 20
-142.572
 30
0.0
 11
411.641
 21
-128.125
 31
0.0
  0
LINE
  5
233
330
17
100
AcDbEntity
  8
0
100
AcDbLine
 10
411.641
 20
-142.572
 30
0.0
 11
412.324
 21
-142.572
 31
0.0
  0
LINE
  5
234
330
17
100
AcDbEntity
  8
0
100
AcDbLine
 10
412.324
 20
-142.572
 30
0.0
 11
412.324
 21
-128.126
 31
0.0
  0
LINE
  5
235
330
17
100
AcDbEntity
  8
0
100
AcDbLine
 10
412.324
 20
-142.572
 30
0.0
 11
412.555
 21
-142.572
 31
0.0
  0
LINE
  5
236
330
17
100
AcDbEntity
  8
0
100
AcDbLine
 10
412.555
 20
-142.572
 30
0.0
 11
412.555
 21
-128.126
 31
0.0
  0
LINE
  5
237
330
17
100
AcDbEntity
  8
0
100
AcDbLine
 10
72.4852
 20
-243.329
 30
0.0
 11
72.4852
 21
-255.329
 31
0.0
  0
LINE
  5
238
330
17
100
AcDbEntity
  8
0
100
AcDbLine
 10
72.4852
 20
-243.329
 30
0.0
 11
73.4852
 21
-243.329
 31
0.0
  0
LINE
  5
239
330
17
100
AcDbEntity
  8
0
100
AcDbLine
 10
73.4852
 20
-255.329
 30
0.0
 11
73.4852
 21
-243.329
 31
0.0
  0
LINE
  5
23A
330
17
100
AcDbEntity
  8
0
100
AcDbLine
 10
68.4852
 20
-243.329
 30
0.0
 11
68.4852
 21
-255.329
 31
0.0
  0
LINE
  5
23B
330
17
100
AcDbEntity
  8
0
100
AcDbLine
 10
68.4852
 20
-243.329
 30
0.0
 11
67.4852
 21
-243.329
 31
0.0
  0
LINE
  5
23C
330
17
100
AcDbEntity
  8
0
100
AcDbLine
 10
67.4852
 20
-255.329
 30
0.0
 11
67.4852
 21
-243.329
 31
0.0
  0
LINE
  5
23D
330
17
100
AcDbEntity
  8
0
100
AcDbLine
 10
73.4852
 20
-243.329
 30
0.0
 11
73.4852
 21
-243.329
 31
0.0
  0
LINE
  5
23E
330
17
100
AcDbEntity
  8
0
100
AcDbLine
 10
72.4852
 20
-243.329
 30
0.0
 11
72.4852
 21
-243.329
 31
0.0
  0
LINE
  5
23F
330
17
100
AcDbEntity
  8
0
100
AcDbLine
 10
67.4852
 20
-243.329
 30
0.0
 11
67.4852
 21
-243.329
 31
0.0
  0
LINE
  5
240
330
17
100
AcDbEntity
  8
0
100
AcDbLine
 10
68.4852
 20
-243.329
 30
0.0
 11
68.4852
 21
-243.329
 31
0.0
  0
LINE
  5
241
330
17
100
AcDbEntity
  8
0
100
AcDbLine
 10
73.4852
 20
-242.329
 30
0.0
 11
67.4852
 21
-242.329
 31
0.0
  0
LINE
  5
242
330
17
100
AcDbEntity
  8
0
100
AcDbLine
 10
73.4852
 20
-243.329
 30
0.0
 11
67.4852
 21
-243.329
 31
0.0
  0
LINE
  5
243
330
17
100
AcDbEntity
  8
0
100
AcDbLine
 10
73.4852
 20
-243.329
 30
0.0
 11
73.4852
 21
-242.329
 31
0.0
  0
LINE
  5
244
330
17
100
AcDbEntity
  8
0
100
AcDbLine
 10
67.4852
 20
-242.329
 30
0.0
 11
67.4852
 21
-242.329
 31
0.0
  0
LINE
  5
245
330
17
100
AcDbEntity
  8
0
100
AcDbLine
 10
67.4852
 20
-242.329
 30
0.0
 11
67.4852
 21
-243.329
 31
0.0
  0
LINE
  5
246
330
17
100
AcDbEntity
  8
0
100
AcDbLine
 10
81.98
 20
-243.329
 30
0.0
 11
81.98
 21
-255.329
 31
0.0
  0
LINE
  5
247
330
17
100
AcDbEntity
  8
0
100
AcDbLine
 10
81.98
 20
-243.329
 30
0.0
 11
82.98
 21
-243.329
 31
0.0
  0
LINE
  5
248
330
17
100
AcDbEntity
  8
0
100
AcDbLine
 10
82.98
 20
-255.329
 30
0.0
 11
82.98
 21
-243.329
 31
0.0
  0
LINE
  5
249
330
17
100
AcDbEntity
  8
0
100
AcDbLine
 10
77.98
 20
-243.329
 30
0.0
 11
77.98
 21
-255.329
 31
0.0
  0
LINE
  5
24A
330
17
100
AcDbEntity
  8
0
100
AcDbLine
 10
77.98
 20
-243.329
 30
0.0
 11
76.98
 21
-243.329
 31
0.0
  0
LINE
  5
24B
330
17
100
AcDbEntity
  8
0
100
AcDbLine
 10
76.98
 20
-255.329
 30
0.0
 11
76.98
 21
-243.329
 31
0.0
  0
LINE
  5
24C
330
17
100
AcDbEntity
  8
0
100
AcDbLine
 10
82.98
 20
-243.329
 30
0.0
 11
82.98
 21
-243.329
 31
0.0
  0
LINE
  5
24D
330
17
100
AcDbEntity
  8
0
100
AcDbLine
 10
81.98
 20
-243.329
 30
0.0
 11
81.98
 21
-243.329
 31
0.0
  0
LINE
  5
24E
330
17
100
AcDbEntity
  8
0
100
AcDbLine
 10
76.98
 20
-243.329
 30
0.0
 11
76.98
 21
-243.329
 31
0.0
  0
LINE
  5
24F
330
17
100
AcDbEntity
  8
0
100
AcDbLine
 10
77.98
 20
-243.329
 30
0.0
 11
77.98
 21
-243.329
 31
0.0
  0
LINE
  5
250
330
17
100
AcDbEntity
  8
0
100
AcDbLine
 10
82.98
 20
-242.329
 30
0.0
 11
76.98
 21
-242.329
 31
0.0
  0
LINE
  5
251
330
17
100
AcDbEntity
  8
0
100
AcDbLine
 10
82.98
 20
-243.329
 30
0.0
 11
76.98
 21
-243.329
 31
0.0
  0
LINE
  5
252
330
17
100
AcDbEntity
  8
0
100
AcDbLine
 10
82.98
 20
-243.329
 30
0.0
 11
82.98
 21
-242.329
 31
0.0
  0
LINE
  5
253
330
17
100
AcDbEntity
  8
0
100
AcDbLine
 10
82.98
 20
-242.329
 30
0.0
 11
82.98
 21
-242.329
 31
0.0
  0
LINE
  5
254
330
17
100
AcDbEntity
  8
0
100
AcDbLine
 10
76.98
 20
-242.329
 30
0.0
 11
76.98
 21
-242.329
 31
0.0
  0
LINE
  5
255
330
17
100
AcDbEntity
  8
0
100
AcDbLine
 10
76.98
 20
-242.329
 30
0.0
 11
76.98
 21
-243.329
 31
0.0
  0
LINE
  5
256
330
17
100
AcDbEntity
  8
0
100
AcDbLine
 10
91.8483
 20
-243.329
 30
0.0
 11
91.8483
 21
-255.329
 31
0.0
  0
LINE
  5
257
330
17
100
AcDbEntity
  8
0
100
AcDbLine
 10
91.8483
 20
-243.329
 30
0.0
 11
92.8483
 21
-243.329
 31
0.0
  0
LINE
  5
258
330
17
100
AcDbEntity
  8
0
100
AcDbLine
 10
92.8483
 20
-255.329
 30
0.0
 11
92.8483
 21
-243.329
 31
0.0
  0
LINE
  5
259
330
17
100
AcDbEntity
  8
0
100
AcDbLine
 10
87.8483
 20
-243.329
 30
0.0
 11
87.8483
 21
-255.329
 31
0.0
  0
LINE
  5
25A
330
17
100
AcDbEntity
  8
0
100
AcDbLine
 10
87.8483
 20
-243.329
 30
0.0
 11
86.8483
 21
-243.329
 31
0.0
  0
LINE
  5
25B
330
17
100
AcDbEntity
  8
0
100
AcDbLine
 10
86.8483
 20
-255.329
 30
0.0
 11
86.8483
 21
-243.329
 31
0.0
  0
LINE
  5
25C
330
17
100
AcDbEntity
  8
0
100
AcDbLine
 10
92.8483
 20
-243.329
 30
0.0
 11
92.8483
 21
-243.329
 31
0.0
  0
LINE
  5
25D
330
17
100
AcDbEntity
  8
0
100
AcDbLine
 10
91.8483
 20
-243.329
 30
0.0
 11
91.8483
 21
-243.329
 31
0.0
  0
LINE
  5
25E
330
17
100
AcDbEntity
  8
0
100
AcDbLine
 10
86.8483
 20
-243.329
 30
0.0
 11
86.8483
 21
-243.329
 31
0.0
  0
LINE
  5
25F
330
17
100
AcDbEntity
  8
0
100
AcDbLine
 10
87.8483
 20
-243.329
 30
0.0
 11
87.8483
 21
-243.329
 31
0.0
  0
LINE
  5
260
330
17
100
AcDbEntity
  8
0
100
AcDbLine
 10
92.8483
 20
-242.329
 30
0.0
 11
86.8483
 21
-242.329
 31
0.0
  0
LINE
  5
261
330
17
100
AcDbEntity
  8
0
100
AcDbLine
 10
92.8483
 20
-243.329
 30
0.0
 11
86.8483
 21
-243.329
 31
0.0
  0
LINE
  5
262
330
17
100
AcDbEntity
  8
0
100
AcDbLine
 10
92.8483
 20
-243.329
 30
0.0
 11
92.8483
 21
-242.329
 31
0.0
  0
LINE
  5
263
330
17
100
AcDbEntity
  8
0
100
AcDbLine
 10
92.8483
 20
-242.329
 30
0.0
 11
92.8483
 21
-242.329
 31
0.0
  0
LINE
  5
264
330
17
100
AcDbEntity
  8
0
100
AcDbLine
 10
86.8483
 20
-242.329
 30
0.0
 11
86.8483
 21
-242.329
 31
0.0
  0
LINE
  5
265
330
17
100
AcDbEntity
  8
0
100
AcDbLine
 10
86.8483
 20
-242.329
 30
0.0
 11
86.8483
 21
-242.329
 31
0.0
  0
LINE
  5
266
330
17
100
AcDbEntity
  8
0
100
AcDbLine
 10
86.8483
 20
-242.329
 30
0.0
 11
86.8483
 21
-243.329
 31
0.0
  0
LINE
  5
267
330
17
100
AcDbEntity
  8
0
100
AcDbLine
 10
55.6828
 20
-212.329
 30
0.0
 11
55.6827
 21
-212.329
 31
0.0
  0
LINE
  5
268
330
17
100
AcDbEntity
  8
0
100
AcDbLine
 10
51.0827
 20
-212.329
 30
0.0
 11
24.1915
 21
-212.329
 31
0.0
  0
LINE
  5
269
330
17
100
AcDbEntity
  8
0
100
AcDbLine
 10
24.1915
 20
-214.329
 30
0.0
 11
24.1915
 21
-212.329
 31
0.0
  0
LINE
  5
26A
330
17
100
AcDbEntity
  8
0
100
AcDbLine
 10
10.0619
 20
-208.583
 30
0.0
 11
11.0619
 21
-208.583
 31
0.0
  0
LINE
  5
26B
330
17
100
AcDbEntity
  8
0
100
AcDbLine
 10
11.0619
 20
-208.583
 30
0.0
 11
11.0619
 21
-205.583
 31
0.0
  0
LINE
  5
26C
330
17
100
AcDbEntity
  8
0
100
AcDbLine
 10
11.0619
 20
-205.583
 30
0.0
 11
10.0619
 21
-205.583
 31
0.0
  0
LINE
  5
26D
330
17
100
AcDbEntity
  8
0
100
AcDbLine
 10
10.0619
 20
-205.583
 30
0.0
 11
10.0619
 21
-208.583
 31
0.0
  0
LINE
  5
26E
330
17
100
AcDbEntity
  8
0
100
AcDbLine
 10
131.064
 20
-266.329
 30
0.0
 11
101.064
 21
-266.329
 31
0.0
  0
LINE
  5
26F
330
17
100
AcDbEntity
  8
0
100
AcDbLine
 10
131.064
 20
-266.329
 30
0.0
 11
131.064
 21
-266.329
 31
0.0
  0
LINE
  5
270
330
17
100
AcDbEntity
  8
0
100
AcDbLine
 10
131.064
 20
-264.329
 30
0.0
 11
131.064
 21
-266.329
 31
0.0
  0
LINE
  5
271
330
17
100
AcDbEntity
  8
0
100
AcDbLine
 10
131.064
 20
-266.329
 30
0.0
 11
131.064
 21
-266.329
 31
0.0
  0
LINE
  5
272
330
17
100
AcDbEntity
  8
0
100
AcDbLine
 10
101.064
 20
-264.329
 30
0.0
 11
101.064
 21
-266.329
 31
0.0
  0
LINE
  5
273
330
17
100
AcDbEntity
  8
0
100
AcDbLine
 10
420.661
 20
-195.329
 30
0.0
 11
420.002
 21
-195.329
 31
0.0
  0
LINE
  5
274
330
17
100
AcDbEntity
  8
0
100
AcDbLine
 10
415.302
 20
-195.329
 30
0.0
 11
415.302
 21
-195.329
 31
0.0
  0
LINE
  5
275
330
17
100
AcDbEntity
  8
0
100
AcDbLine
 10
421.693
 20
-153.329
 30
0.0
 11
421.693
 21
-195.329
 31
0.0
  0
LINE
  5
276
330
17
100
AcDbEntity
  8
0
100
AcDbLine
 10
441.693
 20
-153.329
 30
0.0
 11
421.693
 21
-153.329
 31
0.0
  0
LINE
  5
277
330
17
100
AcDbEntity
  8
0
100
AcDbLine
 10
441.693
 20
-195.329
 30
0.0
 11
441.693
 21
-153.329
 31
0.0
  0
LINE
  5
278
330
17
100
AcDbEntity
  8
0
100
AcDbLine
 10
171.716
 20
-195.329
 30
0.0
 11
172.716
 21
-195.329
 31
0.0
  0
LINE
  5
279
330
17
100
AcDbEntity
  8
0
100
AcDbLine
 10
172.716
 20
-195.329
 30
0.0
 11
172.716
 21
-192.329
 31
0.0
  0
LINE
  5
27A
330
17
100
AcDbEntity
  8
0
100
AcDbLine
 10
172.716
 20
-192.329
 30
0.0
 11
171.716
 21
-192.329
 31
0.0
  0
LINE
  5
27B
330
17
100
AcDbEntity
  8
0
100
AcDbLine
 10
171.716
 20
-192.329
 30
0.0
 11
171.716
 21
-195.329
 31
0.0
  0
LINE
  5
27C
330
17
100
AcDbEntity
  8
0
100
AcDbLine
 10
210.981
 20
-195.329
 30
0.0
 11
211.981
 21
-195.329
 31
0.0
  0
LINE
  5
27D
330
17
100
AcDbEntity
  8
0
100
AcDbLine
 10
211.981
 20
-195.329
 30
0.0
 11
211.981
 21
-192.329
 31
0.0
  0
LINE
  5
27E
330
17
100
AcDbEntity
  8
0
100
AcDbLine
 10
211.981
 20
-192.329
 30
0.0
 11
210.981
 21
-192.329
 31
0.0
  0
LINE
  5
27F
330
17
100
AcDbEntity
  8
0
100
AcDbLine
 10
210.981
 20
-192.329
 30
0.0
 11
210.981
 21
-195.329
 31
0.0
  0
LINE
  5
280
330
17
100
AcDbEntity
  8
0
100
AcDbLine
 10
172.716
 20
-195.329
 30
0.0
 11
210.981
 21
-195.329
 31
0.0
  0
LINE
  5
281
330
17
100
AcDbEntity
  8
0
100
AcDbLine
 10
210.981
 20
-192.329
 30
0.0
 11
210.981
 21
-195.329
 31
0.0
  0
LINE
  5
282
330
17
100
AcDbEntity
  8
0
100
AcDbLine
 10
210.981
 20
-192.329
 30
0.0
 11
172.716
 21
-192.329
 31
0.0
  0
LINE
  5
283
330
17
100
AcDbEntity
  8
0
100
AcDbLine
 10
172.716
 20
-192.329
 30
0.0
 11
172.716
 21
-195.329
 31
0.0
  0
LINE
  5
284
330
17
100
AcDbEntity
  8
0
100
AcDbLine
 10
62.1608
 20
-255.329
 30
0.0
 11
62.1608
 21
-255.329
 31
0.0
  0
LINE
  5
285
330
17
100
AcDbEntity
  8
0
100
AcDbLine
 10
55.6828
 20
-214.329
 30
0.0
 11
55.6828
 21
-214.329
 31
0.0
  0
LINE
  5
286
330
17
100
AcDbEntity
  8
0
100
AcDbLine
 10
51.0827
 20
-214.329
 30
0.0
 11
27.2832
 21
-214.329
 31
0.0
  0
LINE
  5
287
330
17
100
AcDbEntity
  8
0
100
AcDbLine
 10
38.6341
 20
-222.329
 30
0.0
 11
38.6341
 21
-255.329
 31
0.0
  0
LINE
  5
288
330
17
100
AcDbEntity
  8
0
100
AcDbLine
 10
51.0827
 20
-222.329
 30
0.0
 11
38.6341
 21
-222.329
 31
0.0
  0
LINE
  5
289
330
17
100
AcDbEntity
  8
0
100
AcDbLine
 10
58.6341
 20
-255.329
 30
0.0
 11
58.6341
 21
-255.329
 31
0.0
  0
LINE
  5
28A
330
17
100
AcDbEntity
  8
0
100
AcDbLine
 10
305.279
 20
-237.329
 30
0.0
 11
305.279
 21
-237.329
 31
0.0
  0
LINE
  5
28B
330
17
100
AcDbEntity
  8
0
100
AcDbLine
 10
303.179
 20
-237.329
 30
0.0
 11
303.179
 21
-237.329
 31
0.0
  0
LINE
  5
28C
330
17
100
AcDbEntity
  8
0
100
AcDbLine
 10
303.531
 20
-237.329
 30
0.0
 11
303.179
 21
-237.329
 31
0.0
  0
LINE
  5
28D
330
17
100
AcDbEntity
  8
0
100
AcDbLine
 10
303.179
 20
-237.329
 30
0.0
 11
303.179
 21
-242.729
 31
0.0
  0
LINE
  5
28E
330
17
100
AcDbEntity
  8
0
100
AcDbLine
 10
220.575
 20
-88.7423
 30
0.0
 11
230.748
 21
-88.7423
 31
0.0
  0
LINE
  5
28F
330
17
100
AcDbEntity
  8
0
100
AcDbLine
 10
208.415
 20
-88.7423
 30
0.0
 11
220.575
 21
-88.7423
 31
0.0
  0
LINE
  5
290
330
17
100
AcDbEntity
  8
0
100
AcDbLine
 10
202.649
 20
-88.7423
 30
0.0
 11
208.415
 21
-88.7423
 31
0.0
  0
LINE
  5
291
330
17
100
AcDbEntity
  8
0
100
AcDbLine
 10
203.5
 20
-88.7423
 30
0.0
 11
202.649
 21
-88.7423
 31
0.0
  0
LINE
  5
292
330
17
100
AcDbEntity
  8
0
100
AcDbLine
 10
210.934
 20
-88.7423
 30
0.0
 11
203.5
 21
-88.7423
 31
0.0
  0
LINE
  5
293
330
17
100
AcDbEntity
  8
0
100
AcDbLine
 10
224.666
 20
-88.7423
 30
0.0
 11
210.934
 21
-88.7423
 31
0.0
  0
LINE
  5
294
330
17
100
AcDbEntity
  8
0
100
AcDbLine
 10
244.167
 20
-88.7423
 30
0.0
 11
244.167
 21
-88.7423
 31
0.0
  0
LINE
  5
295
330
17
100
AcDbEntity
  8
0
100
AcDbLine
 10
230.748
 20
-88.7423
 30
0.0
 11
224.666
 21
-88.7423
 31
0.0
  0
LINE
  5
296
330
17
100
AcDbEntity
  8
0
100
AcDbLine
 10
268.689
 20
-88.7423
 30
0.0
 11
244.167
 21
-88.7423
 31
0.0
  0
LINE
  5
297
330
17
100
AcDbEntity
  8
0
100
AcDbLine
 10
297.289
 20
-88.7423
 30
0.0
 11
268.689
 21
-88.7423
 31
0.0
  0
LINE
  5
298
330
17
100
AcDbEntity
  8
0
100
AcDbLine
 10
328.869
 20
-88.7423
 30
0.0
 11
297.289
 21
-88.7423
 31
0.0
  0
LINE
  5
299
330
17
100
AcDbEntity
  8
0
100
AcDbLine
 10
362.213
 20
-88.7423
 30
0.0
 11
328.869
 21
-88.7423
 31
0.0
  0
LINE
  5
29A
330
17
100
AcDbEntity
  8
0
100
AcDbLine
 10
396.042
 20
-88.7423
 30
0.0
 11
362.213
 21
-88.7423
 31
0.0
  0
LINE
  5
29B
330
17
100
AcDbEntity
  8
0
100
AcDbLine
 10
429.055
 20
-88.7423
 30
0.0
 11
396.042
 21
-88.7423
 31
0.0
  0
LINE
  5
29C
330
17
100
AcDbEntity
  8
0
100
AcDbLine
 10
459.984
 20
-88.7423
 30
0.0
 11
429.055
 21
-88.7423
 31
0.0
  0
LINE
  5
29D
330
17
100
AcDbEntity
  8
0
100
AcDbLine
 10
487.639
 20
-88.7423
 30
0.0
 11
459.984
 21
-88.7423
 31
0.0
  0
LINE
  5
29E
330
17
100
AcDbEntity
  8
0
100
AcDbLine
 10
510.958
 20
-88.7423
 30
0.0
 11
487.639
 21
-88.7423
 31
0.0
  0
LINE
  5
29F
330
17
100
AcDbEntity
  8
0
100
AcDbLine
 10
529.045
 20
-88.7423
 30
0.0
 11
510.958
 21
-88.7423
 31
0.0
  0
LINE
  5
2A0
330
17
100
AcDbEntity
  8
0
100
AcDbLine
 10
541.205
 20
-88.7423
 30
0.0
 11
529.045
 21
-88.7423
 31
0.0
  0
LINE
  5
2A1
330
17
100
AcDbEntity
  8
0
100
AcDbLine
 10
546.97
 20
-88.7423
 30
0.0
 11
541.205
 21
-88.7423
 31
0.0
  0
LINE
  5
2A2
330
17
100
AcDbEntity
  8
0
100
AcDbLine
 10
546.12
 20
-88.7423
 30
0.0
 11
546.97
 21
-88.7423
 31
0.0
  0
LINE
  5
2A3
330
17
100
AcDbEntity
  8
0
100
AcDbLine
 10
538.686
 20
-88.7423
 30
0.0
 11
546.12
 21
-88.7423
 31
0.0
  0
LINE
  5
2A4
330
17
100
AcDbEntity
  8
0
100
AcDbLine
 10
524.954
 20
-88.7423
 30
0.0
 11
538.686
 21
-88.7423
 31
0.0
  0
LINE
  5
2A5
330
17
100
AcDbEntity
  8
0
100
AcDbLine
 10
524.954
 20
-88.7423
 30
0.0
 11
505.453
 21
-88.7423
 31
0.0
  0
LINE
  5
2A6
330
17
100
AcDbEntity
  8
0
100
AcDbLine
 10
505.453
 20
-88.7423
 30
0.0
 11
498.273
 21
-88.7423
 31
0.0
  0
LINE
  5
2A7
330
17
100
AcDbEntity
  8
0
100
AcDbLine
 10
520.513
 20
-88.7423
 30
0.0
 11
501.588
 21
-88.7423
 31
0.0
  0
LINE
  5
2A8
330
17
100
AcDbEntity
  8
0
100
AcDbLine
 10
520.513
 20
-88.7423
 30
0.0
 11
533.838
 21
-88.7423
 31
0.0
  0
LINE
  5
2A9
330
17
100
AcDbEntity
  8
0
100
AcDbLine
 10
533.838
 20
-88.7423
 30
0.0
 11
541.052
 21
-88.7423
 31
0.0
  0
LINE
  5
2AA
330
17
100
AcDbEntity
  8
0
100
AcDbLine
 10
541.052
 20
-88.7423
 30
0.0
 11
541.877
 21
-88.7423
 31
0.0
  0
LINE
  5
2AB
330
17
100
AcDbEntity
  8
0
100
AcDbLine
 10
541.877
 20
-88.7423
 30
0.0
 11
536.283
 21
-88.7423
 31
0.0
  0
LINE
  5
2AC
330
17
100
AcDbEntity
  8
0
100
AcDbLine
 10
536.283
 20
-88.7423
 30
0.0
 11
524.482
 21
-88.7423
 31
0.0
  0
LINE
  5
2AD
330
17
100
AcDbEntity
  8
0
100
AcDbLine
 10
524.482
 20
-88.7423
 30
0.0
 11
506.93
 21
-88.7423
 31
0.0
  0
LINE
  5
2AE
330
17
100
AcDbEntity
  8
0
100
AcDbLine
 10
506.93
 20
-88.7423
 30
0.0
 11
484.301
 21
-88.7423
 31
0.0
  0
LINE
  5
2AF
330
17
100
AcDbEntity
  8
0
100
AcDbLine
 10
484.301
 20
-88.7423
 30
0.0
 11
457.464
 21
-88.7423
 31
0.0
  0
LINE
  5
2B0
330
17
100
AcDbEntity
  8
0
100
AcDbLine
 10
457.464
 20
-88.7423
 30
0.0
 11
427.451
 21
-88.7423
 31
0.0
  0
LINE
  5
2B1
330
17
100
AcDbEntity
  8
0
100
AcDbLine
 10
427.451
 20
-88.7423
 30
0.0
 11
395.414
 21
-88.7423
 31
0.0
  0
LINE
  5
2B2
330
17
100
AcDbEntity
  8
0
100
AcDbLine
 10
395.414
 20
-88.7423
 30
0.0
 11
362.586
 21
-88.7423
 31
0.0
  0
LINE
  5
2B3
330
17
100
AcDbEntity
  8
0
100
AcDbLine
 10
362.586
 20
-88.7423
 30
0.0
 11
330.228
 21
-88.7423
 31
0.0
  0
LINE
  5
2B4
330
17
100
AcDbEntity
  8
0
100
AcDbLine
 10
330.228
 20
-88.7423
 30
0.0
 11
299.583
 21
-88.7423
 31
0.0
  0
LINE
  5
2B5
330
17
100
AcDbEntity
  8
0
100
AcDbLine
 10
299.583
 20
-88.7423
 30
0.0
 11
271.829
 21
-88.7423
 31
0.0
  0
LINE
  5
2B6
330
17
100
AcDbEntity
  8
0
100
AcDbLine
 10
271.829
 20
-88.7423
 30
0.0
 11
248.032
 21
-88.7423
 31
0.0
  0
LINE
  5
2B7
330
17
100
AcDbEntity
  8
0
100
AcDbLine
 10
248.032
 20
-88.7423
 30
0.0
 11
248.032
 21
-88.7423
 31
0.0
  0
LINE
  5
2B8
330
17
100
AcDbEntity
  8
0
100
AcDbLine
 10
230.748
 20
-88.7423
 30
0.0
 11
229.107
 21
-88.7423
 31
0.0
  0
LINE
  5
2B9
330
17
100
AcDbEntity
  8
0
100
AcDbLine
 10
229.107
 20
-88.7423
 30
0.0
 11
215.782
 21
-88.7423
 31
0.0
  0
LINE
  5
2BA
330
17
100
AcDbEntity
  8
0
100
AcDbLine
 10
215.782
 20
-88.7423
 30
0.0
 11
208.568
 21
-88.7423
 31
0.0
  0
LINE
  5
2BB
330
17
100
AcDbEntity
  8
0
100
AcDbLine
 10
208.568
 20
-88.7423
 30
0.0
 11
207.743
 21
-88.7423
 31
0.0
  0
LINE
  5
2BC
330
17
100
AcDbEntity
  8
0
100
AcDbLine
 10
207.743
 20
-88.7423
 30
0.0
 11
213.337
 21
-88.7423
 31
0.0
  0
LINE
  5
2BD
330
17
100
AcDbEntity
  8
0
100
AcDbLine
 10
213.337
 20
-88.7423
 30
0.0
 11
225.138
 21
-88.7423
 31
0.0
  0
LINE
  5
2BE
330
17
100
AcDbEntity
  8
0
100
AcDbLine
 10
225.138
 20
-88.7423
 30
0.0
 11
230.748
 21
-88.7423
 31
0.0
  0
LINE
  5
2BF
330
17
100
AcDbEntity
  8
0
100
AcDbLine
 10
498.273
 20
-88.7423
 30
0.0
 11
501.588
 21
-88.7423
 31
0.0
  0
LINE
  5
2C0
330
17
100
AcDbEntity
  8
0
100
AcDbLine
 10
501.005
 20
-151.459
 30
0.0
 11
493.035
 21
-145.642
 31
0.0
  0
LINE
  5
2C1
330
17
100
AcDbEntity
  8
0
100
AcDbLine
 10
492.225
 20
-140.918
 30
0.0
 11
493.035
 21
-145.642
 31
0.0
  0
LINE
  5
2C2
330
17
100
AcDbEntity
  8
0
100
AcDbLine
 10
500.603
 20
-135.104
 30
0.0
 11
492.225
 21
-140.918
 31
0.0
  0
LINE
  5
2C3
330
17
100
AcDbEntity
  8
0
100
AcDbLine
 10
506.549
 20
-125.293
 30
0.0
 11
500.603
 21
-135.104
 31
0.0
  0
LINE
  5
2C4
330
17
100
AcDbEntity
  8
0
100
AcDbLine
 10
506.549
 20
-120.569
 30
0.0
 11
506.549
 21
-125.293
 31
0.0
  0
LINE
  5
2C5
330
17
100
AcDbEntity
  8
0
100
AcDbLine
 10
506.549
 20
-120.569
 30
0.0
 11
498.441
 21
-113.664
 31
0.0
  0
LINE
  5
2C6
330
17
100
AcDbEntity
  8
0
100
AcDbLine
 10
508.171
 20
-98.4024
 30
0.0
 11
498.441
 21
-113.664
 31
0.0
  0
LINE
  5
2C7
330
17
100
AcDbEntity
  8
0
100
AcDbLine
 10
507.36
 20
-91.8615
 30
0.0
 11
508.171
 21
-98.4024
 31
0.0
  0
LINE
  5
2C8
330
17
100
AcDbEntity
  8
0
100
AcDbLine
 10
507.36
 20
-91.8615
 30
0.0
 11
494.657
 21
-87.501
 31
0.0
  0
LINE
  5
2C9
330
17
100
AcDbEntity
  8
0
100
AcDbLine
 10
494.657
 20
-87.501
 30
0.0
 11
479.252
 21
-84.9573
 31
0.0
  0
LINE
  5
2CA
330
17
100
AcDbEntity
  8
0
100
AcDbLine
 10
477.63
 20
-76.5995
 30
0.0
 11
479.252
 21
-84.9573
 31
0.0
  0
LINE
  5
2CB
330
17
100
AcDbEntity
  8
0
100
AcDbLine
 10
488.171
 20
-75.146
 30
0.0
 11
477.63
 21
-76.5995
 31
0.0
  0
LINE
  5
2CC
330
17
100
AcDbEntity
  8
0
100
AcDbLine
 10
488.171
 20
-75.146
 30
0.0
 11
493.035
 21
-39.1713
 31
0.0
  0
LINE
  5
2CD
330
17
100
AcDbEntity
  8
0
100
AcDbLine
 10
493.035
 20
-39.1713
 30
0.0
 11
482.225
 21
-26.453
 31
0.0
  0
LINE
  5
2CE
330
17
100
AcDbEntity
  8
0
100
AcDbLine
 10
482.765
 20
-5.37688
 30
0.0
 11
482.225
 21
-26.453
 31
0.0
  0
LINE
  5
2CF
330
17
100
AcDbEntity
  8
0
100
AcDbLine
 10
482.765
 20
-5.37688
 30
0.0
 11
469.522
 21
-1.74306
 31
0.0
  0
LINE
  5
2D0
330
17
100
AcDbEntity
  8
0
100
AcDbLine
 10
469.522
 20
-1.74306
 30
0.0
 11
464.846
 21
-4.43725
 31
0.0
  0
LINE
  5
2D1
330
17
100
AcDbEntity
  8
0
100
AcDbLine
 10
447.031
 20
-7.9712
 30
0.0
 11
441.414
 21
-4.28674
 31
0.0
  0
LINE
  5
2D2
330
17
100
AcDbEntity
  8
0
100
AcDbLine
 10
438.981
 20
5.52455
 30
0.0
 11
441.414
 21
-4.28674
 31
0.0
  0
LINE
  5
2D3
330
17
100
AcDbEntity
  8
0
100
AcDbLine
 10
428.17
 20
16.426
 30
0.0
 11
438.981
 21
5.52455
 31
0.0
  0
LINE
  5
2D4
330
17
100
AcDbEntity
  8
0
100
AcDbLine
 10
428.17
 20
16.426
 30
0.0
 11
425.495
 21
10.7731
 31
0.0
  0
LINE
  5
2D5
330
17
100
AcDbEntity
  8
0
100
AcDbLine
 10
419.192
 20
12.8504
 30
0.0
 11
411.143
 21
19.6964
 31
0.0
  0
LINE
  5
2D6
330
17
100
AcDbEntity
  8
0
100
AcDbLine
 10
413.305
 20
36.412
 30
0.0
 11
411.143
 21
19.6964
 31
0.0
  0
LINE
  5
2D7
330
17
100
AcDbEntity
  8
0
100
AcDbLine
 10
393.575
 20
52.4007
 30
0.0
 11
413.305
 21
36.412
 31
0.0
  0
LINE
  5
2D8
330
17
100
AcDbEntity
  8
0
100
AcDbLine
 10
393.575
 20
52.4007
 30
0.0
 11
392.092
 21
51.1658
 31
0.0
  0
LINE
  5
2D9
330
17
100
AcDbEntity
  8
0
100
AcDbLine
 10
386.866
 20
48.6326
 30
0.0
 11
379.251
 21
55.6711
 31
0.0
  0
LINE
  5
2DA
330
17
100
AcDbEntity
  8
0
100
AcDbLine
 10
363.846
 20
50.5838
 30
0.0
 11
373.043
 21
53.6211
 31
0.0
  0
LINE
  5
2DB
330
17
100
AcDbEntity
  8
0
100
AcDbLine
 10
378.604
 20
55.4575
 30
0.0
 11
379.251
 21
55.6711
 31
0.0
  0
LINE
  5
2DC
330
17
100
AcDbEntity
  8
0
100
AcDbLine
 10
363.846
 20
50.5838
 30
0.0
 11
363.305
 21
42.2261
 31
0.0
  0
LINE
  5
2DD
330
17
100
AcDbEntity
  8
0
100
AcDbLine
 10
353.846
 20
41.4993
 30
0.0
 11
363.305
 21
42.2261
 31
0.0
  0
LINE
  5
2DE
330
17
100
AcDbEntity
  8
0
100
AcDbLine
 10
353.846
 20
41.4993
 30
0.0
 11
340.872
 21
31.688
 31
0.0
  0
LINE
  5
2DF
330
17
100
AcDbEntity
  8
0
100
AcDbLine
 10
340.872
 20
31.688
 30
0.0
 11
327.809
 21
37.1387
 31
0.0
  0
LINE
  5
2E0
330
17
100
AcDbEntity
  8
0
100
AcDbLine
 10
327.809
 20
37.1387
 30
0.0
 11
323.53
 21
41.3781
 31
0.0
  0
LINE
  5
2E1
330
17
100
AcDbEntity
  8
0
100
AcDbLine
 10
323.53
 20
41.3781
 30
0.0
 11
311.818
 21
35.9274
 31
0.0
  0
LINE
  5
2E2
330
17
100
AcDbEntity
  8
0
100
AcDbLine
 10
311.818
 20
35.9274
 30
0.0
 11
309.791
 21
28.357
 31
0.0
  0
LINE
  5
2E3
330
17
100
AcDbEntity
  8
0
100
AcDbLine
 10
312.494
 20
20.7866
 30
0.0
 11
309.791
 21
28.357
 31
0.0
  0
LINE
  5
2E4
330
17
100
AcDbEntity
  8
0
100
AcDbLine
 10
315.197
 20
19.8781
 30
0.0
 11
312.494
 21
20.7866
 31
0.0
  0
LINE
  5
2E5
330
17
100
AcDbEntity
  8
0
100
AcDbLine
 10
315.197
 20
19.8781
 30
0.0
 11
311.368
 21
13.2161
 31
0.0
  0
LINE
  5
2E6
330
17
100
AcDbEntity
  8
0
100
AcDbLine
 10
311.368
 20
13.2161
 30
0.0
 11
305.737
 21
9.58233
 31
0.0
  0
LINE
  5
2E7
330
17
100
AcDbEntity
  8
0
100
AcDbLine
 10
305.737
 20
9.58233
 30
0.0
 11
300.332
 21
11.7021
 31
0.0
  0
LINE
  5
2E8
330
17
100
AcDbEntity
  8
0
100
AcDbLine
 10
300.332
 20
11.7021
 30
0.0
 11
292.449
 21
18.364
 31
0.0
  0
LINE
  5
2E9
330
17
100
AcDbEntity
  8
0
100
AcDbLine
 10
284.791
 20
13.5189
 30
0.0
 11
292.449
 21
18.364
 31
0.0
  0
LINE
  5
2EA
330
17
100
AcDbEntity
  8
0
100
AcDbLine
 10
284.791
 20
13.5189
 30
0.0
 11
289.296
 21
0.194971
 31
0.0
  0
LINE
  5
2EB
330
17
100
AcDbEntity
  8
0
100
AcDbLine
 10
282.088
 20
-1.01633
 30
0.0
 11
289.296
 21
0.194971
 31
0.0
  0
LINE
  5
2EC
330
17
100
AcDbEntity
  8
0
100
AcDbLine
 10
282.088
 20
-1.01633
 30
0.0
 11
273.755
 21
-20.0938
 31
0.0
  0
LINE
  5
2ED
330
17
100
AcDbEntity
  8
0
100
AcDbLine
 10
273.755
 20
-20.0938
 30
0.0
 11
266.323
 21
-21.6079
 31
0.0
  0
LINE
  5
2EE
330
17
100
AcDbEntity
  8
0
100
AcDbLine
 10
266.323
 20
-21.6079
 30
0.0
 11
260.467
 21
-27.6643
 31
0.0
  0
LINE
  5
2EF
330
17
100
AcDbEntity
  8
0
100
AcDbLine
 10
261.593
 20
-32.5093
 30
0.0
 11
260.467
 21
-27.6643
 31
0.0
  0
LINE
  5
2F0
330
17
100
AcDbEntity
  8
0
100
AcDbLine
 10
261.593
 20
-32.5093
 30
0.0
 11
266.548
 21
-34.3262
 31
0.0
  0
LINE
  5
2F1
330
17
100
AcDbEntity
  8
0
100
AcDbLine
 10
260.241
 20
-49.7699
 30
0.0
 11
266.548
 21
-34.3262
 31
0.0
  0
LINE
  5
2F2
330
17
100
AcDbEntity
  8
0
100
AcDbLine
 10
260.241
 20
-49.7699
 30
0.0
 11
261.368
 21
-51.5868
 31
0.0
  0
LINE
  5
2F3
330
17
100
AcDbEntity
  8
0
100
AcDbLine
 10
258.665
 20
-50.6784
 30
0.0
 11
261.368
 21
-51.5868
 31
0.0
  0
LINE
  5
2F4
330
17
100
AcDbEntity
  8
0
100
AcDbLine
 10
258.665
 20
-50.6784
 30
0.0
 11
257.088
 21
-58.2488
 31
0.0
  0
LINE
  5
2F5
330
17
100
AcDbEntity
  8
0
100
AcDbLine
 10
251.908
 20
-61.277
 30
0.0
 11
257.088
 21
-58.2488
 31
0.0
  0
LINE
  5
2F6
330
17
100
AcDbEntity
  8
0
100
AcDbLine
 10
251.908
 20
-61.277
 30
0.0
 11
248.079
 21
-68.8474
 31
0.0
  0
LINE
  5
2F7
330
17
100
AcDbEntity
  8
0
100
AcDbLine
 10
248.079
 20
-68.8474
 30
0.0
 11
242.674
 21
-65.2136
 31
0.0
  0
LINE
  5
2F8
330
17
100
AcDbEntity
  8
0
100
AcDbLine
 10
233.214
 20
-68.4841
 30
0.0
 11
242.674
 21
-65.2136
 31
0.0
  0
LINE
  5
2F9
330
17
100
AcDbEntity
  8
0
100
AcDbLine
 10
233.214
 20
-68.4841
 30
0.0
 11
232.133
 21
-79.0221
 31
0.0
  0
LINE
  5
2FA
330
17
100
AcDbEntity
  8
0
100
AcDbLine
 10
230.512
 20
-88.1067
 30
0.0
 11
232.133
 21
-79.0221
 31
0.0
  0
LINE
  5
2FB
330
17
100
AcDbEntity
  8
0
100
AcDbLine
 10
230.512
 20
-88.1067
 30
0.0
 11
232.944
 21
-94.6475
 31
0.0
  0
LINE
  5
2FC
330
17
100
AcDbEntity
  8
0
100
AcDbLine
 10
233.485
 20
-100.098
 30
0.0
 11
232.944
 21
-94.6475
 31
0.0
  0
LINE
  5
2FD
330
17
100
AcDbEntity
  8
0
100
AcDbLine
 10
238.62
 20
-105.912
 30
0.0
 11
233.485
 21
-100.098
 31
0.0
  0
LINE
  5
2FE
330
17
100
AcDbEntity
  8
0
100
AcDbLine
 10
242.674
 20
-110.636
 30
0.0
 11
238.62
 21
-105.912
 31
0.0
  0
LINE
  5
2FF
330
17
100
AcDbEntity
  8
0
100
AcDbLine
 10
247.539
 20
-121.538
 30
0.0
 11
242.674
 21
-110.636
 31
0.0
  0
LINE
  5
300
330
17
100
AcDbEntity
  8
0
100
AcDbLine
 10
256.728
 20
-130.259
 30
0.0
 11
247.539
 21
-121.538
 31
0.0
  0
LINE
  5
301
330
17
100
AcDbEntity
  8
0
100
AcDbLine
 10
256.728
 20
-130.259
 30
0.0
 11
263.485
 21
-129.169
 31
0.0
  0
LINE
  5
302
330
17
100
AcDbEntity
  8
0
100
AcDbLine
 10
270.001
 20
-136.132
 30
0.0
 11
263.485
 21
-129.169
 31
0.0
  0
LINE
  5
303
330
17
100
AcDbEntity
  8
0
100
AcDbLine
 10
483.557
 20
-151.459
 30
0.0
 11
476.673
 21
-145.642
 31
0.0
  0
LINE
  5
304
330
17
100
AcDbEntity
  8
0
100
AcDbLine
 10
476.673
 20
-145.642
 30
0.0
 11
475.973
 21
-140.918
 31
0.0
  0
LINE
  5
305
330
17
100
AcDbEntity
  8
0
100
AcDbLine
 10
483.209
 20
-135.104
 30
0.0
 11
475.973
 21
-140.918
 31
0.0
  0
LINE
  5
306
330
17
100
AcDbEntity
  8
0
100
AcDbLine
 10
483.209
 20
-135.104
 30
0.0
 11
488.344
 21
-125.293
 31
0.0
  0
LINE
  5
307
330
17
100
AcDbEntity
  8
0
100
AcDbLine
 10
488.344
 20
-120.569
 30
0.0
 11
488.344
 21
-125.293
 31
0.0
  0
LINE
  5
308
330
17
100
AcDbEntity
  8
0
100
AcDbLine
 10
488.344
 20
-120.569
 30
0.0
 11
481.342
 21
-113.664
 31
0.0
  0
LINE
  5
309
330
17
100
AcDbEntity
  8
0
100
AcDbLine
 10
481.342
 20
-113.664
 30
0.0
 11
489.745
 21
-98.4024
 31
0.0
  0
LINE
  5
30A
330
17
100
AcDbEntity
  8
0
100
AcDbLine
 10
489.045
 20
-91.8616
 30
0.0
 11
489.745
 21
-98.4024
 31
0.0
  0
LINE
  5
30B
330
17
100
AcDbEntity
  8
0
100
AcDbLine
 10
478.074
 20
-87.501
 30
0.0
 11
489.045
 21
-91.8616
 31
0.0
  0
LINE
  5
30C
330
17
100
AcDbEntity
  8
0
100
AcDbLine
 10
478.074
 20
-87.501
 30
0.0
 11
464.769
 21
-84.9573
 31
0.0
  0
LINE
  5
30D
330
17
100
AcDbEntity
  8
0
100
AcDbLine
 10
464.769
 20
-84.9573
 30
0.0
 11
463.369
 21
-76.5996
 31
0.0
  0
LINE
  5
30E
330
17
100
AcDbEntity
  8
0
100
AcDbLine
 10
472.472
 20
-75.146
 30
0.0
 11
463.369
 21
-76.5996
 31
0.0
  0
LINE
  5
30F
330
17
100
AcDbEntity
  8
0
100
AcDbLine
 10
472.472
 20
-75.146
 30
0.0
 11
476.674
 21
-39.1713
 31
0.0
  0
LINE
  5
310
330
17
100
AcDbEntity
  8
0
100
AcDbLine
 10
476.674
 20
-39.1713
 30
0.0
 11
467.337
 21
-26.453
 31
0.0
  0
LINE
  5
311
330
17
100
AcDbEntity
  8
0
100
AcDbLine
 10
467.804
 20
-5.37689
 30
0.0
 11
467.337
 21
-26.453
 31
0.0
  0
LINE
  5
312
330
17
100
AcDbEntity
  8
0
100
AcDbLine
 10
456.366
 20
-1.74307
 30
0.0
 11
467.804
 21
-5.37689
 31
0.0
  0
LINE
  5
313
330
17
100
AcDbEntity
  8
0
100
AcDbLine
 10
441.661
 20
-11.5544
 30
0.0
 11
456.366
 21
-1.74307
 31
0.0
  0
LINE
  5
314
330
17
100
AcDbEntity
  8
0
100
AcDbLine
 10
441.661
 20
-11.5544
 30
0.0
 11
432.091
 21
-4.28674
 31
0.0
  0
LINE
  5
315
330
17
100
AcDbEntity
  8
0
100
AcDbLine
 10
432.091
 20
-4.28674
 30
0.0
 11
429.99
 21
5.52454
 31
0.0
  0
LINE
  5
316
330
17
100
AcDbEntity
  8
0
100
AcDbLine
 10
420.653
 20
16.426
 30
0.0
 11
429.99
 21
5.52454
 31
0.0
  0
LINE
  5
317
330
17
100
AcDbEntity
  8
0
100
AcDbLine
 10
417.385
 20
8.43159
 30
0.0
 11
420.653
 21
16.426
 31
0.0
  0
LINE
  5
318
330
17
100
AcDbEntity
  8
0
100
AcDbLine
 10
417.385
 20
8.43159
 30
0.0
 11
405.948
 21
19.6964
 31
0.0
  0
LINE
  5
319
330
17
100
AcDbEntity
  8
0
100
AcDbLine
 10
405.948
 20
19.6964
 30
0.0
 11
407.815
 21
36.412
 31
0.0
  0
LINE
  5
31A
330
17
100
AcDbEntity
  8
0
100
AcDbLine
 10
390.776
 20
52.4007
 30
0.0
 11
407.815
 21
36.412
 31
0.0
  0
LINE
  5
31B
330
17
100
AcDbEntity
  8
0
100
AcDbLine
 10
390.776
 20
52.4007
 30
0.0
 11
385.874
 21
47.6768
 31
0.0
  0
LINE
  5
31C
330
17
100
AcDbEntity
  8
0
100
AcDbLine
 10
385.874
 20
47.6768
 30
0.0
 11
378.405
 21
55.6711
 31
0.0
  0
LINE
  5
31D
330
17
100
AcDbEntity
  8
0
100
AcDbLine
 10
373.043
 20
53.621
 30
0.0
 11
378.405
 21
55.6711
 31
0.0
  0
LINE
  5
31E
330
17
100
AcDbEntity
  8
0
100
AcDbLine
 10
342.582
 20
32.9812
 30
0.0
 11
333.977
 21
37.1387
 31
0.0
  0
LINE
  5
31F
330
17
100
AcDbEntity
  8
0
100
AcDbLine
 10
330.282
 20
41.3781
 30
0.0
 11
333.977
 21
37.1387
 31
0.0
  0
LINE
  5
320
330
17
100
AcDbEntity
  8
0
100
AcDbLine
 10
325.909
 20
39.0217
 30
0.0
 11
330.282
 21
41.3781
 31
0.0
  0
LINE
  5
321
330
17
100
AcDbEntity
  8
0
100
AcDbLine
 10
309.76
 20
12.1783
 30
0.0
 11
303.438
 21
18.3641
 31
0.0
  0
LINE
  5
322
330
17
100
AcDbEntity
  8
0
100
AcDbLine
 10
297.552
 20
14.0515
 30
0.0
 11
303.438
 21
18.3641
 31
0.0
  0
LINE
  5
323
330
17
100
AcDbEntity
  8
0
100
AcDbLine
 10
0.724094
 20
-176.536
 30
0.0
 11
5.81061
 21
-176.536
 31
0.0
  0
LINE
  5
324
330
17
100
AcDbEntity
  8
0
100
AcDbLine
 10
-5.35588
 20
-176.536
 30
0.0
 11
0.724094
 21
-176.536
 31
0.0
  0
LINE
  5
325
330
17
100
AcDbEntity
  8
0
100
AcDbLine
 10
-8.23862
 20
-176.536
 30
0.0
 11
-5.35588
 21
-176.536
 31
0.0
  0
LINE
  5
326
330
17
100
AcDbEntity
  8
0
100
AcDbLine
 10
-7.81334
 20
-176.536
 30
0.0
 11
-8.23862
 21
-176.536
 31
0.0
  0
LINE
  5
327
330
17
100
AcDbEntity
  8
0
100
AcDbLine
 10
-4.09638
 20
-176.536
 30
0.0
 11
-7.81334
 21
-176.536
 31
0.0
  0
LINE
  5
328
330
17
100
AcDbEntity
  8
0
100
AcDbLine
 10
2.76941
 20
-176.536
 30
0.0
 11
-4.09638
 21
-176.536
 31
0.0
  0
LINE
  5
329
330
17
100
AcDbEntity
  8
0
100
AcDbLine
 10
12.5202
 20
-176.536
 30
0.0
 11
12.5201
 21
-176.536
 31
0.0
  0
LINE
  5
32A
330
17
100
AcDbEntity
  8
0
100
AcDbLine
 10
5.81061
 20
-176.536
 30
0.0
 11
2.76941
 21
-176.536
 31
0.0
  0
LINE
  5
32B
330
17
100
AcDbEntity
  8
0
100
AcDbLine
 10
24.7812
 20
-176.536
 30
0.0
 11
12.5202
 21
-176.536
 31
0.0
  0
LINE
  5
32C
330
17
100
AcDbEntity
  8
0
100
AcDbLine
 10
39.0813
 20
-176.536
 30
0.0
 11
24.7812
 21
-176.536
 31
0.0
  0
LINE
  5
32D
330
17
100
AcDbEntity
  8
0
100
AcDbLine
 10
53.5573
 20
-176.536
 30
0.0
 11
39.0813
 21
-176.536
 31
0.0
  0
LINE
  5
32E
330
17
100
AcDbEntity
  8
0
100
AcDbLine
 10
53.5573
 20
-176.536
 30
0.0
 11
40.228
 21
-176.536
 31
0.0
  0
LINE
  5
32F
330
17
100
AcDbEntity
  8
0
100
AcDbLine
 10
40.228
 20
-176.536
 30
0.0
 11
26.3509
 21
-176.536
 31
0.0
  0
LINE
  5
330
330
17
100
AcDbEntity
  8
0
100
AcDbLine
 10
26.3509
 20
-176.536
 30
0.0
 11
14.4526
 21
-176.536
 31
0.0
  0
LINE
  5
331
330
17
100
AcDbEntity
  8
0
100
AcDbLine
 10
14.4526
 20
-176.536
 30
0.0
 11
14.4525
 21
-176.536
 31
0.0
  0
LINE
  5
332
330
17
100
AcDbEntity
  8
0
100
AcDbLine
 10
5.81061
 20
-176.536
 30
0.0
 11
4.99027
 21
-176.536
 31
0.0
  0
LINE
  5
333
330
17
100
AcDbEntity
  8
0
100
AcDbLine
 10
4.99027
 20
-176.536
 30
0.0
 11
-1.6724
 21
-176.536
 31
0.0
  0
LINE
  5
334
330
17
100
AcDbEntity
  8
0
100
AcDbLine
 10
-1.6724
 20
-176.536
 30
0.0
 11
-5.27939
 21
-176.536
 31
0.0
  0
LINE
  5
335
330
17
100
AcDbEntity
  8
0
100
AcDbLine
 10
-5.27939
 20
-176.536
 30
0.0
 11
-5.69209
 21
-176.536
 31
0.0
  0
LINE
  5
336
330
17
100
AcDbEntity
  8
0
100
AcDbLine
 10
-5.69209
 20
-176.536
 30
0.0
 11
-2.89463
 21
-176.536
 31
0.0
  0
LINE
  5
337
330
17
100
AcDbEntity
  8
0
100
AcDbLine
 10
-2.89463
 20
-176.536
 30
0.0
 11
3.00547
 21
-176.536
 31
0.0
  0
LINE
  5
338
330
17
100
AcDbEntity
  8
0
100
AcDbLine
 10
3.00547
 20
-176.536
 30
0.0
 11
5.81061
 21
-176.536
 31
0.0
  0
LINE
  5
339
330
17
100
AcDbEntity
  8
0
100
AcDbLine
 10
21.6385
 20
-216.735
 30
0.0
 11
21.3682
 21
-212.556
 31
0.0
  0
LINE
  5
33A
330
17
100
AcDbEntity
  8
0
100
AcDbLine
 10
23.6762
 20
-218.516
 30
0.0
 11
21.6385
 21
-216.735
 31
0.0
  0
LINE
  5
33B
330
17
100
AcDbEntity
  8
0
100
AcDbLine
 10
74.2489
 20
-255.329
 30
0.0
 11
74.2489
 21
-255.329
 31
0.0
  0
LINE
  5
33C
330
17
100
AcDbEntity
  8
0
100
AcDbLine
 10
79.3894
 20
-255.329
 30
0.0
 11
79.3894
 21
-255.329
 31
0.0
  0
LINE
  5
33D
330
17
100
AcDbEntity
  8
0
100
AcDbLine
 10
135.47
 20
-162.723
 30
0.0
 11
136.316
 21
-156.469
 31
0.0
  0
LINE
  5
33E
330
17
100
AcDbEntity
  8
0
100
AcDbLine
 10
136.451
 20
-155.47
 30
0.0
 11
136.954
 21
-151.75
 31
0.0
  0
LINE
  5
33F
330
17
100
AcDbEntity
  8
0
100
AcDbLine
 10
136.954
 20
-151.75
 30
0.0
 11
131.549
 21
-145.391
 31
0.0
  0
LINE
  5
340
330
17
100
AcDbEntity
  8
0
100
AcDbLine
 10
131.819
 20
-134.853
 30
0.0
 11
131.549
 21
-145.391
 31
0.0
  0
LINE
  5
341
330
17
100
AcDbEntity
  8
0
100
AcDbLine
 10
131.819
 20
-134.853
 30
0.0
 11
125.198
 21
-133.036
 31
0.0
  0
LINE
  5
342
330
17
100
AcDbEntity
  8
0
100
AcDbLine
 10
125.198
 20
-133.036
 30
0.0
 11
122.86
 21
-134.383
 31
0.0
  0
LINE
  5
343
330
17
100
AcDbEntity
  8
0
100
AcDbLine
 10
113.952
 20
-136.15
 30
0.0
 11
111.143
 21
-134.308
 31
0.0
  0
LINE
  5
344
330
17
100
AcDbEntity
  8
0
100
AcDbLine
 10
109.927
 20
-129.402
 30
0.0
 11
111.143
 21
-134.308
 31
0.0
  0
LINE
  5
345
330
17
100
AcDbEntity
  8
0
100
AcDbLine
 10
104.522
 20
-123.951
 30
0.0
 11
109.927
 21
-129.402
 31
0.0
  0
LINE
  5
346
330
17
100
AcDbEntity
  8
0
100
AcDbLine
 10
104.522
 20
-123.951
 30
0.0
 11
103.184
 21
-126.778
 31
0.0
  0
LINE
  5
347
330
17
100
AcDbEntity
  8
0
100
AcDbLine
 10
100.032
 20
-125.739
 30
0.0
 11
96.0082
 21
-122.316
 31
0.0
  0
LINE
  5
348
330
17
100
AcDbEntity
  8
0
100
AcDbLine
 10
97.0893
 20
-113.958
 30
0.0
 11
96.0082
 21
-122.316
 31
0.0
  0
LINE
  5
349
330
17
100
AcDbEntity
  8
0
100
AcDbLine
 10
87.2244
 20
-105.964
 30
0.0
 11
97.0893
 21
-113.958
 31
0.0
  0
LINE
  5
34A
330
17
100
AcDbEntity
  8
0
100
AcDbLine
 10
87.2244
 20
-105.964
 30
0.0
 11
86.4825
 21
-106.582
 31
0.0
  0
LINE
  5
34B
330
17
100
AcDbEntity
  8
0
100
AcDbLine
 10
83.8695
 20
-107.848
 30
0.0
 11
80.0622
 21
-104.329
 31
0.0
  0
LINE
  5
34C
330
17
100
AcDbEntity
  8
0
100
AcDbLine
 10
72.3594
 20
-106.873
 30
0.0
 11
76.9581
 21
-105.354
 31
0.0
  0
LINE
  5
34D
330
17
100
AcDbEntity
  8
0
100
AcDbLine
 10
79.7387
 20
-104.436
 30
0.0
 11
80.0622
 21
-104.329
 31
0.0
  0
LINE
  5
34E
330
17
100
AcDbEntity
  8
0
100
AcDbLine
 10
72.3594
 20
-106.873
 30
0.0
 11
72.0892
 21
-111.051
 31
0.0
  0
LINE
  5
34F
330
17
100
AcDbEntity
  8
0
100
AcDbLine
 10
67.3594
 20
-111.415
 30
0.0
 11
72.0892
 21
-111.051
 31
0.0
  0
LINE
  5
350
330
17
100
AcDbEntity
  8
0
100
AcDbLine
 10
67.3594
 20
-111.415
 30
0.0
 11
60.8729
 21
-116.32
 31
0.0
  0
LINE
  5
351
330
17
100
AcDbEntity
  8
0
100
AcDbLine
 10
60.8729
 20
-116.32
 30
0.0
 11
54.3413
 21
-113.595
 31
0.0
  0
LINE
  5
352
330
17
100
AcDbEntity
  8
0
100
AcDbLine
 10
54.3413
 20
-113.595
 30
0.0
 11
52.2017
 21
-111.475
 31
0.0
  0
LINE
  5
353
330
17
100
AcDbEntity
  8
0
100
AcDbLine
 10
52.2017
 20
-111.475
 30
0.0
 11
46.3458
 21
-114.201
 31
0.0
  0
LINE
  5
354
330
17
100
AcDbEntity
  8
0
100
AcDbLine
 10
46.3458
 20
-114.201
 30
0.0
 11
45.3323
 21
-117.986
 31
0.0
  0
LINE
  5
355
330
17
100
AcDbEntity
  8
0
100
AcDbLine
 10
46.6836
 20
-121.771
 30
0.0
 11
45.3323
 21
-117.986
 31
0.0
  0
LINE
  5
356
330
17
100
AcDbEntity
  8
0
100
AcDbLine
 10
48.035
 20
-122.225
 30
0.0
 11
46.6836
 21
-121.771
 31
0.0
  0
LINE
  5
357
330
17
100
AcDbEntity
  8
0
100
AcDbLine
 10
48.035
 20
-122.225
 30
0.0
 11
46.1206
 21
-125.556
 31
0.0
  0
LINE
  5
358
330
17
100
AcDbEntity
  8
0
100
AcDbLine
 10
46.1206
 20
-125.556
 30
0.0
 11
43.3052
 21
-127.373
 31
0.0
  0
LINE
  5
359
330
17
100
AcDbEntity
  8
0
100
AcDbLine
 10
43.3052
 20
-127.373
 30
0.0
 11
40.6025
 21
-126.313
 31
0.0
  0
LINE
  5
35A
330
17
100
AcDbEntity
  8
0
100
AcDbLine
 10
40.6025
 20
-126.313
 30
0.0
 11
36.661
 21
-122.982
 31
0.0
  0
LINE
  5
35B
330
17
100
AcDbEntity
  8
0
100
AcDbLine
 10
32.8322
 20
-125.405
 30
0.0
 11
36.661
 21
-122.982
 31
0.0
  0
LINE
  5
35C
330
17
100
AcDbEntity
  8
0
100
AcDbLine
 10
32.8322
 20
-125.405
 30
0.0
 11
35.0845
 21
-132.067
 31
0.0
  0
LINE
  5
35D
330
17
100
AcDbEntity
  8
0
100
AcDbLine
 10
31.4808
 20
-132.673
 30
0.0
 11
35.0845
 21
-132.067
 31
0.0
  0
LINE
  5
35E
330
17
100
AcDbEntity
  8
0
100
AcDbLine
 10
31.4808
 20
-132.673
 30
0.0
 11
27.3142
 21
-142.211
 31
0.0
  0
LINE
  5
35F
330
17
100
AcDbEntity
  8
0
100
AcDbLine
 10
27.3142
 20
-142.211
 30
0.0
 11
23.5979
 21
-142.968
 31
0.0
  0
LINE
  5
360
330
17
100
AcDbEntity
  8
0
100
AcDbLine
 10
23.5979
 20
-142.968
 30
0.0
 11
20.67
 21
-145.997
 31
0.0
  0
LINE
  5
361
330
17
100
AcDbEntity
  8
0
100
AcDbLine
 10
21.2331
 20
-148.419
 30
0.0
 11
20.67
 21
-145.997
 31
0.0
  0
LINE
  5
362
330
17
100
AcDbEntity
  8
0
100
AcDbLine
 10
21.2331
 20
-148.419
 30
0.0
 11
23.7105
 21
-149.328
 31
0.0
  0
LINE
  5
363
330
17
100
AcDbEntity
  8
0
100
AcDbLine
 10
20.5574
 20
-157.049
 30
0.0
 11
23.7105
 21
-149.328
 31
0.0
  0
LINE
  5
364
330
17
100
AcDbEntity
  8
0
100
AcDbLine
 10
20.5574
 20
-157.049
 30
0.0
 11
21.1204
 21
-157.958
 31
0.0
  0
LINE
  5
365
330
17
100
AcDbEntity
  8
0
100
AcDbLine
 10
19.7691
 20
-157.504
 30
0.0
 11
21.1204
 21
-157.958
 31
0.0
  0
LINE
  5
366
330
17
100
AcDbEntity
  8
0
100
AcDbLine
 10
19.7691
 20
-157.504
 30
0.0
 11
18.9808
 21
-161.289
 31
0.0
  0
LINE
  5
367
330
17
100
AcDbEntity
  8
0
100
AcDbLine
 10
16.3907
 20
-162.803
 30
0.0
 11
18.9808
 21
-161.289
 31
0.0
  0
LINE
  5
368
330
17
100
AcDbEntity
  8
0
100
AcDbLine
 10
16.3907
 20
-162.803
 30
0.0
 11
14.4763
 21
-166.588
 31
0.0
  0
LINE
  5
369
330
17
100
AcDbEntity
  8
0
100
AcDbLine
 10
14.4763
 20
-166.588
 30
0.0
 11
11.7736
 21
-164.771
 31
0.0
  0
LINE
  5
36A
330
17
100
AcDbEntity
  8
0
100
AcDbLine
 10
7.04379
 20
-166.406
 30
0.0
 11
11.7736
 21
-164.771
 31
0.0
  0
LINE
  5
36B
330
17
100
AcDbEntity
  8
0
100
AcDbLine
 10
7.04379
 20
-166.406
 30
0.0
 11
6.50325
 21
-171.675
 31
0.0
  0
LINE
  5
36C
330
17
100
AcDbEntity
  8
0
100
AcDbLine
 10
5.69242
 20
-176.218
 30
0.0
 11
6.50325
 21
-171.675
 31
0.0
  0
LINE
  5
36D
330
17
100
AcDbEntity
  8
0
100
AcDbLine
 10
5.69242
 20
-176.218
 30
0.0
 11
6.90864
 21
-179.488
 31
0.0
  0
LINE
  5
36E
330
17
100
AcDbEntity
  8
0
100
AcDbLine
 10
7.17891
 20
-182.214
 30
0.0
 11
6.90864
 21
-179.488
 31
0.0
  0
LINE
  5
36F
330
17
100
AcDbEntity
  8
0
100
AcDbLine
 10
9.74649
 20
-185.121
 30
0.0
 11
7.17891
 21
-182.214
 31
0.0
  0
LINE
  5
370
330
17
100
AcDbEntity
  8
0
100
AcDbLine
 10
11.7735
 20
-187.483
 30
0.0
 11
9.74649
 21
-185.121
 31
0.0
  0
LINE
  5
371
330
17
100
AcDbEntity
  8
0
100
AcDbLine
 10
14.206
 20
-192.933
 30
0.0
 11
11.7735
 21
-187.483
 31
0.0
  0
LINE
  5
372
330
17
100
AcDbEntity
  8
0
100
AcDbLine
 10
18.8006
 20
-197.294
 30
0.0
 11
14.206
 21
-192.933
 31
0.0
  0
LINE
  5
373
330
17
100
AcDbEntity
  8
0
100
AcDbLine
 10
18.8006
 20
-197.294
 30
0.0
 11
22.179
 21
-196.749
 31
0.0
  0
LINE
  5
374
330
17
100
AcDbEntity
  8
0
100
AcDbLine
 10
27.4493
 20
-202.381
 30
0.0
 11
22.179
 21
-196.749
 31
0.0
  0
LINE
  5
375
330
17
100
AcDbEntity
  8
0
100
AcDbLine
 10
27.4493
 20
-202.381
 30
0.0
 11
26.1974
 21
-205.553
 31
0.0
  0
LINE
  5
376
330
17
100
AcDbEntity
  8
0
100
AcDbLine
 10
25.0018
 20
-208.583
 30
0.0
 11
23.9358
 21
-211.284
 31
0.0
  0
LINE
  5
377
330
17
100
AcDbEntity
  8
0
100
AcDbLine
 10
21.3682
 20
-212.556
 30
0.0
 11
23.9358
 21
-211.284
 31
0.0
  0
LINE
  5
378
330
17
100
AcDbEntity
  8
0
100
AcDbLine
 10
79.0579
 20
-255.329
 30
0.0
 11
79.0579
 21
-255.329
 31
0.0
  0
LINE
  5
379
330
17
100
AcDbEntity
  8
0
100
AcDbLine
 10
127.792
 20
-160.154
 30
0.0
 11
127.796
 21
-160.12
 31
0.0
  0
LINE
  5
37A
330
17
100
AcDbEntity
  8
0
100
AcDbLine
 10
128.009
 20
-158.298
 30
0.0
 11
128.773
 21
-151.75
 31
0.0
  0
LINE
  5
37B
330
17
100
AcDbEntity
  8
0
100
AcDbLine
 10
128.773
 20
-151.75
 30
0.0
 11
124.105
 21
-145.391
 31
0.0
  0
LINE
  5
37C
330
17
100
AcDbEntity
  8
0
100
AcDbLine
 10
124.338
 20
-134.853
 30
0.0
 11
124.105
 21
-145.391
 31
0.0
  0
LINE
  5
37D
330
17
100
AcDbEntity
  8
0
100
AcDbLine
 10
118.62
 20
-133.036
 30
0.0
 11
124.338
 21
-134.853
 31
0.0
  0
LINE
  5
37E
330
17
100
AcDbEntity
  8
0
100
AcDbLine
 10
111.267
 20
-137.942
 30
0.0
 11
118.62
 21
-133.036
 31
0.0
  0
LINE
  5
37F
330
17
100
AcDbEntity
  8
0
100
AcDbLine
 10
111.267
 20
-137.942
 30
0.0
 11
106.482
 21
-134.308
 31
0.0
  0
LINE
  5
380
330
17
100
AcDbEntity
  8
0
100
AcDbLine
 10
106.482
 20
-134.308
 30
0.0
 11
105.432
 21
-129.402
 31
0.0
  0
LINE
  5
381
330
17
100
AcDbEntity
  8
0
100
AcDbLine
 10
100.763
 20
-123.951
 30
0.0
 11
105.432
 21
-129.402
 31
0.0
  0
LINE
  5
382
330
17
100
AcDbEntity
  8
0
100
AcDbLine
 10
99.1293
 20
-127.949
 30
0.0
 11
100.763
 21
-123.951
 31
0.0
  0
LINE
  5
383
330
17
100
AcDbEntity
  8
0
100
AcDbLine
 10
99.1293
 20
-127.949
 30
0.0
 11
93.4106
 21
-122.316
 31
0.0
  0
LINE
  5
384
330
17
100
AcDbEntity
  8
0
100
AcDbLine
 10
93.4106
 20
-122.316
 30
0.0
 11
94.3442
 21
-113.958
 31
0.0
  0
LINE
  5
385
330
17
100
AcDbEntity
  8
0
100
AcDbLine
 10
85.8245
 20
-105.964
 30
0.0
 11
94.3442
 21
-113.958
 31
0.0
  0
LINE
  5
386
330
17
100
AcDbEntity
  8
0
100
AcDbLine
 10
85.8245
 20
-105.964
 30
0.0
 11
83.3736
 21
-108.326
 31
0.0
  0
LINE
  5
387
330
17
100
AcDbEntity
  8
0
100
AcDbLine
 10
83.3736
 20
-108.326
 30
0.0
 11
79.6389
 21
-104.329
 31
0.0
  0
LINE
  5
388
330
17
100
AcDbEntity
  8
0
100
AcDbLine
 10
76.958
 20
-105.354
 30
0.0
 11
79.6389
 21
-104.329
 31
0.0
  0
LINE
  5
389
330
17
100
AcDbEntity
  8
0
100
AcDbLine
 10
61.7279
 20
-115.674
 30
0.0
 11
57.4253
 21
-113.595
 31
0.0
  0
LINE
  5
38A
330
17
100
AcDbEntity
  8
0
100
AcDbLine
 10
55.5774
 20
-111.475
 30
0.0
 11
57.4253
 21
-113.595
 31
0.0
  0
LINE
  5
38B
330
17
100
AcDbEntity
  8
0
100
AcDbLine
 10
53.391
 20
-112.654
 30
0.0
 11
55.5774
 21
-111.475
 31
0.0
  0
LINE
  5
38C
330
17
100
AcDbEntity
  8
0
100
AcDbLine
 10
45.3165
 20
-126.075
 30
0.0
 11
42.1559
 21
-122.982
 31
0.0
  0
LINE
  5
38D
330
17
100
AcDbEntity
  8
0
100
AcDbLine
 10
39.2125
 20
-125.139
 30
0.0
 11
42.1559
 21
-122.982
 31
0.0
  0
LINE
  5
38E
330
17
100
AcDbEntity
  8
0
100
AcDbLine
 10
444.035
 20
-197.329
 30
0.0
 11
444.035
 21
-210.266
 31
0.0
  0
LINE
  5
38F
330
17
100
AcDbEntity
  8
0
100
AcDbLine
 10
444.035
 20
-210.266
 30
0.0
 11
444.035
 21
-210.266
 31
0.0
  0
LINE
  5
390
330
17
100
AcDbEntity
  8
0
100
AcDbLine
 10
444.035
 20
-255.329
 30
0.0
 11
444.035
 21
-210.266
 31
0.0
  0
LINE
  5
391
330
17
100
AcDbEntity
  8
0
100
AcDbLine
 10
446.035
 20
-197.329
 30
0.0
 11
446.035
 21
-213.329
 31
0.0
  0
LINE
  5
392
330
17
100
AcDbEntity
  8
0
100
AcDbLine
 10
444.035
 20
-197.329
 30
0.0
 11
446.035
 21
-197.329
 31
0.0
  0
LINE
  5
393
330
17
100
AcDbEntity
  8
0
100
AcDbLine
 10
444.035
 20
-197.329
 30
0.0
 11
444.035
 21
-213.329
 31
0.0
  0
LINE
  5
394
330
17
100
AcDbEntity
  8
0
100
AcDbLine
 10
446.035
 20
-213.329
 30
0.0
 11
444.035
 21
-213.329
 31
0.0
  0
LINE
  5
395
330
17
100
AcDbEntity
  8
0
100
AcDbLine
 10
520.535
 20
-235.329
 30
0.0
 11
520.535
 21
-209.329
 31
0.0
  0
LINE
  5
396
330
17
100
AcDbEntity
  8
0
100
AcDbLine
 10
520.535
 20
-209.329
 30
0.0
 11
520.535
 21
-209.329
 31
0.0
  0
LINE
  5
397
330
17
100
AcDbEntity
  8
0
100
AcDbLine
 10
520.535
 20
-235.329
 30
0.0
 11
520.535
 21
-235.329
 31
0.0
  0
LINE
  5
398
330
17
100
AcDbEntity
  8
0
100
AcDbLine
 10
520.535
 20
-235.329
 30
0.0
 11
520.535
 21
-209.329
 31
0.0
  0
LINE
  5
399
330
17
100
AcDbEntity
  8
0
100
AcDbLine
 10
520.535
 20
-209.329
 30
0.0
 11
520.535
 21
-209.329
 31
0.0
  0
LINE
  5
39A
330
17
100
AcDbEntity
  8
0
100
AcDbLine
 10
520.535
 20
-235.329
 30
0.0
 11
520.535
 21
-235.329
 31
0.0
  0
LINE
  5
39B
330
17
100
AcDbEntity
  8
0
100
AcDbLine
 10
515.935
 20
-255.329
 30
0.0
 11
520.535
 21
-255.329
 31
0.0
  0
LINE
  5
39C
330
17
100
AcDbEntity
  8
0
100
AcDbLine
 10
520.535
 20
-195.329
 30
0.0
 11
520.535
 21
-255.329
 31
0.0
  0
LINE
  5
39D
330
17
100
AcDbEntity
  8
0
100
AcDbLine
 10
515.935
 20
-195.329
 30
0.0
 11
520.535
 21
-195.329
 31
0.0
  0
LINE
  5
39E
330
17
100
AcDbEntity
  8
0
100
AcDbLine
 10
515.935
 20
-195.329
 30
0.0
 11
515.935
 21
-255.329
 31
0.0
  0
LINE
  5
39F
330
17
100
AcDbEntity
  8
0
100
AcDbLine
 10
51.0827
 20
-205.583
 30
0.0
 11
51.0827
 21
-208.583
 31
0.0
  0
LINE
  5
3A0
330
17
100
AcDbEntity
  8
0
100
AcDbLine
 10
46.3374
 20
-208.583
 30
0.0
 11
51.0827
 21
-208.583
 31
0.0
  0
LINE
  5
3A1
330
17
100
AcDbEntity
  8
0
100
AcDbLine
 10
46.3374
 20
-205.583
 30
0.0
 11
51.0827
 21
-205.583
 31
0.0
  0
LINE
  5
3A2
330
17
100
AcDbEntity
  8
0
100
AcDbLine
 10
478.636
 20
-255.329
 30
0.0
 11
478.636
 21
-197.329
 31
0.0
  0
LINE
  5
3A3
330
17
100
AcDbEntity
  8
0
100
AcDbLine
 10
462.26
 20
-210.266
 30
0.0
 11
462.26
 21
-197.329
 31
0.0
  0
LINE
  5
3A4
330
17
100
AcDbEntity
  8
0
100
AcDbLine
 10
446.035
 20
-210.266
 30
0.0
 11
462.26
 21
-210.266
 31
0.0
  0
LINE
  5
3A5
330
17
100
AcDbEntity
  8
0
100
AcDbLine
 10
537.491
 20
-228.329
 30
0.0
 11
520.535
 21
-228.329
 31
0.0
  0
LINE
  5
3A6
330
17
100
AcDbEntity
  8
0
100
AcDbLine
 10
184.384
 20
-255.329
 30
0.0
 11
184.384
 21
-255.329
 31
0.0
  0
LINE
  5
3A7
330
17
100
AcDbEntity
  8
0
100
AcDbLine
 10
537.491
 20
-264.329
 30
0.0
 11
520.535
 21
-264.329
 31
0.0
  0
LINE
  5
3A8
330
17
100
AcDbEntity
  8
0
100
AcDbLine
 10
179.868
 20
-255.329
 30
0.0
 11
179.868
 21
-255.329
 31
0.0
  0
LINE
  5
3A9
330
17
100
AcDbEntity
  8
0
100
AcDbLine
 10
184.384
 20
-255.329
 30
0.0
 11
184.384
 21
-255.329
 31
0.0
  0
LINE
  5
3AA
330
17
100
AcDbEntity
  8
0
100
AcDbLine
 10
179.868
 20
-255.329
 30
0.0
 11
179.868
 21
-255.329
 31
0.0
  0
LINE
  5
3AB
330
17
100
AcDbEntity
  8
0
100
AcDbLine
 10
559.373
 20
-228.329
 30
0.0
 11
537.491
 21
-228.329
 31
0.0
  0
LINE
  5
3AC
330
17
100
AcDbEntity
  8
0
100
AcDbLine
 10
537.491
 20
-228.329
 30
0.0
 11
537.491
 21
-264.329
 31
0.0
  0
LINE
  5
3AD
330
17
100
AcDbEntity
  8
0
100
AcDbLine
 10
559.373
 20
-264.329
 30
0.0
 11
537.491
 21
-264.329
 31
0.0
  0
LINE
  5
3AE
330
17
100
AcDbEntity
  8
0
100
AcDbLine
 10
562.995
 20
-228.329
 30
0.0
 11
559.373
 21
-228.329
 31
0.0
  0
LINE
  5
3AF
330
17
100
AcDbEntity
  8
0
100
AcDbLine
 10
559.373
 20
-264.329
 30
0.0
 11
559.373
 21
-228.329
 31
0.0
  0
LINE
  5
3B0
330
17
100
AcDbEntity
  8
0
100
AcDbLine
 10
562.995
 20
-264.329
 30
0.0
 11
559.373
 21
-264.329
 31
0.0
  0
LINE
  5
3B1
330
17
100
AcDbEntity
  8
0
100
AcDbLine
 10
562.995
 20
-228.329
 30
0.0
 11
562.995
 21
-264.329
 31
0.0
  0
LINE
  5
3B2
330
17
100
AcDbEntity
  8
0
100
AcDbLine
 10
228.652
 20
-155.329
 30
0.0
 11
228.652
 21
-195.329
 31
0.0
  0
LINE
  5
3B3
330
17
100
AcDbEntity
  8
0
100
AcDbLine
 10
228.652
 20
-155.329
 30
0.0
 11
228.652
 21
-155.329
 31
0.0
  0
LINE
  5
3B4
330
17
100
AcDbEntity
  8
0
100
AcDbLine
 10
228.652
 20
-195.329
 30
0.0
 11
228.652
 21
-155.329
 31
0.0
  0
LINE
  5
3B5
330
17
100
AcDbEntity
  8
0
100
AcDbLine
 10
224.052
 20
-195.329
 30
0.0
 11
224.052
 21
-155.329
 31
0.0
  0
LINE
  5
3B6
330
17
100
AcDbEntity
  8
0
100
AcDbLine
 10
224.052
 20
-155.329
 30
0.0
 11
228.652
 21
-155.329
 31
0.0
  0
LINE
  5
3B7
330
17
100
AcDbEntity
  8
0
100
AcDbLine
 10
224.052
 20
-195.329
 30
0.0
 11
228.652
 21
-195.329
 31
0.0
  0
LINE
  5
3B8
330
17
100
AcDbEntity
  8
0
100
AcDbLine
 10
261.997
 20
-151.329
 30
0.0
 11
224.052
 21
-151.329
 31
0.0
  0
LINE
  5
3B9
330
17
100
AcDbEntity
  8
0
100
AcDbLine
 10
224.052
 20
-153.329
 30
0.0
 11
224.052
 21
-151.329
 31
0.0
  0
LINE
  5
3BA
330
17
100
AcDbEntity
  8
0
100
AcDbLine
 10
261.997
 20
-195.329
 30
0.0
 11
261.997
 21
-162.862
 31
0.0
  0
LINE
  5
3BB
330
17
100
AcDbEntity
  8
0
100
AcDbLine
 10
261.997
 20
-160.862
 30
0.0
 11
261.997
 21
-151.329
 31
0.0
  0
LINE
  5
3BC
330
17
100
AcDbEntity
  8
0
100
AcDbLine
 10
50.7965
 20
-264.329
 30
0.0
 11
11.7616
 21
-264.329
 31
0.0
  0
LINE
  5
3BD
330
17
100
AcDbEntity
  8
0
100
AcDbLine
 10
50.7965
 20
-255.329
 30
0.0
 11
50.7965
 21
-264.329
 31
0.0
  0
LINE
  5
3BE
330
17
100
AcDbEntity
  8
0
100
AcDbLine
 10
50.7965
 20
-255.329
 30
0.0
 11
11.7616
 21
-255.329
 31
0.0
  0
LINE
  5
3BF
330
17
100
AcDbEntity
  8
0
100
AcDbLine
 10
11.7616
 20
-264.329
 30
0.0
 11
11.7616
 21
-255.329
 31
0.0
  0
LINE
  5
3C0
330
17
100
AcDbEntity
  8
0
100
AcDbLine
 10
446.416
 20
-143.329
 30
0.0
 11
344.294
 21
-143.329
 31
0.0
  0
LINE
  5
3C1
330
17
100
AcDbEntity
  8
0
100
AcDbLine
 10
344.294
 20
-145.329
 30
0.0
 11
344.294
 21
-143.329
 31
0.0
  0
LINE
  5
3C2
330
17
100
AcDbEntity
  8
0
100
AcDbLine
 10
446.416
 20
-145.329
 30
0.0
 11
344.294
 21
-145.329
 31
0.0
  0
LINE
  5
3C3
330
17
100
AcDbEntity
  8
0
100
AcDbLine
 10
446.416
 20
-143.329
 30
0.0
 11
446.416
 21
-145.329
 31
0.0
  0
LINE
  5
3C4
330
17
100
AcDbEntity
  8
0
100
AcDbLine
 10
344.294
 20
-143.329
 30
0.0
 11
330.702
 21
-143.329
 31
0.0
  0
LINE
  5
3C5
330
17
100
AcDbEntity
  8
0
100
AcDbLine
 10
344.294
 20
-145.329
 30
0.0
 11
330.702
 21
-145.329
 31
0.0
  0
LINE
  5
3C6
330
17
100
AcDbEntity
  8
0
100
AcDbLine
 10
330.702
 20
-145.329
 30
0.0
 11
330.702
 21
-143.329
 31
0.0
  0
LINE
  5
3C7
330
17
100
AcDbEntity
  8
0
100
AcDbLine
 10
344.294
 20
-143.329
 30
0.0
 11
344.294
 21
-143.329
 31
0.0
  0
LINE
  5
3C8
330
17
100
AcDbEntity
  8
0
100
AcDbLine
 10
57.8704
 20
-183.701
 30
0.0
 11
57.8704
 21
-183.701
 31
0.0
  0
LINE
  5
3C9
330
17
100
AcDbEntity
  8
0
100
AcDbLine
 10
57.8704
 20
-179.054
 30
0.0
 11
57.8704
 21
-183.701
 31
0.0
  0
LINE
  5
3CA
330
17
100
AcDbEntity
  8
0
100
AcDbLine
 10
57.8704
 20
-183.701
 30
0.0
 11
57.8704
 21
-183.701
 31
0.0
  0
LINE
  5
3CB
330
17
100
AcDbEntity
  8
0
100
AcDbLine
 10
57.8704
 20
-183.701
 30
0.0
 11
57.8704
 21
-179.054
 31
0.0
  0
LINE
  5
3CC
330
17
100
AcDbEntity
  8
0
100
AcDbLine
 10
60.4704
 20
-187.363
 30
0.0
 11
60.4704
 21
-185.038
 31
0.0
  0
LINE
  5
3CD
330
17
100
AcDbEntity
  8
0
100
AcDbLine
 10
60.4704
 20
-183.038
 30
0.0
 11
60.4704
 21
-179.054
 31
0.0
  0
LINE
  5
3CE
330
17
100
AcDbEntity
  8
0
100
AcDbLine
 10
57.8704
 20
-187.363
 30
0.0
 11
57.8704
 21
-187.219
 31
0.0
  0
LINE
  5
3CF
330
17
100
AcDbEntity
  8
0
100
AcDbLine
 10
57.8704
 20
-185.219
 30
0.0
 11
57.8704
 21
-179.054
 31
0.0
  0
LINE
  5
3D0
330
17
100
AcDbEntity
  8
0
100
AcDbLine
 10
60.4704
 20
-187.363
 30
0.0
 11
57.8704
 21
-187.363
 31
0.0
  0
LINE
  5
3D1
330
17
100
AcDbEntity
  8
0
100
AcDbLine
 10
510.656
 20
-187.363
 30
0.0
 11
510.656
 21
-184.793
 31
0.0
  0
LINE
  5
3D2
330
17
100
AcDbEntity
  8
0
100
AcDbLine
 10
510.656
 20
-182.793
 30
0.0
 11
510.656
 21
-179.054
 31
0.0
  0
LINE
  5
3D3
330
17
100
AcDbEntity
  8
0
100
AcDbLine
 10
508.056
 20
-187.363
 30
0.0
 11
508.056
 21
-182.612
 31
0.0
  0
LINE
  5
3D4
330
17
100
AcDbEntity
  8
0
100
AcDbLine
 10
508.056
 20
-180.612
 30
0.0
 11
508.056
 21
-179.054
 31
0.0
  0
LINE
  5
3D5
330
17
100
AcDbEntity
  8
0
100
AcDbLine
 10
510.656
 20
-187.363
 30
0.0
 11
508.056
 21
-187.363
 31
0.0
  0
LINE
  5
3D6
330
17
100
AcDbEntity
  8
0
100
AcDbLine
 10
109.283
 20
-213.329
 30
0.0
 11
109.283
 21
-225.329
 31
0.0
  0
LINE
  5
3D7
330
17
100
AcDbEntity
  8
0
100
AcDbLine
 10
67.6828
 20
-213.329
 30
0.0
 11
67.6828
 21
-225.329
 31
0.0
  0
LINE
  5
3D8
330
17
100
AcDbEntity
  8
0
100
AcDbLine
 10
105.965
 20
-225.329
 30
0.0
 11
109.283
 21
-225.329
 31
0.0
  0
LINE
  5
3D9
330
17
100
AcDbEntity
  8
0
100
AcDbLine
 10
105.965
 20
-213.329
 30
0.0
 11
109.283
 21
-213.329
 31
0.0
  0
LINE
  5
3DA
330
17
100
AcDbEntity
  8
0
100
AcDbLine
 10
12.6278
 20
-228.329
 30
0.0
 11
9.01801
 21
-228.329
 31
0.0
  0
LINE
  5
3DB
330
17
100
AcDbEntity
  8
0
100
AcDbLine
 10
9.01801
 20
-264.329
 30
0.0
 11
9.01801
 21
-228.329
 31
0.0
  0
LINE
  5
3DC
330
17
100
AcDbEntity
  8
0
100
AcDbLine
 10
12.6278
 20
-264.329
 30
0.0
 11
9.01801
 21
-264.329
 31
0.0
  0
LINE
  5
3DD
330
17
100
AcDbEntity
  8
0
100
AcDbLine
 10
27.2665
 20
-255.329
 30
0.0
 11
27.2665
 21
-228.329
 31
0.0
  0
LINE
  5
3DE
330
17
100
AcDbEntity
  8
0
100
AcDbLine
 10
27.2665
 20
-228.329
 30
0.0
 11
12.6278
 21
-228.329
 31
0.0
  0
LINE
  5
3DF
330
17
100
AcDbEntity
  8
0
100
AcDbLine
 10
12.6278
 20
-228.329
 30
0.0
 11
12.6278
 21
-264.329
 31
0.0
  0
LINE
  5
3E0
330
17
100
AcDbEntity
  8
0
100
AcDbLine
 10
13.0619
 20
-228.329
 30
0.0
 11
13.0619
 21
-208.583
 31
0.0
  0
LINE
  5
3E1
330
17
100
AcDbEntity
  8
0
100
AcDbLine
 10
10.0619
 20
-228.329
 30
0.0
 11
10.0619
 21
-208.583
 31
0.0
  0
LINE
  5
3E2
330
17
100
AcDbEntity
  8
0
100
AcDbLine
 10
211.981
 20
-255.329
 30
0.0
 11
171.716
 21
-255.329
 31
0.0
  0
LINE
  5
3E3
330
17
100
AcDbEntity
  8
0
100
AcDbLine
 10
168.488
 20
-255.329
 30
0.0
 11
168.488
 21
-197.329
 31
0.0
  0
LINE
  5
3E4
330
17
100
AcDbEntity
  8
0
100
AcDbLine
 10
248.006
 20
-255.329
 30
0.0
 11
248.006
 21
-197.329
 31
0.0
  0
LINE
  5
3E5
330
17
100
AcDbEntity
  8
0
100
AcDbLine
 10
480.636
 20
-255.329
 30
0.0
 11
480.636
 21
-197.329
 31
0.0
  0
LINE
  5
3E6
330
17
100
AcDbEntity
  8
0
100
AcDbLine
 10
27.2832
 20
-214.329
 30
0.0
 11
27.2665
 21
-214.329
 31
0.0
  0
LINE
  5
3E7
330
17
100
AcDbEntity
  8
0
100
AcDbLine
 10
23.6762
 20
-228.329
 30
0.0
 11
23.6762
 21
-214.329
 31
0.0
  0
LINE
  5
3E8
330
17
100
AcDbEntity
  8
0
100
AcDbLine
 10
27.2665
 20
-214.329
 30
0.0
 11
23.6762
 21
-214.329
 31
0.0
  0
LINE
  5
3E9
330
17
100
AcDbEntity
  8
0
100
AcDbLine
 10
27.2665
 20
-255.329
 30
0.0
 11
27.2665
 21
-214.329
 31
0.0
  0
LINE
  5
3EA
330
17
100
AcDbEntity
  8
0
100
AcDbLine
 10
514.97
 20
-179.054
 30
0.0
 11
514.97
 21
-179.054
 31
0.0
  0
LINE
  5
3EB
330
17
100
AcDbEntity
  8
0
100
AcDbLine
 10
514.97
 20
-153.459
 30
0.0
 11
514.97
 21
-179.054
 31
0.0
  0
LINE
  5
3EC
330
17
100
AcDbEntity
  8
0
100
AcDbLine
 10
469.205
 20
-153.459
 30
0.0
 11
497.189
 21
-179.054
 31
0.0
  0
LINE
  5
3ED
330
17
100
AcDbEntity
  8
0
100
AcDbLine
 10
469.205
 20
-153.459
 30
0.0
 11
469.205
 21
-151.459
 31
0.0
  0
LINE
  5
3EE
330
17
100
AcDbEntity
  8
0
100
AcDbLine
 10
514.97
 20
-179.054
 30
0.0
 11
506.201
 21
-179.054
 31
0.0
  0
LINE
  5
3EF
330
17
100
AcDbEntity
  8
0
100
AcDbLine
 10
503.817
 20
-179.054
 30
0.0
 11
497.189
 21
-179.054
 31
0.0
  0
LINE
  5
3F0
330
17
100
AcDbEntity
  8
0
100
AcDbLine
 10
514.97
 20
-179.054
 30
0.0
 11
514.97
 21
-177.054
 31
0.0
  0
LINE
  5
3F1
330
17
100
AcDbEntity
  8
0
100
AcDbLine
 10
497.189
 20
-179.054
 30
0.0
 11
497.189
 21
-177.054
 31
0.0
  0
LINE
  5
3F2
330
17
100
AcDbEntity
  8
0
100
AcDbLine
 10
497.189
 20
-177.054
 30
0.0
 11
469.205
 21
-151.459
 31
0.0
  0
LINE
  5
3F3
330
17
100
AcDbEntity
  8
0
100
AcDbLine
 10
514.97
 20
-177.054
 30
0.0
 11
503.817
 21
-177.054
 31
0.0
  0
LINE
  5
3F4
330
17
100
AcDbEntity
  8
0
100
AcDbLine
 10
501.434
 20
-177.054
 30
0.0
 11
497.189
 21
-177.054
 31
0.0
  0
LINE
  5
3F5
330
17
100
AcDbEntity
  8
0
100
AcDbLine
 10
514.97
 20
-151.459
 30
0.0
 11
514.97
 21
-177.054
 31
0.0
  0
LINE
  5
3F6
330
17
100
AcDbEntity
  8
0
100
AcDbLine
 10
469.205
 20
-151.459
 30
0.0
 11
470.93
 21
-151.459
 31
0.0
  0
LINE
  5
3F7
330
17
100
AcDbEntity
  8
0
100
AcDbLine
 10
473.313
 20
-151.459
 30
0.0
 11
514.97
 21
-151.459
 31
0.0
  0
LINE
  5
3F8
330
17
100
AcDbEntity
  8
0
100
AcDbLine
 10
309.136
 20
-255.329
 30
0.0
 11
309.136
 21
-225.329
 31
0.0
  0
LINE
  5
3F9
330
17
100
AcDbEntity
  8
0
100
AcDbLine
 10
309.136
 20
-205.329
 30
0.0
 11
309.136
 21
-197.329
 31
0.0
  0
LINE
  5
3FA
330
17
100
AcDbEntity
  8
0
100
AcDbLine
 10
313.736
 20
-255.329
 30
0.0
 11
309.136
 21
-255.329
 31
0.0
  0
LINE
  5
3FB
330
17
100
AcDbEntity
  8
0
100
AcDbLine
 10
313.736
 20
-197.329
 30
0.0
 11
313.736
 21
-255.329
 31
0.0
  0
LINE
  5
3FC
330
17
100
AcDbEntity
  8
0
100
AcDbLine
 10
313.736
 20
-197.329
 30
0.0
 11
309.136
 21
-197.329
 31
0.0
  0
LINE
  5
3FD
330
17
100
AcDbEntity
  8
0
100
AcDbLine
 10
309.136
 20
-255.329
 30
0.0
 11
309.136
 21
-197.329
 31
0.0
  0
LINE
  5
3FE
330
17
100
AcDbEntity
  8
0
100
AcDbLine
 10
55.6828
 20
-237.329
 30
0.0
 11
55.6828
 21
-197.329
 31
0.0
  0
LINE
  5
3FF
330
17
100
AcDbEntity
  8
0
100
AcDbLine
 10
53.5573
 20
-177.054
 30
0.0
 11
53.5573
 21
-179.054
 31
0.0
  0
LINE
  5
400
330
17
100
AcDbEntity
  8
0
100
AcDbLine
 10
71.3375
 20
-179.054
 30
0.0
 11
67.6012
 21
-179.054
 31
0.0
  0
LINE
  5
401
330
17
100
AcDbEntity
  8
0
100
AcDbLine
 10
65.2177
 20
-179.054
 30
0.0
 11
53.5573
 21
-179.054
 31
0.0
  0
LINE
  5
402
330
17
100
AcDbEntity
  8
0
100
AcDbLine
 10
71.3375
 20
-179.054
 30
0.0
 11
71.3375
 21
-177.054
 31
0.0
  0
LINE
  5
403
330
17
100
AcDbEntity
  8
0
100
AcDbLine
 10
71.3375
 20
-179.054
 30
0.0
 11
98.7571
 21
-153.975
 31
0.0
  0
LINE
  5
404
330
17
100
AcDbEntity
  8
0
100
AcDbLine
 10
71.3375
 20
-177.054
 30
0.0
 11
69.9847
 21
-177.054
 31
0.0
  0
LINE
  5
405
330
17
100
AcDbEntity
  8
0
100
AcDbLine
 10
67.6012
 20
-177.054
 30
0.0
 11
53.5573
 21
-177.054
 31
0.0
  0
LINE
  5
406
330
17
100
AcDbEntity
  8
0
100
AcDbLine
 10
86.3619
 20
-163.312
 30
0.0
 11
71.3375
 21
-177.054
 31
0.0
  0
LINE
  5
407
330
17
100
AcDbEntity
  8
0
100
AcDbLine
 10
98.1048
 20
-151.459
 30
0.0
 11
53.5573
 21
-151.459
 31
0.0
  0
LINE
  5
408
330
17
100
AcDbEntity
  8
0
100
AcDbLine
 10
53.5573
 20
-177.054
 30
0.0
 11
53.5573
 21
-151.459
 31
0.0
  0
LINE
  5
409
330
17
100
AcDbEntity
  8
0
100
AcDbLine
 10
219.707
 20
-163.728
 30
0.0
 11
223.952
 21
-163.728
 31
0.0
  0
LINE
  5
40A
330
17
100
AcDbEntity
  8
0
100
AcDbLine
 10
261.997
 20
-163.728
 30
0.0
 11
266.86
 21
-163.728
 31
0.0
  0
LINE
  5
40B
330
17
100
AcDbEntity
  8
0
100
AcDbLine
 10
289.143
 20
-143.346
 30
0.0
 11
266.86
 21
-163.728
 31
0.0
  0
LINE
  5
40C
330
17
100
AcDbEntity
  8
0
100
AcDbLine
 10
294.583
 20
-138.371
 30
0.0
 11
294.583
 21
-138.371
 31
0.0
  0
LINE
  5
40D
330
17
100
AcDbEntity
  8
0
100
AcDbLine
 10
219.707
 20
-163.728
 30
0.0
 11
219.707
 21
-143.346
 31
0.0
  0
LINE
  5
40E
330
17
100
AcDbEntity
  8
0
100
AcDbLine
 10
219.707
 20
-143.346
 30
0.0
 11
219.707
 21
-141.346
 31
0.0
  0
LINE
  5
40F
330
17
100
AcDbEntity
  8
0
100
AcDbLine
 10
289.143
 20
-143.346
 30
0.0
 11
219.707
 21
-143.346
 31
0.0
  0
LINE
  5
410
330
17
100
AcDbEntity
  8
0
100
AcDbLine
 10
289.143
 20
-143.346
 30
0.0
 11
289.143
 21
-141.346
 31
0.0
  0
LINE
  5
411
330
17
100
AcDbEntity
  8
0
100
AcDbLine
 10
294.583
 20
-138.371
 30
0.0
 11
294.583
 21
-136.371
 31
0.0
  0
LINE
  5
412
330
17
100
AcDbEntity
  8
0
100
AcDbLine
 10
289.143
 20
-143.346
 30
0.0
 11
294.583
 21
-138.371
 31
0.0
  0
LINE
  5
413
330
17
100
AcDbEntity
  8
0
100
AcDbLine
 10
219.707
 20
-141.346
 30
0.0
 11
289.143
 21
-141.346
 31
0.0
  0
LINE
  5
414
330
17
100
AcDbEntity
  8
0
100
AcDbLine
 10
294.583
 20
-136.371
 30
0.0
 11
289.143
 21
-141.346
 31
0.0
  0
LINE
  5
415
330
17
100
AcDbEntity
  8
0
100
AcDbLine
 10
294.583
 20
-136.371
 30
0.0
 11
294.583
 21
-136.132
 31
0.0
  0
LINE
  5
416
330
17
100
AcDbEntity
  8
0
100
AcDbLine
 10
294.583
 20
-136.132
 30
0.0
 11
293.852
 21
-136.132
 31
0.0
  0
LINE
  5
417
330
17
100
AcDbEntity
  8
0
100
AcDbLine
 10
291.469
 20
-136.132
 30
0.0
 11
219.707
 21
-136.132
 31
0.0
  0
LINE
  5
418
330
17
100
AcDbEntity
  8
0
100
AcDbLine
 10
219.707
 20
-141.346
 30
0.0
 11
219.707
 21
-136.132
 31
0.0
  0
LINE
  5
419
330
17
100
AcDbEntity
  8
0
100
AcDbLine
 10
125.365
 20
-255.329
 30
0.0
 11
125.365
 21
-197.329
 31
0.0
  0
LINE
  5
41A
330
17
100
AcDbEntity
  8
0
100
AcDbLine
 10
163.888
 20
-255.329
 30
0.0
 11
163.888
 21
-197.329
 31
0.0
  0
LINE
  5
41B
330
17
100
AcDbEntity
  8
0
100
AcDbLine
 10
168.488
 20
-255.329
 30
0.0
 11
168.488
 21
-197.329
 31
0.0
  0
LINE
  5
41C
330
17
100
AcDbEntity
  8
0
100
AcDbLine
 10
338.173
 20
-213.329
 30
0.0
 11
338.173
 21
-239.329
 31
0.0
  0
LINE
  5
41D
330
17
100
AcDbEntity
  8
0
100
AcDbLine
 10
354.173
 20
-213.329
 30
0.0
 11
338.173
 21
-213.329
 31
0.0
  0
LINE
  5
41E
330
17
100
AcDbEntity
  8
0
100
AcDbLine
 10
354.173
 20
-239.329
 30
0.0
 11
354.173
 21
-213.329
 31
0.0
  0
LINE
  5
41F
330
17
100
AcDbEntity
  8
0
100
AcDbLine
 10
338.173
 20
-239.329
 30
0.0
 11
354.173
 21
-239.329
 31
0.0
  0
LINE
  5
420
330
17
100
AcDbEntity
  8
0
100
AcDbLine
 10
415.302
 20
-239.329
 30
0.0
 11
415.302
 21
-197.329
 31
0.0
  0
LINE
  5
421
330
17
100
AcDbEntity
  8
0
100
AcDbLine
 10
415.302
 20
-197.329
 30
0.0
 11
352.65
 21
-197.329
 31
0.0
  0
LINE
  5
422
330
17
100
AcDbEntity
  8
0
100
AcDbLine
 10
333.419
 20
-213.329
 30
0.0
 11
313.736
 21
-213.329
 31
0.0
  0
LINE
  5
423
330
17
100
AcDbEntity
  8
0
100
AcDbLine
 10
333.419
 20
-255.329
 30
0.0
 11
333.419
 21
-213.329
 31
0.0
  0
LINE
  5
424
330
17
100
AcDbEntity
  8
0
100
AcDbLine
 10
535.887
 20
-205.298
 30
0.0
 11
535.887
 21
-204.344
 31
0.0
  0
LINE
  5
425
330
17
100
AcDbEntity
  8
0
100
AcDbLine
 10
535.322
 20
-205.436
 30
0.0
 11
535.887
 21
-205.298
 31
0.0
  0
LINE
  5
426
330
17
100
AcDbEntity
  8
0
100
AcDbLine
 10
535.314
 20
-206.905
 30
0.0
 11
535.322
 21
-205.436
 31
0.0
  0
LINE
  5
427
330
17
100
AcDbEntity
  8
0
100
AcDbLine
 10
533.935
 20
-207.727
 30
0.0
 11
535.314
 21
-206.905
 31
0.0
  0
LINE
  5
428
330
17
100
AcDbEntity
  8
0
100
AcDbLine
 10
531.23
 20
-207.737
 30
0.0
 11
533.935
 21
-207.727
 31
0.0
  0
LINE
  5
429
330
17
100
AcDbEntity
  8
0
100
AcDbLine
 10
531.233
 20
-204.79
 30
0.0
 11
531.23
 21
-207.737
 31
0.0
  0
LINE
  5
42A
330
17
100
AcDbEntity
  8
0
100
AcDbLine
 10
530.793
 20
-204.79
 30
0.0
 11
531.233
 21
-204.79
 31
0.0
  0
LINE
  5
42B
330
17
100
AcDbEntity
  8
0
100
AcDbLine
 10
530.793
 20
-204.83
 30
0.0
 11
530.793
 21
-204.79
 31
0.0
  0
LINE
  5
42C
330
17
100
AcDbEntity
  8
0
100
AcDbLine
 10
531.193
 20
-204.83
 30
0.0
 11
530.793
 21
-204.83
 31
0.0
  0
LINE
  5
42D
330
17
100
AcDbEntity
  8
0
100
AcDbLine
 10
531.19
 20
-207.778
 30
0.0
 11
531.193
 21
-204.83
 31
0.0
  0
LINE
  5
42E
330
17
100
AcDbEntity
  8
0
100
AcDbLine
 10
533.946
 20
-207.767
 30
0.0
 11
531.19
 21
-207.778
 31
0.0
  0
LINE
  5
42F
330
17
100
AcDbEntity
  8
0
100
AcDbLine
 10
535.354
 20
-206.928
 30
0.0
 11
533.946
 21
-207.767
 31
0.0
  0
LINE
  5
430
330
17
100
AcDbEntity
  8
0
100
AcDbLine
 10
535.362
 20
-205.467
 30
0.0
 11
535.354
 21
-206.928
 31
0.0
  0
LINE
  5
431
330
17
100
AcDbEntity
  8
0
100
AcDbLine
 10
535.927
 20
-205.329
 30
0.0
 11
535.362
 21
-205.467
 31
0.0
  0
LINE
  5
432
330
17
100
AcDbEntity
  8
0
100
AcDbLine
 10
535.927
 20
-204.304
 30
0.0
 11
535.927
 21
-205.329
 31
0.0
  0
LINE
  5
433
330
17
100
AcDbEntity
  8
0
100
AcDbLine
 10
534.792
 20
-204.304
 30
0.0
 11
535.927
 21
-204.304
 31
0.0
  0
LINE
  5
434
330
17
100
AcDbEntity
  8
0
100
AcDbLine
 10
534.792
 20
-204.79
 30
0.0
 11
534.792
 21
-204.304
 31
0.0
  0
LINE
  5
435
330
17
100
AcDbEntity
  8
0
100
AcDbLine
 10
534.832
 20
-204.79
 30
0.0
 11
534.792
 21
-204.79
 31
0.0
  0
LINE
  5
436
330
17
100
AcDbEntity
  8
0
100
AcDbLine
 10
534.832
 20
-204.344
 30
0.0
 11
534.832
 21
-204.79
 31
0.0
  0
LINE
  5
437
330
17
100
AcDbEntity
  8
0
100
AcDbLine
 10
535.887
 20
-204.344
 30
0.0
 11
534.832
 21
-204.344
 31
0.0
  0
LINE
  5
438
330
17
100
AcDbEntity
  8
0
100
AcDbLine
 10
55.6828
 20
-195.329
 30
0.0
 11
55.6828
 21
-195.329
 31
0.0
  0
LINE
  5
439
330
17
100
AcDbEntity
  8
0
100
AcDbLine
 10
163.888
 20
-195.329
 30
0.0
 11
55.6828
 21
-195.329
 31
0.0
  0
LINE
  5
43A
330
17
100
AcDbEntity
  8
0
100
AcDbLine
 10
163.888
 20
-195.329
 30
0.0
 11
163.888
 21
-195.329
 31
0.0
  0
LINE
  5
43B
330
17
100
AcDbEntity
  8
0
100
AcDbLine
 10
480.636
 20
-255.329
 30
0.0
 11
480.636
 21
-197.329
 31
0.0
  0
LINE
  5
43C
330
17
100
AcDbEntity
  8
0
100
AcDbLine
 10
352.65
 20
-195.329
 30
0.0
 11
348.05
 21
-195.329
 31
0.0
  0
LINE
  5
43D
330
17
100
AcDbEntity
  8
0
100
AcDbLine
 10
352.65
 20
-145.329
 30
0.0
 11
352.65
 21
-195.329
 31
0.0
  0
LINE
  5
43E
330
17
100
AcDbEntity
  8
0
100
AcDbLine
 10
352.65
 20
-145.329
 30
0.0
 11
348.05
 21
-145.329
 31
0.0
  0
LINE
  5
43F
330
17
100
AcDbEntity
  8
0
100
AcDbLine
 10
348.05
 20
-195.329
 30
0.0
 11
348.05
 21
-145.329
 31
0.0
  0
LINE
  5
440
330
17
100
AcDbEntity
  8
0
100
AcDbLine
 10
419.902
 20
-211.329
 30
0.0
 11
441.829
 21
-211.329
 31
0.0
  0
LINE
  5
441
330
17
100
AcDbEntity
  8
0
100
AcDbLine
 10
419.902
 20
-205.836
 30
0.0
 11
441.829
 21
-205.836
 31
0.0
  0
LINE
  5
442
330
17
100
AcDbEntity
  8
0
100
AcDbLine
 10
441.829
 20
-202.342
 30
0.0
 11
441.829
 21
-202.342
 31
0.0
  0
LINE
  5
443
330
17
100
AcDbEntity
  8
0
100
AcDbLine
 10
441.829
 20
-211.329
 30
0.0
 11
441.829
 21
-211.329
 31
0.0
  0
LINE
  5
444
330
17
100
AcDbEntity
  8
0
100
AcDbLine
 10
419.902
 20
-202.342
 30
0.0
 11
441.829
 21
-202.342
 31
0.0
  0
LINE
  5
445
330
17
100
AcDbEntity
  8
0
100
AcDbLine
 10
441.829
 20
-205.836
 30
0.0
 11
441.829
 21
-205.836
 31
0.0
  0
LINE
  5
446
330
17
100
AcDbEntity
  8
0
100
AcDbLine
 10
441.829
 20
-198.849
 30
0.0
 11
441.829
 21
-198.849
 31
0.0
  0
LINE
  5
447
330
17
100
AcDbEntity
  8
0
100
AcDbLine
 10
419.902
 20
-198.849
 30
0.0
 11
441.829
 21
-198.849
 31
0.0
  0
LINE
  5
448
330
17
100
AcDbEntity
  8
0
100
AcDbLine
 10
419.709
 20
-210.266
 30
0.0
 11
419.709
 21
-205.836
 31
0.0
  0
LINE
  5
449
330
17
100
AcDbEntity
  8
0
100
AcDbLine
 10
441.829
 20
-205.836
 30
0.0
 11
441.829
 21
-202.342
 31
0.0
  0
LINE
  5
44A
330
17
100
AcDbEntity
  8
0
100
AcDbLine
 10
441.829
 20
-202.342
 30
0.0
 11
441.829
 21
-202.342
 31
0.0
  0
LINE
  5
44B
330
17
100
AcDbEntity
  8
0
100
AcDbLine
 10
441.829
 20
-202.342
 30
0.0
 11
441.829
 21
-198.849
 31
0.0
  0
LINE
  5
44C
330
17
100
AcDbEntity
  8
0
100
AcDbLine
 10
441.829
 20
-198.849
 30
0.0
 11
441.829
 21
-198.849
 31
0.0
  0
LINE
  5
44D
330
17
100
AcDbEntity
  8
0
100
AcDbLine
 10
441.829
 20
-198.849
 30
0.0
 11
441.829
 21
-198.849
 31
0.0
  0
LINE
  5
44E
330
17
100
AcDbEntity
  8
0
100
AcDbLine
 10
441.829
 20
-202.342
 30
0.0
 11
441.829
 21
-202.342
 31
0.0
  0
LINE
  5
44F
330
17
100
AcDbEntity
  8
0
100
AcDbLine
 10
441.829
 20
-205.836
 30
0.0
 11
441.829
 21
-205.836
 31
0.0
  0
LINE
  5
450
330
17
100
AcDbEntity
  8
0
100
AcDbLine
 10
441.829
 20
-211.329
 30
0.0
 11
441.829
 21
-211.329
 31
0.0
  0
LINE
  5
451
330
17
100
AcDbEntity
  8
0
100
AcDbLine
 10
441.829
 20
-205.836
 30
0.0
 11
441.829
 21
-211.329
 31
0.0
  0
LINE
  5
452
330
17
100
AcDbEntity
  8
0
100
AcDbLine
 10
441.829
 20
-205.836
 30
0.0
 11
441.829
 21
-205.836
 31
0.0
  0
LINE
  5
453
330
17
100
AcDbEntity
  8
0
100
AcDbLine
 10
419.902
 20
-210.266
 30
0.0
 11
419.902
 21
-210.266
 31
0.0
  0
LINE
  5
454
330
17
100
AcDbEntity
  8
0
100
AcDbLine
 10
415.302
 20
-210.266
 30
0.0
 11
415.302
 21
-197.329
 31
0.0
  0
LINE
  5
455
330
17
100
AcDbEntity
  8
0
100
AcDbLine
 10
419.902
 20
-197.329
 30
0.0
 11
415.302
 21
-197.329
 31
0.0
  0
LINE
  5
456
330
17
100
AcDbEntity
  8
0
100
AcDbLine
 10
419.902
 20
-210.266
 30
0.0
 11
419.902
 21
-197.329
 31
0.0
  0
LINE
  5
457
330
17
100
AcDbEntity
  8
0
100
AcDbLine
 10
419.902
 20
-210.266
 30
0.0
 11
415.302
 21
-210.266
 31
0.0
  0
LINE
  5
458
330
17
100
AcDbEntity
  8
0
100
AcDbLine
 10
415.302
 20
-210.266
 30
0.0
 11
415.302
 21
-213.329
 31
0.0
  0
LINE
  5
459
330
17
100
AcDbEntity
  8
0
100
AcDbLine
 10
415.302
 20
-213.329
 30
0.0
 11
419.902
 21
-213.329
 31
0.0
  0
LINE
  5
45A
330
17
100
AcDbEntity
  8
0
100
AcDbLine
 10
419.902
 20
-210.266
 30
0.0
 11
419.902
 21
-213.329
 31
0.0
  0
LINE
  5
45B
330
17
100
AcDbEntity
  8
0
100
AcDbLine
 10
419.902
 20
-239.329
 30
0.0
 11
419.902
 21
-213.329
 31
0.0
  0
LINE
  5
45C
330
17
100
AcDbEntity
  8
0
100
AcDbLine
 10
415.302
 20
-239.329
 30
0.0
 11
415.302
 21
-213.329
 31
0.0
  0
LINE
  5
45D
330
17
100
AcDbEntity
  8
0
100
AcDbLine
 10
419.902
 20
-239.329
 30
0.0
 11
419.902
 21
-239.329
 31
0.0
  0
LINE
  5
45E
330
17
100
AcDbEntity
  8
0
100
AcDbLine
 10
415.302
 20
-255.329
 30
0.0
 11
419.902
 21
-255.329
 31
0.0
  0
LINE
  5
45F
330
17
100
AcDbEntity
  8
0
100
AcDbLine
 10
419.902
 20
-239.329
 30
0.0
 11
419.902
 21
-255.329
 31
0.0
  0
LINE
  5
460
330
17
100
AcDbEntity
  8
0
100
AcDbLine
 10
419.902
 20
-239.329
 30
0.0
 11
415.302
 21
-239.329
 31
0.0
  0
LINE
  5
461
330
17
100
AcDbEntity
  8
0
100
AcDbLine
 10
415.302
 20
-239.329
 30
0.0
 11
415.302
 21
-255.329
 31
0.0
  0
LINE
  5
462
330
17
100
AcDbEntity
  8
0
100
AcDbLine
 10
520.535
 20
-255.329
 30
0.0
 11
520.535
 21
-255.329
 31
0.0
  0
LINE
  5
463
330
17
100
AcDbEntity
  8
0
100
AcDbLine
 10
309.136
 20
-195.329
 30
0.0
 11
309.136
 21
-195.329
 31
0.0
  0
LINE
  5
464
330
17
100
AcDbEntity
  8
0
100
AcDbLine
 10
520.535
 20
-195.329
 30
0.0
 11
446.416
 21
-195.329
 31
0.0
  0
LINE
  5
465
330
17
100
AcDbEntity
  8
0
100
AcDbLine
 10
330.702
 20
-195.329
 30
0.0
 11
309.136
 21
-195.329
 31
0.0
  0
LINE
  5
466
330
17
100
AcDbEntity
  8
0
100
AcDbLine
 10
520.535
 20
-255.329
 30
0.0
 11
520.535
 21
-218.676
 31
0.0
  0
LINE
  5
467
330
17
100
AcDbEntity
  8
0
100
AcDbLine
 10
520.535
 20
-206.676
 30
0.0
 11
520.535
 21
-195.329
 31
0.0
  0
LINE
  5
468
330
17
100
AcDbEntity
  8
0
100
AcDbLine
 10
108.972
 20
-144.341
 30
0.0
 11
36.8828
 21
-204.83
 31
0.0
  0
LINE
  5
469
330
17
100
AcDbEntity
  8
0
100
AcDbLine
 10
108.972
 20
-144.341
 30
0.0
 11
181.135
 21
-204.83
 31
0.0
  0
LINE
  5
46A
330
17
100
AcDbEntity
  8
0
100
AcDbLine
 10
181.135
 20
-202.83
 30
0.0
 11
181.135
 21
-204.83
 31
0.0
  0
LINE
  5
46B
330
17
100
AcDbEntity
  8
0
100
AcDbLine
 10
181.135
 20
-202.83
 30
0.0
 11
108.972
 21
-142.341
 31
0.0
  0
LINE
  5
46C
330
17
100
AcDbEntity
  8
0
100
AcDbLine
 10
36.8828
 20
-202.83
 30
0.0
 11
108.972
 21
-142.341
 31
0.0
  0
LINE
  5
46D
330
17
100
AcDbEntity
  8
0
100
AcDbLine
 10
36.8828
 20
-204.83
 30
0.0
 11
36.8828
 21
-202.83
 31
0.0
  0
LINE
  5
46E
330
17
100
AcDbEntity
  8
0
100
AcDbLine
 10
220.921
 20
-195.329
 30
0.0
 11
223.952
 21
-192.786
 31
0.0
  0
LINE
  5
46F
330
17
100
AcDbEntity
  8
0
100
AcDbLine
 10
133.289
 20
-162.724
 30
0.0
 11
159.595
 21
-162.707
 31
0.0
  0
LINE
  5
470
330
17
100
AcDbEntity
  8
0
100
AcDbLine
 10
163.449
 20
-162.704
 30
0.0
 11
219.707
 21
-162.667
 31
0.0
  0
LINE
  5
471
330
17
100
AcDbEntity
  8
0
100
AcDbLine
 10
211.981
 20
-204.83
 30
0.0
 11
220.921
 21
-197.329
 31
0.0
  0
LINE
  5
472
330
17
100
AcDbEntity
  8
0
100
AcDbLine
 10
223.304
 20
-195.329
 30
0.0
 11
223.952
 21
-194.786
 31
0.0
  0
LINE
  5
473
330
17
100
AcDbEntity
  8
0
100
AcDbLine
 10
211.981
 20
-202.83
 30
0.0
 11
211.981
 21
-204.83
 31
0.0
  0
LINE
  5
474
330
17
100
AcDbEntity
  8
0
100
AcDbLine
 10
133.239
 20
-164.724
 30
0.0
 11
133.289
 21
-164.724
 31
0.0
  0
LINE
  5
475
330
17
100
AcDbEntity
  8
0
100
AcDbLine
 10
108.959
 20
-144.351
 30
0.0
 11
133.239
 21
-164.724
 31
0.0
  0
LINE
  5
476
330
17
100
AcDbEntity
  8
0
100
AcDbLine
 10
412.127
 20
-100.118
 30
0.0
 11
443.145
 21
-126.144
 31
0.0
  0
LINE
  5
477
330
17
100
AcDbEntity
  8
0
100
AcDbLine
 10
334.489
 20
-100.034
 30
0.0
 11
303.472
 21
-126.06
 31
0.0
  0
LINE
  5
478
330
17
100
AcDbEntity
  8
0
100
AcDbLine
 10
412.127
 20
-100.118
 30
0.0
 11
334.489
 21
-100.034
 31
0.0
  0
LINE
  5
479
330
17
100
AcDbEntity
  8
0
100
AcDbLine
 10
36.8828
 20
-204.83
 30
0.0
 11
51.0827
 21
-202.271
 31
0.0
  0
LINE
  5
47A
330
17
100
AcDbEntity
  8
0
100
AcDbLine
 10
55.6827
 20
-201.442
 30
0.0
 11
55.6828
 21
-201.442
 31
0.0
  0
LINE
  5
47B
330
17
100
AcDbEntity
  8
0
100
AcDbLine
 10
89.6015
 20
-195.329
 30
0.0
 11
155.608
 21
-183.433
 31
0.0
  0
LINE
  5
47C
330
17
100
AcDbEntity
  8
0
100
AcDbLine
 10
534.535
 20
-204.83
 30
0.0
 11
531.233
 21
-204.83
 31
0.0
  0
LINE
  5
47D
330
17
100
AcDbEntity
  8
0
100
AcDbLine
 10
530.793
 20
-204.83
 30
0.0
 11
520.535
 21
-204.83
 31
0.0
  0
LINE
  5
47E
330
17
100
AcDbEntity
  8
0
100
AcDbLine
 10
55.6828
 20
-204.83
 30
0.0
 11
55.6827
 21
-204.83
 31
0.0
  0
LINE
  5
47F
330
17
100
AcDbEntity
  8
0
100
AcDbLine
 10
51.0827
 20
-204.83
 30
0.0
 11
36.8828
 21
-204.83
 31
0.0
  0
LINE
  5
480
330
17
100
AcDbEntity
  8
0
100
AcDbLine
 10
534.535
 20
-202.83
 30
0.0
 11
534.535
 21
-204.83
 31
0.0
  0
LINE
  5
481
330
17
100
AcDbEntity
  8
0
100
AcDbLine
 10
443.145
 20
-126.144
 30
0.0
 11
534.535
 21
-202.83
 31
0.0
  0
LINE
  5
482
330
17
100
AcDbEntity
  8
0
100
AcDbLine
 10
443.145
 20
-126.144
 30
0.0
 11
303.472
 21
-126.06
 31
0.0
  0
LINE
  5
483
330
17
100
AcDbEntity
  8
0
100
AcDbLine
 10
260.005
 20
-162.533
 30
0.0
 11
303.472
 21
-126.06
 31
0.0
  0
LINE
  5
484
330
17
100
AcDbEntity
  8
0
100
AcDbLine
 10
260.005
 20
-162.533
 30
0.0
 11
260.005
 21
-164.533
 31
0.0
  0
LINE
  5
485
330
17
100
AcDbEntity
  8
0
100
AcDbLine
 10
303.472
 20
-128.06
 30
0.0
 11
260.005
 21
-164.533
 31
0.0
  0
LINE
  5
486
330
17
100
AcDbEntity
  8
0
100
AcDbLine
 10
303.472
 20
-128.06
 30
0.0
 11
443.145
 21
-128.144
 31
0.0
  0
LINE
  5
487
330
17
100
AcDbEntity
  8
0
100
AcDbLine
 10
534.535
 20
-204.83
 30
0.0
 11
443.145
 21
-128.144
 31
0.0
  0
LINE
  5
488
330
17
100
AcDbEntity
  8
0
100
AcDbLine
 10
348.887
 20
-128.088
 30
0.0
 11
270.738
 21
-160.18
 31
0.0
  0
LINE
  5
489
330
17
100
AcDbEntity
  8
0
100
AcDbLine
 10
262.1
 20
-163.728
 30
0.0
 11
261.997
 21
-163.77
 31
0.0
  0
LINE
  5
48A
330
17
100
AcDbEntity
  8
0
100
AcDbLine
 10
460.942
 20
-143.078
 30
0.0
 11
443.145
 21
-128.144
 31
0.0
  0
LINE
  5
48B
330
17
100
AcDbEntity
  8
0
100
AcDbLine
 10
534.535
 20
-204.83
 30
0.0
 11
520.535
 21
-202.782
 31
0.0
  0
LINE
  5
48C
330
17
100
AcDbEntity
  8
0
100
AcDbLine
 10
469.603
 20
-195.329
 30
0.0
 11
446.416
 21
-191.936
 31
0.0
  0
LINE
  5
48D
330
17
100
AcDbEntity
  8
0
100
AcDbLine
 10
330.702
 20
-175.004
 30
0.0
 11
261.997
 21
-164.951
 31
0.0
  0
LINE
  5
48E
330
17
100
AcDbEntity
  8
0
100
AcDbLine
 10
55.6828
 20
-214.729
 30
0.0
 11
55.6828
 21
-214.729
 31
0.0
  0
LINE
  5
48F
330
17
100
AcDbEntity
  8
0
100
AcDbLine
 10
55.6828
 20
-214.729
 30
0.0
 11
55.6828
 21
-214.729
 31
0.0
  0
LINE
  5
490
330
17
100
AcDbEntity
  8
0
100
AcDbLine
 10
51.0827
 20
-213.329
 30
0.0
 11
55.6827
 21
-213.329
 31
0.0
  0
LINE
  5
491
330
17
100
AcDbEntity
  8
0
100
AcDbLine
 10
55.6827
 20
-195.329
 30
0.0
 11
55.6827
 21
-213.329
 31
0.0
  0
LINE
  5
492
330
17
100
AcDbEntity
  8
0
100
AcDbLine
 10
51.0827
 20
-195.329
 30
0.0
 11
55.6827
 21
-195.329
 31
0.0
  0
LINE
  5
493
330
17
100
AcDbEntity
  8
0
100
AcDbLine
 10
51.0827
 20
-195.329
 30
0.0
 11
51.0827
 21
-213.329
 31
0.0
  0
LINE
  5
494
330
17
100
AcDbEntity
  8
0
100
AcDbLine
 10
51.0827
 20
-255.329
 30
0.0
 11
51.0827
 21
-213.329
 31
0.0
  0
LINE
  5
495
330
17
100
AcDbEntity
  8
0
100
AcDbLine
 10
55.6827
 20
-255.329
 30
0.0
 11
55.6827
 21
-253.929
 31
0.0
  0
LINE
  5
496
330
17
100
AcDbEntity
  8
0
100
AcDbLine
 10
55.6827
 20
-214.729
 30
0.0
 11
55.6827
 21
-213.329
 31
0.0
  0
LINE
  5
497
330
17
100
AcDbEntity
  8
0
100
AcDbLine
 10
55.6827
 20
-213.329
 30
0.0
 11
55.6827
 21
-213.329
 31
0.0
  0
LINE
  5
498
330
17
100
AcDbEntity
  8
0
100
AcDbLine
 10
405.501
 20
-212.867
 30
0.0
 11
411.501
 21
-212.867
 31
0.0
  0
LINE
  5
499
330
17
100
AcDbEntity
  8
0
100
AcDbLine
 10
363.501
 20
-237.637
 30
0.0
 11
369.501
 21
-237.637
 31
0.0
  0
LINE
  5
49A
330
17
100
AcDbEntity
  8
0
100
AcDbLine
 10
405.501
 20
-212.867
 30
0.0
 11
405.501
 21
-216.406
 31
0.0
  0
LINE
  5
49B
330
17
100
AcDbEntity
  8
0
100
AcDbLine
 10
405.501
 20
-212.867
 30
0.0
 11
405.501
 21
-212.867
 31
0.0
  0
LINE
  5
49C
330
17
100
AcDbEntity
  8
0
100
AcDbLine
 10
363.501
 20
-237.637
 30
0.0
 11
363.501
 21
-241.175
 31
0.0
  0
LINE
  5
49D
330
17
100
AcDbEntity
  8
0
100
AcDbLine
 10
363.501
 20
-237.637
 30
0.0
 11
363.501
 21
-237.637
 31
0.0
  0
LINE
  5
49E
330
17
100
AcDbEntity
  8
0
100
AcDbLine
 10
399.501
 20
-216.406
 30
0.0
 11
405.501
 21
-216.406
 31
0.0
  0
LINE
  5
49F
330
17
100
AcDbEntity
  8
0
100
AcDbLine
 10
405.501
 20
-216.406
 30
0.0
 11
405.501
 21
-216.406
 31
0.0
  0
LINE
  5
4A0
330
17
100
AcDbEntity
  8
0
100
AcDbLine
 10
357.501
 20
-241.175
 30
0.0
 11
363.501
 21
-241.175
 31
0.0
  0
LINE
  5
4A1
330
17
100
AcDbEntity
  8
0
100
AcDbLine
 10
363.501
 20
-241.175
 30
0.0
 11
363.501
 21
-241.175
 31
0.0
  0
LINE
  5
4A2
330
17
100
AcDbEntity
  8
0
100
AcDbLine
 10
399.501
 20
-216.406
 30
0.0
 11
399.501
 21
-219.944
 31
0.0
  0
LINE
  5
4A3
330
17
100
AcDbEntity
  8
0
100
AcDbLine
 10
399.501
 20
-216.406
 30
0.0
 11
399.501
 21
-216.406
 31
0.0
  0
LINE
  5
4A4
330
17
100
AcDbEntity
  8
0
100
AcDbLine
 10
357.501
 20
-241.175
 30
0.0
 11
357.501
 21
-244.713
 31
0.0
  0
LINE
  5
4A5
330
17
100
AcDbEntity
  8
0
100
AcDbLine
 10
357.501
 20
-241.175
 30
0.0
 11
357.501
 21
-241.175
 31
0.0
  0
LINE
  5
4A6
330
17
100
AcDbEntity
  8
0
100
AcDbLine
 10
393.501
 20
-219.944
 30
0.0
 11
399.501
 21
-219.944
 31
0.0
  0
LINE
  5
4A7
330
17
100
AcDbEntity
  8
0
100
AcDbLine
 10
399.501
 20
-219.944
 30
0.0
 11
399.501
 21
-219.944
 31
0.0
  0
LINE
  5
4A8
330
17
100
AcDbEntity
  8
0
100
AcDbLine
 10
351.501
 20
-244.713
 30
0.0
 11
357.501
 21
-244.713
 31
0.0
  0
LINE
  5
4A9
330
17
100
AcDbEntity
  8
0
100
AcDbLine
 10
357.501
 20
-244.713
 30
0.0
 11
357.501
 21
-244.713
 31
0.0
  0
LINE
  5
4AA
330
17
100
AcDbEntity
  8
0
100
AcDbLine
 10
393.501
 20
-219.944
 30
0.0
 11
393.501
 21
-223.483
 31
0.0
  0
LINE
  5
4AB
330
17
100
AcDbEntity
  8
0
100
AcDbLine
 10
393.501
 20
-219.944
 30
0.0
 11
393.501
 21
-219.944
 31
0.0
  0
LINE
  5
4AC
330
17
100
AcDbEntity
  8
0
100
AcDbLine
 10
351.501
 20
-244.713
 30
0.0
 11
351.501
 21
-248.252
 31
0.0
  0
LINE
  5
4AD
330
17
100
AcDbEntity
  8
0
100
AcDbLine
 10
351.501
 20
-244.713
 30
0.0
 11
351.501
 21
-244.713
 31
0.0
  0
LINE
  5
4AE
330
17
100
AcDbEntity
  8
0
100
AcDbLine
 10
387.501
 20
-223.483
 30
0.0
 11
393.501
 21
-223.483
 31
0.0
  0
LINE
  5
4AF
330
17
100
AcDbEntity
  8
0
100
AcDbLine
 10
393.501
 20
-223.483
 30
0.0
 11
393.501
 21
-223.483
 31
0.0
  0
LINE
  5
4B0
330
17
100
AcDbEntity
  8
0
100
AcDbLine
 10
418.046
 20
-211.329
 30
0.0
 11
341.742
 21
-256.329
 31
0.0
  0
LINE
  5
4B1
330
17
100
AcDbEntity
  8
0
100
AcDbLine
 10
345.501
 20
-248.252
 30
0.0
 11
351.501
 21
-248.252
 31
0.0
  0
LINE
  5
4B2
330
17
100
AcDbEntity
  8
0
100
AcDbLine
 10
351.501
 20
-248.252
 30
0.0
 11
351.501
 21
-248.252
 31
0.0
  0
LINE
  5
4B3
330
17
100
AcDbEntity
  8
0
100
AcDbLine
 10
387.501
 20
-223.483
 30
0.0
 11
387.501
 21
-227.021
 31
0.0
  0
LINE
  5
4B4
330
17
100
AcDbEntity
  8
0
100
AcDbLine
 10
387.501
 20
-223.483
 30
0.0
 11
387.501
 21
-223.483
 31
0.0
  0
LINE
  5
4B5
330
17
100
AcDbEntity
  8
0
100
AcDbLine
 10
339.501
 20
-256.329
 30
0.0
 11
341.742
 21
-256.329
 31
0.0
  0
LINE
  5
4B6
330
17
100
AcDbEntity
  8
0
100
AcDbLine
 10
345.501
 20
-248.252
 30
0.0
 11
345.501
 21
-251.79
 31
0.0
  0
LINE
  5
4B7
330
17
100
AcDbEntity
  8
0
100
AcDbLine
 10
345.501
 20
-248.252
 30
0.0
 11
345.501
 21
-248.252
 31
0.0
  0
LINE
  5
4B8
330
17
100
AcDbEntity
  8
0
100
AcDbLine
 10
381.501
 20
-227.021
 30
0.0
 11
387.501
 21
-227.021
 31
0.0
  0
LINE
  5
4B9
330
17
100
AcDbEntity
  8
0
100
AcDbLine
 10
387.501
 20
-227.021
 30
0.0
 11
387.501
 21
-227.021
 31
0.0
  0
LINE
  5
4BA
330
17
100
AcDbEntity
  8
0
100
AcDbLine
 10
345.501
 20
-251.79
 30
0.0
 11
345.501
 21
-251.79
 31
0.0
  0
LINE
  5
4BB
330
17
100
AcDbEntity
  8
0
100
AcDbLine
 10
345.501
 20
-251.79
 30
0.0
 11
339.501
 21
-251.79
 31
0.0
  0
LINE
  5
4BC
330
17
100
AcDbEntity
  8
0
100
AcDbLine
 10
381.501
 20
-227.021
 30
0.0
 11
381.501
 21
-230.56
 31
0.0
  0
LINE
  5
4BD
330
17
100
AcDbEntity
  8
0
100
AcDbLine
 10
381.501
 20
-227.021
 30
0.0
 11
381.501
 21
-227.021
 31
0.0
  0
LINE
  5
4BE
330
17
100
AcDbEntity
  8
0
100
AcDbLine
 10
441.741
 20
-211.329
 30
0.0
 11
418.046
 21
-211.329
 31
0.0
  0
LINE
  5
4BF
330
17
100
AcDbEntity
  8
0
100
AcDbLine
 10
339.501
 20
-251.79
 30
0.0
 11
339.501
 21
-251.79
 31
0.0
  0
LINE
  5
4C0
330
17
100
AcDbEntity
  8
0
100
AcDbLine
 10
339.501
 20
-256.329
 30
0.0
 11
339.501
 21
-251.79
 31
0.0
  0
LINE
  5
4C1
330
17
100
AcDbEntity
  8
0
100
AcDbLine
 10
375.501
 20
-230.56
 30
0.0
 11
381.501
 21
-230.56
 31
0.0
  0
LINE
  5
4C2
330
17
100
AcDbEntity
  8
0
100
AcDbLine
 10
381.501
 20
-230.56
 30
0.0
 11
381.501
 21
-230.56
 31
0.0
  0
LINE
  5
4C3
330
17
100
AcDbEntity
  8
0
100
AcDbLine
 10
441.741
 20
-211.329
 30
0.0
 11
441.741
 21
-209.329
 31
0.0
  0
LINE
  5
4C4
330
17
100
AcDbEntity
  8
0
100
AcDbLine
 10
441.741
 20
-211.329
 30
0.0
 11
441.741
 21
-211.329
 31
0.0
  0
LINE
  5
4C5
330
17
100
AcDbEntity
  8
0
100
AcDbLine
 10
375.501
 20
-230.56
 30
0.0
 11
375.501
 21
-234.098
 31
0.0
  0
LINE
  5
4C6
330
17
100
AcDbEntity
  8
0
100
AcDbLine
 10
375.501
 20
-230.56
 30
0.0
 11
375.501
 21
-230.56
 31
0.0
  0
LINE
  5
4C7
330
17
100
AcDbEntity
  8
0
100
AcDbLine
 10
441.741
 20
-209.329
 30
0.0
 11
441.741
 21
-209.329
 31
0.0
  0
LINE
  5
4C8
330
17
100
AcDbEntity
  8
0
100
AcDbLine
 10
441.741
 20
-209.329
 30
0.0
 11
411.501
 21
-209.329
 31
0.0
  0
LINE
  5
4C9
330
17
100
AcDbEntity
  8
0
100
AcDbLine
 10
369.501
 20
-234.098
 30
0.0
 11
375.501
 21
-234.098
 31
0.0
  0
LINE
  5
4CA
330
17
100
AcDbEntity
  8
0
100
AcDbLine
 10
375.501
 20
-234.098
 30
0.0
 11
375.501
 21
-234.098
 31
0.0
  0
LINE
  5
4CB
330
17
100
AcDbEntity
  8
0
100
AcDbLine
 10
411.501
 20
-209.329
 30
0.0
 11
411.501
 21
-212.867
 31
0.0
  0
LINE
  5
4CC
330
17
100
AcDbEntity
  8
0
100
AcDbLine
 10
411.501
 20
-212.867
 30
0.0
 11
411.501
 21
-212.867
 31
0.0
  0
LINE
  5
4CD
330
17
100
AcDbEntity
  8
0
100
AcDbLine
 10
411.501
 20
-209.329
 30
0.0
 11
411.501
 21
-209.329
 31
0.0
  0
LINE
  5
4CE
330
17
100
AcDbEntity
  8
0
100
AcDbLine
 10
369.501
 20
-234.098
 30
0.0
 11
369.501
 21
-237.637
 31
0.0
  0
LINE
  5
4CF
330
17
100
AcDbEntity
  8
0
100
AcDbLine
 10
369.501
 20
-237.637
 30
0.0
 11
369.501
 21
-237.637
 31
0.0
  0
LINE
  5
4D0
330
17
100
AcDbEntity
  8
0
100
AcDbLine
 10
369.501
 20
-234.098
 30
0.0
 11
369.501
 21
-234.098
 31
0.0
  0
LINE
  5
4D1
330
17
100
AcDbEntity
  8
0
100
AcDbLine
 10
339.501
 20
-255.329
 30
0.0
 11
339.501
 21
-255.329
 31
0.0
  0
LINE
  5
4D2
330
17
100
AcDbEntity
  8
0
100
AcDbLine
 10
415.302
 20
-209.329
 30
0.0
 11
415.302
 21
-209.329
 31
0.0
  0
LINE
  5
4D3
330
17
100
AcDbEntity
  8
0
100
AcDbLine
 10
415.302
 20
-212.947
 30
0.0
 11
415.302
 21
-212.947
 31
0.0
  0
LINE
  5
4D4
330
17
100
AcDbEntity
  8
0
100
AcDbLine
 10
343.438
 20
-255.329
 30
0.0
 11
343.438
 21
-255.329
 31
0.0
  0
LINE
  5
4D5
330
17
100
AcDbEntity
  8
0
100
AcDbLine
 10
256.721
 20
-213.829
 30
0.0
 11
256.721
 21
-239.829
 31
0.0
  0
LINE
  5
4D6
330
17
100
AcDbEntity
  8
0
100
AcDbLine
 10
287.721
 20
-213.829
 30
0.0
 11
256.721
 21
-213.829
 31
0.0
  0
LINE
  5
4D7
330
17
100
AcDbEntity
  8
0
100
AcDbLine
 10
287.721
 20
-239.829
 30
0.0
 11
287.721
 21
-213.829
 31
0.0
  0
LINE
  5
4D8
330
17
100
AcDbEntity
  8
0
100
AcDbLine
 10
256.721
 20
-239.829
 30
0.0
 11
287.721
 21
-239.829
 31
0.0
  0
LINE
  5
4D9
330
17
100
AcDbEntity
  8
0
100
AcDbLine
 10
309.136
 20
-255.329
 30
0.0
 11
307.031
 21
-255.329
 31
0.0
  0
LINE
  5
4DA
330
17
100
AcDbEntity
  8
0
100
AcDbLine
 10
289.031
 20
-255.329
 30
0.0
 11
248.006
 21
-255.329
 31
0.0
  0
LINE
  5
4DB
330
17
100
AcDbEntity
  8
0
100
AcDbLine
 10
307.03102111816406
 20
-237.32887804729086
 30
0.0
 11
303.7382125854492
 21
-237.32887804729086
 31
0.0
  0
LINE
  5
4DC
330
17
100
AcDbEntity
  8
0
100
AcDbLine
 10
307.03102111816406
 20
-255.3288799546395
 30
0.0
 11
303.7382125854492
 21
-255.3288799546395
 31
0.0
  0
LINE
  5
4DD
330
17
100
AcDbEntity
  8
0
100
AcDbLine
 10
307.03102111816406
 20
-255.3288799546395
 30
0.0
 11
307.03102111816406
 21
-254.26319658977133
 31
0.0
  0
LINE
  5
4DE
330
17
100
AcDbEntity
  8
0
100
AcDbLine
 10
307.03102111816406
 20
-237.32887804729086
 30
0.0
 11
307.03102111816406
 21
-254.26319658977133
 31
0.0
  0
LINE
  5
4DF
330
17
100
AcDbEntity
  8
0
100
AcDbLine
 10
303.7382125854492
 20
-237.32887804729086
 30
0.0
 11
303.53099822998047
 21
-237.32887804729086
 31
0.0
  0
LINE
  5
4E0
330
17
100
AcDbEntity
  8
0
100
AcDbLine
 10
303.53099822998047
 20
-255.3288799546395
 30
0.0
 11
303.7382125854492
 21
-255.3288799546395
 31
0.0
  0
LINE
  5
4E1
330
17
100
AcDbEntity
  8
0
100
AcDbLine
 10
303.53099822998047
 20
-255.3288799546395
 30
0.0
 11
303.53099822998047
 21
-238.39455187541586
 31
0.0
  0
LINE
  5
4E2
330
17
100
AcDbEntity
  8
0
100
AcDbLine
 10
303.53099822998047
 20
-237.32887804729086
 30
0.0
 11
303.53099822998047
 21
-238.39455187541586
 31
0.0
  0
LINE
  5
4E3
330
17
100
AcDbEntity
  8
0
100
AcDbLine
 10
303.53099822998047
 20
-246.3288742325936
 30
0.0
 11
291.60640716552734
 21
-246.3288742325936
 31
0.0
  0
LINE
  5
4E4
330
17
100
AcDbEntity
  8
0
100
AcDbLine
 10
303.53099822998047
 20
-255.3288799546395
 30
0.0
 11
291.60640716552734
 21
-255.3288799546395
 31
0.0
  0
LINE
  5
4E5
330
17
100
AcDbEntity
  8
0
100
AcDbLine
 10
303.53099822998047
 20
-255.3288799546395
 30
0.0
 11
303.53099822998047
 21
-253.73035967570883
 31
0.0
  0
LINE
  5
4E6
330
17
100
AcDbEntity
  8
0
100
AcDbLine
 10
303.53099822998047
 20
-246.3288742325936
 30
0.0
 11
303.53099822998047
 21
-253.73035967570883
 31
0.0
  0
LINE
  5
4E7
330
17
100
AcDbEntity
  8
0
100
AcDbLine
 10
291.60640716552734
 20
-246.3288742325936
 30
0.0
 11
289.0310287475586
 21
-246.3288742325936
 31
0.0
  0
LINE
  5
4E8
330
17
100
AcDbEntity
  8
0
100
AcDbLine
 10
289.0310287475586
 20
-255.3288799546395
 30
0.0
 11
291.60640716552734
 21
-255.3288799546395
 31
0.0
  0
LINE
  5
4E9
330
17
100
AcDbEntity
  8
0
100
AcDbLine
 10
289.0310287475586
 20
-255.3288799546395
 30
0.0
 11
289.0310287475586
 21
-247.9273849747811
 31
0.0
  0
LINE
  5
4EA
330
17
100
AcDbEntity
  8
0
100
AcDbLine
 10
289.0310287475586
 20
-246.3288742325936
 30
0.0
 11
289.0310287475586
 21
-247.9273849747811
 31
0.0
  0
LINE
  5
4EB
330
17
100
AcDbEntity
  8
0
100
AcDbLine
 10
446.08123779296875
 20
-213.00676405650717
 30
0.0
 11
446.08123779296875
 21
-213.8288742325936
 31
0.0
  0
LINE
  5
4EC
330
17
100
AcDbEntity
  8
0
100
AcDbLine
 10
445.98121643066406
 20
-213.8288742325936
 30
0.0
 11
445.98121643066406
 21
-213.00676405650717
 31
0.0
  0
LINE
  5
4ED
330
17
100
AcDbEntity
  8
0
100
AcDbLine
 10
445.98121643066406
 20
-213.8288742325936
 30
0.0
 11
445.9946823120117
 21
-213.8288742325936
 31
0.0
  0
LINE
  5
4EE
330
17
100
AcDbEntity
  8
0
100
AcDbLine
 10
446.08123779296875
 20
-213.8288742325936
 30
0.0
 11
445.9946823120117
 21
-213.8288742325936
 31
0.0
  0
LINE
  5
4EF
330
17
100
AcDbEntity
  8
0
100
AcDbLine
 10
446.08123779296875
 20
-212.8288751862679
 30
0.0
 11
446.08123779296875
 21
-213.00676405650717
 31
0.0
  0
LINE
  5
4F0
330
17
100
AcDbEntity
  8
0
100
AcDbLine
 10
445.98121643066406
 20
-212.8288751862679
 30
0.0
 11
445.98121643066406
 21
-213.00676405650717
 31
0.0
  0
LINE
  5
4F1
330
17
100
AcDbEntity
  8
0
100
AcDbLine
 10
445.98121643066406
 20
-212.8288751862679
 30
0.0
 11
446.0643005371094
 21
-212.8288751862679
 31
0.0
  0
LINE
  5
4F2
330
17
100
AcDbEntity
  8
0
100
AcDbLine
 10
446.08123779296875
 20
-212.8288751862679
 30
0.0
 11
446.0643005371094
 21
-212.8288751862679
 31
0.0
  0
LINE
  5
4F3
330
17
100
AcDbEntity
  8
0
100
AcDbLine
 10
444.9812316894531
 20
-214.17058527690511
 30
0.0
 11
444.9812316894531
 21
-214.32887613994222
 31
0.0
  0
LINE
  5
4F4
330
17
100
AcDbEntity
  8
0
100
AcDbLine
 10
444.8812484741211
 20
-214.17058527690511
 30
0.0
 11
444.8812484741211
 21
-214.32887613994222
 31
0.0
  0
LINE
  5
4F5
330
17
100
AcDbEntity
  8
0
100
AcDbLine
 10
444.8812484741211
 20
-214.32887613994222
 30
0.0
 11
444.8926544189453
 21
-214.32887613994222
 31
0.0
  0
LINE
  5
4F6
330
17
100
AcDbEntity
  8
0
100
AcDbLine
 10
444.9812316894531
 20
-214.32887613994222
 30
0.0
 11
444.8926544189453
 21
-214.32887613994222
 31
0.0
  0
LINE
  5
4F7
330
17
100
AcDbEntity
  8
0
100
AcDbLine
 10
444.9812316894531
 20
-212.8288751862679
 30
0.0
 11
444.9812316894531
 21
-214.17058527690511
 31
0.0
  0
LINE
  5
4F8
330
17
100
AcDbEntity
  8
0
100
AcDbLine
 10
444.8812484741211
 20
-214.17058527690511
 30
0.0
 11
444.8812484741211
 21
-212.8288751862679
 31
0.0
  0
LINE
  5
4F9
330
17
100
AcDbEntity
  8
0
100
AcDbLine
 10
444.8812484741211
 20
-212.8288751862679
 30
0.0
 11
444.96429443359375
 21
-212.8288751862679
 31
0.0
  0
LINE
  5
4FA
330
17
100
AcDbEntity
  8
0
100
AcDbLine
 10
444.9812316894531
 20
-212.8288751862679
 30
0.0
 11
444.96429443359375
 21
-212.8288751862679
 31
0.0
  0
LINE
  5
4FB
330
17
100
AcDbEntity
  8
0
100
AcDbLine
 10
446.98123931884766
 20
-254.82887804729086
 30
0.0
 11
445.2098846435547
 21
-254.82887804729086
 31
0.0
  0
LINE
  5
4FC
330
17
100
AcDbEntity
  8
0
100
AcDbLine
 10
446.98123931884766
 20
-255.3288799546395
 30
0.0
 11
445.2098846435547
 21
-255.3288799546395
 31
0.0
  0
LINE
  5
4FD
330
17
100
AcDbEntity
  8
0
100
AcDbLine
 10
446.98123931884766
 20
-255.3288799546395
 30
0.0
 11
446.98123931884766
 21
-255.2717167161141
 31
0.0
  0
LINE
  5
4FE
330
17
100
AcDbEntity
  8
0
100
AcDbLine
 10
446.98123931884766
 20
-254.82887804729086
 30
0.0
 11
446.98123931884766
 21
-255.2717167161141
 31
0.0
  0
LINE
  5
4FF
330
17
100
AcDbEntity
  8
0
100
AcDbLine
 10
445.2098846435547
 20
-254.82887804729086
 30
0.0
 11
444.9812316894531
 21
-254.82887804729086
 31
0.0
  0
LINE
  5
500
330
17
100
AcDbEntity
  8
0
100
AcDbLine
 10
444.9812316894531
 20
-255.3288799546395
 30
0.0
 11
445.2098846435547
 21
-255.3288799546395
 31
0.0
  0
LINE
  5
501
330
17
100
AcDbEntity
  8
0
100
AcDbLine
 10
444.9812316894531
 20
-255.3288799546395
 30
0.0
 11
444.9812316894531
 21
-254.88603174907308
 31
0.0
  0
LINE
  5
502
330
17
100
AcDbEntity
  8
0
100
AcDbLine
 10
444.9812316894531
 20
-254.82887804729086
 30
0.0
 11
444.9812316894531
 21
-254.88603174907308
 31
0.0
  0
LINE
  5
503
330
17
100
AcDbEntity
  8
0
100
AcDbLine
 10
446.1812210083008
 20
-213.8288742325936
 30
0.0
 11
445.57544708251953
 21
-213.8288742325936
 31
0.0
  0
LINE
  5
504
330
17
100
AcDbEntity
  8
0
100
AcDbLine
 10
446.1812210083008
 20
-254.82887804729086
 30
0.0
 11
445.57544708251953
 21
-254.82887804729086
 31
0.0
  0
LINE
  5
505
330
17
100
AcDbEntity
  8
0
100
AcDbLine
 10
446.1812210083008
 20
-254.82887804729086
 30
0.0
 11
446.1812210083008
 21
-249.30948794108969
 31
0.0
  0
LINE
  5
506
330
17
100
AcDbEntity
  8
0
100
AcDbLine
 10
446.1812210083008
 20
-213.8288742325936
 30
0.0
 11
446.1812210083008
 21
-249.30948794108969
 31
0.0
  0
LINE
  5
507
330
17
100
AcDbEntity
  8
0
100
AcDbLine
 10
445.57544708251953
 20
-213.8288742325936
 30
0.0
 11
445.4812240600586
 21
-213.8288742325936
 31
0.0
  0
LINE
  5
508
330
17
100
AcDbEntity
  8
0
100
AcDbLine
 10
445.4812240600586
 20
-254.82887804729086
 30
0.0
 11
445.57544708251953
 21
-254.82887804729086
 31
0.0
  0
LINE
  5
509
330
17
100
AcDbEntity
  8
0
100
AcDbLine
 10
445.4812240600586
 20
-254.82887804729086
 30
0.0
 11
445.4812240600586
 21
-219.34825957042318
 31
0.0
  0
LINE
  5
50A
330
17
100
AcDbEntity
  8
0
100
AcDbLine
 10
445.4812240600586
 20
-213.8288742325936
 30
0.0
 11
445.4812240600586
 21
-219.34825957042318
 31
0.0
  0
LINE
  5
50B
330
17
100
AcDbEntity
  8
0
100
AcDbLine
 10
445.4812240600586
 20
-213.4898096345101
 30
0.0
 11
445.4812240600586
 21
-214.32887613994222
 31
0.0
  0
LINE
  5
50C
330
17
100
AcDbEntity
  8
0
100
AcDbLine
 10
444.9812316894531
 20
-214.32887613994222
 30
0.0
 11
444.9812316894531
 21
-213.4898096345101
 31
0.0
  0
LINE
  5
50D
330
17
100
AcDbEntity
  8
0
100
AcDbLine
 10
444.9812316894531
 20
-214.32887613994222
 30
0.0
 11
445.0383758544922
 21
-214.32887613994222
 31
0.0
  0
LINE
  5
50E
330
17
100
AcDbEntity
  8
0
100
AcDbLine
 10
445.4812240600586
 20
-214.32887613994222
 30
0.0
 11
445.0383758544922
 21
-214.32887613994222
 31
0.0
  0
LINE
  5
50F
330
17
100
AcDbEntity
  8
0
100
AcDbLine
 10
445.4812240600586
 20
-213.32887709361654
 30
0.0
 11
445.4812240600586
 21
-213.4898096345101
 31
0.0
  0
LINE
  5
510
330
17
100
AcDbEntity
  8
0
100
AcDbLine
 10
444.9812316894531
 20
-213.32887709361654
 30
0.0
 11
444.9812316894531
 21
-213.4898096345101
 31
0.0
  0
LINE
  5
511
330
17
100
AcDbEntity
  8
0
100
AcDbLine
 10
444.9812316894531
 20
-213.32887709361654
 30
0.0
 11
445.40477752685547
 21
-213.32887709361654
 31
0.0
  0
LINE
  5
512
330
17
100
AcDbEntity
  8
0
100
AcDbLine
 10
445.4812240600586
 20
-213.32887709361654
 30
0.0
 11
445.40477752685547
 21
-213.32887709361654
 31
0.0
  0
LINE
  5
513
330
17
100
AcDbEntity
  8
0
100
AcDbLine
 10
445.98121643066406
 20
-213.76329481822592
 30
0.0
 11
445.98121643066406
 21
-213.82887900096517
 31
0.0
  0
LINE
  5
514
330
17
100
AcDbEntity
  8
0
100
AcDbLine
 10
445.4812240600586
 20
-213.76329481822592
 30
0.0
 11
445.4812240600586
 21
-213.82887900096517
 31
0.0
  0
LINE
  5
515
330
17
100
AcDbEntity
  8
0
100
AcDbLine
 10
445.4812240600586
 20
-213.82887900096517
 30
0.0
 11
445.5485534667969
 21
-213.82887900096517
 31
0.0
  0
LINE
  5
516
330
17
100
AcDbEntity
  8
0
100
AcDbLine
 10
445.98121643066406
 20
-213.82887900096517
 30
0.0
 11
445.5485534667969
 21
-213.82887900096517
 31
0.0
  0
LINE
  5
517
330
17
100
AcDbEntity
  8
0
100
AcDbLine
 10
445.98121643066406
 20
-213.32887709361654
 30
0.0
 11
445.98121643066406
 21
-213.76329481822592
 31
0.0
  0
LINE
  5
518
330
17
100
AcDbEntity
  8
0
100
AcDbLine
 10
445.4812240600586
 20
-213.76329481822592
 30
0.0
 11
445.4812240600586
 21
-213.32887709361654
 31
0.0
  0
LINE
  5
519
330
17
100
AcDbEntity
  8
0
100
AcDbLine
 10
445.4812240600586
 20
-213.32887709361654
 30
0.0
 11
445.90476989746094
 21
-213.32887709361654
 31
0.0
  0
LINE
  5
51A
330
17
100
AcDbEntity
  8
0
100
AcDbLine
 10
445.98121643066406
 20
-213.32887709361654
 30
0.0
 11
445.90476989746094
 21
-213.32887709361654
 31
0.0
  0
LWPOLYLINE
  5
51B
330
17
100
AcDbEntity
  8
0
100
AcDbPolyline
 90
8
 70
1
 10
444.0350341796875
 20
-212.32887804729086
 10
435.0052261352539
 20
-212.32887804729086
 10
419.9022674560547
 20
-212.32887804729086
 10
419.9022674560547
 20
-212.70304739696127
 10
419.9022674560547
 20
-213.32887709361654
 10
435.0052261352539
 20
-213.32887709361654
 10
444.0350341796875
 20
-213.32887709361654
 10
444.0350341796875
 20
-212.95470774394613
  0
LINE
  5
51C
330
17
100
AcDbEntity
  8
0
100
AcDbLine
 10
419.50225830078125
 20
-237.32887804729086
 30
0.0
 11
419.62982177734375
 21
-237.32887804729086
 31
0.0
  0
LINE
  5
51D
330
17
100
AcDbEntity
  8
0
100
AcDbLine
 10
419.50225830078125
 20
-237.32887804729086
 30
0.0
 11
419.50225830078125
 21
-223.29613268596273
 31
0.0
  0
LINE
  5
51E
330
17
100
AcDbEntity
  8
0
100
AcDbLine
 10
419.50225830078125
 20
-223.29613268596273
 30
0.0
 11
419.50225830078125
 21
-215.3288799546395
 31
0.0
  0
LINE
  5
51F
330
17
100
AcDbEntity
  8
0
100
AcDbLine
 10
419.50225830078125
 20
-215.3288799546395
 30
0.0
 11
419.57469940185547
 21
-215.3288799546395
 31
0.0
  0
LINE
  5
520
330
17
100
AcDbEntity
  8
0
100
AcDbLine
 10
419.62982177734375
 20
-237.32887804729086
 30
0.0
 11
419.70226287841797
 21
-237.32887804729086
 31
0.0
  0
LINE
  5
521
330
17
100
AcDbEntity
  8
0
100
AcDbLine
 10
419.57469940185547
 20
-215.3288799546395
 30
0.0
 11
419.70226287841797
 21
-215.3288799546395
 31
0.0
  0
LINE
  5
522
330
17
100
AcDbEntity
  8
0
100
AcDbLine
 10
419.70226287841797
 20
-215.3288799546395
 30
0.0
 11
419.70226287841797
 21
-229.36162054759603
 31
0.0
  0
LINE
  5
523
330
17
100
AcDbEntity
  8
0
100
AcDbLine
 10
419.70226287841797
 20
-229.36162054759603
 30
0.0
 11
419.70226287841797
 21
-237.32887804729086
 31
0.0
  0
LINE
  5
524
330
17
100
AcDbEntity
  8
0
100
AcDbLine
 10
419.10228729248047
 20
-237.32887804729086
 30
0.0
 11
419.39197540283203
 21
-237.32887804729086
 31
0.0
  0
LINE
  5
525
330
17
100
AcDbEntity
  8
0
100
AcDbLine
 10
419.10228729248047
 20
-238.32888186198812
 30
0.0
 11
419.5973587036133
 21
-238.32888186198812
 31
0.0
  0
LINE
  5
526
330
17
100
AcDbEntity
  8
0
100
AcDbLine
 10
419.10228729248047
 20
-238.32888186198812
 30
0.0
 11
419.10228729248047
 21
-237.91947901469808
 31
0.0
  0
LINE
  5
527
330
17
100
AcDbEntity
  8
0
100
AcDbLine
 10
419.10228729248047
 20
-237.91947901469808
 30
0.0
 11
419.10228729248047
 21
-237.32887804729086
 31
0.0
  0
LINE
  5
528
330
17
100
AcDbEntity
  8
0
100
AcDbLine
 10
419.10228729248047
 20
-214.32887613994222
 30
0.0
 11
419.4071960449219
 21
-214.32887613994222
 31
0.0
  0
LINE
  5
529
330
17
100
AcDbEntity
  8
0
100
AcDbLine
 10
419.10228729248047
 20
-215.3288799546395
 30
0.0
 11
419.61254119873047
 21
-215.3288799546395
 31
0.0
  0
LINE
  5
52A
330
17
100
AcDbEntity
  8
0
100
AcDbLine
 10
419.10228729248047
 20
-215.3288799546395
 30
0.0
 11
419.10228729248047
 21
-214.73827421886068
 31
0.0
  0
LINE
  5
52B
330
17
100
AcDbEntity
  8
0
100
AcDbLine
 10
419.10228729248047
 20
-214.73827421886068
 30
0.0
 11
419.10228729248047
 21
-214.32887613994222
 31
0.0
  0
LINE
  5
52C
330
17
100
AcDbEntity
  8
0
100
AcDbLine
 10
419.5973587036133
 20
-238.32888186198812
 30
0.0
 11
419.9022674560547
 21
-238.32888186198812
 31
0.0
  0
LINE
  5
52D
330
17
100
AcDbEntity
  8
0
100
AcDbLine
 10
419.39197540283203
 20
-237.32887804729086
 30
0.0
 11
419.9022674560547
 21
-237.32887804729086
 31
0.0
  0
LINE
  5
52E
330
17
100
AcDbEntity
  8
0
100
AcDbLine
 10
419.9022674560547
 20
-237.32887804729086
 30
0.0
 11
419.9022674560547
 21
-237.91947901469808
 31
0.0
  0
LINE
  5
52F
330
17
100
AcDbEntity
  8
0
100
AcDbLine
 10
419.9022674560547
 20
-237.91947901469808
 30
0.0
 11
419.9022674560547
 21
-238.32888186198812
 31
0.0
  0
LINE
  5
530
330
17
100
AcDbEntity
  8
0
100
AcDbLine
 10
419.4071960449219
 20
-214.32887613994222
 30
0.0
 11
419.9022674560547
 21
-214.32887613994222
 31
0.0
  0
LINE
  5
531
330
17
100
AcDbEntity
  8
0
100
AcDbLine
 10
419.61254119873047
 20
-215.3288799546395
 30
0.0
 11
419.9022674560547
 21
-215.3288799546395
 31
0.0
  0
LINE
  5
532
330
17
100
AcDbEntity
  8
0
100
AcDbLine
 10
419.9022674560547
 20
-214.73827421886068
 30
0.0
 11
419.9022674560547
 21
-215.3288799546395
 31
0.0
  0
LINE
  5
533
330
17
100
AcDbEntity
  8
0
100
AcDbLine
 10
419.9022674560547
 20
-214.32887613994222
 30
0.0
 11
419.9022674560547
 21
-214.73827421886068
 31
0.0
  0
LINE
  5
534
330
17
100
AcDbEntity
  8
0
100
AcDbLine
 10
418.5022735595703
 20
-213.32888186198812
 30
0.0
 11
418.79703521728516
 21
-213.32888186198812
 31
0.0
  0
LINE
  5
535
330
17
100
AcDbEntity
  8
0
100
AcDbLine
 10
418.5022735595703
 20
-214.32887613994222
 30
0.0
 11
419.6354675292969
 21
-214.32887613994222
 31
0.0
  0
LINE
  5
536
330
17
100
AcDbEntity
  8
0
100
AcDbLine
 10
418.5022735595703
 20
-214.32887613994222
 30
0.0
 11
418.5022735595703
 21
-213.54644358378988
 31
0.0
  0
LINE
  5
537
330
17
100
AcDbEntity
  8
0
100
AcDbLine
 10
418.5022735595703
 20
-213.54644358378988
 30
0.0
 11
418.5022735595703
 21
-213.32888186198812
 31
0.0
  0
LINE
  5
538
330
17
100
AcDbEntity
  8
0
100
AcDbLine
 10
418.5022735595703
 20
-238.32888186198812
 30
0.0
 11
418.7690734863281
 21
-238.32888186198812
 31
0.0
  0
LINE
  5
539
330
17
100
AcDbEntity
  8
0
100
AcDbLine
 10
418.5022735595703
 20
-239.32887613994222
 30
0.0
 11
419.60750579833984
 21
-239.32887613994222
 31
0.0
  0
LINE
  5
53A
330
17
100
AcDbEntity
  8
0
100
AcDbLine
 10
418.5022735595703
 20
-239.32887613994222
 30
0.0
 11
418.5022735595703
 21
-239.11131441814047
 31
0.0
  0
LINE
  5
53B
330
17
100
AcDbEntity
  8
0
100
AcDbLine
 10
418.5022735595703
 20
-239.11131441814047
 30
0.0
 11
418.5022735595703
 21
-238.32888186198812
 31
0.0
  0
LINE
  5
53C
330
17
100
AcDbEntity
  8
0
100
AcDbLine
 10
418.79703521728516
 20
-213.32888186198812
 30
0.0
 11
419.9022674560547
 21
-213.32888186198812
 31
0.0
  0
LINE
  5
53D
330
17
100
AcDbEntity
  8
0
100
AcDbLine
 10
419.6354675292969
 20
-214.32887613994222
 30
0.0
 11
419.9022674560547
 21
-214.32887613994222
 31
0.0
  0
LINE
  5
53E
330
17
100
AcDbEntity
  8
0
100
AcDbLine
 10
419.9022674560547
 20
-213.54644358378988
 30
0.0
 11
419.9022674560547
 21
-214.32887613994222
 31
0.0
  0
LINE
  5
53F
330
17
100
AcDbEntity
  8
0
100
AcDbLine
 10
419.9022674560547
 20
-213.32888186198812
 30
0.0
 11
419.9022674560547
 21
-213.54644358378988
 31
0.0
  0
LINE
  5
540
330
17
100
AcDbEntity
  8
0
100
AcDbLine
 10
419.60750579833984
 20
-239.32887613994222
 30
0.0
 11
419.9022674560547
 21
-239.32887613994222
 31
0.0
  0
LINE
  5
541
330
17
100
AcDbEntity
  8
0
100
AcDbLine
 10
418.7690734863281
 20
-238.32888186198812
 30
0.0
 11
419.9022674560547
 21
-238.32888186198812
 31
0.0
  0
LINE
  5
542
330
17
100
AcDbEntity
  8
0
100
AcDbLine
 10
419.9022674560547
 20
-238.32888186198812
 30
0.0
 11
419.9022674560547
 21
-239.11131441814047
 31
0.0
  0
LINE
  5
543
330
17
100
AcDbEntity
  8
0
100
AcDbLine
 10
419.9022674560547
 20
-239.11131441814047
 30
0.0
 11
419.9022674560547
 21
-239.32887613994222
 31
0.0
  0
LWPOLYLINE
  5
544
330
17
100
AcDbEntity
  8
0
100
AcDbPolyline
 90
62
 70
1
 10
406.1921691894531
 20
-212.86734163982015
 10
405.50060272216797
 20
-212.86734163982015
 10
405.50060272216797
 20
-215.99796831828695
 10
405.50060272216797
 20
-216.40580713969808
 10
400.19214630126953
 20
-216.40580713969808
 10
399.50061798095703
 20
-216.40580713969808
 10
399.50061798095703
 20
-219.5364290497933
 10
399.50061798095703
 20
-219.94426787120443
 10
394.1921615600586
 20
-219.94426787120443
 10
393.5006332397461
 20
-219.94426787120443
 10
393.5006332397461
 20
-223.07488978129965
 10
393.5006332397461
 20
-223.48272860271078
 10
388.19217681884766
 20
-223.48272860271078
 10
387.5006103515625
 20
-223.48272860271078
 10
387.5006103515625
 20
-226.6133457444344
 10
387.5006103515625
 20
-227.02118456584554
 10
382.19215393066406
 20
-227.02118456584554
 10
381.50062561035156
 20
-227.02118456584554
 10
381.50062561035156
 20
-230.15181124431234
 10
381.50062561035156
 20
-230.55965006572347
 10
376.1921691894531
 20
-230.55965006572347
 10
375.50060272216797
 20
-230.55965006572347
 10
375.50060272216797
 20
-233.6902672074471
 10
375.50060272216797
 20
-234.09810602885824
 10
370.1921844482422
 20
-234.09810602885824
 10
369.50061798095703
 20
-234.09810602885824
 10
369.50061798095703
 20
-237.22873270732504
 10
369.50061798095703
 20
-237.63657152873617
 10
364.1921615600586
 20
-237.63657152873617
 10
363.5006332397461
 20
-237.63657152873617
 10
363.5006332397461
 20
-240.7671886704598
 10
363.5006332397461
 20
-241.17502749187094
 10
358.19217681884766
 20
-241.17502749187094
 10
357.5006103515625
 20
-241.17502749187094
 10
357.5006103515625
 20
-244.30565417033773
 10
357.5006103515625
 20
-244.71349299174886
 10
352.19215393066406
 20
-244.71349299174886
 10
351.50062561035156
 20
-244.71349299174886
 10
351.50062561035156
 20
-247.8441101334725
 10
351.50062561035156
 20
-248.25194895488363
 10
346.1921691894531
 20
-248.25194895488363
 10
345.50060272216797
 20
-248.25194895488363
 10
345.50060272216797
 20
-251.38257563335043
 10
345.50060272216797
 20
-251.79041445476156
 10
340.1921844482422
 20
-251.79041445476156
 10
339.50061798095703
 20
-251.79041445476156
 10
339.50061798095703
 20
-254.92104113322836
 10
339.50061798095703
 20
-255.32887041789633
 10
339.50061798095703
 20
-256.21361315471273
 10
339.50061798095703
 20
-256.3288742325936
 10
341.48372650146484
 20
-256.3288742325936
 10
341.7420959472656
 20
-256.3288742325936
 10
409.251708984375
 20
-216.51551783305746
 10
418.0464172363281
 20
-211.32887900096517
 10
439.0096664428711
 20
-211.32887900096517
 10
441.74060821533203
 20
-211.32887900096517
 10
441.74060821533203
 20
-209.55939829570394
 10
441.74060821533203
 20
-209.3288809083138
 10
414.9860382080078
 20
-209.3288809083138
 10
411.50062561035156
 20
-209.3288809083138
 10
411.50062561035156
 20
-212.45950281840902
 10
411.50062561035156
 20
-212.86734163982015
  0
LINE
  5
545
330
17
100
AcDbEntity
  8
0
100
AcDbLine
 10
55.344200134277344
 20
-252.72887766582113
 30
0.0
 11
55.482749938964844
 21
-252.72887766582113
 31
0.0
  0
LINE
  5
546
330
17
100
AcDbEntity
  8
0
100
AcDbLine
 10
55.482749938964844
 20
-252.72887766582113
 30
0.0
 11
55.482749938964844
 21
-227.23679125529867
 31
0.0
  0
LINE
  5
547
330
17
100
AcDbEntity
  8
0
100
AcDbLine
 10
55.482749938964844
 20
-227.23679125529867
 30
0.0
 11
55.482749938964844
 21
-215.9288793824349
 31
0.0
  0
LINE
  5
548
330
17
100
AcDbEntity
  8
0
100
AcDbLine
 10
55.421295166015625
 20
-215.9288793824349
 30
0.0
 11
55.482749938964844
 21
-215.9288793824349
 31
0.0
  0
LINE
  5
549
330
17
100
AcDbEntity
  8
0
100
AcDbLine
 10
55.282745361328125
 20
-252.72887766582113
 30
0.0
 11
55.344200134277344
 21
-252.72887766582113
 31
0.0
  0
LINE
  5
54A
330
17
100
AcDbEntity
  8
0
100
AcDbLine
 10
55.282745361328125
 20
-215.9288793824349
 30
0.0
 11
55.421295166015625
 21
-215.9288793824349
 31
0.0
  0
LINE
  5
54B
330
17
100
AcDbEntity
  8
0
100
AcDbLine
 10
55.282745361328125
 20
-227.23679125529867
 30
0.0
 11
55.282745361328125
 21
-215.9288793824349
 31
0.0
  0
LINE
  5
54C
330
17
100
AcDbEntity
  8
0
100
AcDbLine
 10
55.282745361328125
 20
-227.23679125529867
 30
0.0
 11
55.282745361328125
 21
-252.72887766582113
 31
0.0
  0
LINE
  5
54D
330
17
100
AcDbEntity
  8
0
100
AcDbLine
 10
55.28167724609375
 20
-253.92887652141195
 30
0.0
 11
55.68275451660156
 21
-253.92887652141195
 31
0.0
  0
LINE
  5
54E
330
17
100
AcDbEntity
  8
0
100
AcDbLine
 10
55.68275451660156
 20
-253.92887652141195
 30
0.0
 11
55.68275451660156
 21
-253.07284891826254
 31
0.0
  0
LINE
  5
54F
330
17
100
AcDbEntity
  8
0
100
AcDbLine
 10
55.68275451660156
 20
-253.07284891826254
 30
0.0
 11
55.68275451660156
 21
-252.72887766582113
 31
0.0
  0
LINE
  5
550
330
17
100
AcDbEntity
  8
0
100
AcDbLine
 10
55.498390197753906
 20
-252.72887766582113
 30
0.0
 11
55.68275451660156
 21
-252.72887766582113
 31
0.0
  0
LINE
  5
551
330
17
100
AcDbEntity
  8
0
100
AcDbLine
 10
55.28167724609375
 20
-214.7288757584725
 30
0.0
 11
55.68275451660156
 21
-214.7288757584725
 31
0.0
  0
LINE
  5
552
330
17
100
AcDbEntity
  8
0
100
AcDbLine
 10
55.26712417602539
 20
-215.9288793824349
 30
0.0
 11
55.68275451660156
 21
-215.9288793824349
 31
0.0
  0
LINE
  5
553
330
17
100
AcDbEntity
  8
0
100
AcDbLine
 10
55.68275451660156
 20
-215.9288793824349
 30
0.0
 11
55.68275451660156
 21
-215.1534420273934
 31
0.0
  0
LINE
  5
554
330
17
100
AcDbEntity
  8
0
100
AcDbLine
 10
55.68275451660156
 20
-215.1534420273934
 30
0.0
 11
55.68275451660156
 21
-214.7288757584725
 31
0.0
  0
LINE
  5
555
330
17
100
AcDbEntity
  8
0
100
AcDbLine
 10
55.082740783691406
 20
-253.92887652141195
 30
0.0
 11
55.28167724609375
 21
-253.92887652141195
 31
0.0
  0
LINE
  5
556
330
17
100
AcDbEntity
  8
0
100
AcDbLine
 10
55.082740783691406
 20
-252.72887766582113
 30
0.0
 11
55.498390197753906
 21
-252.72887766582113
 31
0.0
  0
LINE
  5
557
330
17
100
AcDbEntity
  8
0
100
AcDbLine
 10
55.082740783691406
 20
-252.72887766582113
 30
0.0
 11
55.082740783691406
 21
-253.50431025249105
 31
0.0
  0
LINE
  5
558
330
17
100
AcDbEntity
  8
0
100
AcDbLine
 10
55.082740783691406
 20
-253.50431025249105
 30
0.0
 11
55.082740783691406
 21
-253.92887652141195
 31
0.0
  0
LINE
  5
559
330
17
100
AcDbEntity
  8
0
100
AcDbLine
 10
55.082740783691406
 20
-215.9288793824349
 30
0.0
 11
55.26712417602539
 21
-215.9288793824349
 31
0.0
  0
LINE
  5
55A
330
17
100
AcDbEntity
  8
0
100
AcDbLine
 10
55.082740783691406
 20
-214.7288757584725
 30
0.0
 11
55.28167724609375
 21
-214.7288757584725
 31
0.0
  0
LINE
  5
55B
330
17
100
AcDbEntity
  8
0
100
AcDbLine
 10
55.082740783691406
 20
-214.7288757584725
 30
0.0
 11
55.082740783691406
 21
-215.1534420273934
 31
0.0
  0
LINE
  5
55C
330
17
100
AcDbEntity
  8
0
100
AcDbLine
 10
55.082740783691406
 20
-215.1534420273934
 30
0.0
 11
55.082740783691406
 21
-215.9288793824349
 31
0.0
  0
LINE
  5
55D
330
17
100
AcDbEntity
  8
0
100
AcDbLine
 10
55.48381805419922
 20
-253.92887652141195
 30
0.0
 11
55.68275451660156
 21
-253.92887652141195
 31
0.0
  0
LINE
  5
55E
330
17
100
AcDbEntity
  8
0
100
AcDbLine
 10
54.1143798828125
 20
-255.3288799546395
 30
0.0
 11
55.68275451660156
 21
-255.3288799546395
 31
0.0
  0
LINE
  5
55F
330
17
100
AcDbEntity
  8
0
100
AcDbLine
 10
55.68275451660156
 20
-255.3288799546395
 30
0.0
 11
55.68275451660156
 21
-255.14441073161703
 31
0.0
  0
LINE
  5
560
330
17
100
AcDbEntity
  8
0
100
AcDbLine
 10
55.68275451660156
 20
-255.14441073161703
 30
0.0
 11
55.68275451660156
 21
-253.92887652141195
 31
0.0
  0
LINE
  5
561
330
17
100
AcDbEntity
  8
0
100
AcDbLine
 10
55.68275451660156
 20
-213.513346316639
 30
0.0
 11
55.68275451660156
 21
-213.32887709361654
 31
0.0
  0
LINE
  5
562
330
17
100
AcDbEntity
  8
0
100
AcDbLine
 10
55.45112609863281
 20
-213.32887709361654
 30
0.0
 11
55.68275451660156
 21
-213.32887709361654
 31
0.0
  0
LINE
  5
563
330
17
100
AcDbEntity
  8
0
100
AcDbLine
 10
55.68275451660156
 20
-214.7288757584725
 30
0.0
 11
55.68275451660156
 21
-213.513346316639
 31
0.0
  0
LINE
  5
564
330
17
100
AcDbEntity
  8
0
100
AcDbLine
 10
54.081687927246094
 20
-214.7288757584725
 30
0.0
 11
55.68275451660156
 21
-214.7288757584725
 31
0.0
  0
LINE
  5
565
330
17
100
AcDbEntity
  8
0
100
AcDbLine
 10
53.88275146484375
 20
-213.32887709361654
 30
0.0
 11
55.45112609863281
 21
-213.32887709361654
 31
0.0
  0
LINE
  5
566
330
17
100
AcDbEntity
  8
0
100
AcDbLine
 10
53.88275146484375
 20
-214.7288757584725
 30
0.0
 11
54.081687927246094
 21
-214.7288757584725
 31
0.0
  0
LINE
  5
567
330
17
100
AcDbEntity
  8
0
100
AcDbLine
 10
53.88275146484375
 20
-213.513346316639
 30
0.0
 11
53.88275146484375
 21
-214.7288757584725
 31
0.0
  0
LINE
  5
568
330
17
100
AcDbEntity
  8
0
100
AcDbLine
 10
53.88275146484375
 20
-213.32887709361654
 30
0.0
 11
53.88275146484375
 21
-213.513346316639
 31
0.0
  0
LINE
  5
569
330
17
100
AcDbEntity
  8
0
100
AcDbLine
 10
53.88275146484375
 20
-255.3288799546395
 30
0.0
 11
54.1143798828125
 21
-255.3288799546395
 31
0.0
  0
LINE
  5
56A
330
17
100
AcDbEntity
  8
0
100
AcDbLine
 10
53.88275146484375
 20
-253.92887652141195
 30
0.0
 11
55.48381805419922
 21
-253.92887652141195
 31
0.0
  0
LINE
  5
56B
330
17
100
AcDbEntity
  8
0
100
AcDbLine
 10
53.88275146484375
 20
-253.92887652141195
 30
0.0
 11
53.88275146484375
 21
-255.14441073161703
 31
0.0
  0
LINE
  5
56C
330
17
100
AcDbEntity
  8
0
100
AcDbLine
 10
53.88275146484375
 20
-255.14441073161703
 30
0.0
 11
53.88275146484375
 21
-255.3288799546395
 31
0.0
  0
LWPOLYLINE
  5
56D
330
17
100
AcDbEntity
  8
0
100
AcDbPolyline
 90
8
 70
1
 10
37.08271026611328
 20
-205.5828386567269
 10
37.08271026611328
 20
-207.85495341045004
 10
37.08271026611328
 20
-208.58283579570394
 10
37.84008026123047
 20
-208.58283579570394
 10
38.08271408081055
 20
-208.58283579570394
 10
38.08271408081055
 20
-206.3107210419808
 10
38.08271408081055
 20
-205.5828386567269
 10
37.32534408569336
 20
-205.5828386567269
  0
LINE
  5
56E
330
17
100
AcDbEntity
  8
0
100
AcDbLine
 10
517.0880889892578
 20
-215.82887709361654
 30
0.0
 11
516.955451965332
 21
-215.82887709361654
 31
0.0
  0
LINE
  5
56F
330
17
100
AcDbEntity
  8
0
100
AcDbLine
 10
517.1554183959961
 20
-215.82887709361654
 30
0.0
 11
517.1554183959961
 21
-219.86920893413168
 31
0.0
  0
LINE
  5
570
330
17
100
AcDbEntity
  8
0
100
AcDbLine
 10
517.0880889892578
 20
-215.82887709361654
 30
0.0
 11
517.1554183959961
 21
-215.82887709361654
 31
0.0
  0
LINE
  5
571
330
17
100
AcDbEntity
  8
0
100
AcDbLine
 10
517.1554183959961
 20
-227.8288751862679
 30
0.0
 11
517.1554183959961
 21
-219.86920893413168
 31
0.0
  0
LINE
  5
572
330
17
100
AcDbEntity
  8
0
100
AcDbLine
 10
516.955451965332
 20
-227.8288751862679
 30
0.0
 11
517.0227813720703
 21
-227.8288751862679
 31
0.0
  0
LINE
  5
573
330
17
100
AcDbEntity
  8
0
100
AcDbLine
 10
517.0227813720703
 20
-227.8288751862679
 30
0.0
 11
517.1554183959961
 21
-227.8288751862679
 31
0.0
  0
LINE
  5
574
330
17
100
AcDbEntity
  8
0
100
AcDbLine
 10
517.1334075927734
 20
-227.8288799546395
 30
0.0
 11
517.3354339599609
 21
-227.8288799546395
 31
0.0
  0
LINE
  5
575
330
17
100
AcDbEntity
  8
0
100
AcDbLine
 10
517.3354339599609
 20
-228.44115793925863
 30
0.0
 11
517.3354339599609
 21
-227.8288799546395
 31
0.0
  0
LINE
  5
576
330
17
100
AcDbEntity
  8
0
100
AcDbLine
 10
516.7354202270508
 20
-227.8288799546395
 30
0.0
 11
516.7354202270508
 21
-228.44115793925863
 31
0.0
  0
LINE
  5
577
330
17
100
AcDbEntity
  8
0
100
AcDbLine
 10
516.7354202270508
 20
-227.8288799546395
 30
0.0
 11
517.1334075927734
 21
-227.8288799546395
 31
0.0
  0
LINE
  5
578
330
17
100
AcDbEntity
  8
0
100
AcDbLine
 10
516.7354202270508
 20
-215.21659434062582
 30
0.0
 11
516.7354202270508
 21
-214.82887804729086
 31
0.0
  0
LINE
  5
579
330
17
100
AcDbEntity
  8
0
100
AcDbLine
 10
516.7354202270508
 20
-214.82887804729086
 30
0.0
 11
517.1194076538086
 21
-214.82887804729086
 31
0.0
  0
LINE
  5
57A
330
17
100
AcDbEntity
  8
0
100
AcDbLine
 10
516.7354202270508
 20
-228.82887900096517
 30
0.0
 11
516.7354202270508
 21
-228.44115793925863
 31
0.0
  0
LINE
  5
57B
330
17
100
AcDbEntity
  8
0
100
AcDbLine
 10
517.1194076538086
 20
-228.82887900096517
 30
0.0
 11
516.7354202270508
 21
-228.82887900096517
 31
0.0
  0
LINE
  5
57C
330
17
100
AcDbEntity
  8
0
100
AcDbLine
 10
517.3354339599609
 20
-215.82887709361654
 30
0.0
 11
517.3354339599609
 21
-215.21659434062582
 31
0.0
  0
LINE
  5
57D
330
17
100
AcDbEntity
  8
0
100
AcDbLine
 10
516.7354202270508
 20
-215.82887709361654
 30
0.0
 11
516.7354202270508
 21
-215.21659434062582
 31
0.0
  0
LINE
  5
57E
330
17
100
AcDbEntity
  8
0
100
AcDbLine
 10
516.7354202270508
 20
-215.82887709361654
 30
0.0
 11
516.9374465942383
 21
-215.82887709361654
 31
0.0
  0
LINE
  5
57F
330
17
100
AcDbEntity
  8
0
100
AcDbLine
 10
516.9374465942383
 20
-215.82887709361654
 30
0.0
 11
517.3354339599609
 21
-215.82887709361654
 31
0.0
  0
LINE
  5
580
330
17
100
AcDbEntity
  8
0
100
AcDbLine
 10
517.1194076538086
 20
-228.82887900096517
 30
0.0
 11
517.3354339599609
 21
-228.82887900096517
 31
0.0
  0
LINE
  5
581
330
17
100
AcDbEntity
  8
0
100
AcDbLine
 10
516.4394760131836
 20
-228.82887900096517
 30
0.0
 11
517.3354339599609
 21
-228.82887900096517
 31
0.0
  0
LINE
  5
582
330
17
100
AcDbEntity
  8
0
100
AcDbLine
 10
517.3354339599609
 20
-228.82887900096517
 30
0.0
 11
517.3354339599609
 21
-229.42618906718832
 31
0.0
  0
LINE
  5
583
330
17
100
AcDbEntity
  8
0
100
AcDbLine
 10
517.3354339599609
 20
-228.44115793925863
 30
0.0
 11
517.3354339599609
 21
-228.82887900096517
 31
0.0
  0
LINE
  5
584
330
17
100
AcDbEntity
  8
0
100
AcDbLine
 10
515.9354400634766
 20
-228.82887900096517
 30
0.0
 11
516.4394760131836
 21
-228.82887900096517
 31
0.0
  0
LINE
  5
585
330
17
100
AcDbEntity
  8
0
100
AcDbLine
 10
515.9354400634766
 20
-228.82887900096517
 30
0.0
 11
515.9354400634766
 21
-229.16490137797933
 31
0.0
  0
LINE
  5
586
330
17
100
AcDbEntity
  8
0
100
AcDbLine
 10
517.3354339599609
 20
-214.2315679810677
 30
0.0
 11
517.3354339599609
 21
-213.82887900096517
 31
0.0
  0
LINE
  5
587
330
17
100
AcDbEntity
  8
0
100
AcDbLine
 10
515.9354400634766
 20
-214.2315679810677
 30
0.0
 11
515.9354400634766
 21
-213.82887900096517
 31
0.0
  0
LINE
  5
588
330
17
100
AcDbEntity
  8
0
100
AcDbLine
 10
515.9354400634766
 20
-213.82887900096517
 30
0.0
 11
516.4639663696289
 21
-213.82887900096517
 31
0.0
  0
LINE
  5
589
330
17
100
AcDbEntity
  8
0
100
AcDbLine
 10
516.4639663696289
 20
-213.82887900096517
 30
0.0
 11
517.3354339599609
 21
-213.82887900096517
 31
0.0
  0
LINE
  5
58A
330
17
100
AcDbEntity
  8
0
100
AcDbLine
 10
517.3354339599609
 20
-229.82887804729086
 30
0.0
 11
517.3354339599609
 21
-229.42618906718832
 31
0.0
  0
LINE
  5
58B
330
17
100
AcDbEntity
  8
0
100
AcDbLine
 10
515.9354400634766
 20
-229.82887804729086
 30
0.0
 11
515.9354400634766
 21
-229.16490137797933
 31
0.0
  0
LINE
  5
58C
330
17
100
AcDbEntity
  8
0
100
AcDbLine
 10
516.8069076538086
 20
-229.82887804729086
 30
0.0
 11
515.9354400634766
 21
-229.82887804729086
 31
0.0
  0
LINE
  5
58D
330
17
100
AcDbEntity
  8
0
100
AcDbLine
 10
516.8069076538086
 20
-229.82887804729086
 30
0.0
 11
517.3354339599609
 21
-229.82887804729086
 31
0.0
  0
LINE
  5
58E
330
17
100
AcDbEntity
  8
0
100
AcDbLine
 10
517.1194076538086
 20
-214.82887804729086
 30
0.0
 11
517.3354339599609
 21
-214.82887804729086
 31
0.0
  0
LINE
  5
58F
330
17
100
AcDbEntity
  8
0
100
AcDbLine
 10
517.3354339599609
 20
-214.82887804729086
 30
0.0
 11
517.3354339599609
 21
-214.2315679810677
 31
0.0
  0
LINE
  5
590
330
17
100
AcDbEntity
  8
0
100
AcDbLine
 10
517.3354339599609
 20
-215.21659434062582
 30
0.0
 11
517.3354339599609
 21
-214.82887804729086
 31
0.0
  0
LINE
  5
591
330
17
100
AcDbEntity
  8
0
100
AcDbLine
 10
515.9354400634766
 20
-214.82887804729086
 30
0.0
 11
515.9354400634766
 21
-214.2315679810677
 31
0.0
  0
LINE
  5
592
330
17
100
AcDbEntity
  8
0
100
AcDbLine
 10
516.8313980102539
 20
-214.82887804729086
 30
0.0
 11
515.9354400634766
 21
-214.82887804729086
 31
0.0
  0
LINE
  5
593
330
17
100
AcDbEntity
  8
0
100
AcDbLine
 10
516.8313980102539
 20
-214.82887804729086
 30
0.0
 11
517.3354339599609
 21
-214.82887804729086
 31
0.0
  0
LWPOLYLINE
  5
594
330
17
100
AcDbEntity
  8
0
100
AcDbPolyline
 90
8
 70
1
 10
10.061874389648438
 20
-205.5828386567269
 10
10.061874389648438
 20
-207.85495341045004
 10
10.061874389648438
 20
-208.58283579570394
 10
10.819244384765625
 20
-208.58283579570394
 10
11.061859130859375
 20
-208.58283579570394
 10
11.061859130859375
 20
-206.3107210419808
 10
11.061859130859375
 20
-205.5828386567269
 10
10.304489135742188
 20
-205.5828386567269
  0
LWPOLYLINE
  5
595
330
17
100
AcDbEntity
  8
0
100
AcDbPolyline
 90
8
 70
1
 10
172.7155876159668
 20
-192.499523761097
 10
172.7155876159668
 20
-192.3288637421761
 10
171.7724609375
 20
-192.3288637421761
 10
171.71558380126953
 20
-192.3288637421761
 10
171.71558380126953
 20
-195.15821039897543
 10
171.71558380126953
 20
-195.32886564952474
 10
172.65869140625
 20
-195.32886564952474
 10
172.7155876159668
 20
-195.32886564952474
  0
LWPOLYLINE
  5
596
330
17
100
AcDbEntity
  8
0
100
AcDbPolyline
 90
8
 70
1
 10
211.98110580444336
 20
-192.499523761097
 10
211.98110580444336
 20
-192.3288637421761
 10
211.03797912597656
 20
-192.3288637421761
 10
210.9811019897461
 20
-192.3288637421761
 10
210.9811019897461
 20
-195.15821039897543
 10
210.9811019897461
 20
-195.32886564952474
 10
211.92420959472656
 20
-195.32886564952474
 10
211.98110580444336
 20
-195.32886564952474
  0
LWPOLYLINE
  5
597
330
17
100
AcDbEntity
  8
0
100
AcDbPolyline
 90
8
 70
1
 10
210.98114013671875
 20
-193.12154352885824
 10
210.98114013671875
 20
-192.3288685105477
 10
200.87024688720703
 20
-192.3288685105477
 10
172.71560668945312
 20
-192.3288685105477
 10
172.71560668945312
 20
-193.12159598094564
 10
172.71560668945312
 20
-195.32887041789633
 10
182.82678604125977
 20
-195.32887041789633
 10
210.98114013671875
 20
-195.32886564952474
  0
LWPOLYLINE
  5
598
330
17
100
AcDbEntity
  8
0
100
AcDbPolyline
 90
40
 70
1
 10
535.9275054931641
 20
-204.85238611919027
 10
535.9275054931641
 20
-204.30373728496176
 10
535.3977584838867
 20
-204.30373728496176
 10
534.7919464111328
 20
-204.30373728496176
 10
534.7919464111328
 20
-204.56327975017172
 10
534.7919464111328
 20
-204.79020655376058
 10
534.8132705688477
 20
-204.79021132213217
 10
534.8319244384766
 20
-204.79021609050375
 10
534.8319244384766
 20
-204.55198824626547
 10
534.8319244384766
 20
-204.34373915416342
 10
535.3951644897461
 20
-204.34373915416342
 10
535.8874893188477
 20
-204.34373915416342
 10
535.8874893188477
 20
-204.85411703807455
 10
535.8874893188477
 20
-205.29759943706136
 10
535.6240463256836
 20
-205.36187708598715
 10
535.3218460083008
 20
-205.43561518413168
 10
535.3182220458984
 20
-206.11986220103842
 10
535.3140640258789
 20
-206.90476477367025
 10
534.669075012207
 20
-207.28950560313802
 10
533.9349746704102
 20
-207.72738516551595
 10
532.6595687866211
 20
-207.732153537098
 10
531.23046875
 20
-207.73749888164144
 10
531.2320327758789
 20
-206.18011534434896
 10
531.2334060668945
 20
-204.79020655376058
 10
531.0253524780273
 20
-204.79021132213217
 10
530.7928085327148
 20
-204.79021609050375
 10
530.7928085327148
 20
-204.8113256714974
 10
530.7928085327148
 20
-204.8302179597054
 10
531.0042190551758
 20
-204.83021319133383
 10
531.1933898925781
 20
-204.83020842296224
 10
531.1919784545898
 20
-206.22035563212972
 10
531.1904144287109
 20
-207.77764857036215
 10
532.646369934082
 20
-207.77220309001547
 10
533.9460754394531
 20
-207.76734411937338
 10
534.6955108642578
 20
-207.32030928355795
 10
535.3539276123047
 20
-206.92755282146078
 10
535.3580856323242
 20
-206.14719450694662
 10
535.3616714477539
 20
-205.46707213145834
 10
535.6640243530273
 20
-205.3933054230843
 10
535.9275054931641
 20
-205.3290134690438
  0
LINE
  5
599
330
17
100
AcDbEntity
  8
0
100
AcDbLine
 10
225.15186309814453
 20
-153.7403246782456
 30
0.0
 11
225.15186309814453
 21
-153.82887333852392
 31
0.0
  0
LINE
  5
59A
330
17
100
AcDbEntity
  8
0
100
AcDbLine
 10
225.05186080932617
 20
-153.82887333852392
 30
0.0
 11
225.05186080932617
 21
-153.7403246782456
 31
0.0
  0
LINE
  5
59B
330
17
100
AcDbEntity
  8
0
100
AcDbLine
 10
225.05186080932617
 20
-153.82887333852392
 30
0.0
 11
225.1425552368164
 21
-153.82887333852392
 31
0.0
  0
LINE
  5
59C
330
17
100
AcDbEntity
  8
0
100
AcDbLine
 10
225.15186309814453
 20
-153.82887333852392
 30
0.0
 11
225.1425552368164
 21
-153.82887333852392
 31
0.0
  0
LINE
  5
59D
330
17
100
AcDbEntity
  8
0
100
AcDbLine
 10
225.15186309814453
 20
-152.82887906056982
 30
0.0
 11
225.15186309814453
 21
-153.7403246782456
 31
0.0
  0
LINE
  5
59E
330
17
100
AcDbEntity
  8
0
100
AcDbLine
 10
225.05186080932617
 20
-152.82887906056982
 30
0.0
 11
225.05186080932617
 21
-153.7403246782456
 31
0.0
  0
LINE
  5
59F
330
17
100
AcDbEntity
  8
0
100
AcDbLine
 10
225.05186080932617
 20
-152.82887906056982
 30
0.0
 11
225.06505966186523
 21
-152.82887906056982
 31
0.0
  0
LINE
  5
5A0
330
17
100
AcDbEntity
  8
0
100
AcDbLine
 10
225.15186309814453
 20
-152.82887906056982
 30
0.0
 11
225.06505966186523
 21
-152.82887906056982
 31
0.0
  0
LINE
  5
5A1
330
17
100
AcDbEntity
  8
0
100
AcDbLine
 10
224.05187606811523
 20
-153.04202527028662
 30
0.0
 11
224.05187606811523
 21
-154.32887524587255
 31
0.0
  0
LINE
  5
5A2
330
17
100
AcDbEntity
  8
0
100
AcDbLine
 10
223.95187377929688
 20
-153.04202527028662
 30
0.0
 11
223.95187377929688
 21
-154.32887524587255
 31
0.0
  0
LINE
  5
5A3
330
17
100
AcDbEntity
  8
0
100
AcDbLine
 10
223.95187377929688
 20
-154.32887524587255
 30
0.0
 11
224.0447998046875
 21
-154.32887524587255
 31
0.0
  0
LINE
  5
5A4
330
17
100
AcDbEntity
  8
0
100
AcDbLine
 10
224.05187606811523
 20
-154.32887524587255
 30
0.0
 11
224.0447998046875
 21
-154.32887524587255
 31
0.0
  0
LINE
  5
5A5
330
17
100
AcDbEntity
  8
0
100
AcDbLine
 10
224.05187606811523
 20
-152.82887906056982
 30
0.0
 11
224.05187606811523
 21
-153.04202527028662
 31
0.0
  0
LINE
  5
5A6
330
17
100
AcDbEntity
  8
0
100
AcDbLine
 10
223.95187377929688
 20
-153.04202527028662
 30
0.0
 11
223.95187377929688
 21
-152.82887906056982
 31
0.0
  0
LINE
  5
5A7
330
17
100
AcDbEntity
  8
0
100
AcDbLine
 10
223.95187377929688
 20
-152.82887906056982
 30
0.0
 11
223.9650535583496
 21
-152.82887906056982
 31
0.0
  0
LINE
  5
5A8
330
17
100
AcDbEntity
  8
0
100
AcDbLine
 10
224.05187606811523
 20
-152.82887906056982
 30
0.0
 11
223.9650535583496
 21
-152.82887906056982
 31
0.0
  0
LINE
  5
5A9
330
17
100
AcDbEntity
  8
0
100
AcDbLine
 10
226.05186462402344
 20
-194.82887327891927
 30
0.0
 11
225.91066360473633
 21
-194.82887327891927
 31
0.0
  0
LINE
  5
5AA
330
17
100
AcDbEntity
  8
0
100
AcDbLine
 10
226.05186462402344
 20
-195.3288751862679
 30
0.0
 11
225.91066360473633
 21
-195.3288751862679
 31
0.0
  0
LINE
  5
5AB
330
17
100
AcDbEntity
  8
0
100
AcDbLine
 10
226.05186462402344
 20
-195.3288751862679
 30
0.0
 11
226.05186462402344
 21
-194.86417830211263
 31
0.0
  0
LINE
  5
5AC
330
17
100
AcDbEntity
  8
0
100
AcDbLine
 10
226.05186462402344
 20
-194.82887327891927
 30
0.0
 11
226.05186462402344
 21
-194.86417830211263
 31
0.0
  0
LINE
  5
5AD
330
17
100
AcDbEntity
  8
0
100
AcDbLine
 10
225.91066360473633
 20
-194.82887327891927
 30
0.0
 11
224.05187606811523
 21
-194.82887327891927
 31
0.0
  0
LINE
  5
5AE
330
17
100
AcDbEntity
  8
0
100
AcDbLine
 10
224.05187606811523
 20
-195.3288751862679
 30
0.0
 11
225.91066360473633
 21
-195.3288751862679
 31
0.0
  0
LINE
  5
5AF
330
17
100
AcDbEntity
  8
0
100
AcDbLine
 10
224.05187606811523
 20
-195.3288751862679
 30
0.0
 11
224.05187606811523
 21
-195.29357493144613
 31
0.0
  0
LINE
  5
5B0
330
17
100
AcDbEntity
  8
0
100
AcDbLine
 10
224.05187606811523
 20
-194.82887327891927
 30
0.0
 11
224.05187606811523
 21
-195.29357493144613
 31
0.0
  0
LINE
  5
5B1
330
17
100
AcDbEntity
  8
0
100
AcDbLine
 10
225.2518653869629
 20
-153.82887333852392
 30
0.0
 11
225.18661499023438
 21
-153.82887333852392
 31
0.0
  0
LINE
  5
5B2
330
17
100
AcDbEntity
  8
0
100
AcDbLine
 10
225.2518653869629
 20
-194.82887327891927
 30
0.0
 11
225.18661499023438
 21
-194.82887327891927
 31
0.0
  0
LINE
  5
5B3
330
17
100
AcDbEntity
  8
0
100
AcDbLine
 10
225.2518653869629
 20
-194.82887327891927
 30
0.0
 11
225.2518653869629
 21
-157.650246622387
 31
0.0
  0
LINE
  5
5B4
330
17
100
AcDbEntity
  8
0
100
AcDbLine
 10
225.2518653869629
 20
-153.82887333852392
 30
0.0
 11
225.2518653869629
 21
-157.650246622387
 31
0.0
  0
LINE
  5
5B5
330
17
100
AcDbEntity
  8
0
100
AcDbLine
 10
225.18661499023438
 20
-153.82887333852392
 30
0.0
 11
224.5518684387207
 21
-153.82887333852392
 31
0.0
  0
LINE
  5
5B6
330
17
100
AcDbEntity
  8
0
100
AcDbLine
 10
224.5518684387207
 20
-194.82887327891927
 30
0.0
 11
225.18661499023438
 21
-194.82887327891927
 31
0.0
  0
LINE
  5
5B7
330
17
100
AcDbEntity
  8
0
100
AcDbLine
 10
224.5518684387207
 20
-194.82887327891927
 30
0.0
 11
224.5518684387207
 21
-191.007505061451
 31
0.0
  0
LINE
  5
5B8
330
17
100
AcDbEntity
  8
0
100
AcDbLine
 10
224.5518684387207
 20
-153.82887333852392
 30
0.0
 11
224.5518684387207
 21
-191.007505061451
 31
0.0
  0
LINE
  5
5B9
330
17
100
AcDbEntity
  8
0
100
AcDbLine
 10
224.5518684387207
 20
-154.26198452931982
 30
0.0
 11
224.5518684387207
 21
-154.32887524587255
 31
0.0
  0
LINE
  5
5BA
330
17
100
AcDbEntity
  8
0
100
AcDbLine
 10
224.05187606811523
 20
-154.32887524587255
 30
0.0
 11
224.05187606811523
 21
-154.26198452931982
 31
0.0
  0
LINE
  5
5BB
330
17
100
AcDbEntity
  8
0
100
AcDbLine
 10
224.05187606811523
 20
-154.32887524587255
 30
0.0
 11
224.51656341552734
 21
-154.32887524587255
 31
0.0
  0
LINE
  5
5BC
330
17
100
AcDbEntity
  8
0
100
AcDbLine
 10
224.5518684387207
 20
-154.32887524587255
 30
0.0
 11
224.51656341552734
 21
-154.32887524587255
 31
0.0
  0
LINE
  5
5BD
330
17
100
AcDbEntity
  8
0
100
AcDbLine
 10
224.5518684387207
 20
-153.3288714311753
 30
0.0
 11
224.5518684387207
 21
-154.26198452931982
 31
0.0
  0
LINE
  5
5BE
330
17
100
AcDbEntity
  8
0
100
AcDbLine
 10
224.05187606811523
 20
-153.3288714311753
 30
0.0
 11
224.05187606811523
 21
-154.26198452931982
 31
0.0
  0
LINE
  5
5BF
330
17
100
AcDbEntity
  8
0
100
AcDbLine
 10
224.05187606811523
 20
-153.3288714311753
 30
0.0
 11
224.10863876342773
 21
-153.3288714311753
 31
0.0
  0
LINE
  5
5C0
330
17
100
AcDbEntity
  8
0
100
AcDbLine
 10
224.5518684387207
 20
-153.3288714311753
 30
0.0
 11
224.10863876342773
 21
-153.3288714311753
 31
0.0
  0
LINE
  5
5C1
330
17
100
AcDbEntity
  8
0
100
AcDbLine
 10
225.05186080932617
 20
-153.38710278493505
 30
0.0
 11
225.05186080932617
 21
-153.82888287526708
 31
0.0
  0
LINE
  5
5C2
330
17
100
AcDbEntity
  8
0
100
AcDbLine
 10
224.5518684387207
 20
-153.38710278493505
 30
0.0
 11
224.5518684387207
 21
-153.82888287526708
 31
0.0
  0
LINE
  5
5C3
330
17
100
AcDbEntity
  8
0
100
AcDbLine
 10
224.5518684387207
 20
-153.82888287526708
 30
0.0
 11
225.00526428222656
 21
-153.82888287526708
 31
0.0
  0
LINE
  5
5C4
330
17
100
AcDbEntity
  8
0
100
AcDbLine
 10
225.05186080932617
 20
-153.82888287526708
 30
0.0
 11
225.00526428222656
 21
-153.82888287526708
 31
0.0
  0
LINE
  5
5C5
330
17
100
AcDbEntity
  8
0
100
AcDbLine
 10
225.05186080932617
 20
-153.3288714311753
 30
0.0
 11
225.05186080932617
 21
-153.38710278493505
 31
0.0
  0
LINE
  5
5C6
330
17
100
AcDbEntity
  8
0
100
AcDbLine
 10
224.5518684387207
 20
-153.38710278493505
 30
0.0
 11
224.5518684387207
 21
-153.3288714311753
 31
0.0
  0
LINE
  5
5C7
330
17
100
AcDbEntity
  8
0
100
AcDbLine
 10
224.5518684387207
 20
-153.3288714311753
 30
0.0
 11
224.6086311340332
 21
-153.3288714311753
 31
0.0
  0
LINE
  5
5C8
330
17
100
AcDbEntity
  8
0
100
AcDbLine
 10
225.05186080932617
 20
-153.3288714311753
 30
0.0
 11
224.6086311340332
 21
-153.3288714311753
 31
0.0
  0
LWPOLYLINE
  5
5C9
330
17
100
AcDbEntity
  8
0
100
AcDbPolyline
 90
8
 70
1
 10
174.0084457397461
 20
-165.57753980380636
 10
174.01939392089844
 20
-165.53672254306417
 10
172.38697052001953
 20
-165.09931981784445
 10
135.3823471069336
 20
-155.18395900947195
 10
135.13446807861328
 20
-156.109080316845
 10
135.12353897094727
 20
-156.14988804084402
 10
136.75592422485352
 20
-156.58729076606375
 10
173.76056671142578
 20
-166.50265157443624
  0
LWPOLYLINE
  5
5CA
330
17
100
AcDbEntity
  8
0
100
AcDbPolyline
 90
8
 70
1
 10
51.082725524902344
 20
-196.5090566895638
 10
47.84496307373047
 20
-196.5090566895638
 10
46.84867858886719
 20
-196.5090566895638
 10
46.84867858886719
 20
-196.7443615220223
 10
46.84867858886719
 20
-197.5090557358895
 10
47.84496307373047
 20
-197.5090557358895
 10
51.082725524902344
 20
-197.5090557358895
 10
51.082725524902344
 20
-197.273750903431
  0
LWPOLYLINE
  5
5CB
330
17
100
AcDbEntity
  8
0
100
AcDbPolyline
 90
14
 70
1
 10
141.80908203125
 20
-169.87740934115988
 10
115.73448181152344
 20
-148.0069492779408
 10
108.97150039672852
 20
-142.34059810859304
 10
94.18865203857422
 20
-154.7448870561753
 10
36.882781982421875
 20
-202.83021509868246
 10
36.882781982421875
 20
-203.48441660625082
 10
36.882781982421875
 20
-204.83021319133383
 10
94.18865203857422
 20
-156.7448759101067
 10
108.97150039672852
 20
-144.34058666450125
 10
115.73448181152344
 20
-150.0069473426525
 10
141.80908203125
 20
-171.87740862590414
 10
181.1351776123047
 20
-204.83021319133383
 10
181.1351776123047
 20
-204.08584177714926
 10
181.1351776123047
 20
-202.83021509868246
  0
LWPOLYLINE
  5
5CC
330
17
100
AcDbEntity
  8
0
100
AcDbPolyline
 90
20
 70
1
 10
269.45194244384766
 20
-154.60645169240576
 10
260.00513076782227
 20
-162.5332778714333
 10
260.00513076782227
 20
-162.91099012118917
 10
260.00513076782227
 20
-164.53327596408468
 10
269.45194244384766
 20
-156.6064596198235
 10
303.4718704223633
 20
-128.0603367112313
 10
315.6288528442383
 20
-128.0603367112313
 10
351.0102081298828
 20
-128.0603367112313
 10
408.9913558959961
 20
-128.12299311381918
 10
443.1447219848633
 20
-128.14423144084554
 10
476.3126754760742
 20
-155.9754896186028
 10
534.5354843139648
 20
-204.83021319133383
 10
534.5354843139648
 20
-203.8977342866097
 10
534.5354843139648
 20
-202.83021509868246
 10
476.3126754760742
 20
-153.97549122792822
 10
443.1447219848633
 20
-126.14423334819418
 10
408.9913558959961
 20
-126.12300455791097
 10
351.0102081298828
 20
-126.06034815532308
 10
315.6288528442383
 20
-126.06034815532308
 10
303.4718704223633
 20
-126.06033861857992
  0
LWPOLYLINE
  5
5CD
330
17
100
AcDbEntity
  8
0
100
AcDbPolyline
 90
8
 70
1
 10
229.3126678466797
 20
-143.3463621161614
 10
289.1431427001953
 20
-143.34635257941824
 10
289.1431427001953
 20
-142.95389652473074
 10
289.1431427001953
 20
-141.34635448676687
 10
229.3126678466797
 20
-141.34635448676687
 10
219.7069549560547
 20
-141.34635448676687
 10
219.7069549560547
 20
-142.93893337470632
 10
219.7069549560547
 20
-143.3463621161614
  0
LINE
  5
5CE
330
17
100
AcDbEntity
  8
0
100
AcDbLine
 10
359.2992401123047
 20
-264.3288761399422
 30
0.0
 11
562.9953384399414
 21
-264.3288761399422
 31
0.0
  0
LINE
  5
5CF
330
17
100
AcDbEntity
  8
0
100
AcDbLine
 10
140.83576202392578
 20
-264.3288761399422
 30
0.0
 11
359.2992401123047
 21
-264.3288761399422
 31
0.0
  0
LINE
  5
5D0
330
17
100
AcDbEntity
  8
0
100
AcDbLine
 10
8.985519409179688
 20
-264.3288761399422
 30
0.0
 11
112.62407302856445
 21
-264.3288761399422
 31
0.0
  0
LINE
  5
5D1
330
17
100
AcDbEntity
  8
0
100
AcDbLine
 10
112.62407302856445
 20
-264.3288761399422
 30
0.0
 11
140.83576202392578
 21
-264.3288761399422
 31
0.0
  0
LWPOLYLINE
  5
5D2
330
17
100
AcDbEntity
  8
0
100
AcDbPolyline
 90
8
 70
1
 10
344.29378509521484
 20
-145.32887906056982
 10
416.2550735473633
 20
-145.32887906056982
 10
446.4155960083008
 20
-145.32887906056982
 10
446.4155960083008
 20
-144.7382020972405
 10
446.4155960083008
 20
-143.32888126594167
 10
416.2550735473633
 20
-143.32888126594167
 10
344.29378509521484
 20
-143.32888126594167
 10
344.29378509521484
 20
-143.9195585272942
  0
LWPOLYLINE
  5
5D3
330
17
100
AcDbEntity
  8
0
100
AcDbPolyline
 90
10
 70
1
 10
50.825347900390625
 20
-195.59928000194174
 10
50.825347900390625
 20
-197.32887327891927
 10
60.26744842529297
 20
-197.32887327891927
 10
157.5065040588379
 20
-197.32887327891927
 10
171.71558380126953
 20
-197.32887327891927
 10
171.71558380126953
 20
-195.4426437638436
 10
171.71558380126953
 20
-195.3288751862679
 10
157.5065040588379
 20
-195.3288751862679
 10
60.26744842529297
 20
-195.3288751862679
 10
50.825347900390625
 20
-195.3288751862679
  0
LWPOLYLINE
  5
5D4
330
17
100
AcDbEntity
  8
0
100
AcDbPolyline
 90
10
 70
1
 10
211.98108673095703
 20
-197.215099932972
 10
211.98108673095703
 20
-197.32887327891927
 10
213.36910247802734
 20
-197.32887327891927
 10
297.6644515991211
 20
-197.32887327891927
 10
352.6500701904297
 20
-197.32887327891927
 10
352.6500701904297
 20
-197.09835589152914
 10
352.6500701904297
 20
-195.3288751862679
 10
297.6644515991211
 20
-195.3288751862679
 10
213.36910247802734
 20
-195.3288751862679
 10
211.98108673095703
 20
-195.3288751862679
  0
LWPOLYLINE
  5
5D5
330
17
100
AcDbEntity
  8
0
100
AcDbPolyline
 90
8
 70
1
 10
442.15824127197266
 20
-197.32887327891927
 10
443.30738067626953
 20
-197.32887327891927
 10
520.5354690551758
 20
-197.32887327891927
 10
520.5354690551758
 20
-196.2550693772469
 10
520.5354690551758
 20
-195.3288751862679
 10
443.30738067626953
 20
-195.3288751862679
 10
442.15824127197266
 20
-195.3288751862679
 10
442.15824127197266
 20
-195.44413149577719
  0
LWPOLYLINE
  5
5D6
330
17
100
AcDbEntity
  8
0
100
AcDbPolyline
 90
8
 70
1
 10
9.8321533203125
 20
-205.75328886729818
 10
31.023731231689453
 20
-205.75328886729818
 10
37.997493743896484
 20
-205.75328886729818
 10
37.997493743896484
 20
-205.7037693284188
 10
37.997493743896484
 20
-205.55328905803304
 10
31.023731231689453
 20
-205.55328905803304
 10
9.8321533203125
 20
-205.55328905803304
 10
9.8321533203125
 20
-205.60280859691244
  0
LWPOLYLINE
  5
5D7
330
17
100
AcDbEntity
  8
0
100
AcDbPolyline
 90
18
 70
1
 10
11.76156997680664
 20
-261.9341617844735
 10
11.76156997680664
 20
-264.3288761399422
 10
20.430965423583984
 20
-264.3288761399422
 10
47.393150329589844
 20
-264.3288761399422
 10
50.78329086303711
 20
-264.3288761399422
 10
50.796451568603516
 20
-264.3288761399422
 10
61.08247756958008
 20
-264.3288761399422
 10
169.77508544921875
 20
-264.3288761399422
 10
171.7156219482422
 20
-264.3288761399422
 10
171.7156219482422
 20
-255.65436899882894
 10
171.7156219482422
 20
-255.3288799546395
 10
169.77508544921875
 20
-255.3288799546395
 10
61.08247756958008
 20
-255.3288799546395
 10
50.796451568603516
 20
-255.3288799546395
 10
50.78329086303711
 20
-255.3288799546395
 10
47.393150329589844
 20
-255.3288799546395
 10
20.430965423583984
 20
-255.3288799546395
 10
11.76156997680664
 20
-255.3288799546395
  0
LWPOLYLINE
  5
5D8
330
17
100
AcDbEntity
  8
0
100
AcDbPolyline
 90
14
 70
1
 10
211.9811248779297
 20
-255.3288799546395
 10
211.9811248779297
 20
-264.00338709575277
 10
211.9811248779297
 20
-264.3288761399422
 10
212.79891967773438
 20
-264.3288761399422
 10
272.40753173828125
 20
-264.3288761399422
 10
372.6419448852539
 20
-264.3288761399422
 10
450.7136535644531
 20
-264.3288761399422
 10
520.5355072021484
 20
-264.3288761399422
 10
520.5355072021484
 20
-259.4967609666024
 10
520.5355072021484
 20
-255.3288799546395
 10
450.7136535644531
 20
-255.3288799546395
 10
372.6419448852539
 20
-255.3288799546395
 10
272.40753173828125
 20
-255.3288799546395
 10
212.79891967773438
 20
-255.3288799546395
  0
LWPOLYLINE
  5
5D9
330
17
100
AcDbEntity
  8
0
100
AcDbPolyline
 90
8
 70
1
 10
348.0500793457031
 20
-160.09583890658956
 10
348.0500793457031
 20
-195.3288751862679
 10
349.4086456298828
 20
-195.3288751862679
 10
352.6500701904297
 20
-195.3288751862679
 10
352.6500701904297
 20
-180.56191027385336
 10
352.6500701904297
 20
-145.32887906056982
 10
349.4086456298828
 20
-145.32887906056982
 10
348.0500793457031
 20
-145.32887906056982
  0
LWPOLYLINE
  5
5DA
330
17
100
AcDbEntity
  8
0
100
AcDbPolyline
 90
16
 70
1
 10
446.0810852050781
 20
-195.3288751862679
 10
446.4155578613281
 20
-195.3288751862679
 10
446.4155578613281
 20
-191.97880327922445
 10
446.4155578613281
 20
-180.24118006450277
 10
446.4155578613281
 20
-167.96042859775167
 10
446.4155578613281
 20
-148.34641918760877
 10
446.4155578613281
 20
-145.9988924883042
 10
446.4155578613281
 20
-145.32887906056982
 10
446.0810852050781
 20
-145.32887906056982
 10
441.81556701660156
 20
-145.32887906056982
 10
441.81556701660156
 20
-145.9988924883042
 10
441.81556701660156
 20
-148.34641918760877
 10
441.81556701660156
 20
-167.96042859775167
 10
441.81556701660156
 20
-180.24118006450277
 10
441.81556701660156
 20
-191.97880327922445
 10
441.81556701660156
 20
-195.3288751862679
  0
LWPOLYLINE
  5
5DB
330
17
100
AcDbEntity
  8
0
100
AcDbPolyline
 90
8
 70
1
 10
51.08274459838867
 20
-195.3288751862679
 10
51.08274459838867
 20
-211.44647658092123
 10
51.08274459838867
 20
-213.32887709361654
 10
51.67472839355469
 20
-213.32887709361654
 10
55.68275451660156
 20
-213.32887709361654
 10
55.68275451660156
 20
-211.44647658092123
 10
55.68275451660156
 20
-195.3288751862679
 10
52.56237030029297
 20
-195.3288751862679
  0
LWPOLYLINE
  5
5DC
330
17
100
AcDbEntity
  8
0
100
AcDbPolyline
 90
8
 70
1
 10
445.7292938232422
 20
-213.32887709361654
 10
446.0350799560547
 20
-213.32887709361654
 10
446.0350799560547
 20
-199.77507174235922
 10
446.0350799560547
 20
-197.32887327891927
 10
444.1135787963867
 20
-197.32887327891927
 10
444.03507232666016
 20
-197.32887327891927
 10
444.03507232666016
 20
-199.77507174235922
 10
444.03507232666016
 20
-213.32887709361654
  0
LWPOLYLINE
  5
5DD
330
17
100
AcDbEntity
  8
0
100
AcDbPolyline
 90
8
 70
1
 10
419.9022674560547
 20
-211.47331774455648
 10
419.9022674560547
 20
-210.26585638743978
 10
419.3721008300781
 20
-210.26585638743978
 10
415.3022766113281
 20
-210.26585638743978
 10
415.3022766113281
 20
-211.47331774455648
 10
415.3022766113281
 20
-213.32887709361654
 10
416.27079010009766
 20
-213.32887709361654
 10
419.9022674560547
 20
-213.32887709361654
  0
LWPOLYLINE
  5
5DE
330
17
100
AcDbEntity
  8
0
100
AcDbPolyline
 90
24
 70
1
 10
518.0273818969727
 20
-255.3288799546395
 10
520.5354309082031
 20
-255.3288799546395
 10
520.5354309082031
 20
-238.42620432597738
 10
520.5354309082031
 20
-236.88315928203207
 10
520.5354309082031
 20
-235.32887041789633
 10
520.5354309082031
 20
-214.25899088603597
 10
520.5354309082031
 20
-209.32887613994222
 10
520.5354309082031
 20
-209.00557577830892
 10
520.5354309082031
 20
-207.5847345612679
 10
520.5354309082031
 20
-206.18680536967855
 10
520.5354309082031
 20
-205.2716881058846
 10
520.5354309082031
 20
-195.3288751862679
 10
518.0273818969727
 20
-195.3288751862679
 10
515.9354400634766
 20
-195.3288751862679
 10
515.9354400634766
 20
-205.2716881058846
 10
515.9354400634766
 20
-206.18680536967855
 10
515.9354400634766
 20
-207.5847345612679
 10
515.9354400634766
 20
-209.00557577830892
 10
515.9354400634766
 20
-209.32887613994222
 10
515.9354400634766
 20
-214.25899088603597
 10
515.9354400634766
 20
-235.32887041789633
 10
515.9354400634766
 20
-236.88315928203207
 10
515.9354400634766
 20
-238.42620432597738
 10
515.9354400634766
 20
-255.3288799546395
  0
LWPOLYLINE
  5
5DF
330
17
100
AcDbEntity
  8
0
100
AcDbPolyline
 90
8
 70
1
 10
309.1355514526367
 20
-244.66756403667074
 10
309.1355514526367
 20
-255.3288799546395
 10
312.8900146484375
 20
-255.3288799546395
 10
313.73558044433594
 20
-255.3288799546395
 10
313.73558044433594
 20
-207.9901939652596
 10
313.73558044433594
 20
-197.32887327891927
 10
312.8900146484375
 20
-197.32887327891927
 10
309.1355514526367
 20
-197.32887327891927
  0
LWPOLYLINE
  5
5E0
330
17
100
AcDbEntity
  8
0
100
AcDbPolyline
 90
8
 70
1
 10
415.3022766113281
 20
-255.3288799546395
 10
415.8340072631836
 20
-255.3288799546395
 10
419.9022674560547
 20
-255.3288799546395
 10
419.9022674560547
 20
-248.03073466045004
 10
419.9022674560547
 20
-239.32887613994222
 10
418.9337921142578
 20
-239.32887613994222
 10
415.3022766113281
 20
-239.32887613994222
 10
415.3022766113281
 20
-248.03073466045004
  0
LWPOLYLINE
  5
5E1
330
17
100
AcDbEntity
  8
0
100
AcDbPolyline
 90
8
 70
1
 10
9.018020629882812
 20
-228.32887709361654
 10
9.018020629882812
 20
-252.38606989604574
 10
9.018020629882812
 20
-264.3288761399422
 10
11.431350708007812
 20
-264.3288761399422
 10
12.627811431884766
 20
-264.3288761399422
 10
12.627811431884766
 20
-240.25573313457113
 10
12.627811431884766
 20
-228.32887709361654
 10
11.431350708007812
 20
-228.32887709361654
  0
LWPOLYLINE
  5
5E2
330
17
100
AcDbEntity
  8
0
100
AcDbPolyline
 90
8
 70
1
 10
559.3730163574219
 20
-250.44246256572347
 10
559.3730163574219
 20
-264.3288761399422
 10
561.5834808349609
 20
-264.3288761399422
 10
562.9953765869141
 20
-264.3288761399422
 10
562.9953765869141
 20
-242.27701723796469
 10
562.9953765869141
 20
-228.32887709361654
 10
561.5834808349609
 20
-228.32887709361654
 10
559.3730163574219
 20
-228.32887709361654
  0
ENDSEC
  0
SECTION
  2
OBJECTS
  0
DICTIONARY
  5
A
330
0
100
AcDbDictionary
280
0
281
1
  3
ACAD_COLOR
350
B
  3
ACAD_GROUP
350
C
  3
ACAD_LAYOUT
350
D
  3
ACAD_MATERIAL
350
E
  3
ACAD_MLEADERSTYLE
350
F
  3
ACAD_MLINESTYLE
350
10
  3
ACAD_PLOTSETTINGS
350
11
  3
ACAD_PLOTSTYLENAME
350
12
  3
ACAD_SCALELIST
350
14
  3
ACAD_TABLESTYLE
350
15
  3
ACAD_VISUALSTYLE
350
16
  3
EZDXF_META
350
2D
  0
DICTIONARY
  5
B
330
A
100
AcDbDictionary
280
0
281
1
  0
DICTIONARY
  5
C
330
A
100
AcDbDictionary
280
0
281
1
  0
DICTIONARY
  5
D
330
A
100
AcDbDictionary
280
0
281
1
  3
Model
350
1A
  3
Layout1
350
1E
  0
DICTIONARY
  5
E
330
A
100
AcDbDictionary
280
0
281
1
  3
ByBlock
350
1F
  3
ByLayer
350
20
  3
Global
350
21
  0
DICTIONARY
  5
F
330
A
100
AcDbDictionary
280
0
281
1
  3
Standard
350
2C
  0
DICTIONARY
  5
10
330
A
100
AcDbDictionary
280
0
281
1
  3
Standard
350
22
  0
DICTIONARY
  5
11
330
A
100
AcDbDictionary
280
0
281
1
  0
ACDBDICTIONARYWDFLT
  5
12
330
A
100
AcDbDictionary
280
0
281
1
  3
Normal
350
13
100
AcDbDictionaryWithDefault
340
13
  0
ACDBPLACEHOLDER
  5
13
330
12
  0
DICTIONARY
  5
14
330
A
100
AcDbDictionary
280
0
281
1
  0
DICTIONARY
  5
15
330
A
100
AcDbDictionary
280
0
281
1
  0
DICTIONARY
  5
16
330
A
100
AcDbDictionary
280
0
281
1
  0
LAYOUT
  5
1A
330
D
100
AcDbPlotSettings
  1

  4
A3
  6

 40
7.5
 41
20.0
 42
7.5
 43
20.0
 44
420.0
 45
297.0
 46
0.0
 47
0.0
 48
0.0
 49
0.0
140
0.0
141
0.0
142
1.0
143
1.0
 70
1024
 72
1
 73
0
 74
5
  7

 75
16
 76
0
 77
2
 78
300
147
1.0
148
0.0
149
0.0
100
AcDbLayout
  1
Model
 70
1
 71
0
 10
0.0
 20
0.0
 11
420.0
 21
297.0
 12
0.0
 22
0.0
 32
0.0
 14
1e+20
 24
1e+20
 34
1e+20
 15
-1e+20
 25
-1e+20
 35
-1e+20
146
0.0
 13
0.0
 23
0.0
 33
0.0
 16
1.0
 26
0.0
 36
0.0
 17
0.0
 27
1.0
 37
0.0
 76
1
330
17
  0
LAYOUT
  5
1E
330
D
100
AcDbPlotSettings
  1

  4
A3
  6

 40
7.5
 41
20.0
 42
7.5
 43
20.0
 44
420.0
 45
297.0
 46
0.0
 47
0.0
 48
0.0
 49
0.0
140
0.0
141
0.0
142
1.0
143
1.0
 70
0
 72
1
 73
0
 74
5
  7

 75
16
 76
0
 77
2
 78
300
147
1.0
148
0.0
149
0.0
100
AcDbLayout
  1
Layout1
 70
1
 71
1
 10
0.0
 20
0.0
 11
420.0
 21
297.0
 12
0.0
 22
0.0
 32
0.0
 14
1e+20
 24
1e+20
 34
1e+20
 15
-1e+20
 25
-1e+20
 35
-1e+20
146
0.0
 13
0.0
 23
0.0
 33
0.0
 16
1.0
 26
0.0
 36
0.0
 17
0.0
 27
1.0
 37
0.0
 76
1
330
1B
  0
MATERIAL
  5
1F
102
{ACAD_REACTORS
330
E
102
}
330
E
100
AcDbMaterial
  1
ByBlock
  2

 70
0
 40
1.0
 71
1
 41
1.0
 91
-1023410177
 42
1.0
 72
1
  3

 73
1
 74
1
 75
1
 44
0.5
 73
0
 45
1.0
 46
1.0
 77
1
  4

 78
1
 79
1
170
1
 48
1.0
171
1
  6

172
1
173
1
174
1
140
1.0
141
1.0
175
1
  7

176
1
177
1
178
1
143
1.0
179
1
  8

270
1
271
1
272
1
145
1.0
146
1.0
273
1
  9

274
1
275
1
276
1
 42
1.0
 72
1
  3

 73
1
 74
1
 75
1
 94
63
  0
MATERIAL
  5
20
102
{ACAD_REACTORS
330
E
102
}
330
E
100
AcDbMaterial
  1
ByLayer
  2

 70
0
 40
1.0
 71
1
 41
1.0
 91
-1023410177
 42
1.0
 72
1
  3

 73
1
 74
1
 75
1
 44
0.5
 73
0
 45
1.0
 46
1.0
 77
1
  4

 78
1
 79
1
170
1
 48
1.0
171
1
  6

172
1
173
1
174
1
140
1.0
141
1.0
175
1
  7

176
1
177
1
178
1
143
1.0
179
1
  8

270
1
271
1
272
1
145
1.0
146
1.0
273
1
  9

274
1
275
1
276
1
 42
1.0
 72
1
  3

 73
1
 74
1
 75
1
 94
63
  0
MATERIAL
  5
21
102
{ACAD_REACTORS
330
E
102
}
330
E
100
AcDbMaterial
  1
Global
  2

 70
0
 40
1.0
 71
1
 41
1.0
 91
-1023410177
 42
1.0
 72
1
  3

 73
1
 74
1
 75
1
 44
0.5
 73
0
 45
1.0
 46
1.0
 77
1
  4

 78
1
 79
1
170
1
 48
1.0
171
1
  6

172
1
173
1
174
1
140
1.0
141
1.0
175
1
  7

176
1
177
1
178
1
143
1.0
179
1
  8

270
1
271
1
272
1
145
1.0
146
1.0
273
1
  9

274
1
275
1
276
1
 42
1.0
 72
1
  3

 73
1
 74
1
 75
1
 94
63
  0
MLINESTYLE
  5
22
102
{ACAD_REACTORS
330
10
102
}
330
10
100
AcDbMlineStyle
  2
Standard
 70
0
  3

 62
256
 51
90.0
 52
90.0
 71
2
 49
0.5
 62
256
  6
BYLAYER
 49
-0.5
 62
256
  6
BYLAYER
  0
MLEADERSTYLE
  5
2C
102
{ACAD_REACTORS
330
F
102
}
330
F
100
AcDbMLeaderStyle
179
2
170
2
171
1
172
0
 90
2
 40
0.0
 41
0.0
173
1
 91
-1056964608
 92
-2
290
1
 42
2.0
291
1
 43
8.0
  3
Standard
 44
4.0
300

342
29
174
1
175
1
176
0
178
1
 93
-1056964608
 45
4.0
292
0
297
0
 46
4.0
 94
-1056964608
 47
1.0
 49
1.0
140
1.0
294
1
141
0.0
177
0
142
1.0
295
0
296
0
143
3.75
271
0
272
9
273
9
  0
DICTIONARY
  5
2D
330
A
100
AcDbDictionary
281
1
  3
CREATED_BY_EZDXF
350
2E
  3
WRITTEN_BY_EZDXF
350
5E5
  0
DICTIONARYVAR
  5
2E
330
2D
100
DictionaryVariables
280
0
  1
1.3.3 @ 2025-02-10T05:27:22.196177+00:00
  0
DICTIONARYVAR
  5
5E5
330
2D
100
DictionaryVariables
280
0
  1
1.3.3 @ 2025-02-10T05:27:22.244875+00:00
  0
ENDSEC
  0
EOF
